date,student_id,month_index,cgpa,attendance_percentage,aptitude_score,soft_skills_rating,internships_count,projects_count,certifications_count,coding_practice_hours,mock_interviews_attended,active_backlogs,placement_status
2023-01-01,1,1,7.27,82.9,62.1,3.54,0,0,0,6.5,0,0,0
2023-02-01,1,2,7.3,81.9,72.3,3.77,0,0,0,11.3,0,0,0
2023-03-01,1,3,7.31,75.8,67.5,3.56,0,0,0,7.4,0,0,0
2023-04-01,1,4,7.52,72.2,75.2,3.84,0,0,0,8.4,0,0,0
2023-05-01,1,5,7.45,85.0,59.9,3.93,0,0,0,6.5,0,0,0
2023-06-01,1,6,7.34,72.3,64.7,3.75,0,0,0,7.2,0,0,1
2023-07-01,1,7,7.52,71.3,63.8,3.6,0,0,0,7.3,1,0,1
2023-08-01,1,8,7.47,71.3,65.6,3.66,0,0,0,6.9,1,0,1
2023-09-01,1,9,7.54,77.6,73.4,3.64,1,0,0,9.8,1,0,1
2023-10-01,1,10,7.63,76.4,75.9,3.75,1,0,0,6.8,2,0,1
2023-11-01,1,11,7.45,77.6,74.4,3.43,1,0,0,12.9,3,0,1
2023-12-01,1,12,7.76,79.2,77.4,3.84,1,0,0,12.8,3,0,1
2024-01-01,1,13,7.68,81.4,68.2,3.86,1,0,0,7.2,3,0,1
2024-02-01,1,14,7.76,78.0,75.4,3.72,1,0,0,8.0,4,0,1
2024-03-01,1,15,7.79,82.0,76.3,3.77,1,1,0,10.1,5,0,1
2024-04-01,1,16,7.78,72.9,66.0,3.92,2,1,0,6.5,5,0,1
2024-05-01,1,17,7.86,82.1,68.0,3.89,2,1,0,10.4,5,0,1
2024-06-01,1,18,7.92,73.2,77.8,3.99,2,1,0,8.3,5,0,1
2023-01-01,2,1,5.97,76.9,66.0,4.42,0,3,0,10.3,0,0,0
2023-02-01,2,2,6.14,74.1,77.1,4.23,0,3,0,9.9,0,0,0
2023-03-01,2,3,6.19,73.7,74.3,4.44,0,3,0,13.7,0,0,0
2023-04-01,2,4,6.34,76.4,69.7,4.39,0,3,0,8.2,0,0,0
2023-05-01,2,5,6.34,76.2,64.1,4.65,0,4,0,11.0,0,0,0
2023-06-01,2,6,6.27,78.0,70.7,4.36,0,4,0,12.2,0,0,0
2023-07-01,2,7,6.2,73.2,69.2,4.24,0,4,0,13.8,0,0,1
2023-08-01,2,8,6.43,78.9,75.1,4.49,0,5,0,11.5,0,0,1
2023-09-01,2,9,6.36,74.3,68.5,4.45,0,5,0,10.3,0,0,1
2023-10-01,2,10,6.28,78.1,73.6,4.52,0,6,0,10.9,0,0,1
2023-11-01,2,11,6.52,74.2,78.9,4.27,0,6,0,9.6,0,0,1
2023-12-01,2,12,6.39,79.9,71.7,4.51,0,6,0,5.5,1,0,1
2024-01-01,2,13,6.39,71.6,74.5,4.31,1,6,1,11.1,1,0,1
2024-02-01,2,14,6.35,75.8,81.9,4.64,2,6,1,10.3,1,0,1
2024-03-01,2,15,6.57,83.0,79.9,4.56,2,6,1,13.0,1,0,1
2024-04-01,2,16,6.49,72.5,83.5,4.35,2,7,1,10.2,2,0,1
2024-05-01,2,17,6.73,73.1,84.0,4.77,2,7,1,9.2,3,0,1
2024-06-01,2,18,6.54,75.7,80.9,4.53,2,7,2,9.8,4,0,1
2023-01-01,3,1,7.51,82.1,58.1,3.4,1,3,0,7.9,0,0,0
2023-02-01,3,2,7.59,73.0,57.6,3.39,1,3,0,9.9,0,0,0
2023-03-01,3,3,7.66,93.2,61.2,3.47,2,3,0,7.5,0,0,0
2023-04-01,3,4,7.76,82.5,63.5,3.27,2,3,1,3.2,0,0,0
2023-05-01,3,5,7.45,83.5,64.6,3.04,2,3,1,8.2,0,0,1
2023-06-01,3,6,7.88,83.1,64.7,3.14,2,3,1,9.0,0,0,1
2023-07-01,3,7,7.65,82.4,62.1,3.06,2,3,1,3.2,1,0,1
2023-08-01,3,8,7.73,87.6,65.0,3.33,2,4,1,8.4,1,0,1
2023-09-01,3,9,7.86,77.9,66.2,3.32,2,4,1,10.1,1,0,1
2023-10-01,3,10,7.73,94.5,65.7,2.97,2,4,1,6.4,1,0,1
2023-11-01,3,11,7.97,76.3,62.1,3.22,2,4,1,6.0,2,0,1
2023-12-01,3,12,7.91,84.1,62.2,3.34,2,4,1,7.0,2,0,1
2024-01-01,3,13,8.01,79.3,59.8,3.44,2,5,1,8.1,2,0,1
2024-02-01,3,14,7.81,82.8,73.5,3.32,2,6,1,11.0,2,0,1
2024-03-01,3,15,7.78,82.0,71.1,3.52,2,6,2,6.4,2,0,1
2024-04-01,3,16,7.9,83.7,72.1,3.25,2,6,2,10.0,3,0,1
2024-05-01,3,17,7.95,88.2,73.4,3.17,2,6,2,8.3,3,0,1
2024-06-01,3,18,7.69,81.7,72.8,3.4,2,6,2,10.3,3,0,1
2023-01-01,4,1,7.72,78.8,70.4,4.6,1,1,1,10.9,0,0,0
2023-02-01,4,2,7.56,74.7,70.1,4.77,1,1,1,11.0,0,0,0
2023-03-01,4,3,7.79,79.6,67.7,4.5,1,1,1,9.5,0,0,1
2023-04-01,4,4,7.91,84.8,73.1,4.81,1,2,1,4.8,0,0,1
2023-05-01,4,5,7.71,77.1,71.1,4.85,1,2,1,7.5,0,0,1
2023-06-01,4,6,7.98,79.8,76.8,5.0,1,2,1,8.9,0,0,1
2023-07-01,4,7,7.86,79.5,78.0,4.84,1,2,1,6.5,0,0,1
2023-08-01,4,8,8.1,80.1,66.6,5.0,1,2,1,7.2,0,0,1
2023-09-01,4,9,8.13,77.8,82.0,5.0,1,3,1,10.2,0,0,1
2023-10-01,4,10,7.86,85.8,74.4,5.0,1,3,1,8.8,0,0,1
2023-11-01,4,11,7.98,81.6,79.9,4.75,1,3,1,10.7,0,0,1
2023-12-01,4,12,8.28,77.8,79.2,4.92,1,3,1,11.5,0,0,1
2024-01-01,4,13,8.05,83.4,83.2,4.95,1,3,1,8.1,0,0,1
2024-02-01,4,14,8.09,76.7,84.9,4.73,1,3,1,7.6,0,0,1
2024-03-01,4,15,8.09,78.9,80.0,5.0,1,4,1,5.2,0,0,1
2024-04-01,4,16,8.15,70.4,70.1,4.79,1,5,1,8.5,1,0,1
2024-05-01,4,17,8.2,78.8,79.6,5.0,1,5,1,7.0,1,0,1
2024-06-01,4,18,8.33,86.5,84.2,5.0,2,5,1,11.1,1,0,1
2023-01-01,5,1,5.35,69.8,61.4,2.84,0,0,0,0.0,0,0,0
2023-02-01,5,2,5.48,69.0,55.0,2.98,0,0,0,5.7,0,0,0
2023-03-01,5,3,5.44,61.2,58.7,2.89,0,0,0,2.6,0,0,0
2023-04-01,5,4,5.66,68.1,57.2,2.72,0,0,0,6.9,0,0,0
2023-05-01,5,5,5.25,69.6,66.9,2.87,0,0,0,7.4,0,0,0
2023-06-01,5,6,5.7,67.0,65.0,2.84,0,0,0,3.6,0,0,0
2023-07-01,5,7,5.5,74.3,63.5,2.73,0,0,0,0.7,0,0,0
2023-08-01,5,8,5.58,69.8,63.3,2.96,0,0,0,2.3,0,0,0
2023-09-01,5,9,5.55,73.1,55.7,2.98,0,0,0,3.5,0,0,0
2023-10-01,5,10,5.88,66.6,61.5,3.0,1,0,0,4.3,0,0,0
2023-11-01,5,11,5.66,69.6,60.6,2.89,1,0,0,0.0,0,0,0
2023-12-01,5,12,5.68,67.3,68.1,2.84,1,0,0,5.1,0,0,0
2024-01-01,5,13,5.67,71.4,64.1,3.05,1,0,0,1.3,0,0,0
2024-02-01,5,14,5.69,76.5,63.0,3.14,1,0,0,4.0,0,0,0
2024-03-01,5,15,5.6,79.2,71.6,3.04,1,0,0,5.0,0,0,0
2024-04-01,5,16,5.67,61.4,62.7,2.9,1,0,0,6.0,0,0,0
2024-05-01,5,17,5.83,79.4,56.9,2.96,1,0,0,1.8,0,0,0
2024-06-01,5,18,5.57,69.5,59.1,3.02,1,0,0,3.2,0,0,0
2023-01-01,6,1,5.91,80.7,60.6,2.78,0,1,1,3.2,0,0,0
2023-02-01,6,2,5.81,73.1,66.7,2.67,0,1,1,3.4,0,0,0
2023-03-01,6,3,5.96,86.8,62.5,2.81,0,1,1,7.3,0,0,0
2023-04-01,6,4,5.69,81.1,63.9,2.67,0,1,1,0.4,0,0,0
2023-05-01,6,5,6.01,83.1,61.9,2.45,0,1,1,3.7,0,0,0
2023-06-01,6,6,5.83,82.3,62.7,2.88,0,1,1,2.8,0,0,0
2023-07-01,6,7,6.13,79.5,65.4,2.51,0,1,1,6.1,0,0,0
2023-08-01,6,8,6.09,77.1,59.6,2.71,0,1,1,5.4,0,0,0
2023-09-01,6,9,6.24,74.9,65.9,2.84,0,1,1,2.6,0,0,0
2023-10-01,6,10,6.07,85.6,64.5,2.87,0,1,1,5.8,0,0,0
2023-11-01,6,11,6.09,78.4,67.0,2.71,0,1,1,5.0,0,0,0
2023-12-01,6,12,6.35,73.4,69.4,2.81,0,1,1,5.4,0,0,0
2024-01-01,6,13,6.13,75.5,67.3,2.53,0,1,1,5.6,0,0,0
2024-02-01,6,14,6.27,84.9,65.3,3.02,0,1,1,0.9,0,0,0
2024-03-01,6,15,6.18,79.2,70.8,2.85,0,1,1,6.0,0,0,0
2024-04-01,6,16,6.36,76.8,69.6,2.93,0,1,1,0.0,0,0,0
2024-05-01,6,17,6.22,82.2,70.3,2.91,0,1,1,3.8,0,0,0
2024-06-01,6,18,6.08,83.8,71.9,2.88,0,1,1,3.0,0,0,0
2023-01-01,7,1,7.0,85.2,68.2,2.45,0,0,1,10.1,0,3,0
2023-02-01,7,2,7.21,87.2,61.2,2.55,0,1,1,14.0,0,3,0
2023-03-01,7,3,7.39,90.4,62.5,2.19,0,1,1,7.3,0,3,0
2023-04-01,7,4,7.3,83.3,60.1,2.49,0,1,1,2.7,0,2,0
2023-05-01,7,5,7.15,90.8,57.6,2.58,0,1,1,7.2,0,1,0
2023-06-01,7,6,7.36,81.2,66.7,2.47,0,1,1,7.7,0,1,0
2023-07-01,7,7,7.29,87.2,66.9,2.47,0,1,1,3.5,0,1,0
2023-08-01,7,8,7.42,84.6,62.3,2.66,0,1,1,1.0,0,1,0
2023-09-01,7,9,7.31,82.5,63.6,2.42,0,1,1,5.1,0,1,0
2023-10-01,7,10,7.48,87.6,64.7,2.26,0,1,1,8.3,0,1,0
2023-11-01,7,11,7.6,82.9,66.1,2.26,0,1,1,1.3,0,1,0
2023-12-01,7,12,7.37,85.7,62.1,2.65,0,1,1,3.9,0,1,0
2024-01-01,7,13,7.64,87.5,61.1,2.38,0,1,1,1.6,0,1,1
2024-02-01,7,14,7.63,85.0,67.4,2.49,0,1,1,3.5,0,1,1
2024-03-01,7,15,7.5,87.0,72.5,2.52,0,1,1,2.9,0,0,1
2024-04-01,7,16,7.57,84.7,64.8,2.7,0,1,1,3.4,0,0,1
2024-05-01,7,17,7.5,86.4,67.1,2.53,0,1,1,4.0,0,0,1
2024-06-01,7,18,7.78,87.2,78.6,2.62,0,1,2,6.7,0,0,1
2023-01-01,8,1,6.73,83.1,60.0,4.68,0,1,1,11.8,0,0,0
2023-02-01,8,2,6.86,76.7,57.1,4.8,0,1,1,8.6,0,0,0
2023-03-01,8,3,6.88,74.6,60.6,4.78,0,1,1,9.9,0,0,0
2023-04-01,8,4,6.91,70.5,66.9,4.94,0,1,1,11.6,0,0,0
2023-05-01,8,5,6.92,77.1,63.0,4.69,0,1,1,15.5,0,0,1
2023-06-01,8,6,6.74,86.2,64.8,4.88,0,1,1,6.8,0,0,1
2023-07-01,8,7,6.86,74.5,62.0,4.84,0,1,1,12.0,0,0,1
2023-08-01,8,8,7.22,88.6,62.2,4.78,0,1,1,9.1,0,0,1
2023-09-01,8,9,6.97,81.4,58.6,4.98,0,1,1,8.7,0,0,1
2023-10-01,8,10,7.02,80.3,71.0,4.63,0,1,1,9.6,0,0,1
2023-11-01,8,11,7.3,82.0,69.4,4.88,0,1,1,8.0,0,0,1
2023-12-01,8,12,7.21,75.6,67.9,4.87,0,1,1,12.8,1,0,1
2024-01-01,8,13,7.19,73.6,69.6,4.94,0,1,1,11.9,1,0,1
2024-02-01,8,14,7.33,79.5,70.4,5.0,0,1,1,10.6,1,0,1
2024-03-01,8,15,7.26,80.7,73.9,5.0,0,1,2,10.1,1,0,1
2024-04-01,8,16,7.38,75.8,71.7,4.97,0,1,2,7.4,1,0,1
2024-05-01,8,17,7.49,83.1,63.2,5.0,0,1,2,12.5,2,0,1
2024-06-01,8,18,7.45,78.0,64.8,5.0,0,1,2,8.5,3,0,1
2023-01-01,9,1,7.05,69.5,48.0,3.82,1,0,0,14.3,0,1,0
2023-02-01,9,2,7.03,68.6,55.4,3.8,2,1,0,13.7,0,1,0
2023-03-01,9,3,7.14,66.2,50.6,3.94,2,1,0,15.5,1,0,0
2023-04-01,9,4,7.1,66.7,46.5,3.8,2,2,0,9.7,2,0,0
2023-05-01,9,5,6.89,67.9,53.6,3.87,2,2,0,9.2,2,0,0
2023-06-01,9,6,7.47,67.1,56.2,3.92,2,2,1,12.4,2,0,0
2023-07-01,9,7,7.35,69.1,58.2,3.7,2,2,1,9.9,2,0,1
2023-08-01,9,8,7.46,68.7,56.5,3.8,2,3,1,12.9,2,0,1
2023-09-01,9,9,7.22,71.9,60.8,3.79,2,3,1,11.1,2,0,1
2023-10-01,9,10,7.23,63.6,59.0,3.57,2,3,1,8.0,2,0,1
2023-11-01,9,11,7.55,60.6,59.1,3.73,2,3,1,7.5,2,0,1
2023-12-01,9,12,7.12,64.9,55.4,3.9,2,3,1,10.0,3,0,1
2024-01-01,9,13,7.39,69.5,62.8,3.81,2,3,1,10.4,3,0,1
2024-02-01,9,14,7.35,76.6,58.3,3.83,2,3,1,9.6,3,0,1
2024-03-01,9,15,7.5,72.0,66.3,3.89,3,3,1,12.6,3,0,1
2024-04-01,9,16,7.7,68.6,67.9,3.81,3,3,1,13.1,3,0,1
2024-05-01,9,17,7.48,71.4,69.6,3.85,3,3,1,5.9,3,0,1
2024-06-01,9,18,7.58,67.5,69.3,3.95,3,3,1,7.4,3,0,1
2023-01-01,10,1,6.34,94.3,93.6,2.58,1,0,0,4.1,0,0,0
2023-02-01,10,2,6.46,91.4,90.8,2.55,1,0,1,3.9,0,0,0
2023-03-01,10,3,6.61,92.8,86.7,2.9,1,0,1,3.7,0,0,0
2023-04-01,10,4,6.43,96.6,90.9,3.18,1,0,1,1.3,0,0,0
2023-05-01,10,5,6.33,94.2,90.7,2.93,1,0,2,1.3,0,0,0
2023-06-01,10,6,6.54,97.5,93.2,2.79,1,0,2,10.4,0,0,0
2023-07-01,10,7,6.42,87.1,96.0,3.02,1,0,2,5.4,1,0,0
2023-08-01,10,8,6.46,93.6,93.7,2.81,1,0,2,1.4,1,0,0
2023-09-01,10,9,6.19,91.9,100.0,2.94,1,0,2,6.8,1,0,0
2023-10-01,10,10,6.42,96.3,91.6,3.27,2,0,2,5.4,1,0,0
2023-11-01,10,11,6.4,85.9,88.0,2.81,2,1,2,6.2,1,0,1
2023-12-01,10,12,6.11,90.6,96.8,3.32,2,1,2,8.9,1,0,1
2024-01-01,10,13,6.49,92.6,100.0,3.27,2,2,2,7.6,1,0,1
2024-02-01,10,14,6.42,96.4,100.0,2.98,2,2,2,4.0,1,0,1
2024-03-01,10,15,6.53,98.9,94.3,3.09,3,2,2,1.5,1,0,1
2024-04-01,10,16,6.47,94.9,91.9,3.15,3,3,2,6.4,1,0,1
2024-05-01,10,17,6.66,87.3,90.2,3.15,3,3,2,3.6,1,0,1
2024-06-01,10,18,6.6,97.1,100.0,3.11,4,3,2,0.0,1,0,1
2023-01-01,11,1,7.57,58.4,49.5,3.9,0,0,0,8.8,0,0,0
2023-02-01,11,2,7.83,52.5,49.5,4.3,0,0,1,8.6,0,0,0
2023-03-01,11,3,7.69,51.4,50.0,4.08,0,0,1,2.4,0,0,0
2023-04-01,11,4,7.7,53.9,55.2,3.92,0,0,1,6.8,0,0,0
2023-05-01,11,5,8.05,48.5,47.0,4.2,0,0,1,9.0,0,0,0
2023-06-01,11,6,7.63,49.5,55.1,4.28,0,0,1,4.6,0,0,0
2023-07-01,11,7,7.95,55.9,48.8,4.24,0,0,1,5.0,0,0,0
2023-08-01,11,8,7.83,61.1,58.0,3.9,0,0,1,8.4,0,0,0
2023-09-01,11,9,7.78,61.6,45.3,4.1,0,0,1,3.9,0,0,0
2023-10-01,11,10,7.71,46.3,58.7,4.14,1,0,1,1.8,0,0,0
2023-11-01,11,11,7.89,53.4,56.4,4.0,1,0,1,5.8,0,0,0
2023-12-01,11,12,7.98,46.6,52.9,4.25,1,0,1,5.5,0,0,0
2024-01-01,11,13,7.86,50.2,58.6,3.79,1,0,1,3.9,0,0,0
2024-02-01,11,14,8.02,55.0,51.6,4.22,1,0,1,2.1,0,0,0
2024-03-01,11,15,8.21,50.5,55.0,4.31,1,0,1,8.7,1,0,0
2024-04-01,11,16,8.07,63.1,58.6,4.4,1,0,1,2.3,1,0,0
2024-05-01,11,17,8.24,59.3,60.2,4.5,1,0,1,1.4,1,0,0
2024-06-01,11,18,8.03,55.0,56.8,4.37,1,0,1,13.6,2,0,0
2023-01-01,12,1,7.53,77.1,50.6,3.82,2,2,2,9.1,0,1,0
2023-02-01,12,2,7.53,80.8,37.8,3.77,2,2,2,8.6,0,1,0
2023-03-01,12,3,7.63,76.4,56.4,3.64,2,2,2,6.8,0,1,0
2023-04-01,12,4,7.46,75.3,43.9,3.67,2,2,2,8.6,0,1,0
2023-05-01,12,5,7.74,79.6,44.3,3.75,2,2,2,5.6,0,0,0
2023-06-01,12,6,7.33,77.3,46.9,3.79,2,2,2,1.0,0,0,1
2023-07-01,12,7,7.8,81.3,51.0,3.62,2,2,3,4.8,0,0,1
2023-08-01,12,8,7.63,70.1,53.2,3.9,2,2,3,1.4,0,0,1
2023-09-01,12,9,7.78,78.5,51.9,3.73,2,2,3,3.2,0,0,1
2023-10-01,12,10,7.71,82.7,49.1,3.94,2,2,3,9.0,0,0,1
2023-11-01,12,11,7.94,81.2,48.2,3.76,2,2,4,6.4,0,0,1
2023-12-01,12,12,7.78,81.6,46.2,3.72,2,2,4,8.5,0,0,1
2024-01-01,12,13,7.8,81.0,51.2,3.51,2,2,4,2.7,0,0,1
2024-02-01,12,14,8.11,73.3,54.8,3.67,2,3,5,5.1,0,0,1
2024-03-01,12,15,7.48,75.8,54.0,3.72,2,3,5,8.1,0,0,1
2024-04-01,12,16,7.91,75.5,53.0,3.83,2,3,5,6.4,0,0,1
2024-05-01,12,17,7.77,75.9,56.8,3.86,2,3,5,10.8,0,0,1
2024-06-01,12,18,7.91,78.2,52.6,3.94,2,3,6,1.2,0,0,1
2023-01-01,13,1,6.98,78.3,67.2,4.44,2,1,0,5.2,0,0,0
2023-02-01,13,2,7.26,70.2,74.5,4.36,2,1,0,3.2,0,0,0
2023-03-01,13,3,7.19,74.5,70.2,4.57,2,1,0,5.9,0,0,0
2023-04-01,13,4,7.35,76.4,66.2,4.45,2,1,0,10.2,0,0,0
2023-05-01,13,5,7.26,75.8,71.2,4.48,2,1,0,9.8,0,0,0
2023-06-01,13,6,7.24,75.2,66.0,4.43,2,1,0,8.5,0,0,0
2023-07-01,13,7,7.23,78.3,58.7,4.76,2,2,0,3.6,0,0,0
2023-08-01,13,8,7.12,76.4,66.7,4.52,2,2,0,8.7,0,0,0
2023-09-01,13,9,7.42,71.3,70.2,4.62,2,2,1,6.7,0,0,0
2023-10-01,13,10,7.61,77.5,68.6,4.69,2,2,1,5.8,1,0,0
2023-11-01,13,11,7.4,87.6,68.1,4.37,2,2,1,4.3,1,0,0
2023-12-01,13,12,7.47,76.5,74.9,4.75,2,2,1,6.6,2,0,0
2024-01-01,13,13,7.58,76.2,75.6,4.8,2,2,1,9.0,2,0,0
2024-02-01,13,14,7.7,72.3,73.1,5.0,2,3,1,5.9,2,0,1
2024-03-01,13,15,7.71,70.5,66.0,4.68,2,3,1,4.4,2,0,1
2024-04-01,13,16,7.49,84.0,69.9,4.7,2,3,1,7.8,2,0,1
2024-05-01,13,17,7.67,74.9,77.5,4.56,2,3,1,13.4,2,0,1
2024-06-01,13,18,7.64,74.1,71.2,4.85,2,3,1,6.4,2,0,1
2023-01-01,14,1,8.06,85.6,58.3,2.03,0,0,0,6.5,0,0,0
2023-02-01,14,2,8.03,81.8,64.8,2.07,0,0,1,12.7,0,0,0
2023-03-01,14,3,7.97,77.9,60.1,1.89,0,0,1,10.2,0,0,0
2023-04-01,14,4,7.99,93.8,66.8,2.11,0,0,1,7.1,0,0,0
2023-05-01,14,5,8.12,78.8,67.3,2.15,0,1,1,4.0,1,0,0
2023-06-01,14,6,8.0,75.4,62.0,1.98,0,1,1,13.2,1,0,0
2023-07-01,14,7,8.21,79.3,72.1,2.13,0,1,1,7.5,1,0,0
2023-08-01,14,8,8.17,85.3,68.8,2.15,0,1,1,11.0,1,0,0
2023-09-01,14,9,8.13,75.4,66.2,2.44,1,1,1,8.3,1,0,0
2023-10-01,14,10,8.23,81.2,71.5,2.36,1,1,1,4.5,2,0,0
2023-11-01,14,11,8.3,85.8,65.5,2.2,1,1,1,7.6,2,0,0
2023-12-01,14,12,8.36,75.1,64.0,2.32,1,1,2,8.0,2,0,0
2024-01-01,14,13,8.51,89.6,68.0,2.44,1,1,3,6.0,2,0,0
2024-02-01,14,14,8.47,83.7,72.2,2.15,2,2,3,6.8,2,0,0
2024-03-01,14,15,8.47,76.7,70.6,2.36,2,2,3,10.7,2,0,0
2024-04-01,14,16,8.69,89.8,70.8,2.07,2,2,3,10.3,3,0,0
2024-05-01,14,17,8.45,84.7,69.9,2.31,3,2,3,8.7,3,0,1
2024-06-01,14,18,8.88,86.4,79.5,2.31,3,2,4,8.6,3,0,1
2023-01-01,15,1,7.31,89.6,40.0,2.84,0,0,0,6.0,0,0,0
2023-02-01,15,2,7.42,90.6,40.5,3.36,0,1,0,3.3,0,0,0
2023-03-01,15,3,7.38,85.5,36.1,3.07,0,1,0,7.2,0,0,0
2023-04-01,15,4,7.78,92.7,36.8,3.11,0,1,0,11.0,0,0,0
2023-05-01,15,5,7.36,80.8,41.0,2.75,0,1,0,8.4,1,0,0
2023-06-01,15,6,7.52,85.9,44.2,3.06,0,1,0,13.5,1,0,0
2023-07-01,15,7,7.54,86.8,38.3,3.02,0,1,0,5.0,2,0,0
2023-08-01,15,8,7.5,89.5,42.0,3.29,0,1,0,7.1,2,0,0
2023-09-01,15,9,7.38,97.0,39.1,3.11,1,2,0,6.1,2,0,0
2023-10-01,15,10,7.67,94.9,47.6,2.92,1,2,0,9.7,3,0,0
2023-11-01,15,11,7.54,93.7,46.7,3.21,1,2,0,6.1,3,0,0
2023-12-01,15,12,7.22,86.8,48.9,3.26,1,2,0,6.1,3,0,0
2024-01-01,15,13,7.56,89.7,44.3,3.17,1,2,0,6.3,3,0,0
2024-02-01,15,14,7.55,95.2,46.5,3.18,1,2,0,9.7,3,0,0
2024-03-01,15,15,7.64,86.8,48.9,3.16,1,2,0,10.6,4,0,0
2024-04-01,15,16,7.5,86.1,50.8,3.2,1,2,0,5.1,4,0,0
2024-05-01,15,17,7.76,87.6,46.9,3.01,1,2,1,8.1,4,0,0
2024-06-01,15,18,7.7,81.9,47.1,3.13,1,2,1,11.3,5,0,0
2023-01-01,16,1,6.28,86.4,77.0,2.77,1,0,1,13.0,0,0,0
2023-02-01,16,2,6.28,95.5,77.7,2.83,1,1,1,7.0,0,0,0
2023-03-01,16,3,6.45,95.8,77.0,2.6,1,1,1,14.3,0,0,0
2023-04-01,16,4,6.52,86.1,73.2,2.6,1,1,2,8.9,0,0,0
2023-05-01,16,5,6.27,91.0,83.9,2.76,1,1,2,9.3,1,0,0
2023-06-01,16,6,6.48,93.1,85.1,2.84,1,1,2,7.8,1,0,1
2023-07-01,16,7,6.53,98.2,74.9,2.9,1,2,3,10.2,1,0,1
2023-08-01,16,8,6.37,94.3,78.7,3.22,1,2,3,15.9,1,0,1
2023-09-01,16,9,6.56,98.4,81.5,2.98,1,2,3,7.3,1,0,1
2023-10-01,16,10,6.64,96.4,81.6,2.75,1,3,3,12.6,1,0,1
2023-11-01,16,11,6.42,91.7,87.9,2.91,2,3,3,10.7,1,0,1
2023-12-01,16,12,6.79,100.0,80.9,2.72,2,4,3,11.2,1,0,1
2024-01-01,16,13,6.82,92.2,83.5,3.15,2,4,3,14.3,2,0,1
2024-02-01,16,14,6.77,90.6,85.6,2.85,2,4,4,7.9,3,0,1
2024-03-01,16,15,6.92,94.5,89.4,3.22,2,4,5,12.2,4,0,1
2024-04-01,16,16,6.86,93.6,91.9,3.0,2,4,5,11.6,4,0,1
2024-05-01,16,17,7.0,93.5,94.1,2.8,2,5,5,6.9,5,0,1
2024-06-01,16,18,6.84,90.4,89.8,3.18,2,5,5,8.2,5,0,1
2023-01-01,17,1,7.1,72.0,58.7,1.87,0,2,0,7.2,0,0,0
2023-02-01,17,2,7.19,75.3,62.0,2.06,0,2,0,6.9,0,0,0
2023-03-01,17,3,7.39,74.5,56.7,1.66,0,2,0,5.6,0,0,0
2023-04-01,17,4,7.38,71.7,49.0,1.91,0,2,0,3.4,0,0,0
2023-05-01,17,5,7.37,76.3,51.3,1.69,0,2,0,0.0,0,0,0
2023-06-01,17,6,7.59,75.4,56.4,1.6,1,2,0,9.1,0,0,0
2023-07-01,17,7,7.33,78.0,59.4,2.04,1,2,0,4.8,0,0,0
2023-08-01,17,8,7.44,67.3,60.2,1.69,1,2,0,4.7,0,0,0
2023-09-01,17,9,7.33,78.2,58.0,2.24,1,2,0,6.7,0,0,0
2023-10-01,17,10,7.23,69.5,58.0,2.01,1,2,1,8.7,0,0,0
2023-11-01,17,11,7.5,70.9,60.6,1.94,1,2,2,6.3,0,0,0
2023-12-01,17,12,7.44,85.3,62.0,2.0,1,2,2,3.9,0,0,1
2024-01-01,17,13,7.51,74.4,65.3,1.8,1,2,2,3.9,0,0,1
2024-02-01,17,14,7.38,73.0,61.2,1.95,1,2,2,4.8,0,0,1
2024-03-01,17,15,7.25,74.1,60.6,2.02,1,2,2,2.0,0,0,1
2024-04-01,17,16,7.46,78.4,58.1,1.96,1,2,2,5.6,0,0,1
2024-05-01,17,17,7.45,77.0,66.9,1.89,1,2,2,5.5,1,0,1
2024-06-01,17,18,7.76,71.7,62.8,2.23,1,2,2,5.3,1,0,1
2023-01-01,18,1,6.01,89.7,42.0,4.24,0,1,0,8.9,0,0,0
2023-02-01,18,2,6.06,88.9,47.5,3.96,0,1,0,11.0,0,0,0
2023-03-01,18,3,6.36,86.0,41.9,3.94,1,1,0,8.8,0,0,0
2023-04-01,18,4,6.21,86.4,50.7,4.12,1,1,0,10.4,1,0,0
2023-05-01,18,5,6.38,87.6,38.3,4.05,1,1,0,8.3,1,0,0
2023-06-01,18,6,6.27,92.4,43.6,4.2,1,1,1,13.4,1,0,0
2023-07-01,18,7,6.29,86.2,50.5,4.03,2,1,1,12.1,1,0,0
2023-08-01,18,8,6.35,88.6,48.4,3.95,2,1,1,6.1,1,0,0
2023-09-01,18,9,6.36,91.0,44.6,3.96,3,1,1,5.4,1,0,0
2023-10-01,18,10,6.32,92.9,47.7,4.13,3,1,1,9.9,1,0,0
2023-11-01,18,11,6.6,86.4,45.0,4.02,3,1,1,11.0,1,0,0
2023-12-01,18,12,6.51,87.5,43.2,4.18,3,1,1,7.7,1,0,0
2024-01-01,18,13,6.7,88.4,46.2,3.79,3,2,1,4.6,1,0,0
2024-02-01,18,14,6.46,92.0,56.5,3.79,3,2,1,6.9,2,0,0
2024-03-01,18,15,6.72,87.8,52.3,3.97,3,2,1,5.5,2,0,0
2024-04-01,18,16,6.39,81.6,49.1,4.39,3,2,1,13.7,2,0,1
2024-05-01,18,17,6.68,87.1,54.3,4.0,3,2,1,10.3,2,0,1
2024-06-01,18,18,6.4,83.6,51.6,3.9,3,2,1,7.9,2,0,1
2023-01-01,19,1,7.85,83.4,69.2,2.75,0,1,0,7.2,1,0,0
2023-02-01,19,2,7.58,79.9,73.4,3.04,0,1,0,9.6,1,0,0
2023-03-01,19,3,7.65,80.7,74.5,2.89,0,1,0,6.9,1,0,0
2023-04-01,19,4,7.72,81.1,80.5,3.18,0,1,0,8.0,1,0,0
2023-05-01,19,5,7.79,88.1,83.6,3.12,0,1,0,6.8,1,0,0
2023-06-01,19,6,7.77,82.9,80.0,3.14,0,2,0,10.9,1,0,0
2023-07-01,19,7,7.91,85.1,80.7,3.05,0,2,0,6.1,1,0,0
2023-08-01,19,8,7.86,84.1,75.4,3.05,0,2,0,9.5,1,0,0
2023-09-01,19,9,7.8,81.4,79.5,3.19,0,2,0,9.8,1,0,0
2023-10-01,19,10,7.9,80.7,75.0,2.8,0,2,0,8.2,1,0,1
2023-11-01,19,11,7.73,85.8,84.5,3.03,0,2,0,4.4,1,0,1
2023-12-01,19,12,7.62,84.5,88.2,2.99,1,2,0,7.6,1,0,1
2024-01-01,19,13,7.95,83.1,79.1,3.29,1,2,0,9.9,1,0,1
2024-02-01,19,14,7.97,85.1,86.8,3.09,1,2,0,5.7,1,0,1
2024-03-01,19,15,8.04,81.1,87.5,2.8,1,2,0,6.6,2,0,1
2024-04-01,19,16,7.85,82.5,85.4,2.94,1,2,0,6.9,3,0,1
2024-05-01,19,17,8.04,81.7,91.6,3.37,1,2,0,9.7,3,0,1
2024-06-01,19,18,8.03,89.1,88.4,3.08,1,2,0,6.1,3,0,1
2023-01-01,20,1,6.95,68.3,71.3,3.93,0,1,0,6.8,0,0,0
2023-02-01,20,2,7.06,59.9,64.1,3.96,0,1,0,6.5,0,0,0
2023-03-01,20,3,7.12,64.3,63.5,3.9,0,1,0,6.9,0,0,0
2023-04-01,20,4,7.24,68.3,74.3,3.78,0,1,1,8.9,0,0,0
2023-05-01,20,5,7.05,58.2,59.8,3.88,1,1,1,4.8,0,0,0
2023-06-01,20,6,7.1,65.8,64.4,3.91,1,2,1,0.0,0,0,0
2023-07-01,20,7,7.01,63.0,64.9,3.88,1,2,1,5.1,0,0,0
2023-08-01,20,8,7.35,64.9,73.3,3.71,1,2,1,7.5,0,0,0
2023-09-01,20,9,7.22,71.0,70.7,3.95,1,2,1,7.1,0,0,0
2023-10-01,20,10,7.27,69.4,69.1,3.49,1,2,1,4.1,0,0,0
2023-11-01,20,11,7.24,65.5,73.8,3.89,1,2,1,3.4,0,0,0
2023-12-01,20,12,7.14,65.6,71.6,3.66,1,2,1,2.9,0,0,0
2024-01-01,20,13,7.1,65.5,66.7,3.64,1,2,1,2.8,0,0,0
2024-02-01,20,14,7.11,59.5,67.0,3.95,1,2,1,4.9,0,0,0
2024-03-01,20,15,7.39,61.1,73.7,3.94,1,2,1,6.0,0,0,0
2024-04-01,20,16,7.36,66.3,76.4,3.97,1,2,1,9.5,0,0,0
2024-05-01,20,17,7.28,60.1,76.3,4.09,1,2,1,1.7,0,0,0
2024-06-01,20,18,7.41,58.0,75.0,3.9,1,2,1,10.4,0,0,0
2023-01-01,21,1,6.8,94.9,38.0,4.8,1,0,0,9.3,0,0,0
2023-02-01,21,2,6.76,96.3,35.6,5.0,1,0,0,10.2,0,0,0
2023-03-01,21,3,7.05,96.6,46.1,4.78,1,0,0,10.0,0,0,0
2023-04-01,21,4,7.04,100.0,43.2,4.78,1,0,0,10.0,0,0,0
2023-05-01,21,5,7.04,100.0,47.5,5.0,1,0,0,17.2,0,0,0
2023-06-01,21,6,7.07,95.4,44.6,4.93,1,0,1,11.5,0,0,0
2023-07-01,21,7,7.15,92.5,42.0,4.71,1,0,1,10.6,0,0,0
2023-08-01,21,8,6.97,98.1,51.1,5.0,2,0,1,8.9,1,0,0
2023-09-01,21,9,7.1,99.6,46.3,5.0,2,1,1,11.2,1,0,0
2023-10-01,21,10,7.29,96.8,46.6,5.0,2,2,1,9.1,1,0,1
2023-11-01,21,11,7.43,100.0,51.9,4.77,2,2,1,10.8,1,0,1
2023-12-01,21,12,7.22,96.1,55.3,5.0,2,2,1,12.0,1,0,1
2024-01-01,21,13,7.38,96.9,43.2,4.98,3,2,1,6.8,2,0,1
2024-02-01,21,14,7.61,99.1,51.3,4.77,3,2,1,13.7,3,0,1
2024-03-01,21,15,7.34,100.0,55.3,4.9,3,2,1,15.2,3,0,1
2024-04-01,21,16,7.38,94.5,58.1,5.0,3,2,1,13.3,3,0,1
2024-05-01,21,17,7.16,100.0,58.4,5.0,3,2,1,13.8,4,0,1
2024-06-01,21,18,7.46,99.3,49.4,4.87,3,2,1,15.8,4,0,1
2023-01-01,22,1,6.52,69.7,91.2,3.26,0,0,0,3.3,0,0,0
2023-02-01,22,2,6.4,65.8,83.1,2.84,0,0,0,4.6,0,0,0
2023-03-01,22,3,6.55,66.9,89.8,3.15,0,0,0,6.6,0,0,0
2023-04-01,22,4,6.53,73.3,91.4,2.84,0,0,0,5.3,0,0,0
2023-05-01,22,5,6.63,67.6,81.6,3.04,0,0,0,6.3,0,0,0
2023-06-01,22,6,6.72,62.0,83.9,3.03,0,0,1,6.7,0,0,0
2023-07-01,22,7,6.6,67.4,98.5,3.06,0,1,1,1.7,0,0,0
2023-08-01,22,8,6.73,66.4,92.9,3.07,0,1,1,0.0,0,0,0
2023-09-01,22,9,6.78,62.7,88.1,3.25,0,1,1,2.2,0,0,0
2023-10-01,22,10,6.68,65.5,88.2,3.08,0,1,1,6.8,0,0,0
2023-11-01,22,11,6.99,70.9,90.0,3.03,0,1,1,5.8,0,0,0
2023-12-01,22,12,7.0,69.7,82.2,2.99,0,1,1,4.5,0,0,0
2024-01-01,22,13,6.91,66.6,90.0,2.96,0,1,1,0.0,0,0,0
2024-02-01,22,14,7.02,76.1,90.1,3.03,0,1,1,3.5,0,0,0
2024-03-01,22,15,6.94,65.8,85.1,3.25,0,1,1,2.6,0,0,0
2024-04-01,22,16,7.42,71.3,88.5,3.58,0,1,1,1.6,1,0,0
2024-05-01,22,17,7.16,72.0,87.0,3.16,0,1,1,5.9,1,0,0
2024-06-01,22,18,7.21,64.1,90.9,3.08,0,1,1,3.2,1,0,0
2023-01-01,23,1,8.12,84.4,65.6,2.9,0,1,0,7.9,0,0,0
2023-02-01,23,2,7.87,81.6,68.8,2.96,1,2,1,5.8,1,0,0
2023-03-01,23,3,7.98,82.0,63.2,3.19,1,2,1,13.8,1,0,0
2023-04-01,23,4,8.29,87.4,71.8,2.9,1,2,2,10.6,1,0,0
2023-05-01,23,5,8.01,84.0,66.7,2.67,1,2,3,9.8,1,0,0
2023-06-01,23,6,7.81,88.9,66.5,2.96,1,2,3,7.4,1,0,1
2023-07-01,23,7,7.87,84.9,71.2,3.15,1,2,3,8.1,1,0,1
2023-08-01,23,8,8.2,79.4,66.4,2.63,1,2,3,11.4,2,0,1
2023-09-01,23,9,8.3,93.0,76.7,3.03,1,2,3,12.7,2,0,1
2023-10-01,23,10,8.01,90.3,76.4,3.21,1,2,3,5.3,2,0,1
2023-11-01,23,11,8.19,85.2,71.8,2.8,1,2,3,12.2,2,0,1
2023-12-01,23,12,8.23,84.7,73.4,2.85,1,2,3,11.8,2,0,1
2024-01-01,23,13,8.18,76.1,70.1,2.98,1,2,3,15.3,2,0,1
2024-02-01,23,14,8.3,84.8,75.0,3.05,1,3,3,7.8,3,0,1
2024-03-01,23,15,8.03,82.3,82.6,3.01,1,4,3,10.1,3,0,1
2024-04-01,23,16,8.29,82.6,77.1,3.14,1,4,3,8.9,3,0,1
2024-05-01,23,17,8.35,89.0,77.1,2.88,1,4,3,4.5,3,0,1
2024-06-01,23,18,8.26,81.6,79.6,3.0,1,4,3,6.4,4,0,1
2023-01-01,24,1,6.79,91.9,54.4,3.36,0,1,0,12.1,0,0,0
2023-02-01,24,2,6.86,86.5,53.0,3.2,0,1,0,7.4,0,0,0
2023-03-01,24,3,6.82,90.2,58.8,3.25,1,1,0,10.7,0,0,0
2023-04-01,24,4,7.01,83.7,56.5,3.14,1,1,0,12.1,0,0,0
2023-05-01,24,5,7.19,80.5,61.8,3.4,1,1,0,7.3,0,0,0
2023-06-01,24,6,7.17,85.7,66.4,3.41,1,1,0,9.2,0,0,0
2023-07-01,24,7,6.92,89.4,65.0,3.23,1,1,0,4.6,0,0,0
2023-08-01,24,8,7.07,83.4,68.5,3.44,1,1,0,7.3,0,0,0
2023-09-01,24,9,7.17,81.4,58.6,3.06,1,1,0,6.8,0,0,0
2023-10-01,24,10,7.13,87.5,65.4,3.39,1,1,0,16.5,0,0,0
2023-11-01,24,11,7.06,87.3,69.0,3.46,2,1,0,11.7,1,0,0
2023-12-01,24,12,7.21,92.3,65.6,3.4,2,1,1,10.8,2,0,0
2024-01-01,24,13,7.19,88.8,67.7,3.6,2,2,1,8.2,2,0,0
2024-02-01,24,14,7.44,85.9,65.5,3.53,2,2,1,7.6,3,0,0
2024-03-01,24,15,7.37,83.7,73.2,3.51,2,2,1,7.3,3,0,0
2024-04-01,24,16,7.47,91.2,73.5,3.52,2,3,1,10.4,3,0,0
2024-05-01,24,17,7.35,87.8,66.7,3.25,2,4,1,12.4,4,0,0
2024-06-01,24,18,7.39,81.2,68.6,3.54,3,4,1,10.0,4,0,0
2023-01-01,25,1,6.73,83.1,81.9,3.89,0,1,0,9.0,0,0,0
2023-02-01,25,2,6.6,90.3,99.3,4.08,0,1,0,13.8,0,0,0
2023-03-01,25,3,6.85,84.5,83.9,3.91,1,2,0,8.4,0,0,0
2023-04-01,25,4,6.85,79.6,83.2,4.2,1,3,0,8.8,0,0,0
2023-05-01,25,5,6.62,85.1,84.9,3.73,1,3,0,14.3,0,0,0
2023-06-01,25,6,6.77,83.3,80.3,3.97,1,3,0,14.1,0,0,0
2023-07-01,25,7,7.12,81.5,75.4,3.79,1,3,0,12.5,0,0,0
2023-08-01,25,8,6.87,82.2,84.7,4.0,1,3,0,11.3,0,0,0
2023-09-01,25,9,6.87,83.2,96.9,3.77,1,3,0,10.2,0,0,0
2023-10-01,25,10,7.22,90.4,88.9,3.97,1,3,0,11.4,1,0,0
2023-11-01,25,11,7.05,77.2,88.0,3.91,1,3,0,12.0,1,0,1
2023-12-01,25,12,6.99,81.6,93.8,4.0,1,3,0,11.8,2,0,1
2024-01-01,25,13,7.18,78.4,88.6,3.91,1,3,0,12.6,2,0,1
2024-02-01,25,14,7.21,82.6,90.2,4.31,1,3,1,6.4,2,0,1
2024-03-01,25,15,7.19,74.5,92.4,4.02,1,4,1,7.8,3,0,1
2024-04-01,25,16,7.39,94.6,97.5,4.2,1,4,1,15.5,4,0,1
2024-05-01,25,17,7.05,85.9,89.2,3.81,1,4,1,11.7,5,0,1
2024-06-01,25,18,7.41,84.4,97.9,3.88,2,4,1,10.8,6,0,1
2023-01-01,26,1,6.79,73.9,60.0,2.77,0,1,0,10.3,0,1,0
2023-02-01,26,2,6.92,82.4,54.4,2.91,0,1,0,8.2,0,1,0
2023-03-01,26,3,6.61,75.8,59.6,2.62,0,1,0,9.6,0,1,0
2023-04-01,26,4,6.83,78.0,62.2,2.86,0,1,0,3.9,0,1,0
2023-05-01,26,5,6.9,73.1,68.8,2.67,0,1,0,8.7,0,1,0
2023-06-01,26,6,6.9,78.4,66.6,2.92,0,1,0,2.2,0,1,0
2023-07-01,26,7,6.97,77.7,68.1,2.74,0,1,0,11.3,0,1,0
2023-08-01,26,8,6.97,73.5,65.3,2.77,0,1,0,7.7,0,1,0
2023-09-01,26,9,7.21,79.5,64.2,3.04,1,1,0,6.9,0,1,0
2023-10-01,26,10,7.34,70.9,59.9,2.85,1,1,0,7.8,1,1,0
2023-11-01,26,11,7.1,77.3,74.6,2.85,1,1,0,6.5,1,1,0
2023-12-01,26,12,7.15,81.4,67.1,3.26,2,1,0,8.5,2,1,0
2024-01-01,26,13,7.29,68.8,65.9,2.96,2,1,0,7.9,2,1,0
2024-02-01,26,14,7.38,76.4,77.5,2.91,3,1,0,7.0,2,0,0
2024-03-01,26,15,7.18,75.2,71.9,2.97,3,2,0,11.6,3,0,0
2024-04-01,26,16,7.63,77.1,66.4,3.04,3,2,0,5.6,3,0,0
2024-05-01,26,17,7.43,88.5,70.2,2.87,3,2,0,4.2,3,0,1
2024-06-01,26,18,7.54,77.7,71.1,3.02,3,3,0,8.7,3,0,1
2023-01-01,27,1,7.61,85.2,58.0,2.7,0,1,0,5.2,0,0,0
2023-02-01,27,2,7.56,88.6,56.3,2.81,1,1,0,5.6,0,0,0
2023-03-01,27,3,7.33,91.0,55.4,2.56,1,1,0,8.3,0,0,0
2023-04-01,27,4,7.57,85.7,58.4,2.84,1,1,0,1.4,0,0,0
2023-05-01,27,5,7.62,93.7,57.9,3.22,1,1,0,2.8,0,0,0
2023-06-01,27,6,7.79,89.5,64.8,2.5,1,1,0,6.5,0,0,0
2023-07-01,27,7,7.61,92.3,64.2,2.84,1,1,0,2.7,0,0,0
2023-08-01,27,8,7.67,94.0,59.9,2.76,1,1,0,5.2,0,0,0
2023-09-01,27,9,7.52,88.1,58.8,3.16,1,2,0,4.2,0,0,0
2023-10-01,27,10,7.76,86.7,68.1,2.79,1,2,0,4.2,1,0,0
2023-11-01,27,11,7.62,83.9,62.8,2.87,1,2,0,4.5,1,0,0
2023-12-01,27,12,7.71,90.2,62.3,2.67,1,3,0,6.3,1,0,0
2024-01-01,27,13,7.88,95.4,58.2,2.95,1,3,0,4.7,1,0,0
2024-02-01,27,14,7.92,91.1,64.9,2.97,1,3,0,5.2,2,0,0
2024-03-01,27,15,7.86,91.1,61.7,2.88,2,3,0,3.9,2,0,0
2024-04-01,27,16,7.82,93.4,58.6,3.07,2,4,0,5.8,2,0,0
2024-05-01,27,17,7.92,82.8,69.7,2.88,2,4,0,4.1,2,0,0
2024-06-01,27,18,7.88,87.8,65.1,2.96,2,4,0,3.9,3,0,0
2023-01-01,28,1,7.45,70.1,40.4,3.72,1,0,0,11.9,0,0,0
2023-02-01,28,2,7.16,71.6,50.6,3.83,1,0,0,12.5,0,0,0
2023-03-01,28,3,7.33,66.6,56.9,3.69,1,0,0,9.7,0,0,0
2023-04-01,28,4,7.28,62.4,50.9,3.85,1,0,0,9.3,0,0,0
2023-05-01,28,5,7.39,64.0,50.7,3.67,1,1,0,10.1,0,0,0
2023-06-01,28,6,7.28,64.3,50.0,4.11,1,1,0,10.8,0,0,0
2023-07-01,28,7,7.39,71.3,51.1,4.14,1,1,0,8.9,1,0,0
2023-08-01,28,8,7.43,64.2,55.0,4.29,1,1,0,9.5,1,0,0
2023-09-01,28,9,7.42,62.8,58.4,4.03,1,1,0,9.9,1,0,0
2023-10-01,28,10,7.36,71.7,62.6,4.0,1,1,0,11.3,1,0,0
2023-11-01,28,11,7.45,73.8,53.3,4.16,1,1,0,13.4,2,0,0
2023-12-01,28,12,7.56,66.9,65.5,3.99,1,1,0,14.5,2,0,0
2024-01-01,28,13,7.68,67.9,62.4,3.96,1,1,0,8.4,2,0,0
2024-02-01,28,14,7.73,66.4,60.9,4.15,1,1,0,8.4,2,0,0
2024-03-01,28,15,7.6,68.6,62.1,3.88,1,1,0,11.1,2,0,0
2024-04-01,28,16,7.42,58.7,63.5,4.11,1,1,0,11.6,2,0,0
2024-05-01,28,17,7.56,67.1,61.3,4.16,1,1,0,11.7,3,0,0
2024-06-01,28,18,7.7,61.2,60.2,3.95,1,1,0,12.3,3,0,0
2023-01-01,29,1,7.3,80.5,64.1,3.49,0,1,0,8.6,0,0,0
2023-02-01,29,2,7.14,84.2,64.4,3.43,0,1,0,5.5,0,0,0
2023-03-01,29,3,7.48,74.9,70.7,3.5,0,1,0,9.7,0,0,0
2023-04-01,29,4,7.31,81.1,64.4,3.24,0,1,0,9.1,0,0,0
2023-05-01,29,5,7.39,82.1,70.4,3.35,0,1,0,10.8,1,0,0
2023-06-01,29,6,7.57,78.6,71.4,3.43,0,1,0,8.5,1,0,0
2023-07-01,29,7,7.39,78.3,71.8,3.56,0,1,1,6.8,1,0,0
2023-08-01,29,8,7.44,83.9,71.8,3.4,0,1,1,9.0,1,0,0
2023-09-01,29,9,7.45,84.3,75.4,3.48,0,2,1,13.0,1,0,0
2023-10-01,29,10,7.63,84.7,71.4,3.62,0,3,1,7.2,1,0,0
2023-11-01,29,11,7.55,81.1,82.7,3.46,0,3,1,11.2,1,0,0
2023-12-01,29,12,7.71,84.9,75.2,3.74,0,3,1,11.4,2,0,0
2024-01-01,29,13,7.96,83.5,72.2,3.37,0,3,2,9.4,2,0,0
2024-02-01,29,14,7.98,76.9,79.6,3.55,1,3,2,9.6,2,0,1
2024-03-01,29,15,8.03,81.7,81.5,3.67,1,3,2,8.6,2,0,1
2024-04-01,29,16,7.85,69.6,84.6,3.57,1,3,2,7.9,2,0,1
2024-05-01,29,17,7.95,89.5,81.9,3.79,1,3,2,9.0,3,0,1
2024-06-01,29,18,7.87,84.8,83.8,3.65,1,3,2,6.9,4,0,1
2023-01-01,30,1,7.2,75.3,66.8,2.01,0,0,1,6.8,0,2,0
2023-02-01,30,2,7.65,73.9,74.2,1.89,0,0,1,10.9,0,2,0
2023-03-01,30,3,7.51,75.6,63.0,1.76,0,0,1,14.8,0,2,0
2023-04-01,30,4,7.25,72.2,67.5,1.81,0,0,1,5.7,0,2,0
2023-05-01,30,5,7.46,74.9,69.8,1.69,0,0,1,12.3,1,1,0
2023-06-01,30,6,7.53,83.8,64.4,2.14,0,0,1,8.5,1,1,0
2023-07-01,30,7,7.57,75.5,66.0,1.78,0,0,1,8.4,1,1,0
2023-08-01,30,8,7.57,75.4,71.8,1.69,0,0,1,5.1,1,1,0
2023-09-01,30,9,7.47,72.3,69.0,1.81,0,1,1,5.5,1,1,0
2023-10-01,30,10,7.67,69.7,65.6,1.82,0,2,1,10.9,1,1,0
2023-11-01,30,11,7.68,73.1,70.9,1.85,0,2,1,5.0,1,1,0
2023-12-01,30,12,7.72,79.2,71.0,1.92,0,2,1,5.4,1,1,0
2024-01-01,30,13,7.59,85.6,70.8,1.76,0,2,1,5.3,1,1,0
2024-02-01,30,14,7.65,83.8,80.3,1.89,0,2,1,7.5,2,1,0
2024-03-01,30,15,7.9,73.4,80.0,1.85,0,2,1,3.6,3,1,0
2024-04-01,30,16,7.64,69.1,71.3,2.02,0,2,1,7.0,3,1,1
2024-05-01,30,17,7.74,73.4,72.7,1.93,0,2,1,6.2,4,1,1
2024-06-01,30,18,7.71,84.4,80.6,1.86,0,2,1,9.3,4,1,1
2023-01-01,31,1,8.54,81.1,57.9,2.37,2,1,0,8.6,0,0,0
2023-02-01,31,2,8.71,69.4,52.8,2.81,2,1,0,13.6,0,0,0
2023-03-01,31,3,8.97,78.6,55.8,2.32,2,1,0,11.8,0,0,0
2023-04-01,31,4,8.79,70.7,54.2,2.36,2,1,0,12.0,0,0,0
2023-05-01,31,5,8.98,67.7,63.8,2.27,2,2,0,11.6,0,0,1
2023-06-01,31,6,8.82,77.2,62.6,2.15,2,2,0,12.4,0,0,1
2023-07-01,31,7,8.97,79.4,63.2,2.48,2,2,0,10.9,0,0,1
2023-08-01,31,8,8.97,71.0,54.9,2.18,2,2,0,14.9,1,0,1
2023-09-01,31,9,9.11,82.8,70.4,2.46,2,2,0,7.0,1,0,1
2023-10-01,31,10,9.12,81.4,61.0,2.44,2,2,0,11.1,1,0,1
2023-11-01,31,11,9.37,82.9,66.1,2.4,3,2,0,8.4,1,0,1
2023-12-01,31,12,9.23,74.5,65.1,2.39,3,2,0,11.8,1,0,1
2024-01-01,31,13,9.22,71.6,63.0,2.43,3,2,0,11.7,1,0,1
2024-02-01,31,14,9.33,71.9,65.3,2.02,3,2,0,7.4,1,0,1
2024-03-01,31,15,9.54,77.7,63.4,2.39,3,2,0,9.8,1,0,1
2024-04-01,31,16,9.55,69.0,69.6,2.45,4,2,0,9.7,1,0,1
2024-05-01,31,17,9.32,77.1,68.3,2.44,4,2,0,8.0,2,0,1
2024-06-01,31,18,9.53,78.0,68.2,2.44,4,2,0,10.7,2,0,1
2023-01-01,32,1,6.79,81.6,46.0,3.9,0,2,0,1.6,0,0,0
2023-02-01,32,2,6.68,87.1,45.2,4.49,0,2,0,4.9,0,0,0
2023-03-01,32,3,6.77,92.3,47.5,4.44,0,2,0,7.0,0,0,0
2023-04-01,32,4,6.77,89.8,45.1,4.41,0,2,1,8.0,0,0,0
2023-05-01,32,5,6.62,88.2,42.8,4.23,0,2,1,5.5,0,0,0
2023-06-01,32,6,7.08,85.8,43.5,4.15,0,3,1,8.3,0,0,0
2023-07-01,32,7,6.86,95.9,41.7,4.19,0,3,1,4.8,0,0,0
2023-08-01,32,8,6.76,92.3,48.0,4.3,0,3,1,7.3,0,0,0
2023-09-01,32,9,6.91,87.2,48.5,4.39,0,3,1,3.2,0,0,0
2023-10-01,32,10,6.9,81.7,53.5,4.27,0,3,1,6.1,0,0,0
2023-11-01,32,11,7.1,87.0,59.3,4.31,0,3,1,6.1,0,0,0
2023-12-01,32,12,7.06,79.8,53.0,4.44,0,3,1,10.4,0,0,0
2024-01-01,32,13,6.92,86.1,51.7,4.05,0,3,1,4.9,0,0,0
2024-02-01,32,14,7.1,82.8,54.9,4.59,0,3,1,1.6,0,0,0
2024-03-01,32,15,7.1,87.9,41.0,4.35,0,3,1,7.4,0,0,0
2024-04-01,32,16,7.07,88.7,55.0,4.41,0,3,1,8.1,1,0,0
2024-05-01,32,17,7.31,89.1,51.5,4.27,0,3,1,8.1,1,0,0
2024-06-01,32,18,7.03,86.4,56.3,4.52,0,3,1,8.2,1,0,0
2023-01-01,33,1,6.56,93.4,59.5,3.72,0,1,1,10.8,0,0,0
2023-02-01,33,2,6.67,91.5,56.6,3.37,0,1,1,6.9,0,0,0
2023-03-01,33,3,6.62,96.4,56.1,3.68,0,1,1,8.3,0,0,0
2023-04-01,33,4,6.59,86.6,58.2,3.45,0,1,1,7.4,0,0,0
2023-05-01,33,5,6.82,91.0,65.9,3.55,0,1,1,12.3,0,0,0
2023-06-01,33,6,6.95,95.8,61.7,3.73,0,1,1,6.7,0,0,0
2023-07-01,33,7,6.92,95.1,65.9,3.42,0,1,1,9.0,1,0,0
2023-08-01,33,8,6.85,90.7,68.9,3.59,0,1,1,7.1,2,0,0
2023-09-01,33,9,6.93,88.6,67.9,3.43,0,1,1,11.6,2,0,0
2023-10-01,33,10,6.79,87.2,67.8,3.61,1,1,1,8.6,3,0,0
2023-11-01,33,11,7.11,91.6,64.1,3.15,2,1,1,11.0,3,0,1
2023-12-01,33,12,7.08,93.1,70.7,3.65,2,1,1,10.4,4,0,1
2024-01-01,33,13,7.26,92.1,65.0,3.31,2,1,2,10.5,4,0,1
2024-02-01,33,14,6.95,93.7,71.1,3.58,2,1,2,10.4,4,0,1
2024-03-01,33,15,7.14,85.3,69.3,3.61,2,1,2,5.1,4,0,1
2024-04-01,33,16,7.14,85.3,72.0,3.53,2,1,2,7.5,5,0,1
2024-05-01,33,17,7.4,84.6,65.1,3.37,2,1,2,9.9,5,0,1
2024-06-01,33,18,7.08,92.8,75.3,3.65,2,1,2,6.3,5,0,1
2023-01-01,34,1,6.2,79.3,56.0,3.0,0,1,0,6.5,0,0,1
2023-02-01,34,2,6.53,69.9,54.4,2.9,0,1,0,13.1,1,0,1
2023-03-01,34,3,6.29,89.1,59.4,2.36,1,1,0,11.7,1,0,1
2023-04-01,34,4,6.49,75.3,58.8,2.77,1,1,0,9.9,2,0,1
2023-05-01,34,5,6.15,74.6,53.1,2.46,2,1,0,11.9,2,0,1
2023-06-01,34,6,6.4,81.9,64.9,2.68,2,1,0,6.2,2,0,1
2023-07-01,34,7,6.71,76.6,61.8,2.53,2,1,0,13.9,2,0,1
2023-08-01,34,8,6.63,81.1,53.7,2.8,2,1,0,9.3,2,0,1
2023-09-01,34,9,6.48,80.9,69.4,2.81,2,1,0,10.8,2,0,1
2023-10-01,34,10,6.48,78.6,72.9,2.64,2,1,0,13.7,2,0,1
2023-11-01,34,11,6.47,74.5,70.9,2.93,2,1,0,14.8,2,0,1
2023-12-01,34,12,6.45,72.7,66.4,2.71,2,1,0,10.2,2,0,1
2024-01-01,34,13,6.38,76.2,65.9,2.87,2,1,0,11.6,2,0,1
2024-02-01,34,14,6.53,77.9,68.9,2.79,2,1,0,12.1,2,0,1
2024-03-01,34,15,6.6,80.5,66.9,2.96,2,2,0,11.3,3,0,1
2024-04-01,34,16,6.36,81.5,66.8,2.75,2,3,0,9.5,3,0,1
2024-05-01,34,17,6.63,84.8,69.2,3.02,2,3,0,10.7,4,0,1
2024-06-01,34,18,6.6,76.5,72.0,2.98,2,3,0,10.6,4,0,1
2023-01-01,35,1,7.61,90.4,39.4,2.84,0,0,0,7.5,0,0,0
2023-02-01,35,2,7.46,98.5,42.1,2.95,0,0,0,11.0,0,0,0
2023-03-01,35,3,7.57,91.3,38.6,3.08,0,0,0,8.5,0,0,0
2023-04-01,35,4,7.34,84.1,37.4,3.09,0,0,0,4.5,0,0,0
2023-05-01,35,5,7.63,82.2,33.9,3.03,0,0,0,8.7,0,0,0
2023-06-01,35,6,7.59,90.3,38.6,3.2,0,0,0,8.9,0,0,0
2023-07-01,35,7,7.63,93.5,44.5,3.38,0,0,0,6.4,0,0,0
2023-08-01,35,8,7.52,87.8,39.2,3.33,0,0,0,4.3,0,0,0
2023-09-01,35,9,7.67,89.7,42.7,3.05,0,0,0,8.7,0,0,0
2023-10-01,35,10,7.6,87.1,39.2,3.2,0,0,0,5.4,0,0,0
2023-11-01,35,11,7.79,95.3,41.7,3.1,0,0,0,8.2,0,0,0
2023-12-01,35,12,7.78,94.3,50.3,3.2,0,0,0,8.4,0,0,0
2024-01-01,35,13,7.87,85.9,44.5,3.52,0,0,0,9.7,0,0,0
2024-02-01,35,14,7.63,91.6,43.0,3.22,0,0,0,6.5,0,0,0
2024-03-01,35,15,7.8,83.1,43.7,3.5,0,0,0,1.6,0,0,0
2024-04-01,35,16,8.04,85.9,42.6,3.55,0,0,0,4.0,0,0,0
2024-05-01,35,17,8.14,86.8,43.1,3.3,0,0,0,7.4,0,0,0
2024-06-01,35,18,7.93,85.7,52.9,3.27,0,0,0,8.6,0,0,0
2023-01-01,36,1,8.03,89.5,33.4,3.31,0,1,0,7.8,0,0,0
2023-02-01,36,2,8.11,83.7,36.1,3.43,0,1,0,10.5,0,0,0
2023-03-01,36,3,7.99,84.9,38.1,3.33,0,1,0,6.7,0,0,0
2023-04-01,36,4,8.02,86.5,38.3,3.53,0,1,0,10.1,0,0,0
2023-05-01,36,5,8.11,79.3,37.1,3.14,0,1,0,6.6,0,0,0
2023-06-01,36,6,8.17,84.6,41.6,3.34,0,1,0,11.3,0,0,0
2023-07-01,36,7,8.23,82.2,42.0,3.23,0,1,0,5.6,0,0,0
2023-08-01,36,8,8.19,87.0,36.1,3.11,0,1,0,8.1,0,0,0
2023-09-01,36,9,7.98,86.8,36.9,3.44,0,1,0,4.9,0,0,0
2023-10-01,36,10,8.26,88.5,34.4,3.26,0,2,0,6.0,0,0,0
2023-11-01,36,11,8.45,81.3,39.2,3.42,0,2,0,4.5,0,0,0
2023-12-01,36,12,8.24,85.0,46.1,3.37,0,2,0,8.9,1,0,0
2024-01-01,36,13,8.54,76.0,43.7,3.27,0,2,0,6.2,1,0,0
2024-02-01,36,14,8.51,85.0,48.8,3.55,0,2,1,8.8,1,0,0
2024-03-01,36,15,8.64,86.2,42.4,3.5,0,2,1,8.9,1,0,0
2024-04-01,36,16,8.61,87.7,49.2,3.47,0,2,2,3.1,1,0,1
2024-05-01,36,17,8.69,86.4,45.0,3.76,0,2,2,5.0,2,0,1
2024-06-01,36,18,8.56,88.0,46.7,3.59,0,2,2,7.2,2,0,1
2023-01-01,37,1,6.99,72.6,72.7,3.85,0,1,0,15.0,0,0,0
2023-02-01,37,2,6.81,67.9,66.9,3.68,0,1,0,8.0,0,0,0
2023-03-01,37,3,7.03,70.3,70.8,3.74,0,1,0,11.0,0,0,0
2023-04-01,37,4,7.09,74.8,67.9,3.59,1,1,0,10.1,0,0,0
2023-05-01,37,5,7.09,65.3,71.1,3.95,1,1,0,11.3,0,0,0
2023-06-01,37,6,6.93,72.1,66.7,3.61,1,1,0,10.4,0,0,0
2023-07-01,37,7,7.14,74.2,71.2,3.79,1,1,1,11.1,0,0,1
2023-08-01,37,8,7.24,74.8,70.9,3.92,1,1,1,11.6,0,0,1
2023-09-01,37,9,7.17,71.2,73.4,3.85,1,1,1,12.8,0,0,1
2023-10-01,37,10,7.31,68.6,75.0,3.92,1,1,1,10.7,0,0,1
2023-11-01,37,11,7.32,72.2,72.4,3.74,2,1,1,7.9,0,0,1
2023-12-01,37,12,7.2,65.1,77.5,3.84,2,2,1,10.3,0,0,1
2024-01-01,37,13,7.41,72.6,79.8,3.84,2,2,2,11.7,1,0,1
2024-02-01,37,14,7.31,66.2,68.7,4.16,2,2,2,12.3,1,0,1
2024-03-01,37,15,7.22,64.7,72.2,4.01,2,2,2,9.1,2,0,1
2024-04-01,37,16,7.37,77.9,87.0,4.08,2,3,2,6.2,2,0,1
2024-05-01,37,17,7.62,70.8,74.4,3.71,2,4,2,12.5,2,0,1
2024-06-01,37,18,7.54,71.7,79.1,4.1,2,4,2,13.0,2,0,1
2023-01-01,38,1,6.17,81.7,26.2,2.22,0,0,0,11.3,0,0,0
2023-02-01,38,2,6.33,77.2,31.9,2.31,0,0,0,10.2,0,0,0
2023-03-01,38,3,6.08,78.8,27.0,2.22,0,0,0,10.6,0,0,0
2023-04-01,38,4,6.18,78.4,35.1,2.25,1,0,0,9.9,0,0,0
2023-05-01,38,5,6.42,78.0,31.7,2.24,1,0,0,13.3,0,0,0
2023-06-01,38,6,6.47,77.5,28.3,2.44,1,1,0,11.5,0,0,0
2023-07-01,38,7,6.59,76.9,26.7,2.28,1,1,0,9.4,1,0,0
2023-08-01,38,8,6.57,81.8,32.3,2.2,1,1,0,8.5,1,0,0
2023-09-01,38,9,6.52,78.7,31.8,2.17,1,1,0,6.8,1,0,0
2023-10-01,38,10,6.77,73.0,35.4,1.96,1,1,0,13.7,2,0,0
2023-11-01,38,11,6.56,76.1,35.8,2.29,1,1,0,8.1,2,0,0
2023-12-01,38,12,6.82,78.6,32.0,2.33,1,1,0,11.3,2,0,0
2024-01-01,38,13,6.56,74.9,35.1,2.16,1,1,0,13.6,3,0,0
2024-02-01,38,14,6.72,83.8,32.7,2.19,1,1,0,6.5,3,0,0
2024-03-01,38,15,7.06,81.5,36.2,2.43,1,1,1,6.6,3,0,0
2024-04-01,38,16,6.71,87.6,35.7,2.22,1,1,1,10.0,3,0,0
2024-05-01,38,17,6.71,72.8,36.7,2.46,1,1,1,7.9,4,0,0
2024-06-01,38,18,6.91,85.9,38.0,2.39,1,1,2,7.1,4,0,0
2023-01-01,39,1,6.43,82.5,59.1,2.73,0,0,0,13.2,0,0,0
2023-02-01,39,2,6.38,81.4,53.7,2.53,0,0,1,11.7,0,0,0
2023-03-01,39,3,6.48,77.2,68.9,2.47,0,0,1,11.8,1,0,0
2023-04-01,39,4,6.35,83.6,65.1,2.79,0,0,1,12.9,1,0,0
2023-05-01,39,5,6.36,77.9,66.6,2.64,0,0,1,8.2,1,0,0
2023-06-01,39,6,6.65,67.9,75.8,2.38,0,0,1,10.5,1,0,0
2023-07-01,39,7,6.52,73.4,65.5,2.62,0,0,1,9.5,1,0,0
2023-08-01,39,8,6.56,79.7,72.7,2.67,0,0,1,7.9,2,0,0
2023-09-01,39,9,6.71,87.3,72.5,2.82,0,0,1,11.3,2,0,0
2023-10-01,39,10,6.89,81.7,69.2,2.69,0,0,1,9.3,3,0,0
2023-11-01,39,11,6.8,84.6,66.2,2.69,0,0,1,10.9,3,0,0
2023-12-01,39,12,6.61,84.4,72.1,2.61,0,0,1,8.9,4,0,1
2024-01-01,39,13,6.83,78.7,78.2,2.72,0,0,1,8.4,4,0,1
2024-02-01,39,14,7.04,74.8,72.0,2.69,0,0,1,15.3,4,0,1
2024-03-01,39,15,7.05,83.9,76.2,2.83,0,0,1,10.2,4,0,1
2024-04-01,39,16,6.94,82.3,69.7,2.88,0,0,1,12.3,5,0,1
2024-05-01,39,17,6.85,85.4,78.2,2.71,0,0,1,8.6,6,0,1
2024-06-01,39,18,6.95,75.1,79.1,2.85,0,0,2,10.0,6,0,1
2023-01-01,40,1,7.61,71.3,46.1,3.37,0,2,2,11.9,0,0,0
2023-02-01,40,2,7.67,77.4,54.9,3.64,0,2,2,9.8,0,0,0
2023-03-01,40,3,7.55,71.2,54.0,3.31,0,2,2,7.7,0,0,0
2023-04-01,40,4,7.89,73.5,53.7,3.44,0,2,3,7.0,0,0,0
2023-05-01,40,5,7.61,70.0,45.6,3.38,0,2,3,6.3,0,0,0
2023-06-01,40,6,7.79,76.7,48.2,3.6,0,3,3,10.9,1,0,0
2023-07-01,40,7,7.82,79.0,55.2,3.32,0,4,3,5.2,1,0,0
2023-08-01,40,8,7.67,75.9,51.1,3.71,0,4,3,2.5,1,0,1
2023-09-01,40,9,7.97,72.4,55.7,3.62,0,4,3,7.3,1,0,1
2023-10-01,40,10,7.99,73.3,49.4,3.68,0,4,4,3.7,1,0,1
2023-11-01,40,11,7.98,79.0,53.2,3.81,0,4,4,1.7,1,0,1
2023-12-01,40,12,8.07,76.2,52.3,3.62,0,4,4,8.1,1,0,1
2024-01-01,40,13,7.93,76.4,55.6,3.45,0,4,4,8.4,1,0,1
2024-02-01,40,14,8.07,74.6,64.5,3.48,0,4,4,1.2,1,0,1
2024-03-01,40,15,8.37,75.2,50.7,3.58,0,4,4,9.5,1,0,1
2024-04-01,40,16,8.17,68.3,59.6,3.56,0,4,4,5.3,1,0,1
2024-05-01,40,17,8.26,76.3,56.7,3.52,0,4,4,9.4,1,0,1
2024-06-01,40,18,8.49,71.9,64.2,3.57,0,4,4,9.1,2,0,1
2023-01-01,41,1,7.62,82.6,76.3,3.15,0,1,1,10.6,0,0,0
2023-02-01,41,2,7.49,76.4,82.6,3.22,0,1,1,12.5,0,0,0
2023-03-01,41,3,7.81,85.9,85.3,3.21,0,1,1,12.9,0,0,0
2023-04-01,41,4,7.64,77.6,81.6,3.0,0,1,1,13.0,0,0,0
2023-05-01,41,5,7.47,87.1,78.7,3.1,0,1,1,10.7,0,0,0
2023-06-01,41,6,7.85,80.4,80.4,3.29,0,1,1,12.8,1,0,0
2023-07-01,41,7,7.67,84.1,78.7,3.13,0,2,1,14.7,1,0,0
2023-08-01,41,8,7.67,83.3,87.8,3.35,0,2,1,17.5,1,0,0
2023-09-01,41,9,7.77,85.7,82.3,2.86,0,2,1,12.1,2,0,0
2023-10-01,41,10,7.75,86.0,80.9,3.33,0,3,1,12.4,3,0,0
2023-11-01,41,11,7.76,87.9,91.6,3.4,0,3,1,10.6,4,0,0
2023-12-01,41,12,7.77,84.2,87.5,3.05,0,3,2,14.7,4,0,0
2024-01-01,41,13,7.82,82.6,84.8,3.25,0,3,2,12.0,5,0,0
2024-02-01,41,14,7.85,86.3,89.2,3.38,0,3,2,12.5,5,0,0
2024-03-01,41,15,7.92,85.7,89.4,3.25,0,4,2,12.0,5,0,0
2024-04-01,41,16,8.02,78.6,94.4,3.06,0,4,2,9.5,6,0,1
2024-05-01,41,17,7.95,84.8,95.3,3.42,0,4,2,7.4,7,0,1
2024-06-01,41,18,8.29,86.8,91.0,3.27,0,5,2,8.3,8,0,1
2023-01-01,42,1,7.42,80.6,48.7,3.86,0,1,0,0.9,0,2,0
2023-02-01,42,2,7.39,82.5,52.1,3.41,0,1,0,7.7,0,1,0
2023-03-01,42,3,7.46,86.3,49.3,3.89,0,1,0,8.4,0,1,0
2023-04-01,42,4,7.22,77.9,47.5,3.53,0,1,0,4.8,0,1,0
2023-05-01,42,5,7.44,82.9,49.7,3.76,0,1,1,4.0,0,1,0
2023-06-01,42,6,7.49,83.8,47.0,3.43,0,1,1,2.4,0,1,0
2023-07-01,42,7,7.58,85.5,49.4,3.71,0,1,2,0.6,0,1,0
2023-08-01,42,8,7.88,81.6,52.4,3.83,0,1,2,4.2,0,1,0
2023-09-01,42,9,7.61,88.1,57.1,3.79,0,1,2,5.5,0,1,0
2023-10-01,42,10,7.63,80.2,58.0,3.94,0,1,2,0.0,0,1,0
2023-11-01,42,11,7.74,86.4,53.0,3.8,0,1,2,4.2,0,1,0
2023-12-01,42,12,7.71,89.1,49.5,3.82,0,1,2,11.5,0,1,0
2024-01-01,42,13,7.95,82.1,55.3,3.74,0,1,3,4.0,0,1,0
2024-02-01,42,14,7.93,80.2,55.3,3.59,0,1,3,4.6,0,1,0
2024-03-01,42,15,8.09,83.7,49.8,3.89,0,1,3,4.7,1,1,0
2024-04-01,42,16,7.8,75.6,59.0,3.67,0,1,3,6.6,2,1,0
2024-05-01,42,17,7.86,79.6,56.7,3.68,0,1,3,4.2,2,0,1
2024-06-01,42,18,7.88,77.9,56.1,3.9,0,1,3,6.1,2,0,1
2023-01-01,43,1,6.59,67.8,62.0,2.32,0,1,0,3.6,0,1,0
2023-02-01,43,2,6.44,68.7,72.7,2.51,0,1,0,4.9,0,1,0
2023-03-01,43,3,6.39,66.1,72.4,2.56,0,1,0,6.5,0,1,0
2023-04-01,43,4,6.63,68.5,66.3,2.5,0,1,1,8.3,0,1,0
2023-05-01,43,5,6.53,63.9,66.2,2.12,0,1,1,9.4,0,1,0
2023-06-01,43,6,6.55,65.2,61.2,2.22,0,2,1,10.0,0,1,0
2023-07-01,43,7,6.81,65.1,66.1,2.39,0,2,1,7.7,0,1,0
2023-08-01,43,8,6.55,71.6,65.4,2.66,0,2,1,2.9,1,1,0
2023-09-01,43,9,6.63,66.0,70.2,2.78,1,3,1,7.1,1,1,0
2023-10-01,43,10,6.64,67.4,69.6,2.47,1,3,1,12.0,1,1,1
2023-11-01,43,11,6.97,66.1,69.0,2.61,1,3,1,10.8,1,1,1
2023-12-01,43,12,6.9,71.9,71.3,2.48,1,3,1,8.3,1,1,1
2024-01-01,43,13,6.73,65.4,73.1,2.37,2,3,1,3.6,1,1,1
2024-02-01,43,14,6.8,61.4,75.0,2.75,3,3,1,4.8,1,1,1
2024-03-01,43,15,6.8,63.7,74.6,2.43,3,3,1,6.4,1,1,1
2024-04-01,43,16,6.86,65.6,77.4,2.41,3,4,1,8.9,1,1,1
2024-05-01,43,17,7.0,68.3,77.1,2.56,3,4,1,5.3,2,1,1
2024-06-01,43,18,6.94,66.6,77.4,2.55,3,4,1,7.8,2,1,1
2023-01-01,44,1,7.31,60.7,52.1,3.63,0,0,0,8.0,0,0,0
2023-02-01,44,2,7.09,75.7,51.1,3.25,0,0,0,7.4,0,0,0
2023-03-01,44,3,7.32,64.9,52.0,3.39,0,0,0,5.4,0,0,0
2023-04-01,44,4,7.26,64.9,58.4,3.36,0,0,0,8.9,0,0,0
2023-05-01,44,5,7.42,64.8,52.4,3.73,0,0,0,8.8,0,0,0
2023-06-01,44,6,7.4,65.3,59.6,3.69,0,1,0,8.6,0,0,0
2023-07-01,44,7,7.47,73.3,53.2,3.49,0,1,0,6.8,0,0,0
2023-08-01,44,8,7.56,68.0,52.7,3.35,0,1,0,7.8,0,0,0
2023-09-01,44,9,7.47,67.6,62.3,3.37,0,1,0,6.5,0,0,0
2023-10-01,44,10,7.41,66.5,63.2,3.34,0,1,0,11.1,0,0,0
2023-11-01,44,11,7.52,67.6,56.7,3.68,0,1,0,3.8,0,0,0
2023-12-01,44,12,7.75,61.5,52.9,3.6,0,1,0,11.5,0,0,0
2024-01-01,44,13,7.66,60.0,56.1,3.78,0,1,0,10.6,0,0,0
2024-02-01,44,14,7.61,72.6,60.8,3.61,0,1,0,4.8,0,0,0
2024-03-01,44,15,7.7,71.4,67.6,3.71,0,1,0,6.9,1,0,0
2024-04-01,44,16,7.67,66.8,55.8,3.56,1,1,0,8.6,1,0,0
2024-05-01,44,17,7.8,69.2,64.3,4.01,1,1,0,10.4,1,0,0
2024-06-01,44,18,7.93,59.9,54.8,3.6,1,1,0,5.2,2,0,0
2023-01-01,45,1,7.11,87.1,59.0,4.04,0,1,1,11.2,0,0,0
2023-02-01,45,2,7.21,83.2,53.5,4.1,0,1,1,11.3,0,0,0
2023-03-01,45,3,7.06,86.1,59.2,4.08,0,1,1,12.9,0,0,0
2023-04-01,45,4,7.0,85.7,62.9,3.78,0,1,1,10.4,0,0,0
2023-05-01,45,5,7.28,84.5,61.1,4.29,0,1,1,6.1,0,0,1
2023-06-01,45,6,7.13,84.7,61.2,3.87,0,1,1,13.0,0,0,1
2023-07-01,45,7,7.09,85.8,68.5,4.09,0,1,1,11.5,0,0,1
2023-08-01,45,8,7.41,82.9,62.3,3.95,0,1,1,6.5,0,0,1
2023-09-01,45,9,7.53,83.5,65.2,3.91,0,1,1,8.5,0,0,1
2023-10-01,45,10,7.19,80.9,67.5,4.09,0,1,1,10.3,1,0,1
2023-11-01,45,11,7.55,84.8,60.7,3.86,0,1,1,9.0,1,0,1
2023-12-01,45,12,7.19,89.7,67.7,4.39,0,1,2,11.8,1,0,1
2024-01-01,45,13,7.48,84.7,72.7,4.1,0,1,2,9.5,1,0,1
2024-02-01,45,14,7.47,92.8,70.7,4.21,0,1,2,11.6,1,0,1
2024-03-01,45,15,7.28,91.3,66.4,4.22,0,1,3,11.2,2,0,1
2024-04-01,45,16,7.3,94.0,68.0,3.97,0,2,4,9.6,3,0,1
2024-05-01,45,17,7.39,94.2,72.4,4.02,1,2,4,9.4,4,0,1
2024-06-01,45,18,7.45,88.7,70.0,4.24,1,2,4,10.3,4,0,1
2023-01-01,46,1,7.23,77.1,74.2,3.59,0,1,0,13.5,1,0,0
2023-02-01,46,2,7.0,72.2,68.8,3.57,1,1,0,12.6,1,0,0
2023-03-01,46,3,7.19,70.9,68.6,3.48,1,1,0,10.5,1,0,0
2023-04-01,46,4,7.3,71.9,74.9,3.47,1,1,1,7.5,1,0,0
2023-05-01,46,5,7.32,78.8,72.4,3.92,1,1,1,13.0,1,0,0
2023-06-01,46,6,7.11,63.7,71.9,3.48,1,1,1,9.0,1,0,1
2023-07-01,46,7,7.36,78.0,78.5,3.45,1,1,1,12.3,1,0,1
2023-08-01,46,8,7.18,71.2,76.7,3.64,1,1,1,13.8,1,0,1
2023-09-01,46,9,7.11,75.0,81.9,3.47,1,1,1,13.7,1,0,1
2023-10-01,46,10,7.4,81.2,70.9,3.56,1,1,2,8.9,1,0,1
2023-11-01,46,11,7.23,73.9,82.5,3.71,1,1,2,11.6,1,0,1
2023-12-01,46,12,7.42,68.6,75.3,3.76,1,1,2,13.3,2,0,1
2024-01-01,46,13,7.58,76.9,86.3,3.99,1,2,2,8.0,2,0,1
2024-02-01,46,14,7.28,73.5,80.7,3.79,2,2,2,11.9,3,0,1
2024-03-01,46,15,7.62,78.7,82.7,3.72,3,2,2,15.3,4,0,1
2024-04-01,46,16,7.32,71.9,85.7,3.66,3,2,2,9.6,4,0,1
2024-05-01,46,17,7.52,76.2,80.7,3.7,3,2,3,11.7,4,0,1
2024-06-01,46,18,7.47,70.0,91.2,3.57,3,3,3,8.4,5,0,1
2023-01-01,47,1,7.77,84.6,49.1,3.52,0,1,0,9.3,0,0,0
2023-02-01,47,2,7.71,76.4,54.7,3.34,0,1,0,11.6,0,0,0
2023-03-01,47,3,7.98,81.9,48.9,3.37,0,1,0,8.5,0,0,0
2023-04-01,47,4,7.82,90.2,52.9,3.61,0,1,0,8.5,0,0,0
2023-05-01,47,5,7.59,84.2,58.3,3.47,0,2,0,9.4,0,0,0
2023-06-01,47,6,7.96,87.5,53.0,3.34,0,2,0,4.1,0,0,0
2023-07-01,47,7,7.85,86.3,51.0,3.27,0,2,0,10.3,0,0,0
2023-08-01,47,8,8.01,86.5,57.0,3.46,0,3,0,10.4,0,0,0
2023-09-01,47,9,7.8,89.8,53.5,3.56,0,3,0,4.1,0,0,0
2023-10-01,47,10,8.28,83.6,57.2,3.43,0,3,0,6.3,0,0,0
2023-11-01,47,11,8.24,86.6,58.4,3.53,0,3,0,9.1,0,0,0
2023-12-01,47,12,8.34,82.0,59.3,3.76,0,3,0,11.6,1,0,0
2024-01-01,47,13,8.25,83.9,59.8,3.28,0,3,0,11.8,1,0,0
2024-02-01,47,14,8.3,82.9,58.9,3.3,0,3,0,11.7,2,0,0
2024-03-01,47,15,8.38,76.7,56.3,3.38,0,3,0,7.8,2,0,0
2024-04-01,47,16,8.46,84.0,63.6,3.33,0,3,0,9.8,2,0,0
2024-05-01,47,17,8.22,79.6,61.9,3.44,0,3,0,13.1,2,0,0
2024-06-01,47,18,8.64,83.0,67.3,3.19,0,3,0,12.8,3,0,0
2023-01-01,48,1,7.2,86.1,73.2,3.37,0,0,0,9.9,0,0,0
2023-02-01,48,2,7.32,81.1,75.2,3.12,0,0,0,7.4,0,0,0
2023-03-01,48,3,7.2,93.3,73.1,3.34,0,0,0,11.3,0,0,0
2023-04-01,48,4,7.24,90.9,79.1,3.24,0,0,0,10.5,0,0,0
2023-05-01,48,5,7.14,91.3,74.5,2.96,0,0,0,6.0,0,0,0
2023-06-01,48,6,7.24,95.0,77.9,3.19,0,0,1,9.2,0,0,0
2023-07-01,48,7,7.41,90.7,76.3,3.33,0,0,1,9.2,0,0,1
2023-08-01,48,8,7.59,82.9,77.0,3.16,1,0,1,12.3,1,0,1
2023-09-01,48,9,7.85,87.1,78.4,3.23,1,0,1,4.7,1,0,1
2023-10-01,48,10,7.72,92.2,83.7,3.08,1,0,1,11.8,2,0,1
2023-11-01,48,11,7.6,88.3,73.6,3.48,1,0,1,7.3,2,0,1
2023-12-01,48,12,7.69,84.7,78.2,3.31,1,0,2,5.4,2,0,1
2024-01-01,48,13,7.66,100.0,79.0,3.22,2,0,2,7.7,2,0,1
2024-02-01,48,14,7.91,90.6,82.9,3.43,2,0,2,5.9,2,0,1
2024-03-01,48,15,7.95,98.9,79.8,3.32,2,0,2,9.2,2,0,1
2024-04-01,48,16,7.96,89.7,78.3,3.16,2,0,2,11.5,3,0,1
2024-05-01,48,17,7.88,97.9,84.5,3.12,2,0,2,8.9,3,0,1
2024-06-01,48,18,7.99,89.3,83.9,3.25,2,0,2,6.1,3,0,1
2023-01-01,49,1,7.5,72.2,45.1,2.54,0,1,0,0.3,0,0,0
2023-02-01,49,2,7.71,63.3,42.4,2.33,0,1,0,5.8,0,0,0
2023-03-01,49,3,7.5,70.4,51.4,2.7,0,1,0,5.9,0,0,0
2023-04-01,49,4,7.71,71.3,43.0,2.52,0,1,0,9.4,0,0,0
2023-05-01,49,5,7.74,64.9,44.0,2.89,0,1,0,3.6,0,0,0
2023-06-01,49,6,7.59,63.7,48.0,2.7,0,1,0,5.1,0,0,0
2023-07-01,49,7,7.81,67.8,47.5,2.99,0,1,1,7.4,0,0,0
2023-08-01,49,8,7.88,71.5,48.1,2.91,0,1,1,5.4,0,0,0
2023-09-01,49,9,7.94,66.0,52.6,2.81,0,1,1,6.7,0,0,0
2023-10-01,49,10,7.65,70.1,50.5,2.79,0,1,1,8.9,0,0,0
2023-11-01,49,11,7.89,72.5,42.2,2.59,0,1,2,7.2,0,0,0
2023-12-01,49,12,7.94,78.2,51.8,2.89,0,1,2,6.2,0,0,0
2024-01-01,49,13,7.97,67.5,49.5,2.61,1,1,2,7.6,0,0,0
2024-02-01,49,14,8.24,64.3,58.5,2.73,1,1,2,7.9,0,0,0
2024-03-01,49,15,8.21,70.0,50.1,2.65,1,1,2,4.9,1,0,0
2024-04-01,49,16,8.18,62.3,49.9,2.71,1,1,2,4.2,2,0,0
2024-05-01,49,17,8.22,64.6,48.3,2.75,1,1,2,4.4,2,0,0
2024-06-01,49,18,8.34,72.8,58.8,2.95,1,1,2,9.1,2,0,0
2023-01-01,50,1,7.17,72.3,58.6,3.46,0,1,0,8.0,0,0,1
2023-02-01,50,2,7.13,62.1,62.6,3.37,0,1,0,10.3,0,0,1
2023-03-01,50,3,7.22,66.7,63.3,3.05,0,2,0,8.3,0,0,1
2023-04-01,50,4,7.08,73.0,72.8,3.47,0,2,0,9.2,0,0,1
2023-05-01,50,5,7.01,66.7,67.9,3.06,0,2,0,7.0,0,0,1
2023-06-01,50,6,7.12,62.0,61.4,3.38,0,2,0,6.8,0,0,1
2023-07-01,50,7,7.56,69.3,65.9,3.27,0,2,0,8.6,0,0,1
2023-08-01,50,8,7.28,68.3,77.9,2.84,0,3,0,8.2,0,0,1
2023-09-01,50,9,7.47,65.9,75.1,3.19,0,3,0,9.0,0,0,1
2023-10-01,50,10,7.55,63.8,64.5,3.49,0,3,0,5.7,0,0,1
2023-11-01,50,11,7.46,65.7,69.7,3.26,0,3,0,4.9,0,0,1
2023-12-01,50,12,7.63,74.9,68.1,3.12,0,3,0,9.0,1,0,1
2024-01-01,50,13,7.75,72.3,73.0,3.32,0,3,0,6.9,1,0,1
2024-02-01,50,14,7.72,66.1,76.0,3.35,0,3,0,7.0,2,0,1
2024-03-01,50,15,7.68,62.1,70.2,3.13,0,3,0,6.8,2,0,1
2024-04-01,50,16,7.73,66.8,68.1,3.08,0,4,0,6.3,2,0,1
2024-05-01,50,17,7.76,61.6,76.6,3.37,0,4,0,5.2,3,0,1
2024-06-01,50,18,7.74,67.7,70.8,3.37,1,4,0,11.6,3,0,1
2023-01-01,51,1,7.11,100.0,67.1,4.03,0,1,0,6.0,0,0,0
2023-02-01,51,2,7.31,100.0,74.4,4.22,0,1,0,8.7,0,0,0
2023-03-01,51,3,7.14,100.0,70.2,4.18,0,2,0,4.4,0,0,0
2023-04-01,51,4,7.49,97.0,78.1,3.96,0,2,0,6.9,1,0,0
2023-05-01,51,5,7.28,100.0,80.5,3.87,0,2,0,8.8,1,0,0
2023-06-01,51,6,7.38,93.4,80.6,4.2,0,2,0,5.3,1,0,0
2023-07-01,51,7,7.36,100.0,79.1,4.31,0,2,0,11.9,2,0,0
2023-08-01,51,8,7.81,99.0,80.7,4.07,0,2,0,10.0,2,0,0
2023-09-01,51,9,7.63,100.0,85.8,4.27,0,2,0,6.4,2,0,0
2023-10-01,51,10,7.67,100.0,69.2,4.27,0,2,0,3.7,2,0,0
2023-11-01,51,11,7.64,99.3,76.4,4.22,0,2,0,11.8,2,0,0
2023-12-01,51,12,7.66,92.8,79.3,4.23,0,2,0,5.4,2,0,0
2024-01-01,51,13,7.6,99.3,82.2,4.03,0,2,0,7.7,2,0,0
2024-02-01,51,14,7.87,98.0,69.8,4.2,0,2,0,8.8,3,0,0
2024-03-01,51,15,7.94,97.9,84.2,4.01,0,3,0,7.3,3,0,0
2024-04-01,51,16,7.97,100.0,82.8,4.18,0,3,0,8.8,3,0,0
2024-05-01,51,17,7.77,100.0,86.3,4.48,0,3,0,9.8,3,0,0
2024-06-01,51,18,7.9,100.0,83.4,4.22,0,3,0,11.1,3,0,0
2023-01-01,52,1,7.41,89.4,67.8,3.03,0,0,0,5.6,0,0,0
2023-02-01,52,2,7.59,85.2,72.4,3.21,0,1,0,4.3,0,0,0
2023-03-01,52,3,7.6,87.0,62.8,3.28,0,1,0,1.7,0,0,0
2023-04-01,52,4,7.59,88.6,73.1,3.14,1,1,0,8.4,0,0,0
2023-05-01,52,5,7.75,85.4,72.2,3.16,1,1,0,3.2,1,0,0
2023-06-01,52,6,7.71,85.6,68.0,3.38,1,1,1,3.2,1,0,0
2023-07-01,52,7,7.77,85.5,70.6,3.23,1,1,1,4.2,1,0,0
2023-08-01,52,8,7.8,89.4,66.7,3.4,1,1,1,1.4,2,0,0
2023-09-01,52,9,8.01,87.4,64.7,3.36,1,1,1,1.0,2,0,0
2023-10-01,52,10,8.02,82.9,67.1,3.16,1,1,1,4.0,2,0,0
2023-11-01,52,11,7.99,84.3,67.1,3.25,1,1,1,3.1,2,0,0
2023-12-01,52,12,7.86,86.3,65.4,3.5,1,1,1,0.0,2,0,0
2024-01-01,52,13,7.98,87.2,77.4,3.2,1,1,1,1.3,2,0,0
2024-02-01,52,14,8.08,86.7,77.5,3.3,1,1,1,2.4,2,0,0
2024-03-01,52,15,8.23,87.3,71.2,3.36,1,1,1,8.0,2,0,0
2024-04-01,52,16,8.25,90.3,74.2,3.24,1,1,1,1.8,2,0,0
2024-05-01,52,17,7.92,86.7,71.7,3.22,1,1,1,0.9,2,0,0
2024-06-01,52,18,8.14,82.4,71.9,3.66,1,1,1,2.5,2,0,0
2023-01-01,53,1,5.7,79.4,87.7,2.58,0,0,0,6.2,0,1,0
2023-02-01,53,2,5.77,76.1,94.8,2.75,0,0,0,10.1,0,1,0
2023-03-01,53,3,6.02,82.6,85.2,2.48,0,0,0,10.6,0,0,0
2023-04-01,53,4,5.75,81.4,92.8,2.63,0,0,0,6.4,0,0,0
2023-05-01,53,5,6.18,78.4,88.5,2.85,0,0,0,6.3,0,0,0
2023-06-01,53,6,5.95,75.5,86.2,2.66,0,0,0,7.1,0,0,0
2023-07-01,53,7,6.11,77.9,90.9,2.55,0,0,0,6.3,0,0,0
2023-08-01,53,8,6.25,72.5,94.4,2.58,0,0,1,13.3,0,0,0
2023-09-01,53,9,6.23,79.4,92.2,2.56,0,1,1,1.1,0,0,0
2023-10-01,53,10,5.9,80.3,90.5,2.84,0,1,1,9.0,0,0,0
2023-11-01,53,11,6.06,72.1,92.9,2.76,0,1,2,7.4,0,0,0
2023-12-01,53,12,6.36,75.5,94.5,2.82,0,2,2,8.3,0,0,0
2024-01-01,53,13,6.52,79.0,92.5,2.55,0,2,2,6.3,0,0,0
2024-02-01,53,14,6.32,81.9,95.5,2.7,0,2,2,7.3,0,0,0
2024-03-01,53,15,6.45,76.6,90.1,2.9,0,2,2,10.1,0,0,0
2024-04-01,53,16,6.56,78.8,89.7,2.42,0,2,2,9.7,0,0,0
2024-05-01,53,17,6.51,76.9,100.0,2.52,0,2,2,8.9,0,0,0
2024-06-01,53,18,6.49,73.5,98.9,2.79,1,3,2,8.6,0,0,0
2023-01-01,54,1,6.89,76.0,45.4,2.7,0,1,0,10.2,0,0,0
2023-02-01,54,2,6.71,72.0,51.8,2.72,0,1,0,16.4,0,0,0
2023-03-01,54,3,6.85,73.2,43.0,2.5,0,1,0,8.6,1,0,0
2023-04-01,54,4,6.9,62.6,61.6,3.06,0,1,0,10.2,1,0,0
2023-05-01,54,5,6.91,75.6,51.1,2.94,0,1,0,14.2,1,0,0
2023-06-01,54,6,6.87,65.3,48.9,2.91,0,1,0,10.8,1,0,0
2023-07-01,54,7,6.89,75.4,53.0,3.04,0,1,0,9.7,1,0,0
2023-08-01,54,8,6.88,75.7,52.5,2.9,0,1,0,8.6,1,0,0
2023-09-01,54,9,7.08,68.8,57.6,2.91,0,1,0,9.2,2,0,0
2023-10-01,54,10,7.04,74.9,45.6,2.82,0,1,0,12.1,2,0,0
2023-11-01,54,11,6.81,76.1,61.9,3.37,0,1,0,11.9,2,0,0
2023-12-01,54,12,7.11,62.7,51.6,2.96,0,1,0,9.8,3,0,0
2024-01-01,54,13,7.05,78.1,52.2,3.26,0,1,0,13.5,3,0,0
2024-02-01,54,14,7.26,67.3,58.7,2.67,0,1,0,10.3,3,0,0
2024-03-01,54,15,6.92,65.9,58.2,2.82,0,1,0,11.0,3,0,0
2024-04-01,54,16,7.16,71.9,57.4,3.11,0,2,1,9.1,3,0,0
2024-05-01,54,17,7.16,71.4,56.7,3.02,0,2,1,10.5,3,0,0
2024-06-01,54,18,7.2,70.7,56.5,2.79,0,2,1,8.9,3,0,0
2023-01-01,55,1,6.62,77.2,38.3,3.35,1,0,0,11.4,0,0,0
2023-02-01,55,2,6.66,75.9,29.6,3.06,1,0,0,13.5,0,0,0
2023-03-01,55,3,6.74,76.8,37.9,3.26,1,0,0,6.4,0,0,0
2023-04-01,55,4,6.69,78.9,39.2,3.35,1,0,0,15.4,0,0,0
2023-05-01,55,5,6.67,77.0,35.9,3.49,1,0,0,11.8,0,0,0
2023-06-01,55,6,6.82,76.0,38.8,3.49,1,0,0,9.1,1,0,0
2023-07-01,55,7,6.79,76.8,39.4,3.44,1,0,0,11.7,1,0,0
2023-08-01,55,8,6.83,75.9,40.0,3.36,1,0,1,10.6,1,0,0
2023-09-01,55,9,6.86,80.3,42.1,3.65,1,0,1,5.7,1,0,0
2023-10-01,55,10,6.9,79.7,45.4,3.66,1,0,1,12.7,2,0,0
2023-11-01,55,11,6.81,75.3,43.4,3.49,1,0,1,8.9,2,0,0
2023-12-01,55,12,7.01,82.2,47.3,3.49,1,0,1,12.1,3,0,0
2024-01-01,55,13,6.7,76.1,49.8,3.35,1,0,1,11.7,4,0,0
2024-02-01,55,14,6.95,81.0,47.3,3.22,1,0,1,8.4,4,0,0
2024-03-01,55,15,6.83,76.5,41.5,3.43,1,0,1,13.4,4,0,0
2024-04-01,55,16,7.1,70.6,48.3,3.2,1,0,1,11.4,4,0,0
2024-05-01,55,17,7.15,74.3,50.6,3.46,1,0,1,12.6,4,0,0
2024-06-01,55,18,7.08,78.6,49.3,3.3,1,0,1,8.7,4,0,0
2023-01-01,56,1,6.62,76.1,48.6,3.17,0,1,0,7.3,0,0,0
2023-02-01,56,2,6.73,64.5,40.8,2.68,0,1,0,10.5,0,0,0
2023-03-01,56,3,6.58,66.7,44.2,3.07,0,1,0,12.5,0,0,0
2023-04-01,56,4,6.53,65.0,47.0,3.13,0,1,0,8.4,0,0,0
2023-05-01,56,5,6.59,71.2,48.8,3.28,0,1,0,8.2,0,0,0
2023-06-01,56,6,6.68,70.9,44.6,3.0,0,1,0,14.3,0,0,0
2023-07-01,56,7,6.66,70.3,48.8,3.09,0,1,0,6.0,0,0,0
2023-08-01,56,8,6.64,68.9,54.5,3.11,0,1,0,10.9,0,0,0
2023-09-01,56,9,6.61,68.3,46.1,3.2,0,1,0,7.1,1,0,0
2023-10-01,56,10,6.53,72.7,52.4,3.06,0,1,0,9.2,1,0,0
2023-11-01,56,11,6.9,66.1,48.1,3.06,0,1,1,10.8,1,0,0
2023-12-01,56,12,6.65,64.7,53.1,3.31,0,1,1,10.8,1,0,0
2024-01-01,56,13,6.64,63.5,44.2,2.96,0,1,1,9.8,1,0,0
2024-02-01,56,14,6.67,65.7,50.9,2.98,0,1,1,5.0,1,0,0
2024-03-01,56,15,6.64,66.2,58.3,3.08,0,1,2,8.5,1,0,0
2024-04-01,56,16,6.97,68.9,53.3,3.3,0,2,2,12.6,1,0,0
2024-05-01,56,17,6.99,63.8,50.6,3.14,0,2,2,11.5,1,0,0
2024-06-01,56,18,6.8,66.7,58.6,3.34,0,2,2,13.3,1,0,0
2023-01-01,57,1,6.81,92.9,75.3,3.34,0,2,0,8.3,0,0,0
2023-02-01,57,2,6.75,96.0,66.8,3.27,0,2,0,6.0,0,0,0
2023-03-01,57,3,7.04,83.0,68.7,3.74,0,2,0,9.5,0,0,0
2023-04-01,57,4,6.93,88.9,70.2,3.63,0,2,0,11.0,0,0,0
2023-05-01,57,5,7.03,91.1,71.5,3.31,0,2,0,0.9,1,0,0
2023-06-01,57,6,6.95,97.4,72.7,3.65,0,2,0,9.8,1,0,0
2023-07-01,57,7,6.89,87.6,67.2,3.65,0,2,0,5.9,1,0,0
2023-08-01,57,8,6.92,97.6,65.2,3.91,0,2,0,7.2,1,0,0
2023-09-01,57,9,6.96,84.0,69.2,3.9,0,2,0,6.1,1,0,0
2023-10-01,57,10,7.14,91.7,73.5,3.63,0,2,0,6.9,1,0,0
2023-11-01,57,11,7.12,89.3,77.2,3.61,0,2,0,9.4,1,0,0
2023-12-01,57,12,7.29,85.4,67.2,3.57,0,2,0,10.0,2,0,0
2024-01-01,57,13,7.33,86.6,76.8,3.76,0,2,0,3.6,2,0,0
2024-02-01,57,14,7.43,88.2,72.1,3.64,0,2,0,7.2,2,0,0
2024-03-01,57,15,7.49,85.2,73.6,3.49,0,2,0,6.9,2,0,0
2024-04-01,57,16,7.4,79.3,74.9,3.53,0,2,0,4.4,2,0,0
2024-05-01,57,17,7.31,92.1,75.3,3.68,0,2,0,5.8,2,0,0
2024-06-01,57,18,7.56,93.6,68.6,3.42,0,2,0,4.4,2,0,0
2023-01-01,58,1,8.19,74.8,67.9,3.31,0,2,0,7.1,0,2,0
2023-02-01,58,2,8.24,77.4,65.9,3.63,0,3,0,10.2,0,1,0
2023-03-01,58,3,8.31,80.2,59.9,3.81,0,3,0,12.4,0,1,0
2023-04-01,58,4,8.34,77.8,70.4,3.44,0,3,0,9.8,0,1,0
2023-05-01,58,5,8.48,73.8,72.5,3.85,0,3,0,7.7,0,1,0
2023-06-01,58,6,8.37,73.6,69.3,3.88,0,3,0,9.1,0,1,0
2023-07-01,58,7,8.23,75.8,64.6,3.64,0,3,0,6.1,1,0,0
2023-08-01,58,8,8.41,70.7,72.4,3.62,0,3,1,6.9,1,0,0
2023-09-01,58,9,8.18,71.8,73.2,3.59,0,3,2,7.2,1,0,0
2023-10-01,58,10,8.49,69.7,69.9,3.46,0,3,2,7.1,1,0,0
2023-11-01,58,11,8.49,68.4,72.5,3.67,0,3,2,6.4,1,0,1
2023-12-01,58,12,8.52,76.4,61.4,3.71,0,3,2,3.4,1,0,1
2024-01-01,58,13,8.36,71.0,72.3,3.45,0,3,2,6.6,1,0,1
2024-02-01,58,14,8.41,72.3,68.9,3.7,0,3,2,8.4,1,0,1
2024-03-01,58,15,8.53,73.4,79.4,3.72,0,3,2,7.8,1,0,1
2024-04-01,58,16,8.53,75.0,75.6,3.46,0,3,3,5.4,1,0,1
2024-05-01,58,17,8.49,69.7,77.8,3.8,0,3,3,8.1,1,0,1
2024-06-01,58,18,8.64,75.5,80.4,3.65,0,3,3,6.2,1,0,1
2023-01-01,59,1,6.33,93.0,62.2,3.95,0,1,0,4.7,0,0,0
2023-02-01,59,2,6.36,87.6,59.4,3.75,0,1,1,3.6,0,0,0
2023-03-01,59,3,6.45,93.2,60.6,4.0,0,1,1,1.3,0,0,0
2023-04-01,59,4,6.2,98.5,57.8,3.8,0,1,1,0.0,0,0,0
2023-05-01,59,5,6.41,89.0,63.1,4.0,0,1,1,2.0,0,0,0
2023-06-01,59,6,6.57,89.1,58.5,3.78,0,2,1,3.0,0,0,0
2023-07-01,59,7,6.5,88.7,63.3,4.08,0,2,1,3.2,0,0,0
2023-08-01,59,8,6.46,85.9,63.0,3.75,0,2,1,0.1,0,0,0
2023-09-01,59,9,6.51,94.5,62.1,3.79,0,2,1,1.2,0,0,0
2023-10-01,59,10,6.23,89.9,56.4,3.8,0,2,1,3.9,0,0,0
2023-11-01,59,11,6.47,88.6,60.2,3.92,0,2,1,1.7,0,0,0
2023-12-01,59,12,6.41,92.0,64.7,4.02,0,2,1,1.6,0,0,0
2024-01-01,59,13,6.76,91.0,68.5,3.9,0,2,1,5.9,0,0,0
2024-02-01,59,14,6.82,91.9,66.2,4.17,0,2,1,3.8,0,0,0
2024-03-01,59,15,6.59,86.6,66.6,3.77,0,2,1,4.8,0,0,0
2024-04-01,59,16,6.6,88.1,66.5,3.86,0,2,1,0.0,1,0,0
2024-05-01,59,17,6.32,94.5,62.3,4.19,0,2,1,4.3,1,0,0
2024-06-01,59,18,6.63,88.0,60.4,4.14,0,2,1,2.9,1,0,0
2023-01-01,60,1,7.79,79.5,42.8,4.0,0,1,0,7.2,0,0,0
2023-02-01,60,2,7.69,83.1,46.2,4.06,0,1,0,6.3,0,0,0
2023-03-01,60,3,7.86,80.4,47.1,4.12,0,1,0,6.8,0,0,0
2023-04-01,60,4,7.86,81.1,41.2,4.26,0,2,0,4.9,0,0,0
2023-05-01,60,5,7.93,74.9,36.7,4.15,0,2,0,6.3,0,0,0
2023-06-01,60,6,7.71,76.2,39.3,4.22,0,2,0,5.4,0,0,1
2023-07-01,60,7,8.06,87.7,46.9,4.1,0,2,0,6.2,0,0,1
2023-08-01,60,8,7.95,77.6,50.4,4.08,0,3,0,7.1,0,0,1
2023-09-01,60,9,7.98,76.8,43.5,4.1,0,3,0,6.9,0,0,1
2023-10-01,60,10,7.98,72.1,54.3,4.39,0,3,0,4.7,0,0,1
2023-11-01,60,11,7.98,77.6,48.8,4.09,0,3,0,7.2,0,0,1
2023-12-01,60,12,8.0,79.0,46.6,4.48,0,3,0,5.0,0,0,1
2024-01-01,60,13,8.08,80.1,42.5,4.16,0,3,0,8.7,1,0,1
2024-02-01,60,14,8.38,83.2,52.1,4.23,0,3,0,4.0,1,0,1
2024-03-01,60,15,8.33,78.6,48.7,4.35,0,3,0,4.5,2,0,1
2024-04-01,60,16,8.37,83.0,53.7,4.56,0,3,0,4.6,2,0,1
2024-05-01,60,17,8.07,79.5,51.1,4.54,0,4,0,10.0,3,0,1
2024-06-01,60,18,8.52,71.2,51.6,4.41,0,4,0,5.9,4,0,1
2023-01-01,61,1,5.71,62.6,77.9,3.88,0,2,1,0.3,0,0,0
2023-02-01,61,2,5.54,74.9,74.9,3.87,0,2,1,7.2,0,0,0
2023-03-01,61,3,5.58,76.3,69.8,4.17,0,2,2,8.3,0,0,0
2023-04-01,61,4,5.75,69.2,74.5,3.93,0,2,2,9.4,0,0,0
2023-05-01,61,5,5.74,78.7,70.5,4.05,0,2,2,6.3,0,0,0
2023-06-01,61,6,5.65,76.2,73.8,3.83,0,2,2,8.8,0,0,0
2023-07-01,61,7,5.98,77.1,73.5,3.97,0,2,2,3.7,0,0,0
2023-08-01,61,8,5.92,69.8,72.4,4.06,0,2,2,5.3,0,0,0
2023-09-01,61,9,6.04,64.6,82.0,4.3,0,2,2,8.4,0,0,0
2023-10-01,61,10,5.94,79.5,74.8,3.76,0,2,2,11.4,0,0,0
2023-11-01,61,11,5.83,65.6,77.4,4.17,0,2,3,4.2,0,0,0
2023-12-01,61,12,6.13,71.1,71.5,4.03,1,2,3,4.0,0,0,0
2024-01-01,61,13,5.85,69.2,78.1,4.19,2,2,3,1.9,1,0,0
2024-02-01,61,14,6.12,73.0,80.4,4.03,2,2,3,5.5,1,0,0
2024-03-01,61,15,6.08,76.5,74.4,3.94,2,3,4,9.2,2,0,0
2024-04-01,61,16,6.15,71.1,78.8,4.01,2,3,4,9.4,2,0,0
2024-05-01,61,17,6.3,69.4,86.5,4.12,3,3,4,7.6,3,0,0
2024-06-01,61,18,6.12,70.5,79.5,4.06,3,3,4,4.0,3,0,1
2023-01-01,62,1,6.92,81.0,37.3,2.54,0,1,0,6.7,0,0,0
2023-02-01,62,2,6.59,74.0,45.0,2.75,0,2,0,5.1,0,0,0
2023-03-01,62,3,6.67,76.8,37.7,2.58,0,2,0,6.1,0,0,0
2023-04-01,62,4,6.6,77.4,39.5,2.68,0,2,0,7.6,1,0,0
2023-05-01,62,5,6.58,77.1,37.7,2.62,0,2,0,3.3,1,0,0
2023-06-01,62,6,7.18,81.8,42.5,2.6,0,2,0,5.2,1,0,0
2023-07-01,62,7,6.81,78.8,43.0,2.69,0,2,0,4.1,2,0,0
2023-08-01,62,8,6.92,80.3,44.5,2.67,0,2,0,5.5,2,0,0
2023-09-01,62,9,7.02,79.8,44.1,2.77,0,2,0,4.5,2,0,0
2023-10-01,62,10,7.02,74.6,43.6,2.65,0,2,0,6.4,2,0,0
2023-11-01,62,11,6.97,79.6,49.5,2.6,0,2,0,6.8,2,0,0
2023-12-01,62,12,6.98,79.1,45.0,2.61,0,2,1,0.0,2,0,0
2024-01-01,62,13,6.95,74.9,45.0,2.66,0,2,1,7.6,2,0,0
2024-02-01,62,14,6.96,77.3,44.0,2.52,0,2,1,7.2,3,0,0
2024-03-01,62,15,7.09,84.3,41.7,2.92,0,2,1,4.9,3,0,0
2024-04-01,62,16,7.01,90.2,51.0,2.78,0,2,1,2.8,3,0,0
2024-05-01,62,17,7.02,76.7,49.2,2.57,0,2,1,6.2,4,0,0
2024-06-01,62,18,7.06,79.4,41.6,2.84,0,2,1,10.7,4,0,0
2023-01-01,63,1,6.97,50.4,75.4,2.59,0,0,0,4.2,0,0,0
2023-02-01,63,2,7.31,53.9,73.0,2.32,0,0,0,0.0,0,0,0
2023-03-01,63,3,7.06,54.0,77.5,2.49,0,0,0,1.3,0,0,0
2023-04-01,63,4,7.14,54.6,71.1,2.77,0,0,0,7.2,0,0,0
2023-05-01,63,5,7.29,52.7,77.9,2.5,1,0,0,1.9,0,0,0
2023-06-01,63,6,7.58,53.7,86.0,2.76,1,0,0,1.7,0,0,0
2023-07-01,63,7,7.33,58.6,75.4,2.57,1,0,0,0.0,0,0,0
2023-08-01,63,8,7.39,54.0,79.4,2.37,1,0,0,6.4,0,0,0
2023-09-01,63,9,7.6,57.3,72.5,2.87,1,0,0,2.6,0,0,0
2023-10-01,63,10,7.69,56.5,77.4,2.75,1,0,0,6.9,0,0,1
2023-11-01,63,11,7.54,50.1,79.3,2.99,1,0,0,2.5,0,0,1
2023-12-01,63,12,7.66,61.5,82.9,2.26,1,0,0,1.1,0,0,1
2024-01-01,63,13,7.55,55.7,76.2,2.54,1,0,0,3.4,0,0,1
2024-02-01,63,14,7.58,51.3,77.7,2.86,1,0,0,1.2,0,0,1
2024-03-01,63,15,7.82,58.8,77.2,2.53,1,0,0,4.6,0,0,1
2024-04-01,63,16,7.73,60.9,83.9,2.86,1,0,0,4.0,0,0,1
2024-05-01,63,17,7.98,60.1,75.0,2.74,1,0,0,2.3,0,0,1
2024-06-01,63,18,7.88,51.6,80.0,2.9,1,0,0,7.0,1,0,1
2023-01-01,64,1,7.31,78.5,86.2,3.13,0,1,1,3.8,0,3,0
2023-02-01,64,2,7.66,78.9,92.2,3.15,0,1,1,4.4,1,3,0
2023-03-01,64,3,7.6,82.6,96.7,3.05,0,1,1,8.8,1,3,0
2023-04-01,64,4,7.42,80.5,96.0,3.34,0,2,1,10.8,1,3,0
2023-05-01,64,5,7.33,80.7,100.0,3.28,0,2,1,10.0,1,3,0
2023-06-01,64,6,7.75,81.4,95.7,3.34,0,3,1,8.6,1,3,0
2023-07-01,64,7,7.84,76.8,100.0,3.22,0,3,1,5.1,1,3,0
2023-08-01,64,8,7.82,79.4,93.5,3.25,0,3,1,12.7,1,3,0
2023-09-01,64,9,8.04,85.4,99.6,3.3,0,3,1,15.3,1,2,0
2023-10-01,64,10,7.83,80.9,100.0,3.02,0,4,1,10.9,1,2,0
2023-11-01,64,11,7.93,86.7,100.0,3.15,0,4,1,6.7,1,2,0
2023-12-01,64,12,7.8,78.8,97.5,3.56,0,4,1,10.3,1,2,0
2024-01-01,64,13,8.1,86.0,100.0,3.27,0,5,1,8.0,1,2,0
2024-02-01,64,14,7.79,75.9,100.0,3.5,0,5,1,8.9,2,2,0
2024-03-01,64,15,8.08,79.8,100.0,3.24,0,5,1,10.1,2,2,0
2024-04-01,64,16,8.2,81.0,100.0,3.17,0,5,1,14.2,3,2,0
2024-05-01,64,17,8.04,76.4,100.0,3.07,0,5,1,13.7,4,2,0
2024-06-01,64,18,8.44,77.5,100.0,3.23,0,6,1,10.2,4,2,0
2023-01-01,65,1,7.64,70.8,62.5,2.99,0,1,0,6.8,0,0,0
2023-02-01,65,2,7.66,77.0,67.2,2.82,0,1,1,5.5,0,0,0
2023-03-01,65,3,7.71,78.7,58.9,2.53,0,1,2,9.2,0,0,0
2023-04-01,65,4,7.87,85.7,69.8,2.96,1,1,2,5.8,0,0,0
2023-05-01,65,5,7.65,77.7,68.9,2.77,1,1,2,5.2,0,0,0
2023-06-01,65,6,7.67,82.5,67.4,2.98,1,1,3,4.2,0,0,0
2023-07-01,65,7,7.62,79.2,61.6,2.9,1,1,4,7.5,0,0,0
2023-08-01,65,8,7.7,81.2,69.5,3.1,1,1,4,3.0,1,0,0
2023-09-01,65,9,7.76,85.1,70.6,2.95,1,2,4,11.7,1,0,0
2023-10-01,65,10,7.63,78.8,71.4,2.97,1,2,4,6.9,1,0,0
2023-11-01,65,11,7.9,80.0,63.4,2.87,1,2,4,11.2,1,0,0
2023-12-01,65,12,7.68,78.8,66.6,2.82,2,2,4,10.3,1,0,0
2024-01-01,65,13,7.87,80.5,68.0,3.21,2,2,5,8.5,1,0,1
2024-02-01,65,14,7.56,73.2,69.2,3.09,2,2,5,8.3,1,0,1
2024-03-01,65,15,7.89,83.3,71.8,3.11,2,2,5,10.1,2,0,1
2024-04-01,65,16,7.91,76.2,70.0,2.76,2,2,5,8.4,2,0,1
2024-05-01,65,17,7.91,83.0,69.2,3.01,2,2,5,7.1,2,0,1
2024-06-01,65,18,7.85,91.4,68.6,3.12,2,2,5,10.1,2,0,1
2023-01-01,66,1,7.45,96.3,67.6,2.61,0,1,1,6.5,0,0,0
2023-02-01,66,2,7.62,89.9,68.2,2.25,0,1,1,5.0,0,0,0
2023-03-01,66,3,7.69,100.0,75.9,2.51,0,1,1,10.0,0,0,0
2023-04-01,66,4,7.71,90.7,68.3,2.47,0,1,1,7.5,0,0,0
2023-05-01,66,5,7.59,94.0,70.5,2.61,0,1,1,5.1,0,0,0
2023-06-01,66,6,7.77,92.9,64.3,2.66,0,1,1,5.7,0,0,0
2023-07-01,66,7,7.47,89.1,74.2,2.38,0,1,1,4.5,0,0,0
2023-08-01,66,8,7.81,85.3,77.4,2.44,0,2,1,8.9,0,0,0
2023-09-01,66,9,7.57,96.2,67.9,2.54,0,2,1,6.2,0,0,0
2023-10-01,66,10,7.65,88.2,77.9,2.6,0,2,1,5.9,0,0,0
2023-11-01,66,11,7.79,95.4,69.3,2.44,0,3,1,6.6,0,0,0
2023-12-01,66,12,7.83,95.7,77.1,2.57,0,3,1,6.5,0,0,0
2024-01-01,66,13,7.61,89.1,75.7,2.59,0,3,1,12.3,0,0,0
2024-02-01,66,14,7.77,86.3,71.6,2.53,0,3,1,4.5,1,0,0
2024-03-01,66,15,7.85,91.1,78.6,2.83,0,3,1,8.4,1,0,0
2024-04-01,66,16,7.89,90.1,80.1,2.69,0,3,1,5.2,1,0,0
2024-05-01,66,17,7.93,88.9,66.3,2.51,0,3,1,6.2,1,0,0
2024-06-01,66,18,7.78,92.0,74.5,2.33,0,3,1,6.2,2,0,0
2023-01-01,67,1,6.79,63.1,56.2,2.9,0,0,0,5.1,0,0,0
2023-02-01,67,2,6.98,67.3,52.2,3.13,0,0,0,3.2,0,0,0
2023-03-01,67,3,6.73,60.9,53.5,2.76,0,1,0,6.5,0,0,0
2023-04-01,67,4,6.62,59.8,50.1,3.04,0,1,0,6.3,0,0,0
2023-05-01,67,5,6.8,65.4,49.8,3.09,0,1,0,8.7,0,0,0
2023-06-01,67,6,6.88,62.9,53.3,2.86,0,1,0,6.3,0,0,0
2023-07-01,67,7,7.08,59.3,52.2,2.66,0,1,0,6.6,0,0,1
2023-08-01,67,8,7.08,59.7,54.5,3.08,0,1,0,6.7,0,0,1
2023-09-01,67,9,6.88,68.5,51.2,3.02,0,1,1,3.4,0,0,1
2023-10-01,67,10,6.89,63.6,54.0,2.75,0,2,1,5.9,0,0,1
2023-11-01,67,11,7.02,68.7,56.5,2.96,0,2,1,6.8,0,0,1
2023-12-01,67,12,6.84,64.6,56.4,3.05,0,2,1,5.7,0,0,1
2024-01-01,67,13,6.96,64.9,63.3,3.16,0,3,1,8.8,0,0,1
2024-02-01,67,14,6.99,66.7,51.8,3.14,0,3,1,6.7,0,0,1
2024-03-01,67,15,7.04,65.3,53.2,2.89,0,3,1,9.7,0,0,1
2024-04-01,67,16,7.18,62.9,54.1,3.0,0,3,1,7.8,1,0,1
2024-05-01,67,17,6.94,62.7,67.6,3.12,0,3,1,7.1,2,0,1
2024-06-01,67,18,7.14,77.4,55.4,3.12,0,3,1,3.3,3,0,1
2023-01-01,68,1,6.86,93.3,32.0,3.04,0,1,0,4.8,0,0,0
2023-02-01,68,2,6.82,93.4,34.1,3.03,0,1,0,12.3,0,0,0
2023-03-01,68,3,6.87,87.5,25.7,2.86,0,1,0,8.1,1,0,0
2023-04-01,68,4,6.89,87.8,26.8,2.97,0,1,0,12.5,1,0,0
2023-05-01,68,5,6.64,88.3,25.7,2.98,1,1,0,9.3,1,0,0
2023-06-01,68,6,6.76,94.4,40.3,3.09,1,1,1,7.2,2,0,0
2023-07-01,68,7,6.81,100.0,36.3,2.82,1,1,1,5.9,2,0,1
2023-08-01,68,8,6.96,100.0,30.5,3.03,1,1,1,7.7,2,0,1
2023-09-01,68,9,6.95,88.2,28.7,3.24,1,1,1,9.0,2,0,1
2023-10-01,68,10,6.86,96.1,37.8,3.15,1,1,1,3.8,2,0,1
2023-11-01,68,11,6.96,92.4,32.6,2.85,1,1,1,7.2,2,0,1
2023-12-01,68,12,7.13,86.6,42.7,3.0,2,1,1,6.7,2,0,1
2024-01-01,68,13,7.12,100.0,36.6,3.14,2,1,1,12.4,2,0,1
2024-02-01,68,14,7.24,98.6,48.9,3.12,2,1,2,5.1,2,0,1
2024-03-01,68,15,7.26,92.2,39.7,3.04,2,1,2,3.8,2,0,1
2024-04-01,68,16,7.16,97.7,43.8,3.1,2,1,2,4.7,2,0,1
2024-05-01,68,17,7.36,98.7,41.3,2.99,2,1,2,10.0,2,0,1
2024-06-01,68,18,7.4,88.4,42.2,2.81,2,1,2,6.0,2,0,1
2023-01-01,69,1,7.71,100.0,48.0,2.76,0,1,0,2.8,0,3,0
2023-02-01,69,2,7.58,87.1,50.4,2.97,0,1,0,4.4,0,3,0
2023-03-01,69,3,7.99,92.2,50.6,2.68,0,1,0,3.3,0,3,0
2023-04-01,69,4,8.06,94.2,53.0,2.82,0,1,0,6.0,0,3,0
2023-05-01,69,5,8.08,94.3,47.3,3.06,0,1,0,8.5,0,3,0
2023-06-01,69,6,7.87,86.1,55.0,2.64,0,1,0,7.7,0,3,0
2023-07-01,69,7,7.93,87.2,54.2,2.75,0,1,0,6.7,0,3,0
2023-08-01,69,8,7.77,87.4,48.8,3.05,0,1,1,12.6,0,3,0
2023-09-01,69,9,7.99,85.0,50.3,2.96,0,1,1,6.9,0,3,0
2023-10-01,69,10,7.88,98.9,56.9,2.95,0,1,1,11.5,0,3,0
2023-11-01,69,11,7.97,91.5,52.9,2.53,0,1,1,5.8,0,3,0
2023-12-01,69,12,8.12,92.2,54.9,2.75,1,1,1,7.0,1,3,0
2024-01-01,69,13,8.08,94.7,59.0,2.82,1,1,1,6.0,1,3,0
2024-02-01,69,14,8.31,91.6,57.5,3.0,2,1,1,5.8,1,3,0
2024-03-01,69,15,8.42,98.0,59.2,3.08,2,1,1,11.1,1,2,0
2024-04-01,69,16,8.53,87.2,60.0,2.93,2,1,1,4.8,2,2,0
2024-05-01,69,17,8.36,87.4,53.4,2.85,2,1,2,8.1,2,2,0
2024-06-01,69,18,8.32,86.5,51.2,3.08,2,1,2,8.1,2,2,0
2023-01-01,70,1,7.0,89.0,40.7,2.98,0,0,1,8.8,0,1,0
2023-02-01,70,2,6.74,95.8,43.5,2.94,0,0,1,10.1,0,1,0
2023-03-01,70,3,7.01,89.7,39.5,3.06,0,0,1,6.4,0,1,0
2023-04-01,70,4,7.14,98.9,44.8,3.11,0,0,1,4.3,0,1,0
2023-05-01,70,5,7.05,100.0,43.5,2.99,0,0,1,7.6,0,1,0
2023-06-01,70,6,7.12,93.0,41.9,3.23,0,0,1,9.7,0,1,0
2023-07-01,70,7,6.95,94.9,47.5,2.83,0,0,1,0.9,0,1,0
2023-08-01,70,8,6.99,95.7,37.2,2.9,0,0,1,6.1,1,1,0
2023-09-01,70,9,6.86,93.7,47.8,3.06,0,0,1,9.0,1,1,0
2023-10-01,70,10,7.14,91.9,43.6,2.95,0,0,1,3.1,2,1,0
2023-11-01,70,11,6.85,88.4,49.3,3.06,0,0,1,6.7,3,1,0
2023-12-01,70,12,7.05,87.3,45.8,3.06,0,0,1,7.2,3,1,0
2024-01-01,70,13,7.03,94.0,49.1,3.04,0,0,1,7.5,3,1,0
2024-02-01,70,14,6.99,91.7,54.3,3.21,1,0,1,9.9,3,1,0
2024-03-01,70,15,7.0,98.0,43.2,3.21,1,1,1,5.5,3,1,0
2024-04-01,70,16,7.08,94.0,47.2,3.07,1,1,1,5.7,3,1,0
2024-05-01,70,17,6.77,100.0,54.5,3.04,1,1,1,6.1,4,1,1
2024-06-01,70,18,7.13,97.0,53.8,2.84,1,1,1,6.4,4,1,1
2023-01-01,71,1,5.95,84.8,39.1,4.11,0,1,0,8.2,0,0,0
2023-02-01,71,2,6.1,80.7,33.3,3.99,0,2,0,10.3,0,0,0
2023-03-01,71,3,6.07,76.0,41.8,4.03,0,2,0,6.8,0,0,0
2023-04-01,71,4,5.9,78.2,38.4,3.98,0,2,0,8.1,0,0,0
2023-05-01,71,5,5.93,79.9,36.5,4.21,1,2,0,8.1,0,0,0
2023-06-01,71,6,6.16,78.0,38.4,4.03,1,3,0,10.2,0,0,0
2023-07-01,71,7,6.22,86.1,35.4,3.99,1,3,0,2.9,0,0,0
2023-08-01,71,8,6.12,84.6,40.7,4.18,1,3,0,7.9,0,0,0
2023-09-01,71,9,6.17,84.2,47.0,4.3,1,3,0,10.0,0,0,0
2023-10-01,71,10,6.62,79.9,38.8,4.24,1,3,0,10.5,0,0,0
2023-11-01,71,11,6.29,85.7,40.2,4.09,1,3,0,6.0,1,0,0
2023-12-01,71,12,6.37,83.7,42.3,4.07,1,4,1,8.3,1,0,0
2024-01-01,71,13,6.42,77.0,42.1,4.44,1,4,1,8.9,1,0,0
2024-02-01,71,14,6.4,78.1,46.9,4.14,2,4,1,6.7,1,0,0
2024-03-01,71,15,6.48,83.6,49.2,4.21,2,4,1,6.0,1,0,0
2024-04-01,71,16,6.63,84.3,48.1,4.18,2,4,1,8.1,1,0,0
2024-05-01,71,17,6.63,84.8,48.7,4.31,2,4,1,7.0,2,0,0
2024-06-01,71,18,6.77,83.8,45.5,4.18,2,5,1,10.6,2,0,0
2023-01-01,72,1,5.97,93.2,85.8,3.41,0,1,0,4.6,0,0,0
2023-02-01,72,2,6.26,90.3,88.3,3.65,0,1,0,3.2,0,0,0
2023-03-01,72,3,6.19,93.3,85.9,3.48,0,1,0,4.4,0,0,0
2023-04-01,72,4,6.21,97.0,83.5,3.39,0,1,0,2.5,0,0,0
2023-05-01,72,5,6.18,90.4,84.9,3.35,0,1,0,5.9,0,0,0
2023-06-01,72,6,6.34,93.3,89.9,3.63,0,1,0,0.3,0,0,0
2023-07-01,72,7,5.97,93.2,80.9,3.15,0,1,0,3.0,0,0,0
2023-08-01,72,8,6.34,100.0,84.2,3.21,0,1,0,2.5,0,0,0
2023-09-01,72,9,6.4,90.1,88.8,3.51,0,1,0,6.1,0,0,0
2023-10-01,72,10,6.28,82.1,80.5,3.56,0,1,0,3.1,0,0,0
2023-11-01,72,11,6.24,94.5,85.3,3.46,0,1,0,3.2,0,0,0
2023-12-01,72,12,6.33,94.0,83.5,3.38,0,1,0,4.8,0,0,0
2024-01-01,72,13,6.32,89.6,85.9,3.24,0,1,0,0.0,0,0,0
2024-02-01,72,14,6.29,91.4,83.8,3.54,0,1,0,3.5,0,0,0
2024-03-01,72,15,6.07,94.4,84.5,3.32,0,1,0,5.3,0,0,0
2024-04-01,72,16,6.35,89.6,90.6,3.49,0,1,0,6.4,1,0,0
2024-05-01,72,17,6.24,98.4,90.3,3.45,0,1,0,4.2,1,0,0
2024-06-01,72,18,6.38,92.1,91.2,3.56,0,1,0,4.3,1,0,0
2023-01-01,73,1,6.25,68.9,62.5,4.9,0,1,0,12.1,0,0,0
2023-02-01,73,2,6.5,72.7,68.9,5.0,1,1,0,5.9,0,0,0
2023-03-01,73,3,6.3,62.4,67.3,5.0,1,1,0,10.5,0,0,0
2023-04-01,73,4,6.4,65.7,61.2,5.0,1,2,0,13.4,0,0,0
2023-05-01,73,5,6.33,66.6,68.6,5.0,1,2,1,8.5,0,0,0
2023-06-01,73,6,6.46,64.4,67.0,4.77,1,2,1,8.7,0,0,0
2023-07-01,73,7,6.32,67.8,68.1,4.95,1,2,2,11.8,0,0,1
2023-08-01,73,8,6.22,63.5,66.7,5.0,1,2,2,10.4,1,0,1
2023-09-01,73,9,6.47,62.5,58.0,5.0,1,2,2,9.6,1,0,1
2023-10-01,73,10,6.38,63.8,68.4,5.0,1,2,2,5.9,1,0,1
2023-11-01,73,11,6.19,73.7,71.8,5.0,1,3,2,8.2,1,0,1
2023-12-01,73,12,6.64,71.6,72.2,4.88,1,3,2,12.9,1,0,1
2024-01-01,73,13,6.5,70.1,74.2,5.0,1,3,2,12.3,1,0,1
2024-02-01,73,14,6.55,65.4,71.5,4.92,1,3,2,13.4,2,0,1
2024-03-01,73,15,6.74,67.5,72.4,5.0,1,3,3,12.7,2,0,1
2024-04-01,73,16,6.74,66.2,71.7,5.0,1,3,3,10.8,3,0,1
2024-05-01,73,17,6.7,65.4,72.8,4.98,1,3,3,11.2,3,0,1
2024-06-01,73,18,6.7,68.3,71.4,4.96,2,3,3,11.0,3,0,1
2023-01-01,74,1,7.31,89.2,64.8,3.4,0,1,0,4.6,0,0,0
2023-02-01,74,2,7.41,92.9,61.7,3.55,0,1,0,3.6,0,0,0
2023-03-01,74,3,7.53,91.5,58.6,3.29,0,1,0,2.3,0,0,0
2023-04-01,74,4,7.61,92.4,55.8,3.23,0,1,0,4.5,0,0,0
2023-05-01,74,5,7.7,97.1,72.0,3.33,0,1,0,0.9,0,0,0
2023-06-01,74,6,7.78,87.0,61.4,2.99,0,1,0,2.8,0,0,0
2023-07-01,74,7,7.68,95.9,68.3,3.32,0,1,0,2.7,0,0,0
2023-08-01,74,8,7.93,97.4,72.5,3.44,0,1,1,3.1,0,0,0
2023-09-01,74,9,7.87,85.0,66.5,3.46,0,1,1,6.4,0,0,0
2023-10-01,74,10,8.02,79.8,67.8,3.48,0,1,1,3.1,0,0,0
2023-11-01,74,11,7.65,91.5,69.2,3.39,0,1,1,5.1,0,0,0
2023-12-01,74,12,8.06,84.1,60.4,3.46,0,1,1,0.8,0,0,1
2024-01-01,74,13,7.86,90.7,73.5,3.38,0,1,1,5.8,0,0,1
2024-02-01,74,14,8.12,96.2,65.7,3.15,1,1,1,3.1,0,0,1
2024-03-01,74,15,8.08,86.0,60.5,3.51,1,1,1,4.3,0,0,1
2024-04-01,74,16,8.2,88.2,65.4,3.34,1,1,1,3.3,0,0,1
2024-05-01,74,17,8.26,90.2,70.6,3.46,1,1,1,4.1,0,0,1
2024-06-01,74,18,8.37,86.2,61.3,3.38,1,1,1,0.0,0,0,1
2023-01-01,75,1,6.87,75.4,44.6,2.91,0,2,0,9.8,0,0,0
2023-02-01,75,2,7.02,72.6,55.5,2.98,0,2,0,4.9,0,0,0
2023-03-01,75,3,6.94,78.4,56.1,2.81,0,2,1,6.1,0,0,0
2023-04-01,75,4,7.34,76.9,52.0,3.06,0,2,1,9.5,0,0,0
2023-05-01,75,5,6.92,79.3,54.1,3.17,0,2,1,9.7,0,0,0
2023-06-01,75,6,7.19,80.3,58.8,3.07,0,2,1,11.0,1,0,0
2023-07-01,75,7,7.33,73.3,58.4,3.42,0,2,1,9.4,1,0,0
2023-08-01,75,8,7.22,80.9,63.2,3.09,0,2,1,8.5,1,0,0
2023-09-01,75,9,7.32,78.4,57.6,2.67,0,2,1,6.4,1,0,0
2023-10-01,75,10,7.19,71.2,66.3,3.14,0,2,1,9.4,1,0,0
2023-11-01,75,11,7.29,72.6,62.6,3.14,0,2,1,11.9,1,0,0
2023-12-01,75,12,7.19,70.5,54.7,3.52,0,2,1,6.7,2,0,0
2024-01-01,75,13,7.35,71.1,65.8,3.19,0,2,1,5.3,2,0,0
2024-02-01,75,14,7.26,71.4,68.1,3.05,0,3,1,9.4,2,0,0
2024-03-01,75,15,7.3,70.1,58.4,3.28,0,3,1,10.0,2,0,0
2024-04-01,75,16,7.22,77.0,57.2,3.31,0,3,1,8.6,2,0,0
2024-05-01,75,17,7.56,79.4,55.8,3.16,0,3,1,7.2,2,0,0
2024-06-01,75,18,7.42,71.2,63.3,3.22,0,3,1,9.5,2,0,0
2023-01-01,76,1,7.61,66.2,50.7,3.21,0,0,0,6.6,0,1,0
2023-02-01,76,2,7.43,66.6,53.8,3.15,0,0,0,2.0,0,1,0
2023-03-01,76,3,7.63,63.9,61.5,3.27,0,0,0,0.0,0,0,1
2023-04-01,76,4,7.65,71.3,57.5,3.11,0,0,0,8.6,0,0,1
2023-05-01,76,5,7.66,68.7,54.9,3.16,0,0,0,5.8,0,0,1
2023-06-01,76,6,7.7,68.1,56.6,3.08,0,0,0,3.3,1,0,1
2023-07-01,76,7,7.62,68.5,61.1,3.22,0,0,0,7.2,1,0,1
2023-08-01,76,8,7.63,65.9,58.6,3.32,0,0,0,3.2,1,0,1
2023-09-01,76,9,7.69,63.4,51.4,3.06,0,0,0,7.4,1,0,1
2023-10-01,76,10,7.52,59.4,59.7,3.37,0,0,0,9.8,1,0,1
2023-11-01,76,11,7.76,60.6,59.6,3.4,0,0,0,8.4,1,0,1
2023-12-01,76,12,7.57,63.9,63.9,3.28,0,0,0,4.2,1,0,1
2024-01-01,76,13,7.88,66.9,63.2,3.17,0,0,0,9.2,1,0,1
2024-02-01,76,14,7.69,67.2,56.6,3.25,0,0,0,3.5,1,0,1
2024-03-01,76,15,7.81,67.1,63.0,3.33,0,0,0,2.3,1,0,1
2024-04-01,76,16,7.51,60.6,63.4,3.34,0,0,0,3.8,1,0,1
2024-05-01,76,17,7.72,68.9,57.1,3.22,0,0,0,5.3,1,0,1
2024-06-01,76,18,7.64,58.9,63.0,3.23,0,0,0,1.3,1,0,1
2023-01-01,77,1,6.6,71.4,67.5,3.29,0,0,0,8.6,0,0,0
2023-02-01,77,2,6.58,67.5,75.3,3.53,0,0,0,9.6,0,0,0
2023-03-01,77,3,6.67,70.4,76.4,3.29,0,0,0,10.1,0,0,0
2023-04-01,77,4,6.83,69.2,73.8,3.31,0,0,0,10.0,0,0,0
2023-05-01,77,5,6.65,68.1,69.3,3.4,0,0,0,10.4,0,0,0
2023-06-01,77,6,6.67,71.2,68.3,3.52,0,0,0,5.0,0,0,0
2023-07-01,77,7,6.89,69.6,79.5,3.32,0,0,0,6.7,0,0,0
2023-08-01,77,8,6.69,68.2,81.3,3.49,0,0,0,9.1,0,0,0
2023-09-01,77,9,6.81,70.3,78.6,3.34,0,0,0,6.4,1,0,0
2023-10-01,77,10,6.72,70.7,85.1,3.47,0,0,1,11.1,1,0,0
2023-11-01,77,11,6.96,80.6,79.4,3.57,1,0,1,10.6,2,0,0
2023-12-01,77,12,6.93,73.3,74.8,3.51,1,0,1,11.6,2,0,0
2024-01-01,77,13,6.74,74.3,88.2,3.57,1,0,2,9.1,2,0,0
2024-02-01,77,14,7.05,74.4,83.7,3.27,1,0,2,4.0,2,0,0
2024-03-01,77,15,7.09,66.6,72.7,3.55,1,0,2,9.0,2,0,0
2024-04-01,77,16,6.85,70.5,81.5,3.61,1,0,2,3.9,2,0,0
2024-05-01,77,17,7.24,74.8,80.8,3.53,2,0,2,7.6,2,0,0
2024-06-01,77,18,6.85,71.1,80.2,3.27,2,0,2,6.8,3,0,0
2023-01-01,78,1,7.17,80.4,60.3,3.5,0,1,0,0.9,0,0,0
2023-02-01,78,2,7.01,80.1,60.4,3.69,0,1,0,3.3,0,0,0
2023-03-01,78,3,7.4,83.1,62.6,3.53,0,1,0,3.0,0,0,0
2023-04-01,78,4,7.14,83.5,53.8,3.36,0,2,0,7.8,0,0,1
2023-05-01,78,5,7.18,79.2,58.4,3.59,0,2,0,5.4,0,0,1
2023-06-01,78,6,7.24,82.6,51.3,3.52,0,2,0,2.8,0,0,1
2023-07-01,78,7,7.45,81.3,66.4,3.69,0,3,0,5.6,1,0,1
2023-08-01,78,8,7.58,77.2,65.0,3.52,0,3,0,8.7,1,0,1
2023-09-01,78,9,7.29,82.4,56.6,3.38,0,3,0,5.0,1,0,1
2023-10-01,78,10,7.42,72.1,59.1,3.66,0,3,0,2.9,1,0,1
2023-11-01,78,11,7.37,81.2,66.3,3.48,0,3,0,6.7,1,0,1
2023-12-01,78,12,7.56,83.0,60.0,3.45,0,3,0,7.1,1,0,1
2024-01-01,78,13,7.47,86.8,67.8,3.78,0,3,0,5.1,1,0,1
2024-02-01,78,14,7.73,79.8,66.6,3.81,0,4,0,7.0,1,0,1
2024-03-01,78,15,7.6,85.3,62.4,3.56,0,4,0,4.8,1,0,1
2024-04-01,78,16,7.6,90.4,64.4,3.97,0,4,0,4.5,1,0,1
2024-05-01,78,17,7.56,83.1,58.1,3.65,0,4,0,8.3,1,0,1
2024-06-01,78,18,7.6,90.4,64.5,3.38,0,4,0,1.6,1,0,1
2023-01-01,79,1,7.46,74.5,67.2,4.69,0,0,0,13.8,0,1,0
2023-02-01,79,2,7.37,71.5,69.4,4.66,0,0,0,12.0,0,1,0
2023-03-01,79,3,7.69,71.5,72.4,4.55,1,0,1,12.4,0,1,0
2023-04-01,79,4,7.68,71.1,66.0,4.69,2,0,1,5.6,0,1,0
2023-05-01,79,5,7.72,74.1,75.7,4.84,3,0,1,13.1,0,1,0
2023-06-01,79,6,7.9,72.1,76.2,4.46,3,0,1,7.7,0,1,0
2023-07-01,79,7,7.7,73.3,68.2,4.53,3,0,1,12.6,0,1,0
2023-08-01,79,8,7.79,76.7,67.0,4.79,3,1,1,11.7,0,1,1
2023-09-01,79,9,7.89,74.9,67.7,4.73,3,1,1,8.7,0,1,1
2023-10-01,79,10,7.88,67.3,67.1,4.84,3,1,1,7.3,0,1,1
2023-11-01,79,11,8.09,76.7,68.4,4.79,3,1,1,9.0,0,1,1
2023-12-01,79,12,7.94,71.6,77.4,4.54,3,1,1,13.2,0,1,1
2024-01-01,79,13,8.21,68.0,71.4,4.82,4,1,1,12.5,0,0,1
2024-02-01,79,14,8.13,78.2,72.6,4.96,4,1,1,7.5,1,0,1
2024-03-01,79,15,8.21,69.6,74.3,5.0,4,1,1,11.9,1,0,1
2024-04-01,79,16,8.19,68.1,81.9,4.87,4,1,1,9.2,2,0,1
2024-05-01,79,17,8.29,73.0,86.8,4.7,4,1,2,12.6,2,0,1
2024-06-01,79,18,8.34,71.2,84.7,4.93,4,2,3,9.7,3,0,1
2023-01-01,80,1,6.71,93.1,52.1,2.4,0,1,0,8.7,0,1,0
2023-02-01,80,2,6.64,87.8,54.3,2.55,0,1,0,7.8,0,1,0
2023-03-01,80,3,6.8,84.1,57.2,2.63,0,1,0,7.8,0,0,0
2023-04-01,80,4,6.93,92.2,58.1,2.65,0,1,0,4.8,0,0,0
2023-05-01,80,5,6.94,85.5,56.8,2.83,0,1,1,3.3,0,0,0
2023-06-01,80,6,6.94,89.7,52.0,2.53,0,2,1,7.0,0,0,0
2023-07-01,80,7,7.01,81.2,56.3,2.73,0,2,1,6.0,0,0,0
2023-08-01,80,8,7.01,86.5,59.4,2.43,0,2,1,8.6,0,0,0
2023-09-01,80,9,7.33,82.2,64.8,2.55,0,2,1,12.9,0,0,0
2023-10-01,80,10,6.86,95.8,59.8,2.26,0,2,1,7.3,0,0,0
2023-11-01,80,11,7.42,90.3,59.1,2.47,1,2,1,6.0,0,0,0
2023-12-01,80,12,7.36,94.7,54.5,2.79,1,2,1,11.1,0,0,1
2024-01-01,80,13,7.34,84.5,66.2,2.71,1,2,1,5.4,0,0,1
2024-02-01,80,14,7.44,90.6,62.4,2.67,1,2,1,4.0,0,0,1
2024-03-01,80,15,7.47,85.1,58.8,2.66,1,2,1,8.7,0,0,1
2024-04-01,80,16,7.55,85.8,52.5,2.82,1,2,1,9.9,0,0,1
2024-05-01,80,17,7.63,87.6,63.3,2.68,1,2,1,9.9,0,0,1
2024-06-01,80,18,7.66,95.3,62.2,2.78,1,2,1,8.4,0,0,1
2023-01-01,81,1,7.3,64.7,52.7,3.88,1,1,0,12.3,0,0,0
2023-02-01,81,2,7.45,64.3,50.3,3.78,1,2,0,4.9,0,0,0
2023-03-01,81,3,7.42,63.0,53.5,3.77,1,2,0,13.4,0,0,0
2023-04-01,81,4,7.34,65.7,54.9,3.9,1,2,0,8.0,0,0,0
2023-05-01,81,5,7.53,66.3,47.0,3.63,1,2,0,9.6,0,0,0
2023-06-01,81,6,7.49,57.0,54.2,3.59,1,2,0,8.0,0,0,0
2023-07-01,81,7,7.43,52.0,60.4,3.79,2,2,0,8.1,0,0,0
2023-08-01,81,8,7.57,59.9,55.0,3.85,3,2,0,9.5,0,0,0
2023-09-01,81,9,7.5,56.7,62.5,3.9,3,2,0,10.5,0,0,0
2023-10-01,81,10,7.52,59.7,55.6,4.1,3,2,0,5.5,0,0,0
2023-11-01,81,11,7.6,61.3,55.0,3.86,3,2,1,6.8,0,0,0
2023-12-01,81,12,7.55,59.8,64.2,4.1,3,2,1,4.1,0,0,1
2024-01-01,81,13,7.4,66.0,59.6,3.72,3,2,1,6.2,0,0,1
2024-02-01,81,14,7.52,62.8,61.5,4.14,3,2,1,5.3,1,0,1
2024-03-01,81,15,7.58,61.8,65.9,3.84,3,2,1,8.6,1,0,1
2024-04-01,81,16,7.3,60.9,66.0,3.95,3,2,2,7.4,1,0,1
2024-05-01,81,17,7.58,58.5,57.8,3.91,3,2,2,8.8,1,0,1
2024-06-01,81,18,7.73,55.0,66.5,3.95,3,3,2,10.1,1,0,1
2023-01-01,82,1,6.52,67.1,33.0,3.37,2,0,2,7.4,0,0,0
2023-02-01,82,2,6.49,63.3,34.7,3.25,2,0,2,6.4,0,0,0
2023-03-01,82,3,6.68,65.7,33.3,3.49,2,0,2,5.9,0,0,0
2023-04-01,82,4,6.6,58.4,38.4,3.21,2,0,2,6.0,0,0,0
2023-05-01,82,5,6.53,60.2,39.8,3.44,2,0,2,4.0,0,0,1
2023-06-01,82,6,6.6,66.3,35.6,3.6,2,0,2,4.9,0,0,1
2023-07-01,82,7,6.57,60.5,42.1,3.35,2,0,2,4.7,1,0,1
2023-08-01,82,8,6.58,55.7,35.7,3.49,2,0,2,3.3,1,0,1
2023-09-01,82,9,6.56,60.9,35.5,3.3,2,0,2,4.6,1,0,1
2023-10-01,82,10,6.62,58.9,42.0,3.52,2,0,2,11.2,2,0,1
2023-11-01,82,11,6.51,58.6,35.8,3.36,2,0,2,3.8,2,0,1
2023-12-01,82,12,6.64,54.5,46.6,3.7,2,0,2,5.1,2,0,1
2024-01-01,82,13,6.64,66.2,45.4,3.61,2,0,2,5.7,2,0,1
2024-02-01,82,14,6.77,62.9,44.0,3.2,2,0,2,8.6,2,0,1
2024-03-01,82,15,6.56,61.9,44.4,3.32,2,0,2,6.2,3,0,1
2024-04-01,82,16,6.84,61.7,40.4,3.55,2,0,2,10.6,3,0,1
2024-05-01,82,17,6.61,60.7,48.9,3.53,2,0,2,2.5,3,0,1
2024-06-01,82,18,6.82,59.0,38.2,3.9,2,0,2,1.7,3,0,1
2023-01-01,83,1,6.7,90.4,36.4,2.18,0,0,0,3.7,0,0,0
2023-02-01,83,2,6.94,99.3,28.2,2.18,0,0,0,5.0,0,0,0
2023-03-01,83,3,6.82,97.7,28.9,1.97,1,1,0,4.4,0,0,0
2023-04-01,83,4,6.88,96.2,26.3,2.06,1,1,0,0.0,0,0,0
2023-05-01,83,5,7.04,100.0,29.2,2.01,1,1,0,5.5,0,0,0
2023-06-01,83,6,6.87,98.6,33.9,2.11,1,1,0,0.6,0,0,0
2023-07-01,83,7,6.94,99.7,26.5,2.02,1,1,0,2.6,0,0,0
2023-08-01,83,8,7.03,95.5,35.2,2.38,1,1,0,0.8,0,0,1
2023-09-01,83,9,7.16,100.0,31.4,2.2,1,1,0,0.4,0,0,1
2023-10-01,83,10,7.18,99.3,36.9,2.23,1,2,0,7.6,0,0,1
2023-11-01,83,11,7.31,92.6,31.0,2.23,1,2,0,5.5,0,0,1
2023-12-01,83,12,7.08,88.4,38.3,2.35,1,2,0,7.9,0,0,1
2024-01-01,83,13,7.14,91.4,29.9,2.41,1,2,0,0.1,0,0,1
2024-02-01,83,14,7.31,93.2,36.6,2.34,1,2,0,3.2,0,0,1
2024-03-01,83,15,7.38,86.5,33.7,2.5,1,2,0,0.4,0,0,1
2024-04-01,83,16,7.38,100.0,29.4,2.25,1,2,0,4.5,0,0,1
2024-05-01,83,17,7.45,92.5,33.4,2.34,1,2,0,0.2,0,0,1
2024-06-01,83,18,7.38,98.6,34.5,2.21,1,2,0,4.4,0,0,1
2023-01-01,84,1,6.64,93.7,57.0,3.78,0,0,0,5.9,0,1,0
2023-02-01,84,2,6.75,92.1,55.4,3.66,0,0,0,9.2,0,1,0
2023-03-01,84,3,6.48,89.2,52.6,3.71,0,0,0,7.3,0,1,0
2023-04-01,84,4,6.74,89.7,57.0,3.62,0,1,0,4.7,1,1,0
2023-05-01,84,5,6.78,94.6,57.3,3.93,0,1,0,9.8,1,1,0
2023-06-01,84,6,6.79,93.9,56.6,3.71,0,1,0,5.9,1,1,0
2023-07-01,84,7,6.79,94.9,59.2,3.92,0,1,0,6.8,1,0,0
2023-08-01,84,8,6.77,84.5,56.5,3.89,0,1,0,8.5,2,0,0
2023-09-01,84,9,6.87,93.7,65.4,3.88,0,1,1,5.2,2,0,0
2023-10-01,84,10,6.85,88.3,58.5,3.85,0,1,1,5.1,2,0,0
2023-11-01,84,11,7.02,93.3,59.0,3.53,0,2,1,7.9,2,0,0
2023-12-01,84,12,6.77,92.3,60.5,3.67,0,2,1,6.6,3,0,0
2024-01-01,84,13,6.91,91.3,69.0,3.72,0,2,1,5.0,3,0,0
2024-02-01,84,14,6.98,88.8,66.1,4.01,0,2,1,2.7,3,0,0
2024-03-01,84,15,7.04,95.4,60.7,3.98,0,2,1,6.9,3,0,0
2024-04-01,84,16,6.95,86.2,61.8,4.0,0,2,1,6.7,3,0,0
2024-05-01,84,17,7.13,92.1,57.4,3.94,0,2,1,11.4,3,0,0
2024-06-01,84,18,7.07,91.7,55.2,3.97,0,2,1,9.4,3,0,0
2023-01-01,85,1,6.12,67.1,58.0,4.26,0,1,0,6.2,1,0,0
2023-02-01,85,2,6.39,72.5,64.0,4.04,0,1,0,9.1,1,0,0
2023-03-01,85,3,6.09,76.7,55.1,4.3,0,1,0,5.0,1,0,0
2023-04-01,85,4,6.29,66.1,65.4,4.13,0,1,0,7.7,1,0,0
2023-05-01,85,5,6.28,67.4,59.1,4.07,0,1,0,15.3,1,0,0
2023-06-01,85,6,6.31,75.1,58.1,4.11,0,1,0,8.3,1,0,0
2023-07-01,85,7,6.28,70.1,68.1,3.98,0,1,0,3.6,1,0,0
2023-08-01,85,8,6.35,68.1,70.8,4.13,0,1,0,4.5,1,0,0
2023-09-01,85,9,6.41,74.4,63.4,4.16,0,2,0,8.1,1,0,0
2023-10-01,85,10,6.58,70.7,65.9,4.39,0,3,0,5.5,1,0,0
2023-11-01,85,11,6.61,66.4,58.9,4.36,1,3,0,12.3,2,0,0
2023-12-01,85,12,6.6,66.5,60.5,4.37,2,3,0,9.2,2,0,0
2024-01-01,85,13,6.49,71.9,62.1,4.03,2,3,0,2.2,2,0,0
2024-02-01,85,14,6.63,68.2,67.2,4.06,2,3,0,7.6,2,0,0
2024-03-01,85,15,6.71,70.4,67.2,4.32,2,3,0,6.6,2,0,0
2024-04-01,85,16,7.05,69.2,68.8,4.39,2,3,0,7.2,2,0,0
2024-05-01,85,17,6.76,67.6,66.3,4.43,2,3,0,9.5,3,0,0
2024-06-01,85,18,6.91,71.7,68.1,4.26,2,3,0,6.0,3,0,0
2023-01-01,86,1,7.64,80.2,41.8,2.54,0,2,1,5.7,0,0,0
2023-02-01,86,2,7.32,82.1,31.0,2.79,0,2,1,2.4,0,0,0
2023-03-01,86,3,7.41,83.6,43.9,2.74,0,2,1,7.9,0,0,0
2023-04-01,86,4,7.45,83.5,31.8,2.61,0,2,1,9.3,0,0,0
2023-05-01,86,5,7.51,78.8,41.3,2.6,0,2,1,10.1,0,0,0
2023-06-01,86,6,7.58,81.4,44.8,2.76,1,2,1,7.7,0,0,0
2023-07-01,86,7,7.47,81.9,40.4,2.29,2,2,1,5.5,1,0,1
2023-08-01,86,8,7.57,85.5,38.1,2.59,2,2,1,11.4,1,0,1
2023-09-01,86,9,7.77,81.9,41.7,2.49,2,2,1,5.3,1,0,1
2023-10-01,86,10,7.82,82.4,49.1,2.54,2,2,1,6.3,1,0,1
2023-11-01,86,11,7.96,81.8,41.9,2.8,2,2,1,9.7,2,0,1
2023-12-01,86,12,7.64,80.9,43.2,3.0,2,2,1,12.8,2,0,1
2024-01-01,86,13,7.71,81.3,49.7,2.73,2,2,1,9.9,2,0,1
2024-02-01,86,14,7.9,83.5,49.2,2.86,2,2,1,6.4,3,0,1
2024-03-01,86,15,7.81,90.9,42.6,2.8,2,2,1,8.6,3,0,1
2024-04-01,86,16,7.87,88.9,48.5,2.64,2,2,1,8.0,3,0,1
2024-05-01,86,17,8.27,82.3,45.5,2.67,2,2,1,8.3,3,0,1
2024-06-01,86,18,7.9,80.4,45.9,2.68,2,2,1,7.8,4,0,1
2023-01-01,87,1,6.58,95.1,59.4,2.93,1,1,0,11.3,0,0,0
2023-02-01,87,2,6.92,91.4,55.6,3.34,1,1,0,12.5,0,0,0
2023-03-01,87,3,6.53,93.2,48.6,3.25,1,2,0,12.4,0,0,0
2023-04-01,87,4,6.73,92.6,58.7,3.15,1,2,0,11.6,0,0,0
2023-05-01,87,5,6.7,94.6,59.2,3.06,1,2,0,13.9,1,0,0
2023-06-01,87,6,7.1,91.0,68.0,3.49,1,3,0,13.0,1,0,1
2023-07-01,87,7,6.68,85.3,66.2,3.41,2,3,0,10.1,1,0,1
2023-08-01,87,8,6.74,91.9,62.1,3.25,2,3,0,15.1,1,0,1
2023-09-01,87,9,6.71,97.7,66.7,3.24,2,3,0,15.1,1,0,1
2023-10-01,87,10,6.74,91.2,69.9,3.32,3,3,1,9.5,1,0,1
2023-11-01,87,11,6.83,89.2,62.2,3.57,3,3,1,9.1,1,0,1
2023-12-01,87,12,6.76,94.9,69.8,3.22,3,3,1,9.1,1,0,1
2024-01-01,87,13,6.67,89.7,61.7,3.39,3,3,1,9.7,2,0,1
2024-02-01,87,14,6.98,93.2,70.1,3.24,3,3,1,9.2,2,0,1
2024-03-01,87,15,6.8,89.0,67.4,3.57,3,3,2,8.9,2,0,1
2024-04-01,87,16,6.64,92.6,73.5,3.57,3,3,2,6.9,2,0,1
2024-05-01,87,17,6.71,83.7,71.6,3.34,3,3,2,11.0,2,0,1
2024-06-01,87,18,6.84,92.0,75.2,3.24,3,3,2,14.1,3,0,1
2023-01-01,88,1,7.27,86.1,59.6,1.94,0,2,0,9.7,0,0,0
2023-02-01,88,2,7.05,90.0,55.7,1.92,0,2,0,8.5,0,0,0
2023-03-01,88,3,7.14,87.5,58.6,2.06,0,2,0,11.2,0,0,0
2023-04-01,88,4,7.04,86.0,59.3,1.87,0,2,1,5.3,0,0,0
2023-05-01,88,5,7.17,86.4,62.0,1.97,0,3,1,6.3,0,0,0
2023-06-01,88,6,7.21,86.0,58.3,1.82,0,3,2,9.5,1,0,0
2023-07-01,88,7,7.4,90.5,61.6,1.88,0,3,2,7.3,1,0,1
2023-08-01,88,8,7.2,78.6,67.8,2.04,0,3,2,10.8,1,0,1
2023-09-01,88,9,7.41,87.9,75.7,2.32,0,3,2,4.9,1,0,1
2023-10-01,88,10,7.12,80.1,73.5,2.09,0,3,3,6.9,1,0,1
2023-11-01,88,11,7.39,90.7,67.7,2.19,0,3,3,9.3,1,0,1
2023-12-01,88,12,7.48,85.5,71.5,2.3,0,3,3,7.8,1,0,1
2024-01-01,88,13,7.41,83.2,61.3,2.13,0,3,3,9.2,1,0,1
2024-02-01,88,14,7.69,84.0,61.4,2.24,0,3,3,7.9,1,0,1
2024-03-01,88,15,7.79,83.6,69.3,2.16,0,3,3,8.3,1,0,1
2024-04-01,88,16,7.8,90.3,70.8,2.12,0,3,3,9.8,1,0,1
2024-05-01,88,17,7.39,87.0,69.1,2.18,0,4,3,6.5,2,0,1
2024-06-01,88,18,7.57,90.3,71.6,2.2,0,4,3,10.1,2,0,1
2023-01-01,89,1,7.25,85.2,22.4,2.28,0,1,0,10.6,0,0,0
2023-02-01,89,2,7.32,88.5,23.3,2.33,0,2,0,13.3,0,0,0
2023-03-01,89,3,7.41,83.0,28.2,2.42,0,2,0,13.1,0,0,0
2023-04-01,89,4,7.43,84.9,20.4,2.19,1,3,0,8.4,0,0,0
2023-05-01,89,5,7.49,87.6,28.8,2.02,1,3,0,14.8,0,0,0
2023-06-01,89,6,7.45,81.3,28.3,2.48,1,3,0,12.6,0,0,0
2023-07-01,89,7,7.66,85.8,20.1,2.39,1,3,0,14.6,0,0,0
2023-08-01,89,8,7.43,90.0,32.1,2.62,1,4,0,19.4,0,0,0
2023-09-01,89,9,7.52,85.4,30.0,2.02,1,4,0,11.9,0,0,0
2023-10-01,89,10,7.53,91.0,40.0,2.31,1,4,0,16.0,1,0,0
2023-11-01,89,11,7.71,85.2,32.4,2.28,1,4,0,10.1,2,0,1
2023-12-01,89,12,7.7,86.9,29.9,2.27,1,4,0,11.4,2,0,1
2024-01-01,89,13,7.52,82.3,33.2,2.61,1,4,0,5.0,2,0,1
2024-02-01,89,14,7.62,88.2,47.0,2.51,1,4,0,11.8,2,0,1
2024-03-01,89,15,7.59,88.3,39.3,2.73,1,4,0,9.8,2,0,1
2024-04-01,89,16,7.43,85.1,44.0,2.46,1,4,0,9.6,3,0,1
2024-05-01,89,17,7.71,89.8,41.3,2.68,1,4,0,15.9,3,0,1
2024-06-01,89,18,7.55,85.4,34.7,2.51,2,4,0,8.0,3,0,1
2023-01-01,90,1,7.48,96.3,42.4,4.11,0,0,0,3.4,0,0,0
2023-02-01,90,2,7.52,89.7,53.8,3.92,0,1,0,6.0,0,0,0
2023-03-01,90,3,7.54,96.0,47.8,4.11,0,1,0,6.8,0,0,1
2023-04-01,90,4,7.31,85.2,41.5,4.09,0,1,0,2.0,0,0,1
2023-05-01,90,5,7.5,88.8,46.5,4.03,1,1,0,2.5,0,0,1
2023-06-01,90,6,7.6,96.1,50.0,4.04,1,1,0,8.4,0,0,1
2023-07-01,90,7,7.56,89.7,54.9,3.98,1,1,0,5.6,0,0,1
2023-08-01,90,8,7.74,92.4,46.9,4.13,2,1,0,5.2,0,0,1
2023-09-01,90,9,7.48,93.4,48.5,3.91,2,1,0,4.4,0,0,1
2023-10-01,90,10,7.66,92.9,46.2,3.89,2,1,0,3.1,0,0,1
2023-11-01,90,11,7.54,92.9,46.2,4.34,2,1,0,2.8,0,0,1
2023-12-01,90,12,7.74,90.2,60.6,4.13,2,1,1,4.3,0,0,1
2024-01-01,90,13,7.78,89.6,57.8,4.35,3,1,1,7.7,0,0,1
2024-02-01,90,14,7.89,97.7,43.1,4.2,3,1,1,5.6,0,0,1
2024-03-01,90,15,7.74,87.5,52.0,4.23,3,1,1,6.7,1,0,1
2024-04-01,90,16,8.0,94.5,53.0,4.16,3,1,1,3.0,2,0,1
2024-05-01,90,17,7.95,85.0,45.9,3.72,3,1,2,8.7,2,0,1
2024-06-01,90,18,7.86,94.0,52.8,4.36,3,1,3,1.6,2,0,1
2023-01-01,91,1,7.6,73.5,66.3,2.89,0,1,0,13.5,0,0,0
2023-02-01,91,2,7.63,68.8,66.0,3.08,0,1,0,10.5,0,0,0
2023-03-01,91,3,7.48,76.7,68.0,2.86,0,1,0,11.7,0,0,0
2023-04-01,91,4,7.73,76.9,63.6,3.05,0,1,0,15.2,0,0,0
2023-05-01,91,5,7.62,76.2,63.6,2.89,0,1,0,7.7,0,0,0
2023-06-01,91,6,7.77,73.5,68.8,2.64,1,1,0,7.0,0,0,0
2023-07-01,91,7,7.76,77.5,69.5,3.19,1,1,0,8.4,0,0,1
2023-08-01,91,8,7.93,71.9,71.3,3.18,1,1,1,10.7,0,0,1
2023-09-01,91,9,7.67,77.1,69.0,3.12,1,2,1,10.9,0,0,1
2023-10-01,91,10,7.77,79.7,73.6,3.02,1,2,1,10.3,0,0,1
2023-11-01,91,11,7.88,75.0,69.3,3.05,1,2,1,9.6,0,0,1
2023-12-01,91,12,7.86,72.5,64.1,2.85,1,2,1,11.4,1,0,1
2024-01-01,91,13,8.06,80.9,80.3,3.33,1,2,1,9.3,1,0,1
2024-02-01,91,14,7.93,66.8,68.2,2.91,1,2,1,7.1,1,0,1
2024-03-01,91,15,8.1,76.5,73.4,2.76,1,2,1,11.4,1,0,1
2024-04-01,91,16,8.04,75.5,76.1,2.93,2,3,1,11.6,1,0,1
2024-05-01,91,17,8.02,66.9,82.2,2.74,2,3,1,11.6,1,0,1
2024-06-01,91,18,8.36,71.3,73.1,2.99,2,3,1,14.5,2,0,1
2023-01-01,92,1,6.94,81.0,73.9,2.34,0,1,1,9.2,0,0,0
2023-02-01,92,2,7.11,82.0,60.6,2.31,0,1,1,8.8,0,0,0
2023-03-01,92,3,6.85,81.5,70.0,2.4,0,1,1,8.3,0,0,0
2023-04-01,92,4,7.05,87.4,70.7,2.77,0,1,1,9.2,0,0,0
2023-05-01,92,5,6.9,86.7,58.9,2.43,0,1,1,10.9,0,0,0
2023-06-01,92,6,6.86,79.0,69.3,2.4,0,1,1,9.5,1,0,0
2023-07-01,92,7,7.0,90.0,63.6,2.21,0,1,1,8.1,1,0,0
2023-08-01,92,8,7.14,79.5,68.7,2.49,0,2,1,11.5,1,0,0
2023-09-01,92,9,7.04,84.3,69.7,2.69,0,3,1,10.7,1,0,0
2023-10-01,92,10,7.0,84.7,78.1,2.21,0,3,1,6.0,1,0,0
2023-11-01,92,11,7.24,83.7,70.1,2.46,0,3,1,10.4,1,0,0
2023-12-01,92,12,7.11,86.6,73.0,2.54,0,3,1,8.4,1,0,0
2024-01-01,92,13,7.37,88.0,70.7,2.59,0,3,1,7.5,2,0,0
2024-02-01,92,14,7.2,83.9,76.6,2.81,0,3,1,1.9,2,0,0
2024-03-01,92,15,7.2,70.8,73.5,2.56,0,3,1,11.6,3,0,0
2024-04-01,92,16,7.31,82.4,75.5,2.7,0,3,1,8.8,3,0,0
2024-05-01,92,17,7.4,83.5,69.4,2.7,0,3,1,10.1,4,0,0
2024-06-01,92,18,7.41,85.8,72.4,2.25,0,4,1,7.4,5,0,0
2023-01-01,93,1,6.79,73.1,41.9,3.68,1,1,0,8.0,0,3,0
2023-02-01,93,2,6.8,80.3,41.3,3.29,1,1,0,12.1,0,3,0
2023-03-01,93,3,6.8,88.0,44.5,3.38,1,1,0,11.1,0,3,0
2023-04-01,93,4,6.67,80.4,38.7,3.47,1,2,1,6.6,0,3,0
2023-05-01,93,5,6.87,84.8,35.6,3.23,1,2,1,9.9,0,3,0
2023-06-01,93,6,6.9,81.4,49.4,3.66,1,2,1,5.7,0,3,0
2023-07-01,93,7,6.71,83.9,40.1,3.45,2,2,1,9.3,0,3,0
2023-08-01,93,8,7.05,82.1,42.1,3.43,2,2,1,7.9,0,3,0
2023-09-01,93,9,6.93,81.7,45.7,3.5,2,2,1,7.6,0,3,0
2023-10-01,93,10,7.01,85.4,43.3,3.26,2,2,1,7.4,0,3,0
2023-11-01,93,11,6.77,83.1,48.3,3.34,2,2,1,7.4,0,3,1
2023-12-01,93,12,7.17,74.4,44.0,3.35,2,2,2,9.4,0,3,1
2024-01-01,93,13,7.09,78.6,51.1,3.48,2,3,2,7.9,0,3,1
2024-02-01,93,14,7.19,74.2,43.5,3.41,2,3,2,5.8,0,3,1
2024-03-01,93,15,7.07,83.0,49.9,3.32,2,3,2,8.1,0,3,1
2024-04-01,93,16,7.14,77.3,47.7,3.29,2,3,3,9.0,0,3,1
2024-05-01,93,17,7.22,80.0,55.7,3.39,3,3,3,9.9,1,3,1
2024-06-01,93,18,7.4,80.0,46.4,3.36,3,3,3,12.1,2,3,1
2023-01-01,94,1,6.88,79.4,64.1,3.05,1,1,0,11.3,0,0,0
2023-02-01,94,2,6.83,79.9,56.3,2.65,2,1,0,14.7,0,0,0
2023-03-01,94,3,6.96,83.6,61.9,2.81,2,1,0,12.8,0,0,0
2023-04-01,94,4,6.98,76.9,55.7,3.01,2,2,0,12.1,0,0,0
2023-05-01,94,5,6.9,81.2,65.9,2.87,2,2,0,10.8,0,0,0
2023-06-01,94,6,7.25,81.7,66.8,2.91,2,2,0,10.1,0,0,0
2023-07-01,94,7,6.95,78.0,61.2,2.77,3,2,0,16.7,0,0,0
2023-08-01,94,8,7.27,77.4,66.1,2.98,3,2,1,13.5,0,0,0
2023-09-01,94,9,7.26,70.9,64.2,2.84,3,2,1,11.4,0,0,0
2023-10-01,94,10,7.27,78.6,70.6,2.95,3,2,1,11.0,1,0,0
2023-11-01,94,11,7.34,82.3,67.3,2.96,3,2,1,12.3,1,0,0
2023-12-01,94,12,7.5,79.8,65.4,2.79,3,2,1,10.9,1,0,0
2024-01-01,94,13,7.29,80.0,68.4,2.83,3,2,1,7.8,1,0,0
2024-02-01,94,14,7.27,82.1,78.5,3.04,3,2,1,16.0,1,0,0
2024-03-01,94,15,7.38,77.3,74.2,2.95,3,2,1,9.0,1,0,0
2024-04-01,94,16,7.4,88.0,68.7,3.17,3,2,1,11.5,1,0,0
2024-05-01,94,17,7.48,80.0,80.3,2.93,3,2,1,18.5,1,0,0
2024-06-01,94,18,7.5,74.5,71.7,3.13,3,2,1,6.8,2,0,0
2023-01-01,95,1,5.47,79.2,73.1,3.09,0,1,0,7.9,0,0,0
2023-02-01,95,2,5.65,81.4,72.6,3.0,0,1,0,12.4,0,0,0
2023-03-01,95,3,5.76,81.4,75.7,3.2,0,1,0,8.8,0,0,0
2023-04-01,95,4,5.93,85.8,75.5,3.17,0,1,0,11.1,0,0,0
2023-05-01,95,5,6.01,81.4,75.9,2.94,0,1,0,10.8,0,0,0
2023-06-01,95,6,6.0,80.9,74.0,2.9,0,1,0,6.0,0,0,0
2023-07-01,95,7,5.95,74.1,75.9,2.75,0,1,0,5.0,0,0,0
2023-08-01,95,8,6.01,81.5,81.7,3.02,0,1,0,8.8,0,0,0
2023-09-01,95,9,6.05,79.0,77.7,2.89,0,1,0,11.4,0,0,0
2023-10-01,95,10,6.11,81.1,82.6,2.73,0,1,0,9.8,0,0,0
2023-11-01,95,11,6.11,87.0,74.9,3.2,0,1,1,7.4,0,0,0
2023-12-01,95,12,6.16,78.8,70.1,2.93,0,1,1,12.0,0,0,0
2024-01-01,95,13,6.35,81.8,83.9,2.93,0,1,1,9.6,0,0,0
2024-02-01,95,14,6.04,85.7,78.5,2.88,0,1,2,4.0,0,0,0
2024-03-01,95,15,6.11,72.9,77.3,3.05,0,1,2,11.2,0,0,0
2024-04-01,95,16,6.6,81.3,84.9,2.96,0,1,2,7.4,0,0,0
2024-05-01,95,17,6.47,83.0,89.1,3.24,0,1,2,9.9,0,0,0
2024-06-01,95,18,6.49,80.6,85.0,3.21,0,1,3,12.7,1,0,0
2023-01-01,96,1,5.89,87.8,77.0,3.72,0,1,0,13.9,0,0,0
2023-02-01,96,2,5.77,90.6,71.1,3.56,0,1,0,7.8,0,0,1
2023-03-01,96,3,5.86,86.6,74.7,3.82,0,1,0,9.0,0,0,1
2023-04-01,96,4,5.94,79.5,72.1,3.75,1,1,0,13.9,0,0,1
2023-05-01,96,5,6.22,78.2,71.2,3.71,1,1,0,10.9,1,0,1
2023-06-01,96,6,6.1,77.2,75.7,3.78,1,1,0,9.3,1,0,1
2023-07-01,96,7,5.82,84.7,78.5,3.75,1,1,0,13.4,1,0,1
2023-08-01,96,8,6.18,80.9,79.7,3.97,1,1,0,11.5,1,0,1
2023-09-01,96,9,6.36,83.5,80.3,3.89,1,1,0,11.6,1,0,1
2023-10-01,96,10,6.21,79.2,77.8,4.02,1,1,0,12.5,1,0,1
2023-11-01,96,11,6.24,82.4,76.2,3.86,1,1,0,8.9,1,0,1
2023-12-01,96,12,6.3,80.0,82.4,3.7,1,1,0,13.3,2,0,1
2024-01-01,96,13,6.52,83.2,78.1,4.04,1,1,0,10.7,2,0,1
2024-02-01,96,14,6.39,79.8,83.0,3.69,1,1,0,6.4,3,0,1
2024-03-01,96,15,6.72,82.5,85.3,3.78,1,1,1,11.4,3,0,1
2024-04-01,96,16,6.56,83.7,76.9,3.97,1,1,1,15.3,3,0,1
2024-05-01,96,17,6.61,75.8,86.2,3.84,1,1,1,7.4,3,0,1
2024-06-01,96,18,6.54,82.1,80.3,4.08,1,1,1,9.7,3,0,1
2023-01-01,97,1,5.95,87.5,60.7,2.52,0,1,0,10.0,0,0,0
2023-02-01,97,2,5.91,84.3,51.4,2.56,0,1,0,9.7,0,0,0
2023-03-01,97,3,6.24,86.0,50.6,2.61,0,1,0,7.9,0,0,0
2023-04-01,97,4,5.88,91.8,54.6,2.25,0,1,0,11.1,0,0,0
2023-05-01,97,5,6.06,84.0,60.9,2.55,0,1,0,8.5,0,0,0
2023-06-01,97,6,5.95,80.6,64.7,2.27,0,1,0,12.2,0,0,0
2023-07-01,97,7,6.27,85.8,57.5,2.32,0,1,0,11.5,0,0,0
2023-08-01,97,8,6.13,82.5,58.2,2.52,0,1,0,9.7,0,0,0
2023-09-01,97,9,6.38,85.9,62.5,2.59,0,1,0,12.8,0,0,0
2023-10-01,97,10,6.23,71.6,60.4,2.49,0,1,0,9.0,0,0,0
2023-11-01,97,11,6.47,80.4,54.7,2.75,0,1,0,7.4,0,0,0
2023-12-01,97,12,6.2,83.4,62.9,2.21,0,1,0,8.0,0,0,0
2024-01-01,97,13,6.32,85.1,64.4,2.39,0,1,0,9.5,0,0,1
2024-02-01,97,14,6.41,83.7,69.7,2.71,0,2,0,8.8,1,0,1
2024-03-01,97,15,6.4,77.4,61.5,2.42,0,3,0,11.1,2,0,1
2024-04-01,97,16,6.34,85.1,66.3,2.49,0,3,0,9.4,2,0,1
2024-05-01,97,17,6.44,82.0,69.9,2.31,0,3,0,13.8,2,0,1
2024-06-01,97,18,6.5,82.6,69.6,2.4,0,3,0,8.3,3,0,1
2023-01-01,98,1,6.28,64.5,47.6,2.63,0,0,0,8.1,0,0,0
2023-02-01,98,2,6.3,74.3,52.1,2.54,0,0,0,3.6,0,0,0
2023-03-01,98,3,5.99,70.2,51.1,2.54,0,0,0,0.0,0,0,0
2023-04-01,98,4,6.19,69.3,52.6,2.41,0,0,0,5.1,0,0,0
2023-05-01,98,5,6.08,71.8,51.2,2.52,0,0,0,0.9,0,0,0
2023-06-01,98,6,6.31,75.9,57.0,2.35,0,0,0,6.3,0,0,0
2023-07-01,98,7,6.14,74.5,58.3,2.32,0,0,0,6.9,0,0,0
2023-08-01,98,8,6.5,68.8,57.8,2.41,0,0,0,5.2,0,0,0
2023-09-01,98,9,6.15,69.2,55.1,2.9,0,0,0,8.8,0,0,0
2023-10-01,98,10,6.31,70.7,52.4,2.64,0,0,0,3.1,0,0,0
2023-11-01,98,11,6.27,71.7,56.3,2.63,0,0,0,0.5,0,0,0
2023-12-01,98,12,6.3,69.2,51.5,2.7,0,0,0,7.0,0,0,0
2024-01-01,98,13,6.56,64.4,50.4,2.71,0,0,0,0.1,0,0,0
2024-02-01,98,14,6.41,69.0,50.1,2.75,0,0,0,7.5,0,0,0
2024-03-01,98,15,6.35,71.2,54.0,2.74,0,0,0,2.3,0,0,0
2024-04-01,98,16,6.59,68.8,59.4,2.78,0,0,0,3.7,0,0,0
2024-05-01,98,17,6.58,73.8,50.2,2.69,0,0,0,4.7,0,0,0
2024-06-01,98,18,6.33,78.5,55.9,2.77,0,0,0,2.5,0,0,0
2023-01-01,99,1,7.3,99.1,46.4,3.13,0,0,1,8.4,0,0,0
2023-02-01,99,2,7.44,96.5,50.6,3.29,0,0,1,11.4,0,0,0
2023-03-01,99,3,7.55,92.7,49.8,3.36,0,1,1,10.2,0,0,0
2023-04-01,99,4,7.19,93.4,54.9,3.42,0,1,1,11.3,0,0,0
2023-05-01,99,5,7.34,100.0,53.1,3.19,1,1,1,7.6,0,0,0
2023-06-01,99,6,7.64,90.2,49.0,3.46,1,2,1,10.3,0,0,0
2023-07-01,99,7,7.35,90.8,54.1,3.38,1,2,1,1.8,0,0,0
2023-08-01,99,8,7.6,92.1,53.9,3.3,1,2,1,7.0,0,0,0
2023-09-01,99,9,7.64,92.0,59.3,3.79,2,2,1,10.3,0,0,0
2023-10-01,99,10,7.76,90.3,53.8,3.15,3,2,1,11.9,0,0,1
2023-11-01,99,11,7.73,92.8,56.1,3.51,3,2,1,7.2,0,0,1
2023-12-01,99,12,7.71,90.9,57.7,3.48,3,2,1,15.8,0,0,1
2024-01-01,99,13,7.83,93.9,57.1,3.57,3,2,1,8.2,0,0,1
2024-02-01,99,14,7.88,86.8,59.1,3.62,3,2,1,14.4,0,0,1
2024-03-01,99,15,7.97,88.8,59.8,3.3,3,2,1,12.7,1,0,1
2024-04-01,99,16,7.83,83.7,54.9,3.59,3,2,1,11.2,1,0,1
2024-05-01,99,17,8.01,93.5,68.3,3.29,3,2,1,7.6,1,0,1
2024-06-01,99,18,7.98,90.4,64.5,3.33,3,2,1,8.9,1,0,1
2023-01-01,100,1,6.09,69.7,65.2,3.78,0,1,1,8.6,0,0,0
2023-02-01,100,2,6.11,69.5,67.5,4.07,0,1,1,13.2,0,0,0
2023-03-01,100,3,6.36,75.6,69.8,3.99,0,1,1,6.2,0,0,0
2023-04-01,100,4,6.53,75.5,70.1,4.14,0,1,1,7.3,0,0,0
2023-05-01,100,5,6.59,76.3,64.6,4.08,0,1,1,8.5,0,0,0
2023-06-01,100,6,6.69,73.0,70.9,4.0,0,1,1,9.9,1,0,0
2023-07-01,100,7,6.53,78.8,61.6,4.04,0,1,1,10.5,1,0,0
2023-08-01,100,8,6.7,72.3,65.9,3.77,0,1,1,7.8,1,0,0
2023-09-01,100,9,6.89,77.6,71.4,3.94,0,1,1,6.5,2,0,0
2023-10-01,100,10,6.69,72.3,66.1,3.93,0,1,1,12.8,2,0,0
2023-11-01,100,11,6.8,76.2,71.5,4.03,1,1,1,5.2,2,0,0
2023-12-01,100,12,7.08,75.3,73.1,4.15,1,1,1,5.1,2,0,0
2024-01-01,100,13,6.89,67.1,73.0,3.94,1,1,1,11.6,2,0,0
2024-02-01,100,14,7.11,69.0,71.9,3.8,1,1,1,4.4,2,0,0
2024-03-01,100,15,6.96,75.4,77.1,3.85,1,1,1,5.3,2,0,1
2024-04-01,100,16,6.99,70.1,70.9,3.95,1,1,1,7.3,2,0,1
2024-05-01,100,17,6.92,71.0,75.7,4.17,1,1,1,11.0,2,0,1
2024-06-01,100,18,7.44,75.7,76.4,4.18,1,1,1,4.0,2,0,1
2023-01-01,101,1,6.49,76.9,55.7,3.93,0,1,0,11.8,0,0,0
2023-02-01,101,2,6.81,71.3,64.0,3.93,0,1,0,8.2,0,0,0
2023-03-01,101,3,6.82,84.1,66.7,4.08,0,1,0,14.1,0,0,0
2023-04-01,101,4,6.78,75.7,72.9,4.37,0,1,0,15.1,0,0,0
2023-05-01,101,5,6.98,78.0,62.9,4.04,0,2,0,11.8,0,0,0
2023-06-01,101,6,7.08,84.3,73.7,4.11,0,2,0,7.1,0,0,0
2023-07-01,101,7,6.95,88.6,62.9,4.18,1,2,0,10.3,1,0,0
2023-08-01,101,8,7.01,74.6,67.2,4.22,1,3,0,11.6,1,0,1
2023-09-01,101,9,6.91,78.1,68.5,4.07,1,3,0,6.5,1,0,1
2023-10-01,101,10,6.78,83.6,73.3,4.16,1,3,0,9.9,2,0,1
2023-11-01,101,11,6.88,73.7,63.9,4.22,1,3,0,9.6,2,0,1
2023-12-01,101,12,7.02,77.3,74.7,3.93,1,3,0,9.2,2,0,1
2024-01-01,101,13,6.9,73.6,66.2,4.23,1,3,0,13.5,3,0,1
2024-02-01,101,14,6.96,85.9,72.4,3.93,1,4,0,13.6,3,0,1
2024-03-01,101,15,7.12,73.3,75.8,4.27,1,4,1,8.9,3,0,1
2024-04-01,101,16,6.93,80.8,79.5,4.0,1,4,1,7.8,3,0,1
2024-05-01,101,17,7.14,80.7,67.3,4.65,1,5,1,11.8,4,0,1
2024-06-01,101,18,7.06,72.9,77.1,3.99,1,5,1,14.3,4,0,1
2023-01-01,102,1,7.97,78.1,67.6,2.76,1,1,0,8.0,0,0,0
2023-02-01,102,2,7.97,80.8,66.2,2.96,1,1,0,10.4,0,0,0
2023-03-01,102,3,8.13,78.7,72.4,2.83,2,1,0,12.0,0,0,0
2023-04-01,102,4,8.14,75.2,66.2,2.97,2,1,0,5.6,0,0,0
2023-05-01,102,5,8.11,77.7,67.7,2.62,2,1,0,9.4,0,0,0
2023-06-01,102,6,8.35,73.4,79.0,2.68,2,1,0,10.8,0,0,0
2023-07-01,102,7,8.44,77.5,73.4,2.64,2,1,0,7.4,0,0,0
2023-08-01,102,8,8.14,82.6,59.0,2.68,2,1,0,5.5,0,0,0
2023-09-01,102,9,8.22,70.2,70.0,2.93,2,1,0,15.5,0,0,0
2023-10-01,102,10,8.42,78.8,77.5,2.58,2,1,0,6.7,1,0,0
2023-11-01,102,11,8.29,76.2,79.5,3.0,2,2,0,9.1,1,0,0
2023-12-01,102,12,8.03,82.3,71.5,2.93,2,2,0,12.1,1,0,0
2024-01-01,102,13,8.36,77.9,73.5,2.59,2,2,0,7.1,1,0,0
2024-02-01,102,14,8.39,74.3,75.7,3.02,2,2,0,7.8,2,0,0
2024-03-01,102,15,8.72,83.1,71.5,2.82,2,2,0,16.4,3,0,0
2024-04-01,102,16,8.47,75.9,80.7,2.82,2,2,0,9.1,3,0,0
2024-05-01,102,17,8.75,79.0,70.7,3.04,3,3,0,10.1,3,0,1
2024-06-01,102,18,8.79,78.1,82.4,3.32,3,4,0,10.3,3,0,1
2023-01-01,103,1,6.74,92.6,69.1,3.83,0,0,0,2.8,0,1,0
2023-02-01,103,2,6.61,93.0,63.9,3.93,0,0,0,7.8,0,1,0
2023-03-01,103,3,6.72,86.6,58.7,3.94,0,0,0,4.9,0,1,0
2023-04-01,103,4,6.81,82.7,52.7,4.22,0,1,0,3.4,0,0,0
2023-05-01,103,5,6.79,88.9,63.0,3.89,0,1,0,5.2,0,0,1
2023-06-01,103,6,6.63,81.2,57.4,3.77,1,1,0,1.8,0,0,1
2023-07-01,103,7,6.94,91.9,65.1,3.86,1,1,0,7.2,0,0,1
2023-08-01,103,8,6.89,86.0,61.5,3.8,1,1,0,0.0,0,0,1
2023-09-01,103,9,6.85,84.9,58.4,3.62,1,1,0,0.1,0,0,1
2023-10-01,103,10,6.94,88.0,66.0,4.05,1,1,0,7.0,0,0,1
2023-11-01,103,11,7.01,87.8,62.2,3.88,1,1,0,9.4,0,0,1
2023-12-01,103,12,7.04,80.1,63.6,3.74,1,1,0,4.5,0,0,1
2024-01-01,103,13,7.15,88.3,60.3,4.06,1,1,0,6.7,0,0,1
2024-02-01,103,14,6.94,87.7,67.1,4.31,1,1,0,5.6,0,0,1
2024-03-01,103,15,7.03,88.9,54.6,3.98,1,1,0,5.9,0,0,1
2024-04-01,103,16,7.02,74.9,63.1,4.04,1,1,0,0.9,0,0,1
2024-05-01,103,17,7.3,84.0,67.7,4.13,1,1,0,5.0,0,0,1
2024-06-01,103,18,7.26,84.5,62.2,4.28,1,1,0,8.5,0,0,1
2023-01-01,104,1,7.67,59.0,72.0,2.65,0,1,1,1.6,0,0,0
2023-02-01,104,2,7.42,61.3,71.9,2.68,0,1,1,7.2,0,0,0
2023-03-01,104,3,7.8,62.5,64.9,2.7,0,1,1,5.1,0,0,0
2023-04-01,104,4,7.74,66.9,74.8,2.67,0,1,2,2.6,0,0,0
2023-05-01,104,5,7.62,68.4,69.3,2.55,0,1,2,1.1,0,0,0
2023-06-01,104,6,7.77,58.5,73.4,2.86,0,1,2,5.4,0,0,0
2023-07-01,104,7,7.46,53.9,76.2,2.71,0,1,2,6.2,0,0,0
2023-08-01,104,8,7.72,66.6,67.5,2.53,0,1,2,7.2,0,0,0
2023-09-01,104,9,7.72,52.2,75.7,2.57,1,1,2,3.7,0,0,0
2023-10-01,104,10,7.79,66.8,80.0,2.61,1,1,2,0.7,0,0,0
2023-11-01,104,11,7.76,60.2,67.9,2.93,1,1,2,4.8,0,0,0
2023-12-01,104,12,7.77,60.9,73.8,2.53,1,1,2,1.9,0,0,0
2024-01-01,104,13,7.68,60.2,76.6,2.45,1,1,3,7.3,0,0,0
2024-02-01,104,14,7.82,52.6,69.2,2.92,1,1,3,6.0,0,0,0
2024-03-01,104,15,7.74,56.7,77.7,2.86,1,1,3,2.8,0,0,0
2024-04-01,104,16,7.93,61.1,63.2,2.74,1,1,3,8.1,1,0,0
2024-05-01,104,17,7.89,59.8,71.9,2.89,1,1,3,4.3,1,0,0
2024-06-01,104,18,7.8,64.9,74.9,2.93,1,1,3,7.9,1,0,0
2023-01-01,105,1,6.13,89.6,58.1,4.27,0,0,1,5.3,0,1,0
2023-02-01,105,2,6.38,91.2,68.1,4.56,0,0,1,1.2,0,1,0
2023-03-01,105,3,6.44,92.2,57.5,4.47,0,0,1,4.8,0,1,0
2023-04-01,105,4,6.3,84.8,61.2,4.61,0,0,1,3.4,0,1,0
2023-05-01,105,5,6.34,89.9,63.3,4.38,0,0,1,5.7,0,1,0
2023-06-01,105,6,6.52,92.3,51.6,4.42,0,0,1,3.0,0,1,0
2023-07-01,105,7,6.72,93.7,60.3,4.81,0,0,1,0.0,0,1,0
2023-08-01,105,8,6.36,97.1,60.7,4.81,0,0,1,1.4,1,1,0
2023-09-01,105,9,6.64,90.5,58.5,4.66,0,0,1,5.9,1,1,0
2023-10-01,105,10,6.76,90.1,61.1,4.52,0,0,1,6.1,1,1,0
2023-11-01,105,11,6.62,93.1,62.8,4.79,0,0,1,2.9,1,1,0
2023-12-01,105,12,6.6,96.3,65.2,4.68,0,0,1,3.2,2,1,0
2024-01-01,105,13,6.85,94.7,62.8,4.98,0,0,1,2.2,2,1,0
2024-02-01,105,14,6.78,94.2,61.8,4.46,0,0,1,3.2,2,0,0
2024-03-01,105,15,6.79,89.4,65.7,4.75,0,0,1,4.9,2,0,0
2024-04-01,105,16,6.89,89.2,65.9,4.68,0,0,1,3.5,2,0,0
2024-05-01,105,17,6.73,91.2,62.6,4.6,0,0,1,2.9,2,0,0
2024-06-01,105,18,6.95,94.7,63.6,4.59,0,0,1,7.7,2,0,0
2023-01-01,106,1,6.94,80.1,67.6,2.51,0,1,0,6.9,0,0,0
2023-02-01,106,2,6.98,79.0,65.6,2.39,0,1,0,8.2,0,0,0
2023-03-01,106,3,6.96,77.4,84.3,2.58,0,1,0,8.3,0,0,0
2023-04-01,106,4,6.92,82.2,70.9,2.32,0,1,0,8.1,0,0,0
2023-05-01,106,5,7.02,72.5,71.1,2.53,0,1,0,6.8,0,0,0
2023-06-01,106,6,7.02,70.8,71.2,2.63,0,1,0,6.1,0,0,0
2023-07-01,106,7,7.23,68.7,77.7,2.6,0,1,0,8.2,0,0,1
2023-08-01,106,8,6.86,77.1,74.7,2.23,0,1,0,8.6,0,0,1
2023-09-01,106,9,7.08,78.4,70.9,2.42,0,1,0,9.0,0,0,1
2023-10-01,106,10,7.06,72.7,70.1,2.48,0,1,1,10.7,0,0,1
2023-11-01,106,11,7.11,79.5,84.4,2.38,1,1,1,9.1,0,0,1
2023-12-01,106,12,7.13,72.1,75.3,2.35,1,1,1,7.5,0,0,1
2024-01-01,106,13,7.04,72.2,78.1,2.47,1,1,1,9.8,0,0,1
2024-02-01,106,14,6.94,82.9,79.9,2.47,1,1,1,2.6,0,0,1
2024-03-01,106,15,7.12,74.5,76.6,2.55,1,1,1,11.2,0,0,1
2024-04-01,106,16,7.31,74.8,81.9,2.78,1,1,2,5.3,0,0,1
2024-05-01,106,17,7.33,76.9,84.3,2.56,1,1,2,8.7,0,0,1
2024-06-01,106,18,7.12,70.8,84.3,2.72,1,1,2,6.6,0,0,1
2023-01-01,107,1,6.16,95.5,72.4,4.25,0,1,1,0.2,0,0,0
2023-02-01,107,2,6.18,100.0,73.4,3.98,0,1,2,9.0,0,0,0
2023-03-01,107,3,6.3,94.7,74.0,4.24,0,1,2,4.1,0,0,0
2023-04-01,107,4,6.39,94.2,71.9,4.02,0,1,2,4.4,0,0,0
2023-05-01,107,5,6.6,93.0,72.3,4.27,0,1,2,4.3,0,0,0
2023-06-01,107,6,6.66,93.0,76.2,4.07,0,1,2,0.0,0,0,0
2023-07-01,107,7,6.49,95.3,85.2,4.19,0,1,2,2.0,0,0,0
2023-08-01,107,8,6.52,91.6,74.7,4.1,0,1,2,5.9,0,0,0
2023-09-01,107,9,6.32,94.7,68.5,4.46,0,1,2,6.6,0,0,0
2023-10-01,107,10,6.58,95.9,71.5,4.29,0,1,2,8.6,0,0,0
2023-11-01,107,11,6.72,94.8,75.1,4.18,0,1,2,3.2,0,0,0
2023-12-01,107,12,6.66,88.0,72.7,4.28,0,1,2,4.9,0,0,0
2024-01-01,107,13,6.63,95.3,78.2,4.16,0,1,2,10.4,0,0,0
2024-02-01,107,14,6.62,98.0,73.7,4.52,0,1,2,1.2,0,0,0
2024-03-01,107,15,6.76,100.0,76.8,4.32,0,1,2,6.2,0,0,0
2024-04-01,107,16,6.84,87.9,73.2,4.36,0,1,3,0.0,0,0,0
2024-05-01,107,17,6.95,91.6,76.3,4.16,0,1,3,4.9,0,0,0
2024-06-01,107,18,7.28,97.3,81.4,4.39,0,1,3,4.2,0,0,0
2023-01-01,108,1,6.98,79.5,44.4,2.56,0,1,1,7.5,0,0,0
2023-02-01,108,2,6.63,74.1,37.8,2.99,0,1,1,6.0,0,0,0
2023-03-01,108,3,6.83,71.0,50.3,2.82,0,1,2,12.4,0,0,0
2023-04-01,108,4,6.97,76.7,50.3,2.83,0,1,2,9.5,0,0,0
2023-05-01,108,5,7.05,72.4,47.8,3.13,0,1,2,12.1,0,0,0
2023-06-01,108,6,7.03,70.5,45.9,2.78,0,1,2,9.4,0,0,0
2023-07-01,108,7,6.87,83.7,48.1,2.83,0,1,2,8.3,0,0,0
2023-08-01,108,8,6.88,77.1,51.3,2.79,0,1,2,11.9,0,0,0
2023-09-01,108,9,7.01,83.8,52.6,2.89,0,1,2,6.7,0,0,0
2023-10-01,108,10,7.05,87.4,50.4,2.82,0,1,2,8.0,1,0,0
2023-11-01,108,11,7.14,76.5,43.7,2.82,0,1,3,8.5,1,0,0
2023-12-01,108,12,7.37,83.7,51.5,2.7,0,1,3,4.1,1,0,0
2024-01-01,108,13,7.09,75.0,51.5,2.86,0,1,3,9.8,1,0,0
2024-02-01,108,14,7.23,79.7,55.3,3.0,0,1,3,13.5,2,0,0
2024-03-01,108,15,7.26,74.8,52.6,2.86,0,2,3,7.6,3,0,0
2024-04-01,108,16,7.47,75.4,58.1,2.69,0,2,3,11.3,3,0,0
2024-05-01,108,17,7.34,68.4,58.8,2.73,0,2,3,11.6,4,0,0
2024-06-01,108,18,7.25,87.6,54.6,3.09,0,2,3,8.2,5,0,0
2023-01-01,109,1,7.4,80.4,30.8,4.44,0,0,0,4.8,0,0,0
2023-02-01,109,2,7.68,79.3,29.5,4.34,0,0,0,7.8,0,0,0
2023-03-01,109,3,8.01,82.5,23.2,4.69,0,0,0,5.8,0,0,0
2023-04-01,109,4,7.69,81.0,29.8,4.58,0,0,0,4.5,0,0,0
2023-05-01,109,5,8.05,76.2,36.7,4.63,0,0,1,5.2,0,0,0
2023-06-01,109,6,7.75,76.4,41.2,4.65,0,0,1,8.1,1,0,0
2023-07-01,109,7,7.73,76.8,26.3,4.54,0,1,1,6.8,1,0,0
2023-08-01,109,8,7.9,83.2,38.4,4.59,0,1,2,8.4,1,0,0
2023-09-01,109,9,8.09,75.2,34.0,4.45,0,1,3,9.9,1,0,0
2023-10-01,109,10,8.16,75.3,35.5,4.74,0,1,3,6.1,1,0,0
2023-11-01,109,11,8.08,80.2,40.0,4.71,0,1,3,6.4,2,0,0
2023-12-01,109,12,8.07,83.6,35.8,4.67,0,1,3,10.9,2,0,0
2024-01-01,109,13,8.45,78.9,34.6,4.85,0,2,3,10.3,2,0,0
2024-02-01,109,14,8.53,82.5,43.7,4.62,1,2,3,8.0,2,0,0
2024-03-01,109,15,8.46,77.1,40.3,4.69,1,2,3,8.2,2,0,0
2024-04-01,109,16,8.19,81.1,38.4,4.81,1,2,3,6.8,2,0,1
2024-05-01,109,17,8.27,81.7,35.1,4.96,1,2,3,8.2,2,0,1
2024-06-01,109,18,8.19,74.9,37.8,4.61,1,2,3,7.1,2,0,1
2023-01-01,110,1,5.73,100.0,83.2,3.84,0,1,0,10.6,0,0,0
2023-02-01,110,2,5.69,100.0,74.9,3.53,1,2,1,15.1,0,0,0
2023-03-01,110,3,5.61,98.1,76.8,3.44,2,2,1,10.0,0,0,0
2023-04-01,110,4,5.95,100.0,88.0,3.74,2,2,1,11.2,0,0,1
2023-05-01,110,5,5.64,97.5,87.4,3.72,3,2,1,9.9,0,0,1
2023-06-01,110,6,5.75,100.0,87.0,3.59,3,2,1,8.8,1,0,1
2023-07-01,110,7,5.64,99.8,83.9,3.69,3,2,1,10.8,1,0,1
2023-08-01,110,8,5.77,100.0,83.7,3.71,3,2,1,11.9,2,0,1
2023-09-01,110,9,5.73,96.0,87.0,3.69,3,2,1,9.2,3,0,1
2023-10-01,110,10,5.75,100.0,90.0,3.79,3,2,1,11.1,3,0,1
2023-11-01,110,11,6.01,100.0,84.1,3.44,3,2,1,10.9,3,0,1
2023-12-01,110,12,5.88,97.8,82.2,3.81,3,2,1,12.7,3,0,1
2024-01-01,110,13,6.0,100.0,94.8,3.71,4,2,1,17.6,3,0,1
2024-02-01,110,14,6.17,100.0,90.9,3.79,4,2,1,12.0,4,0,1
2024-03-01,110,15,5.95,96.8,93.9,3.51,4,2,1,10.9,4,0,1
2024-04-01,110,16,6.07,91.1,92.5,3.82,4,2,1,11.7,5,0,1
2024-05-01,110,17,6.02,100.0,91.8,3.93,4,2,1,13.4,5,0,1
2024-06-01,110,18,6.16,100.0,90.5,3.76,4,2,2,15.2,5,0,1
2023-01-01,111,1,7.38,79.5,63.3,2.34,0,1,0,9.4,0,0,0
2023-02-01,111,2,7.45,78.8,66.0,2.31,0,1,0,6.2,0,0,0
2023-03-01,111,3,7.35,83.9,57.8,2.57,0,1,0,5.5,0,0,0
2023-04-01,111,4,7.39,80.5,52.0,2.52,0,1,0,6.1,0,0,0
2023-05-01,111,5,7.65,78.2,55.3,2.5,0,1,0,7.8,0,0,0
2023-06-01,111,6,7.45,73.9,67.7,2.7,0,1,0,3.0,0,0,0
2023-07-01,111,7,7.67,79.5,59.1,2.31,0,1,0,9.6,1,0,0
2023-08-01,111,8,7.63,77.1,61.1,2.31,0,1,0,4.9,1,0,0
2023-09-01,111,9,7.66,74.1,64.5,2.46,0,1,0,2.6,2,0,0
2023-10-01,111,10,7.62,73.9,70.7,2.49,0,1,0,6.0,3,0,0
2023-11-01,111,11,7.73,79.3,70.4,2.68,0,1,0,8.3,3,0,0
2023-12-01,111,12,7.64,81.8,62.3,2.75,0,1,0,5.5,3,0,0
2024-01-01,111,13,7.69,80.0,69.7,2.53,0,2,0,9.3,3,0,0
2024-02-01,111,14,7.9,73.8,63.4,2.46,0,3,0,6.0,3,0,0
2024-03-01,111,15,7.69,83.7,60.9,2.93,0,3,0,5.2,3,0,0
2024-04-01,111,16,7.6,81.8,63.8,2.98,0,3,0,6.8,4,0,0
2024-05-01,111,17,7.71,77.4,74.3,2.61,0,3,0,2.4,4,0,0
2024-06-01,111,18,7.67,83.2,61.3,2.85,0,3,0,8.2,4,0,0
2023-01-01,112,1,7.28,88.2,25.5,2.82,0,2,0,11.3,0,0,0
2023-02-01,112,2,7.19,93.6,30.7,2.83,0,2,1,7.0,0,0,0
2023-03-01,112,3,7.29,91.7,37.6,3.0,0,2,1,5.0,0,0,0
2023-04-01,112,4,7.22,90.3,37.0,2.76,0,2,1,7.0,0,0,0
2023-05-01,112,5,7.44,99.4,29.5,2.84,0,2,1,13.7,0,0,0
2023-06-01,112,6,7.32,93.2,32.2,2.7,0,2,1,12.2,0,0,0
2023-07-01,112,7,7.57,96.8,35.0,2.79,0,2,1,10.4,1,0,0
2023-08-01,112,8,7.43,99.0,36.3,2.99,0,2,1,5.4,1,0,0
2023-09-01,112,9,7.61,90.8,35.0,2.68,0,2,1,4.5,1,0,0
2023-10-01,112,10,7.73,89.1,41.9,2.59,0,2,1,7.3,1,0,0
2023-11-01,112,11,7.55,95.0,34.4,2.8,0,2,1,5.7,1,0,0
2023-12-01,112,12,7.57,94.1,40.3,2.79,0,2,1,9.9,1,0,0
2024-01-01,112,13,7.64,95.6,35.8,2.95,0,2,1,11.0,1,0,0
2024-02-01,112,14,7.88,88.9,39.6,2.71,0,2,1,6.6,2,0,0
2024-03-01,112,15,7.63,95.5,37.9,3.08,0,3,1,1.9,2,0,0
2024-04-01,112,16,7.94,92.9,35.3,2.75,0,3,1,9.3,2,0,0
2024-05-01,112,17,7.7,87.3,37.8,2.79,0,3,1,4.2,3,0,0
2024-06-01,112,18,8.03,100.0,40.9,3.07,0,3,1,10.9,3,0,0
2023-01-01,113,1,6.4,88.4,46.6,3.49,0,1,1,4.6,0,0,0
2023-02-01,113,2,6.58,81.9,46.1,3.71,0,1,1,4.1,0,0,0
2023-03-01,113,3,6.72,83.1,48.2,3.66,0,1,1,2.8,0,0,0
2023-04-01,113,4,6.73,84.6,52.1,3.93,0,1,1,6.0,0,0,0
2023-05-01,113,5,6.85,79.3,46.0,3.79,0,1,1,0.9,0,0,0
2023-06-01,113,6,6.74,86.9,50.2,3.8,0,1,1,1.6,0,0,0
2023-07-01,113,7,6.83,87.0,54.4,3.78,0,1,1,1.0,0,0,0
2023-08-01,113,8,6.97,79.6,43.4,3.67,0,1,2,0.0,0,0,0
2023-09-01,113,9,6.78,82.4,45.3,3.99,0,1,2,4.1,0,0,0
2023-10-01,113,10,6.75,83.2,57.2,3.98,0,1,2,0.3,0,0,0
2023-11-01,113,11,6.76,84.9,47.8,3.85,0,1,2,3.5,0,0,0
2023-12-01,113,12,7.03,83.1,54.0,3.7,1,1,2,0.6,0,0,0
2024-01-01,113,13,7.18,78.4,44.5,4.08,1,1,2,4.3,0,0,0
2024-02-01,113,14,6.95,82.6,48.4,3.71,1,1,2,4.2,0,0,0
2024-03-01,113,15,7.08,82.8,57.8,3.68,1,1,2,1.4,0,0,0
2024-04-01,113,16,7.18,84.4,49.0,3.9,1,1,2,8.9,0,0,0
2024-05-01,113,17,7.13,75.1,52.7,3.94,1,1,2,3.6,0,0,0
2024-06-01,113,18,7.42,77.4,47.9,3.95,1,1,2,5.4,1,0,1
2023-01-01,114,1,5.62,89.5,70.8,3.59,0,0,0,12.9,0,0,0
2023-02-01,114,2,6.08,87.6,78.5,3.98,0,0,0,12.4,0,0,0
2023-03-01,114,3,5.94,84.9,69.6,3.86,0,0,0,13.7,0,0,0
2023-04-01,114,4,5.78,87.7,71.5,3.75,1,0,0,11.8,0,0,0
2023-05-01,114,5,5.92,90.2,72.7,4.17,1,0,0,10.4,0,0,0
2023-06-01,114,6,5.91,88.5,78.4,4.1,1,0,0,13.6,0,0,0
2023-07-01,114,7,6.12,81.3,74.4,4.22,1,1,0,12.8,0,0,0
2023-08-01,114,8,6.12,91.4,81.1,3.94,1,2,0,11.9,0,0,0
2023-09-01,114,9,5.99,90.3,75.0,4.21,1,2,0,8.1,0,0,0
2023-10-01,114,10,5.91,89.6,71.6,4.09,1,2,0,13.8,0,0,0
2023-11-01,114,11,5.88,90.9,83.3,4.06,1,2,0,11.5,1,0,0
2023-12-01,114,12,6.17,79.1,80.7,4.22,1,2,1,13.5,1,0,0
2024-01-01,114,13,6.12,83.4,78.1,3.92,1,2,1,7.7,1,0,0
2024-02-01,114,14,6.19,86.3,74.4,3.93,1,2,1,9.9,2,0,0
2024-03-01,114,15,6.24,83.7,75.1,3.99,1,2,1,13.1,2,0,0
2024-04-01,114,16,5.91,82.3,80.1,3.91,2,2,1,12.7,2,0,0
2024-05-01,114,17,6.4,88.3,78.7,4.04,2,3,1,9.3,3,0,1
2024-06-01,114,18,6.15,92.8,82.9,3.77,2,3,1,7.0,3,0,1
2023-01-01,115,1,7.1,82.5,49.5,3.2,0,2,0,0.0,0,0,0
2023-02-01,115,2,7.18,78.9,64.3,3.12,0,2,0,2.0,0,0,0
2023-03-01,115,3,7.3,84.6,50.2,3.28,0,2,0,1.8,0,0,1
2023-04-01,115,4,7.12,87.2,60.0,3.01,0,2,0,4.7,1,0,1
2023-05-01,115,5,7.21,87.8,52.8,3.12,1,3,0,6.6,1,0,1
2023-06-01,115,6,7.19,85.5,56.6,3.17,1,4,0,8.0,1,0,1
2023-07-01,115,7,7.16,86.2,56.1,3.29,1,4,0,10.6,1,0,1
2023-08-01,115,8,7.31,79.4,50.1,3.02,2,4,0,3.5,1,0,1
2023-09-01,115,9,7.45,80.5,60.7,3.38,2,4,0,4.3,1,0,1
2023-10-01,115,10,7.38,79.2,65.6,3.08,2,4,0,3.5,2,0,1
2023-11-01,115,11,7.58,78.7,54.1,3.41,2,4,0,8.8,2,0,1
2023-12-01,115,12,7.69,83.6,56.3,3.28,2,4,0,5.7,2,0,1
2024-01-01,115,13,7.8,71.8,55.5,3.04,2,4,0,1.2,3,0,1
2024-02-01,115,14,7.44,84.8,64.5,3.27,2,4,0,9.4,3,0,1
2024-03-01,115,15,7.58,73.3,61.0,3.36,2,4,0,4.8,3,0,1
2024-04-01,115,16,7.99,85.2,57.4,3.29,2,4,1,5.7,3,0,1
2024-05-01,115,17,7.74,86.2,59.3,3.36,2,4,1,5.2,4,0,1
2024-06-01,115,18,7.74,86.4,61.1,3.44,2,4,1,5.7,4,0,1
2023-01-01,116,1,6.64,90.5,56.4,3.04,0,1,0,2.8,0,0,0
2023-02-01,116,2,6.64,90.5,50.8,3.12,0,1,0,6.6,0,0,0
2023-03-01,116,3,6.71,82.6,50.8,3.07,0,1,0,6.1,0,0,0
2023-04-01,116,4,6.74,91.9,51.6,3.45,0,1,0,0.7,0,0,0
2023-05-01,116,5,6.9,98.5,53.2,3.45,0,1,0,3.2,0,0,0
2023-06-01,116,6,6.68,94.4,52.9,3.22,0,2,0,0.1,0,0,0
2023-07-01,116,7,6.71,91.8,54.7,3.15,0,2,0,3.7,1,0,0
2023-08-01,116,8,6.66,84.7,51.3,3.18,0,2,0,0.0,1,0,0
2023-09-01,116,9,6.63,92.6,59.1,3.03,0,3,0,4.6,1,0,0
2023-10-01,116,10,6.94,91.7,47.5,3.23,0,3,0,6.5,1,0,0
2023-11-01,116,11,6.57,90.0,62.8,3.19,0,3,0,5.5,1,0,0
2023-12-01,116,12,6.69,91.0,55.2,3.1,0,3,0,4.4,1,0,0
2024-01-01,116,13,6.69,85.5,52.6,3.2,0,3,0,4.9,1,0,0
2024-02-01,116,14,6.94,87.6,48.3,3.33,0,3,0,4.5,1,0,0
2024-03-01,116,15,6.79,93.7,56.6,3.24,0,4,0,3.7,1,0,0
2024-04-01,116,16,6.83,86.1,60.2,3.22,0,4,0,6.2,1,0,0
2024-05-01,116,17,6.62,93.0,58.5,3.36,0,4,0,0.0,1,0,0
2024-06-01,116,18,6.88,90.7,52.2,3.44,0,4,0,2.5,2,0,0
2023-01-01,117,1,7.01,75.8,79.1,3.88,0,1,1,2.5,0,0,0
2023-02-01,117,2,7.3,74.7,79.7,3.51,0,1,2,4.6,0,0,0
2023-03-01,117,3,7.39,70.2,80.4,4.02,0,1,2,7.6,0,0,0
2023-04-01,117,4,7.37,78.3,85.0,3.74,0,1,2,5.3,0,0,0
2023-05-01,117,5,7.34,70.2,70.5,3.94,0,1,2,6.2,0,0,0
2023-06-01,117,6,7.24,77.3,82.3,4.06,0,2,2,6.2,0,0,1
2023-07-01,117,7,7.59,79.7,81.1,3.73,0,2,2,3.8,0,0,1
2023-08-01,117,8,7.53,76.5,83.1,3.65,0,2,2,5.8,0,0,1
2023-09-01,117,9,7.56,76.8,85.1,3.66,0,2,2,3.6,0,0,1
2023-10-01,117,10,7.59,80.0,90.4,3.88,0,2,2,7.8,0,0,1
2023-11-01,117,11,7.66,82.1,90.9,3.81,0,2,2,3.1,0,0,1
2023-12-01,117,12,7.56,70.3,82.8,3.81,0,2,2,5.5,0,0,1
2024-01-01,117,13,7.7,72.9,79.7,3.71,0,2,2,7.4,0,0,1
2024-02-01,117,14,7.77,80.6,87.0,4.0,0,2,2,2.5,0,0,1
2024-03-01,117,15,7.65,75.0,83.0,4.14,0,2,2,7.0,0,0,1
2024-04-01,117,16,7.91,74.6,84.5,3.74,0,2,2,5.2,1,0,1
2024-05-01,117,17,7.67,66.9,86.1,4.05,0,2,2,4.2,1,0,1
2024-06-01,117,18,7.88,70.9,87.7,3.92,0,2,2,4.0,1,0,1
2023-01-01,118,1,6.79,75.9,42.4,3.13,0,0,0,14.3,0,0,0
2023-02-01,118,2,6.98,64.6,44.4,3.43,0,0,1,11.9,0,0,0
2023-03-01,118,3,6.98,69.6,43.1,3.28,0,0,1,10.6,0,0,0
2023-04-01,118,4,7.01,69.6,45.8,3.19,0,0,1,10.3,0,0,0
2023-05-01,118,5,6.99,67.0,41.7,3.17,0,1,1,12.7,0,0,0
2023-06-01,118,6,7.14,69.0,48.6,3.35,0,1,1,9.7,0,0,0
2023-07-01,118,7,6.97,62.7,53.7,3.32,0,1,1,14.0,0,0,0
2023-08-01,118,8,6.98,72.9,48.4,3.51,0,1,1,9.5,1,0,0
2023-09-01,118,9,6.76,71.2,47.5,3.2,0,1,1,6.5,1,0,0
2023-10-01,118,10,7.12,72.1,43.9,3.38,0,1,1,9.3,1,0,0
2023-11-01,118,11,7.13,70.9,47.4,3.59,0,1,1,11.2,1,0,0
2023-12-01,118,12,7.08,72.8,52.8,3.22,0,1,1,12.4,1,0,0
2024-01-01,118,13,7.28,72.9,59.1,3.19,0,1,1,5.9,1,0,0
2024-02-01,118,14,7.25,64.9,48.0,3.3,0,1,2,12.1,2,0,0
2024-03-01,118,15,7.31,77.7,57.1,3.44,0,1,2,9.8,2,0,0
2024-04-01,118,16,7.34,69.2,55.6,3.71,0,1,3,6.8,2,0,0
2024-05-01,118,17,7.03,73.7,61.2,3.6,0,1,3,13.6,3,0,1
2024-06-01,118,18,7.48,73.7,52.2,3.31,0,2,3,10.1,3,0,1
2023-01-01,119,1,8.28,73.3,41.1,2.59,0,0,0,6.0,0,0,0
2023-02-01,119,2,8.06,76.5,47.7,2.26,0,0,0,9.2,0,0,0
2023-03-01,119,3,8.37,83.5,52.8,2.43,0,0,0,0.0,0,0,0
2023-04-01,119,4,8.42,80.2,39.5,2.38,0,0,0,8.4,0,0,0
2023-05-01,119,5,8.25,73.7,47.3,2.09,0,0,0,5.8,0,0,0
2023-06-01,119,6,8.37,79.1,52.6,2.42,0,0,0,5.4,0,0,0
2023-07-01,119,7,8.36,75.7,48.2,2.5,0,0,0,8.3,0,0,0
2023-08-01,119,8,8.63,73.3,45.5,2.18,0,0,0,7.1,0,0,0
2023-09-01,119,9,8.35,77.6,46.0,2.42,0,0,0,0.0,0,0,0
2023-10-01,119,10,8.34,72.7,48.8,2.58,0,1,0,5.0,0,0,0
2023-11-01,119,11,8.36,74.2,52.9,2.46,0,1,0,7.2,0,0,0
2023-12-01,119,12,8.42,74.4,46.9,2.4,0,1,0,10.1,0,0,0
2024-01-01,119,13,8.3,78.9,56.6,2.22,0,1,0,6.9,1,0,0
2024-02-01,119,14,8.5,78.9,53.9,2.36,0,1,0,5.0,1,0,0
2024-03-01,119,15,8.5,76.7,47.1,2.6,0,1,0,0.1,1,0,0
2024-04-01,119,16,8.44,75.0,49.2,2.52,0,1,0,1.3,1,0,0
2024-05-01,119,17,8.53,82.2,46.0,2.24,0,1,0,2.3,1,0,0
2024-06-01,119,18,8.52,76.2,52.0,2.23,0,1,0,6.4,1,0,0
2023-01-01,120,1,6.87,84.1,61.1,2.68,1,0,1,9.1,0,0,0
2023-02-01,120,2,6.94,90.1,60.5,2.54,2,0,1,7.5,0,0,0
2023-03-01,120,3,6.8,86.3,65.8,2.86,2,0,1,13.3,0,0,0
2023-04-01,120,4,6.71,83.3,66.2,2.62,2,0,1,10.8,0,0,0
2023-05-01,120,5,6.94,89.3,60.2,2.89,2,0,1,8.1,0,0,0
2023-06-01,120,6,7.16,80.7,60.1,2.72,2,0,1,10.2,0,0,0
2023-07-01,120,7,7.15,81.3,63.7,2.85,2,0,1,13.7,0,0,0
2023-08-01,120,8,7.14,82.6,71.1,2.68,2,0,1,7.6,0,0,1
2023-09-01,120,9,7.21,82.1,70.6,2.75,2,1,1,10.7,0,0,1
2023-10-01,120,10,7.24,83.4,73.1,2.62,2,1,1,4.8,0,0,1
2023-11-01,120,11,7.21,77.2,69.8,2.68,2,1,1,6.6,0,0,1
2023-12-01,120,12,7.23,86.7,68.9,2.58,2,2,1,9.7,0,0,1
2024-01-01,120,13,7.24,87.2,67.5,2.73,2,2,1,7.5,0,0,1
2024-02-01,120,14,7.16,88.5,71.7,2.78,2,2,2,12.2,1,0,1
2024-03-01,120,15,7.13,76.4,71.7,2.76,2,2,3,7.8,1,0,1
2024-04-01,120,16,7.57,81.3,71.8,2.6,2,2,3,7.7,1,0,1
2024-05-01,120,17,7.37,79.4,75.1,2.52,2,2,3,8.2,1,0,1
2024-06-01,120,18,7.46,91.7,73.4,2.67,2,2,3,8.7,1,0,1
2023-01-01,121,1,6.22,75.1,63.7,3.42,0,1,0,8.1,0,0,0
2023-02-01,121,2,6.02,81.9,62.7,3.52,0,1,0,6.4,0,0,0
2023-03-01,121,3,6.09,78.1,66.1,3.47,0,2,0,10.5,0,0,0
2023-04-01,121,4,6.2,78.6,70.0,3.65,0,3,0,4.6,0,0,0
2023-05-01,121,5,6.39,77.0,61.2,3.65,0,3,0,5.3,0,0,0
2023-06-01,121,6,6.16,77.5,67.6,3.18,0,3,0,11.2,0,0,0
2023-07-01,121,7,6.33,81.2,63.8,3.44,0,4,0,10.4,0,0,0
2023-08-01,121,8,6.47,80.5,65.6,3.31,0,4,0,10.2,0,0,0
2023-09-01,121,9,6.29,79.5,69.8,3.47,0,4,0,9.6,1,0,0
2023-10-01,121,10,6.23,82.7,73.9,3.56,0,4,0,8.1,1,0,0
2023-11-01,121,11,6.17,77.0,72.8,3.33,0,4,0,13.6,2,0,0
2023-12-01,121,12,6.15,80.2,76.4,3.51,0,4,0,15.5,2,0,0
2024-01-01,121,13,6.34,79.5,77.4,3.47,0,4,0,7.2,2,0,0
2024-02-01,121,14,6.36,81.8,70.9,3.28,0,4,0,9.6,2,0,0
2024-03-01,121,15,6.37,83.9,75.5,3.8,1,4,0,7.4,2,0,0
2024-04-01,121,16,6.4,81.2,84.6,3.5,1,4,0,11.6,2,0,0
2024-05-01,121,17,6.43,72.6,80.8,3.44,1,4,0,7.1,2,0,0
2024-06-01,121,18,6.24,81.9,75.1,3.4,1,4,0,9.8,2,0,0
2023-01-01,122,1,7.12,84.8,66.1,3.94,0,1,0,6.2,0,0,0
2023-02-01,122,2,7.3,89.5,57.5,4.24,0,1,0,12.1,0,0,0
2023-03-01,122,3,7.28,89.7,71.7,4.1,0,1,0,10.0,0,0,0
2023-04-01,122,4,7.29,92.8,67.4,4.06,0,1,0,8.3,0,0,0
2023-05-01,122,5,7.24,91.1,64.5,4.17,0,2,0,8.4,0,0,0
2023-06-01,122,6,7.01,92.2,72.3,4.05,0,2,0,9.7,0,0,0
2023-07-01,122,7,7.09,83.9,69.7,4.1,0,2,1,10.0,0,0,0
2023-08-01,122,8,7.07,83.0,71.9,4.24,0,2,1,7.5,0,0,0
2023-09-01,122,9,7.27,87.0,69.3,4.14,0,2,1,8.5,0,0,0
2023-10-01,122,10,7.3,91.5,67.8,4.11,0,2,1,9.9,1,0,0
2023-11-01,122,11,7.33,86.7,70.0,4.22,0,2,1,3.3,1,0,0
2023-12-01,122,12,7.34,93.1,68.8,4.05,0,2,1,9.8,1,0,0
2024-01-01,122,13,7.3,87.7,74.1,4.05,0,2,1,7.3,1,0,0
2024-02-01,122,14,7.24,86.8,82.6,4.43,0,2,1,7.5,1,0,0
2024-03-01,122,15,7.23,91.6,75.5,4.48,0,2,1,10.9,1,0,0
2024-04-01,122,16,7.3,91.9,84.6,4.39,0,3,1,9.0,2,0,0
2024-05-01,122,17,7.38,85.1,78.4,4.12,0,4,1,11.1,3,0,0
2024-06-01,122,18,7.56,88.7,80.0,4.45,0,4,1,11.4,3,0,0
2023-01-01,123,1,7.13,100.0,67.5,4.44,0,2,0,8.2,0,0,0
2023-02-01,123,2,7.17,87.7,70.9,4.32,0,2,0,4.4,0,0,0
2023-03-01,123,3,7.23,100.0,77.9,4.26,0,2,0,9.7,0,0,0
2023-04-01,123,4,7.13,91.7,68.4,4.23,0,2,0,7.2,0,0,0
2023-05-01,123,5,7.19,96.7,80.8,4.4,0,2,0,10.4,0,0,0
2023-06-01,123,6,7.49,96.7,65.8,4.45,0,2,0,6.6,0,0,0
2023-07-01,123,7,7.08,93.0,67.4,4.67,0,2,0,6.9,0,0,0
2023-08-01,123,8,7.28,92.5,71.6,4.41,0,2,0,3.6,0,0,0
2023-09-01,123,9,7.36,95.0,76.1,4.4,0,2,0,7.4,0,0,0
2023-10-01,123,10,7.55,87.8,74.7,4.41,0,2,0,5.3,1,0,0
2023-11-01,123,11,7.08,94.4,77.1,4.58,0,2,0,0.3,1,0,0
2023-12-01,123,12,7.4,95.6,77.5,4.26,0,2,0,6.5,2,0,0
2024-01-01,123,13,7.34,98.1,80.3,4.28,0,2,0,1.0,3,0,0
2024-02-01,123,14,7.46,88.5,72.1,4.21,0,2,0,4.5,3,0,0
2024-03-01,123,15,7.07,89.9,80.7,4.29,0,2,0,4.7,4,0,1
2024-04-01,123,16,7.27,92.3,76.0,4.29,0,3,0,4.5,4,0,1
2024-05-01,123,17,7.27,95.5,76.9,4.47,0,3,0,1.9,4,0,1
2024-06-01,123,18,7.28,99.4,79.5,4.3,0,3,0,0.0,4,0,1
2023-01-01,124,1,8.25,74.2,62.8,3.7,1,1,0,5.6,0,2,0
2023-02-01,124,2,8.23,69.0,64.1,3.74,1,1,0,0.6,0,2,0
2023-03-01,124,3,8.33,76.4,61.5,4.02,1,1,0,6.9,0,2,0
2023-04-01,124,4,8.12,71.6,59.5,3.78,1,1,1,6.8,0,1,0
2023-05-01,124,5,8.26,69.0,56.7,3.8,1,1,1,5.4,0,1,0
2023-06-01,124,6,8.22,71.2,62.7,3.59,1,1,1,0.7,0,1,0
2023-07-01,124,7,8.25,69.2,63.2,3.73,1,1,1,3.5,1,1,0
2023-08-01,124,8,8.26,77.0,64.5,3.9,1,1,1,0.0,1,1,0
2023-09-01,124,9,8.22,70.2,64.6,3.73,1,1,1,3.6,1,0,0
2023-10-01,124,10,8.21,72.7,59.1,3.83,2,1,1,0.9,1,0,0
2023-11-01,124,11,8.46,72.8,60.8,3.99,2,1,1,2.0,1,0,1
2023-12-01,124,12,8.17,69.9,65.7,3.86,2,1,1,9.1,1,0,1
2024-01-01,124,13,8.38,64.3,65.6,3.93,2,1,1,5.0,1,0,1
2024-02-01,124,14,8.43,75.0,62.4,3.99,2,1,1,2.7,1,0,1
2024-03-01,124,15,8.2,69.0,65.2,3.83,2,1,1,6.1,2,0,1
2024-04-01,124,16,8.31,70.8,70.7,3.95,2,1,1,3.7,2,0,1
2024-05-01,124,17,8.63,72.8,67.3,3.83,2,1,1,6.4,2,0,1
2024-06-01,124,18,8.5,77.8,56.4,3.93,2,1,1,2.0,2,0,1
2023-01-01,125,1,7.71,76.9,60.7,3.44,0,1,0,6.4,0,0,0
2023-02-01,125,2,7.72,70.1,66.6,3.23,0,1,0,8.6,0,0,0
2023-03-01,125,3,8.01,72.9,61.1,3.76,0,1,0,5.2,0,0,0
2023-04-01,125,4,7.8,80.0,68.3,3.35,0,1,0,6.5,0,0,0
2023-05-01,125,5,7.61,80.0,73.3,3.36,0,1,0,6.5,0,0,0
2023-06-01,125,6,7.94,70.3,69.3,3.35,1,1,0,1.1,0,0,0
2023-07-01,125,7,8.12,76.3,67.1,3.53,1,1,0,6.0,0,0,0
2023-08-01,125,8,7.77,71.6,79.7,3.42,1,1,0,9.7,0,0,0
2023-09-01,125,9,7.92,81.8,69.6,3.43,1,1,0,8.6,0,0,0
2023-10-01,125,10,7.94,77.6,74.1,3.54,1,1,0,7.7,0,0,0
2023-11-01,125,11,7.82,69.6,70.6,3.65,1,1,0,6.0,0,0,0
2023-12-01,125,12,8.29,79.6,67.3,3.57,1,1,0,6.2,0,0,0
2024-01-01,125,13,8.31,70.7,69.0,3.62,1,1,0,6.6,0,0,0
2024-02-01,125,14,8.15,81.9,75.6,3.75,1,2,0,9.5,0,0,0
2024-03-01,125,15,8.32,75.2,77.6,3.58,1,2,0,5.3,0,0,0
2024-04-01,125,16,8.24,69.3,77.9,3.62,1,2,0,7.8,0,0,0
2024-05-01,125,17,8.53,74.5,64.0,3.48,1,2,0,4.5,0,0,0
2024-06-01,125,18,8.36,74.1,73.4,3.57,1,2,0,7.9,0,0,0
2023-01-01,126,1,7.2,67.2,56.2,3.82,0,0,0,5.6,0,1,0
2023-02-01,126,2,7.15,68.9,56.5,3.71,0,0,0,4.8,0,1,0
2023-03-01,126,3,7.31,63.8,55.4,3.27,0,0,0,5.3,0,0,0
2023-04-01,126,4,7.08,69.5,49.7,3.85,0,0,0,7.4,0,0,0
2023-05-01,126,5,7.35,66.8,50.2,3.97,0,0,0,9.2,0,0,0
2023-06-01,126,6,7.38,66.5,51.8,3.78,0,0,0,4.6,0,0,0
2023-07-01,126,7,7.47,65.6,58.5,3.67,0,0,0,4.2,0,0,0
2023-08-01,126,8,7.38,71.4,55.8,3.84,0,0,0,3.9,1,0,0
2023-09-01,126,9,7.44,70.7,47.6,3.85,0,0,0,7.1,1,0,0
2023-10-01,126,10,7.57,75.4,54.0,3.71,0,0,0,2.9,1,0,0
2023-11-01,126,11,7.56,68.8,62.6,3.62,1,0,0,3.4,1,0,0
2023-12-01,126,12,7.35,63.5,56.2,3.8,1,0,0,8.4,2,0,0
2024-01-01,126,13,7.47,68.0,55.7,3.94,1,0,0,3.9,2,0,0
2024-02-01,126,14,7.26,73.6,59.0,3.81,1,0,0,5.0,2,0,0
2024-03-01,126,15,7.36,67.2,62.4,3.94,1,0,0,2.9,2,0,0
2024-04-01,126,16,7.64,73.1,68.7,3.94,1,0,0,6.4,2,0,0
2024-05-01,126,17,7.51,64.6,58.6,4.13,1,0,0,1.8,2,0,0
2024-06-01,126,18,7.49,66.3,56.5,3.86,1,0,0,1.5,2,0,0
2023-01-01,127,1,8.31,100.0,65.5,2.73,1,0,0,10.8,0,0,0
2023-02-01,127,2,8.17,98.4,61.7,2.61,1,0,0,13.9,0,0,0
2023-03-01,127,3,8.51,100.0,55.3,2.78,1,0,0,8.7,1,0,0
2023-04-01,127,4,8.33,98.1,59.9,2.89,1,0,0,7.1,1,0,0
2023-05-01,127,5,8.39,100.0,56.2,2.8,1,0,0,12.3,1,0,0
2023-06-01,127,6,8.32,100.0,70.9,2.81,1,1,0,16.7,1,0,1
2023-07-01,127,7,8.34,94.5,68.4,2.94,1,1,0,5.8,1,0,1
2023-08-01,127,8,8.43,100.0,60.1,2.16,2,1,0,7.4,1,0,1
2023-09-01,127,9,8.41,91.3,58.3,2.61,2,1,0,10.7,1,0,1
2023-10-01,127,10,8.51,100.0,56.4,2.9,2,1,0,8.1,1,0,1
2023-11-01,127,11,8.54,93.6,65.7,2.89,2,1,0,12.1,1,0,1
2023-12-01,127,12,8.31,95.8,66.4,2.82,2,2,0,10.7,1,0,1
2024-01-01,127,13,8.57,100.0,69.1,2.87,3,2,1,9.7,1,0,1
2024-02-01,127,14,8.63,100.0,67.7,2.81,3,2,1,13.4,1,0,1
2024-03-01,127,15,8.56,100.0,70.4,2.95,4,3,1,11.4,1,0,1
2024-04-01,127,16,8.48,100.0,67.1,2.62,4,3,1,9.5,2,0,1
2024-05-01,127,17,8.68,98.0,74.4,3.01,4,3,1,5.6,2,0,1
2024-06-01,127,18,8.83,100.0,68.9,3.08,4,3,1,9.6,2,0,1
2023-01-01,128,1,5.92,81.1,59.4,3.3,1,1,0,9.7,0,0,0
2023-02-01,128,2,6.04,82.0,55.3,3.41,1,1,0,10.5,1,0,0
2023-03-01,128,3,5.99,90.2,59.1,3.2,1,1,0,5.6,1,0,0
2023-04-01,128,4,6.08,81.2,59.5,3.06,1,1,0,3.6,1,0,0
2023-05-01,128,5,6.19,84.1,58.6,3.18,1,1,0,3.9,1,0,0
2023-06-01,128,6,6.19,80.4,49.9,3.4,2,1,0,7.6,1,0,0
2023-07-01,128,7,6.3,85.2,68.3,3.18,2,2,0,3.6,1,0,0
2023-08-01,128,8,6.2,84.0,60.2,3.31,2,3,1,10.1,1,0,0
2023-09-01,128,9,6.4,84.2,69.7,3.05,2,3,1,6.9,1,0,0
2023-10-01,128,10,6.18,80.7,66.5,3.05,2,3,1,3.9,2,0,0
2023-11-01,128,11,6.31,85.4,69.7,3.34,2,3,1,9.8,2,0,1
2023-12-01,128,12,6.3,92.4,66.7,3.19,2,3,1,5.8,3,0,1
2024-01-01,128,13,6.16,87.0,66.0,3.26,2,3,1,5.8,4,0,1
2024-02-01,128,14,6.83,82.1,64.2,3.48,2,3,1,5.8,4,0,1
2024-03-01,128,15,6.47,85.7,62.2,3.42,2,3,1,10.6,4,0,1
2024-04-01,128,16,6.97,89.8,67.8,3.39,2,3,1,5.0,5,0,1
2024-05-01,128,17,6.74,86.9,70.3,3.03,2,3,1,8.4,5,0,1
2024-06-01,128,18,6.8,88.6,61.5,3.12,2,3,1,5.5,5,0,1
2023-01-01,129,1,6.45,86.6,61.1,3.0,0,1,0,3.4,0,0,0
2023-02-01,129,2,6.55,90.6,66.6,2.31,0,1,0,8.8,0,0,0
2023-03-01,129,3,6.37,89.8,56.6,2.64,0,1,0,11.6,0,0,0
2023-04-01,129,4,6.67,88.0,58.0,2.37,0,1,0,5.5,0,0,0
2023-05-01,129,5,6.42,86.5,59.8,2.79,0,1,0,8.0,0,0,0
2023-06-01,129,6,6.34,83.8,73.1,2.76,0,1,0,8.6,0,0,0
2023-07-01,129,7,6.6,87.1,67.4,2.49,0,1,0,2.2,0,0,0
2023-08-01,129,8,6.65,85.7,64.8,2.6,1,1,0,6.9,0,0,0
2023-09-01,129,9,6.62,84.7,65.5,2.92,1,1,0,7.9,1,0,0
2023-10-01,129,10,6.52,85.9,63.1,2.87,1,1,0,2.2,1,0,0
2023-11-01,129,11,6.35,86.7,69.3,2.93,1,1,0,3.0,2,0,0
2023-12-01,129,12,6.72,85.4,59.1,2.72,1,1,0,2.1,2,0,0
2024-01-01,129,13,6.62,85.1,63.7,2.92,1,1,0,7.7,2,0,0
2024-02-01,129,14,6.65,88.4,64.5,2.6,1,1,0,10.7,2,0,0
2024-03-01,129,15,6.66,87.7,69.3,2.95,1,1,0,6.5,2,0,0
2024-04-01,129,16,6.6,95.6,67.0,2.82,1,1,0,3.3,3,0,0
2024-05-01,129,17,6.73,86.6,71.3,2.8,1,1,0,9.5,3,0,0
2024-06-01,129,18,6.56,84.9,61.5,2.69,1,1,0,5.5,4,0,0
2023-01-01,130,1,6.16,56.5,70.9,2.16,0,0,0,4.4,0,0,0
2023-02-01,130,2,6.39,79.5,72.6,2.51,0,0,0,6.7,0,0,0
2023-03-01,130,3,6.43,66.6,67.3,2.32,0,0,0,1.8,0,0,0
2023-04-01,130,4,6.11,73.3,68.7,2.67,0,0,0,3.7,0,0,0
2023-05-01,130,5,6.33,73.3,63.1,2.66,0,0,0,4.9,0,0,0
2023-06-01,130,6,6.31,66.1,69.0,2.6,0,0,0,2.8,0,0,0
2023-07-01,130,7,6.35,69.0,73.2,2.68,1,0,0,3.2,0,0,0
2023-08-01,130,8,6.37,68.3,68.1,2.43,1,1,0,4.4,0,0,0
2023-09-01,130,9,6.18,72.8,70.8,2.42,1,1,0,0.8,1,0,0
2023-10-01,130,10,6.46,59.2,70.6,2.5,2,1,0,8.3,1,0,0
2023-11-01,130,11,6.46,70.4,71.3,2.3,2,1,0,2.5,1,0,1
2023-12-01,130,12,6.45,67.0,78.6,2.64,2,1,0,3.1,2,0,1
2024-01-01,130,13,6.48,64.1,65.4,2.32,2,1,0,5.1,2,0,1
2024-02-01,130,14,6.38,69.9,68.7,2.34,2,1,0,3.5,2,0,1
2024-03-01,130,15,6.58,68.3,80.5,2.46,2,2,0,6.4,2,0,1
2024-04-01,130,16,6.43,69.2,68.3,2.34,2,2,0,1.5,3,0,1
2024-05-01,130,17,6.51,64.1,71.1,2.79,2,2,0,2.3,3,0,1
2024-06-01,130,18,6.59,68.2,73.8,2.67,2,2,0,0.0,3,0,1
2023-01-01,131,1,6.64,77.8,69.9,3.61,0,1,0,5.1,0,0,0
2023-02-01,131,2,6.69,86.7,64.4,3.43,0,1,0,12.3,0,0,0
2023-03-01,131,3,6.82,80.8,76.6,3.57,0,1,0,8.1,0,0,0
2023-04-01,131,4,6.85,78.7,68.3,3.61,0,1,0,3.8,0,0,0
2023-05-01,131,5,6.96,86.9,68.8,3.61,0,1,0,11.6,0,0,0
2023-06-01,131,6,6.74,77.6,75.9,3.53,0,1,0,11.8,0,0,0
2023-07-01,131,7,6.86,86.5,69.3,3.47,0,1,0,6.6,1,0,0
2023-08-01,131,8,7.13,87.4,74.2,3.42,0,1,0,8.0,1,0,0
2023-09-01,131,9,7.17,78.5,78.0,3.46,0,1,0,8.2,2,0,0
2023-10-01,131,10,7.16,80.8,77.1,3.56,0,1,0,10.4,3,0,0
2023-11-01,131,11,7.22,77.8,78.9,3.59,0,1,0,10.2,3,0,0
2023-12-01,131,12,7.19,85.3,73.6,3.7,0,1,0,8.1,3,0,0
2024-01-01,131,13,7.29,87.0,70.7,3.89,0,1,0,8.5,3,0,0
2024-02-01,131,14,7.43,83.9,70.7,3.48,0,1,0,11.6,4,0,0
2024-03-01,131,15,7.27,88.1,80.6,3.65,0,1,0,9.9,4,0,0
2024-04-01,131,16,7.37,81.8,71.4,3.65,0,1,1,4.2,4,0,0
2024-05-01,131,17,7.34,83.1,76.9,3.62,0,1,1,4.9,4,0,0
2024-06-01,131,18,7.58,77.7,80.1,3.52,0,1,1,7.0,5,0,0
2023-01-01,132,1,6.09,95.8,62.4,3.24,0,2,0,10.1,0,1,0
2023-02-01,132,2,5.84,84.2,66.9,3.66,0,2,0,5.0,0,1,0
2023-03-01,132,3,5.99,90.3,63.0,3.56,0,2,0,5.1,0,1,0
2023-04-01,132,4,5.96,81.7,59.4,3.44,0,2,0,2.9,0,1,0
2023-05-01,132,5,5.96,85.0,64.2,3.65,0,2,0,4.8,0,0,0
2023-06-01,132,6,6.07,84.6,63.1,3.4,0,2,0,6.9,0,0,0
2023-07-01,132,7,6.06,90.7,68.2,3.0,0,2,0,3.0,0,0,0
2023-08-01,132,8,6.06,84.1,58.9,3.46,0,2,0,4.3,0,0,0
2023-09-01,132,9,6.41,82.4,65.9,3.51,0,2,0,5.1,0,0,0
2023-10-01,132,10,6.29,89.0,59.1,3.32,0,2,0,3.0,0,0,0
2023-11-01,132,11,6.49,90.0,62.2,3.42,0,2,0,4.9,0,0,0
2023-12-01,132,12,6.72,89.8,66.9,3.32,0,2,0,5.6,0,0,0
2024-01-01,132,13,6.34,83.8,60.0,3.4,0,2,0,3.9,0,0,0
2024-02-01,132,14,6.39,88.4,65.2,3.43,0,3,0,3.7,0,0,0
2024-03-01,132,15,6.5,84.8,60.6,3.63,0,3,0,3.7,0,0,0
2024-04-01,132,16,6.57,89.3,64.0,3.52,0,3,0,4.1,0,0,0
2024-05-01,132,17,6.53,85.3,71.7,3.63,0,3,0,7.5,0,0,0
2024-06-01,132,18,6.82,86.1,59.4,3.75,0,3,0,8.8,0,0,0
2023-01-01,133,1,7.5,82.9,43.7,3.57,0,0,0,7.9,0,0,0
2023-02-01,133,2,7.6,74.7,48.0,3.7,0,1,0,11.3,0,0,0
2023-03-01,133,3,7.72,82.4,45.5,3.81,0,1,0,7.2,0,0,0
2023-04-01,133,4,7.34,74.4,50.4,3.57,0,1,0,8.8,0,0,0
2023-05-01,133,5,7.67,73.8,48.8,3.86,0,1,0,8.9,1,0,0
2023-06-01,133,6,7.51,83.5,55.3,3.57,0,2,0,9.3,1,0,0
2023-07-01,133,7,7.69,75.1,50.5,3.73,0,2,0,10.2,1,0,0
2023-08-01,133,8,7.66,79.1,48.8,3.69,0,2,0,7.9,1,0,0
2023-09-01,133,9,7.69,81.1,53.0,3.74,0,3,0,10.8,1,0,0
2023-10-01,133,10,7.75,72.7,51.0,3.87,0,3,0,11.1,1,0,0
2023-11-01,133,11,7.83,79.1,51.4,3.68,0,3,1,7.7,1,0,0
2023-12-01,133,12,7.91,78.2,52.0,4.03,0,3,1,11.6,1,0,0
2024-01-01,133,13,7.66,80.0,57.0,3.93,0,3,1,8.8,1,0,0
2024-02-01,133,14,8.11,84.9,55.8,3.87,0,3,1,8.7,1,0,0
2024-03-01,133,15,8.13,82.4,49.4,3.66,0,3,1,8.2,2,0,0
2024-04-01,133,16,7.96,74.9,61.9,3.73,0,3,1,5.2,3,0,0
2024-05-01,133,17,7.97,83.6,53.0,3.62,0,3,1,7.1,4,0,0
2024-06-01,133,18,7.84,81.8,52.7,3.76,0,3,1,4.4,4,0,0
2023-01-01,134,1,6.87,89.0,56.3,3.81,0,1,0,6.7,0,0,0
2023-02-01,134,2,6.81,93.7,52.5,3.38,0,1,1,8.2,0,0,0
2023-03-01,134,3,6.87,95.5,61.4,3.84,0,1,1,4.4,0,0,0
2023-04-01,134,4,6.96,93.0,54.5,4.0,0,1,1,5.3,0,0,0
2023-05-01,134,5,7.04,83.4,54.4,3.86,0,1,1,3.0,0,0,0
2023-06-01,134,6,7.0,98.9,64.5,3.81,0,1,1,3.9,0,0,0
2023-07-01,134,7,7.2,90.8,58.0,3.95,0,1,1,0.3,0,0,0
2023-08-01,134,8,7.19,92.6,59.7,3.52,0,1,1,7.2,0,0,0
2023-09-01,134,9,7.29,92.3,64.4,3.82,0,1,1,3.5,0,0,0
2023-10-01,134,10,7.18,95.9,56.0,3.51,0,1,1,0.9,0,0,0
2023-11-01,134,11,7.38,89.1,58.2,3.76,0,1,1,3.5,1,0,0
2023-12-01,134,12,7.27,96.8,59.7,3.72,0,1,1,5.0,1,0,0
2024-01-01,134,13,7.22,96.6,69.2,3.56,0,2,1,0.6,1,0,0
2024-02-01,134,14,7.17,87.7,67.0,3.76,0,2,1,1.7,1,0,0
2024-03-01,134,15,7.58,98.1,63.6,3.64,0,2,1,6.3,1,0,0
2024-04-01,134,16,7.49,94.2,58.6,3.75,0,2,1,4.6,1,0,0
2024-05-01,134,17,7.53,91.3,60.6,3.95,0,2,1,3.3,1,0,0
2024-06-01,134,18,7.52,93.3,64.3,3.64,0,2,1,7.3,1,0,0
2023-01-01,135,1,5.78,91.1,55.6,3.36,0,1,0,11.0,1,0,0
2023-02-01,135,2,6.04,100.0,55.3,3.46,0,1,0,8.3,1,0,0
2023-03-01,135,3,5.82,100.0,52.6,3.29,0,1,0,11.5,1,0,0
2023-04-01,135,4,5.76,95.7,60.8,3.6,0,2,0,12.1,1,0,0
2023-05-01,135,5,5.83,100.0,64.7,3.46,0,2,0,11.2,1,0,0
2023-06-01,135,6,5.81,93.7,57.4,3.32,0,2,0,14.5,1,0,0
2023-07-01,135,7,5.81,100.0,63.5,3.32,0,3,0,13.6,1,0,0
2023-08-01,135,8,5.8,98.5,64.2,3.57,0,4,0,13.3,1,0,0
2023-09-01,135,9,6.06,93.9,64.9,3.45,0,4,0,10.4,1,0,0
2023-10-01,135,10,5.98,100.0,71.0,3.47,1,4,1,9.0,1,0,0
2023-11-01,135,11,5.81,95.5,71.0,3.44,1,4,1,11.0,2,0,0
2023-12-01,135,12,5.94,99.6,64.5,3.53,1,5,1,13.9,2,0,0
2024-01-01,135,13,6.08,100.0,68.7,3.64,1,6,1,7.1,2,0,0
2024-02-01,135,14,6.05,100.0,63.2,3.46,1,6,1,12.7,3,0,0
2024-03-01,135,15,6.09,100.0,68.7,3.58,1,6,1,11.9,4,0,0
2024-04-01,135,16,5.96,97.3,69.2,3.68,1,7,1,11.8,5,0,0
2024-05-01,135,17,6.04,89.3,68.2,3.52,1,7,1,8.0,5,0,0
2024-06-01,135,18,6.03,93.8,77.3,3.51,1,7,1,11.4,6,0,0
2023-01-01,136,1,6.18,72.6,60.7,3.75,0,1,0,14.6,0,0,0
2023-02-01,136,2,6.01,81.1,65.5,3.43,0,1,0,15.0,0,0,0
2023-03-01,136,3,6.53,70.5,51.3,3.71,0,1,0,7.8,0,0,0
2023-04-01,136,4,6.44,71.7,68.6,3.41,0,1,1,4.8,0,0,0
2023-05-01,136,5,6.29,68.3,66.8,3.81,0,1,1,8.9,0,0,0
2023-06-01,136,6,6.34,70.2,64.4,3.51,0,1,1,6.3,0,0,0
2023-07-01,136,7,6.2,67.4,69.1,3.69,0,1,1,10.9,0,0,0
2023-08-01,136,8,6.39,73.1,69.8,3.68,0,2,1,9.9,0,0,0
2023-09-01,136,9,6.33,70.3,74.8,3.58,0,2,1,10.3,0,0,0
2023-10-01,136,10,6.65,67.5,66.5,3.66,0,2,1,9.2,0,0,0
2023-11-01,136,11,6.36,67.2,76.4,3.74,0,2,1,8.7,0,0,0
2023-12-01,136,12,6.53,80.3,68.8,3.37,0,3,1,9.3,0,0,0
2024-01-01,136,13,6.36,70.4,71.0,3.51,0,4,1,6.8,0,0,0
2024-02-01,136,14,6.29,76.4,67.0,3.68,0,4,1,7.4,0,0,0
2024-03-01,136,15,6.73,73.8,66.5,3.77,0,4,2,8.7,0,0,0
2024-04-01,136,16,6.46,67.0,67.9,3.65,0,4,2,9.0,0,0,0
2024-05-01,136,17,6.67,78.7,71.5,3.79,0,4,2,9.9,1,0,0
2024-06-01,136,18,6.79,74.5,76.1,3.66,0,4,2,9.8,1,0,0
2023-01-01,137,1,7.12,74.4,87.3,3.26,0,1,1,2.0,0,1,0
2023-02-01,137,2,7.11,74.1,97.6,3.27,0,1,1,5.3,0,1,0
2023-03-01,137,3,7.18,72.4,88.1,3.03,0,1,1,7.7,0,1,0
2023-04-01,137,4,7.36,76.2,93.9,3.13,0,1,1,5.6,0,1,0
2023-05-01,137,5,7.53,75.7,93.8,3.24,0,1,1,9.9,0,1,0
2023-06-01,137,6,7.42,76.8,88.8,3.39,0,2,1,6.9,0,0,0
2023-07-01,137,7,7.56,70.1,91.6,3.2,0,2,1,6.8,0,0,0
2023-08-01,137,8,7.65,72.6,91.6,3.29,0,2,1,7.5,0,0,0
2023-09-01,137,9,7.59,71.0,98.0,3.41,0,2,1,1.6,0,0,0
2023-10-01,137,10,7.47,68.8,89.0,3.28,0,2,1,5.0,0,0,0
2023-11-01,137,11,7.65,66.3,92.8,3.2,1,2,1,4.2,0,0,1
2023-12-01,137,12,7.67,70.0,93.7,3.37,1,2,1,3.9,0,0,1
2024-01-01,137,13,7.69,72.0,92.2,3.28,1,2,1,5.8,0,0,1
2024-02-01,137,14,7.93,64.9,93.8,3.3,1,2,1,7.6,0,0,1
2024-03-01,137,15,7.84,65.4,95.8,3.38,1,2,1,2.5,1,0,1
2024-04-01,137,16,7.73,66.1,97.9,3.46,1,2,1,4.5,1,0,1
2024-05-01,137,17,8.08,64.6,90.0,3.36,1,2,1,3.7,1,0,1
2024-06-01,137,18,7.93,72.4,98.9,3.25,1,2,1,5.5,1,0,1
2023-01-01,138,1,7.56,72.9,49.4,3.76,1,1,0,4.9,0,0,0
2023-02-01,138,2,7.55,71.6,43.3,3.46,1,1,0,1.7,0,0,0
2023-03-01,138,3,7.73,77.3,51.7,3.44,1,1,0,2.4,0,0,0
2023-04-01,138,4,7.79,75.1,50.5,3.63,1,1,0,2.7,1,0,0
2023-05-01,138,5,7.75,71.4,48.2,3.49,1,1,0,7.0,1,0,0
2023-06-01,138,6,7.71,78.3,50.9,3.53,1,1,0,2.7,1,0,0
2023-07-01,138,7,7.78,67.2,46.4,3.67,1,1,0,0.0,1,0,0
2023-08-01,138,8,7.88,72.1,53.5,3.52,1,1,0,4.7,1,0,0
2023-09-01,138,9,7.84,71.4,53.7,3.77,1,1,0,4.7,1,0,0
2023-10-01,138,10,7.97,66.4,50.5,3.38,1,1,1,3.0,1,0,0
2023-11-01,138,11,8.16,68.5,58.8,3.63,1,1,1,5.2,1,0,0
2023-12-01,138,12,7.89,64.9,52.3,3.61,1,1,1,3.0,1,0,0
2024-01-01,138,13,7.91,75.0,53.5,3.62,1,1,1,7.5,1,0,0
2024-02-01,138,14,8.04,75.2,50.3,3.65,1,1,1,3.0,2,0,0
2024-03-01,138,15,7.93,68.0,53.1,3.59,1,1,1,2.1,3,0,0
2024-04-01,138,16,8.26,73.0,47.7,3.7,1,2,1,0.0,3,0,1
2024-05-01,138,17,8.13,70.8,53.8,3.53,1,2,1,1.3,3,0,1
2024-06-01,138,18,8.12,75.0,53.8,3.57,1,2,1,5.4,4,0,1
2023-01-01,139,1,8.63,98.0,60.9,2.53,0,0,0,5.9,0,0,0
2023-02-01,139,2,8.55,100.0,63.9,2.96,0,0,0,4.5,0,0,0
2023-03-01,139,3,8.65,100.0,63.1,2.79,0,1,0,7.7,0,0,0
2023-04-01,139,4,8.68,100.0,66.5,2.65,0,1,0,2.3,0,0,0
2023-05-01,139,5,8.79,91.6,59.3,2.66,1,1,0,4.9,0,0,0
2023-06-01,139,6,8.84,97.4,63.9,2.71,1,1,0,9.1,0,0,0
2023-07-01,139,7,8.66,100.0,68.9,2.79,2,1,0,3.3,0,0,0
2023-08-01,139,8,8.91,99.0,67.2,2.78,2,1,0,6.8,0,0,1
2023-09-01,139,9,8.87,97.6,63.2,2.98,2,1,0,10.8,1,0,1
2023-10-01,139,10,9.14,98.0,66.3,2.79,2,1,0,5.1,1,0,1
2023-11-01,139,11,9.13,96.4,68.2,2.47,2,1,0,5.8,1,0,1
2023-12-01,139,12,9.04,100.0,69.3,2.97,2,1,0,8.0,2,0,1
2024-01-01,139,13,9.12,100.0,74.9,2.74,2,1,0,7.2,2,0,1
2024-02-01,139,14,9.05,96.5,71.6,2.86,2,1,0,1.2,2,0,1
2024-03-01,139,15,9.1,100.0,63.6,2.69,2,1,0,3.4,3,0,1
2024-04-01,139,16,9.1,100.0,69.3,2.63,2,1,0,7.5,3,0,1
2024-05-01,139,17,9.02,97.9,70.3,2.93,2,1,0,5.5,3,0,1
2024-06-01,139,18,9.45,94.3,66.0,2.88,2,1,0,2.3,4,0,1
2023-01-01,140,1,9.27,100.0,73.0,3.48,0,1,1,8.2,0,2,0
2023-02-01,140,2,9.38,98.8,71.8,3.67,0,1,1,2.9,0,2,0
2023-03-01,140,3,9.4,92.4,71.3,3.58,0,1,1,2.4,0,1,0
2023-04-01,140,4,9.26,87.6,73.7,3.49,0,1,1,6.0,0,1,0
2023-05-01,140,5,9.54,88.4,74.8,3.34,0,1,1,1.4,0,1,0
2023-06-01,140,6,9.32,96.8,75.9,3.59,0,1,2,0.0,0,1,0
2023-07-01,140,7,9.37,93.5,78.3,3.53,0,1,2,3.8,0,1,0
2023-08-01,140,8,9.47,88.9,75.3,3.34,0,1,2,5.5,0,1,0
2023-09-01,140,9,9.37,92.9,85.3,3.35,0,1,2,6.4,0,0,0
2023-10-01,140,10,9.58,93.8,79.7,3.8,0,1,2,3.1,0,0,1
2023-11-01,140,11,9.74,97.5,87.0,3.31,0,1,2,5.9,1,0,1
2023-12-01,140,12,9.66,93.3,77.4,3.48,0,1,2,2.1,1,0,1
2024-01-01,140,13,9.71,94.1,84.4,3.72,0,1,2,2.1,1,0,1
2024-02-01,140,14,9.81,98.3,85.8,3.78,0,1,2,4.0,1,0,1
2024-03-01,140,15,9.83,100.0,74.3,3.54,0,1,2,5.4,1,0,1
2024-04-01,140,16,9.87,96.7,80.1,3.33,0,1,2,3.7,1,0,1
2024-05-01,140,17,9.82,93.2,79.3,3.43,0,1,2,3.3,2,0,1
2024-06-01,140,18,9.8,100.0,76.6,3.51,0,1,2,3.7,2,0,1
2023-01-01,141,1,7.54,79.3,58.1,4.05,0,1,0,3.2,0,3,0
2023-02-01,141,2,7.22,82.0,57.6,3.5,1,1,0,6.8,0,3,0
2023-03-01,141,3,7.49,78.2,61.3,3.5,1,1,0,5.3,0,3,0
2023-04-01,141,4,7.61,83.7,61.0,3.71,1,1,0,4.9,0,3,0
2023-05-01,141,5,7.68,75.2,65.0,3.7,1,1,0,3.8,0,3,0
2023-06-01,141,6,7.46,81.9,58.9,3.74,1,1,0,7.2,0,3,0
2023-07-01,141,7,7.36,81.7,61.3,3.74,2,1,0,4.0,0,3,0
2023-08-01,141,8,7.49,79.7,63.4,3.93,3,1,0,2.0,0,3,0
2023-09-01,141,9,7.71,87.1,62.0,3.9,3,1,1,5.7,0,2,0
2023-10-01,141,10,7.86,84.5,60.4,3.7,3,1,1,7.1,0,2,0
2023-11-01,141,11,7.81,78.5,65.1,4.0,3,1,1,2.4,0,1,0
2023-12-01,141,12,7.9,83.3,62.8,3.87,3,1,1,1.1,1,1,1
2024-01-01,141,13,7.92,80.7,60.5,3.78,3,1,1,1.4,1,1,1
2024-02-01,141,14,8.0,75.7,61.6,3.93,3,1,1,6.7,1,0,1
2024-03-01,141,15,7.84,75.0,70.3,3.84,3,1,2,6.7,1,0,1
2024-04-01,141,16,7.92,74.3,62.3,3.78,3,1,2,6.2,1,0,1
2024-05-01,141,17,8.07,88.7,62.3,3.85,3,1,2,2.5,1,0,1
2024-06-01,141,18,8.02,77.2,63.5,3.94,3,1,2,6.2,1,0,1
2023-01-01,142,1,6.23,78.7,86.5,2.67,0,0,0,11.6,0,0,0
2023-02-01,142,2,6.23,86.5,97.0,2.71,0,0,0,10.0,0,0,0
2023-03-01,142,3,6.43,84.5,98.3,2.66,0,0,0,7.6,0,0,0
2023-04-01,142,4,6.36,81.7,96.8,2.68,1,0,0,16.9,0,0,0
2023-05-01,142,5,6.18,79.7,96.1,2.53,2,0,0,9.8,0,0,0
2023-06-01,142,6,6.38,78.5,94.4,2.57,2,0,0,11.2,1,0,0
2023-07-01,142,7,6.32,82.3,95.1,2.75,2,1,0,11.6,2,0,0
2023-08-01,142,8,6.25,87.3,100.0,2.84,2,1,0,10.0,2,0,0
2023-09-01,142,9,6.48,82.8,100.0,2.99,2,1,1,7.0,2,0,0
2023-10-01,142,10,6.54,84.7,96.2,2.82,2,1,1,11.4,2,0,0
2023-11-01,142,11,6.51,84.7,99.1,2.93,2,1,1,13.4,2,0,1
2023-12-01,142,12,6.42,90.2,97.9,2.49,2,1,1,12.9,3,0,1
2024-01-01,142,13,6.39,81.7,100.0,2.74,2,1,1,11.5,3,0,1
2024-02-01,142,14,6.57,84.1,100.0,2.62,2,1,1,10.7,3,0,1
2024-03-01,142,15,6.89,79.1,100.0,2.87,2,1,1,10.1,4,0,1
2024-04-01,142,16,6.78,83.4,100.0,2.85,2,1,2,10.2,5,0,1
2024-05-01,142,17,6.56,78.0,100.0,2.85,3,1,2,13.0,5,0,1
2024-06-01,142,18,6.66,75.8,100.0,3.19,3,1,2,5.1,5,0,1
2023-01-01,143,1,5.27,78.2,51.1,3.16,0,0,1,5.4,0,0,0
2023-02-01,143,2,5.29,72.5,63.9,3.5,0,0,1,10.2,0,0,0
2023-03-01,143,3,5.46,72.2,53.8,3.11,0,0,1,6.3,0,0,0
2023-04-01,143,4,5.37,76.8,51.6,3.22,0,0,1,4.5,0,0,0
2023-05-01,143,5,5.41,79.5,51.5,3.35,1,0,1,7.0,0,0,0
2023-06-01,143,6,5.31,74.7,55.5,3.28,1,0,1,9.1,0,0,0
2023-07-01,143,7,5.54,68.4,55.7,3.45,2,0,1,9.7,0,0,0
2023-08-01,143,8,5.45,65.9,54.5,3.26,2,0,1,8.1,0,0,0
2023-09-01,143,9,5.61,80.8,64.5,3.25,2,0,1,10.8,0,0,0
2023-10-01,143,10,5.43,74.7,63.1,3.33,2,0,1,7.1,0,0,0
2023-11-01,143,11,5.46,72.9,56.4,3.42,2,0,1,9.6,1,0,0
2023-12-01,143,12,5.57,75.9,59.8,3.39,2,0,1,6.5,2,0,0
2024-01-01,143,13,5.59,80.1,59.2,3.49,2,0,1,6.6,3,0,0
2024-02-01,143,14,5.98,68.3,61.5,3.41,3,0,1,9.8,3,0,0
2024-03-01,143,15,5.56,70.6,55.6,3.48,3,0,1,6.7,3,0,0
2024-04-01,143,16,5.72,71.2,62.1,3.37,3,1,1,4.2,3,0,1
2024-05-01,143,17,5.73,71.0,60.2,3.13,3,1,1,7.5,4,0,1
2024-06-01,143,18,5.81,64.9,64.3,3.72,3,1,1,7.7,4,0,1
2023-01-01,144,1,7.36,88.6,63.2,3.09,0,1,1,6.1,0,1,0
2023-02-01,144,2,7.3,84.5,67.8,2.73,0,1,1,1.3,0,1,0
2023-03-01,144,3,7.29,91.9,62.1,2.79,0,1,1,2.7,0,1,0
2023-04-01,144,4,7.28,91.4,64.5,2.84,0,1,1,2.0,0,1,0
2023-05-01,144,5,7.16,87.4,62.9,2.73,0,1,1,2.0,0,1,0
2023-06-01,144,6,7.34,90.9,60.6,2.92,0,1,1,2.5,0,0,0
2023-07-01,144,7,7.32,89.7,67.1,2.76,0,1,1,2.7,0,0,0
2023-08-01,144,8,7.46,93.6,62.0,2.97,0,1,1,5.4,0,0,0
2023-09-01,144,9,7.34,94.6,65.0,2.48,1,1,1,2.8,0,0,0
2023-10-01,144,10,7.56,88.2,59.9,2.58,1,1,1,6.1,0,0,0
2023-11-01,144,11,7.27,89.4,64.7,2.92,1,1,1,7.5,0,0,0
2023-12-01,144,12,7.32,95.8,65.8,2.99,1,1,1,3.4,0,0,0
2024-01-01,144,13,7.52,82.2,66.0,3.04,1,1,1,2.0,0,0,0
2024-02-01,144,14,7.23,89.4,58.2,2.99,1,1,1,2.9,0,0,0
2024-03-01,144,15,7.6,89.7,62.6,3.03,1,1,1,11.5,0,0,0
2024-04-01,144,16,7.46,85.8,73.1,2.77,1,2,1,6.5,0,0,0
2024-05-01,144,17,7.58,83.3,75.1,2.94,1,2,1,3.7,0,0,0
2024-06-01,144,18,7.56,96.8,65.5,2.91,1,2,1,0.5,0,0,0
2023-01-01,145,1,6.21,81.7,45.5,2.9,0,0,0,10.3,0,0,0
2023-02-01,145,2,6.54,82.1,39.3,2.86,1,0,0,6.0,0,0,0
2023-03-01,145,3,6.36,72.4,50.9,2.99,1,0,0,9.6,0,0,0
2023-04-01,145,4,6.66,81.4,45.2,2.75,1,0,1,9.8,0,0,0
2023-05-01,145,5,6.28,80.4,49.5,3.04,1,0,1,3.7,0,0,0
2023-06-01,145,6,6.39,77.2,48.3,2.98,1,0,1,5.0,0,0,0
2023-07-01,145,7,6.45,75.0,52.6,3.0,1,0,1,14.3,1,0,0
2023-08-01,145,8,6.5,72.6,51.7,2.89,1,0,1,10.7,1,0,0
2023-09-01,145,9,6.4,75.4,53.2,2.71,1,0,1,8.4,1,0,0
2023-10-01,145,10,6.27,90.8,55.9,3.06,1,0,1,12.1,1,0,0
2023-11-01,145,11,6.64,73.2,51.0,3.19,1,1,1,10.0,1,0,0
2023-12-01,145,12,6.54,76.1,49.3,3.09,1,1,1,8.6,1,0,0
2024-01-01,145,13,6.46,77.3,55.6,3.05,1,2,1,11.6,1,0,0
2024-02-01,145,14,6.58,77.3,48.0,2.77,1,2,1,8.5,1,0,0
2024-03-01,145,15,6.64,76.7,58.7,2.97,1,2,1,8.6,1,0,1
2024-04-01,145,16,6.66,80.0,46.1,3.1,1,2,1,10.8,2,0,1
2024-05-01,145,17,6.57,73.9,57.0,2.75,1,2,1,5.6,2,0,1
2024-06-01,145,18,6.58,80.8,50.8,3.17,1,2,1,8.7,2,0,1
2023-01-01,146,1,6.52,76.8,54.5,2.52,0,0,0,5.3,0,0,0
2023-02-01,146,2,6.72,73.6,48.3,2.52,0,1,1,5.4,0,0,0
2023-03-01,146,3,6.75,75.4,53.6,2.39,1,1,1,9.6,0,0,0
2023-04-01,146,4,6.84,87.7,56.9,2.56,1,1,1,7.1,0,0,0
2023-05-01,146,5,6.81,86.1,52.5,2.28,1,1,1,5.9,0,0,0
2023-06-01,146,6,6.99,73.9,57.6,2.16,1,1,1,1.6,0,0,0
2023-07-01,146,7,6.87,78.0,56.2,2.36,1,1,1,6.7,0,0,0
2023-08-01,146,8,6.92,71.1,55.8,2.57,1,1,1,5.2,0,0,0
2023-09-01,146,9,6.93,74.1,60.0,2.68,1,1,1,10.1,0,0,0
2023-10-01,146,10,7.29,80.3,56.4,2.53,1,1,1,4.9,0,0,0
2023-11-01,146,11,7.1,80.4,57.5,2.68,1,1,1,1.2,0,0,0
2023-12-01,146,12,7.02,76.4,52.5,2.66,1,1,1,9.0,0,0,0
2024-01-01,146,13,7.1,79.2,58.4,2.43,1,1,1,2.6,0,0,0
2024-02-01,146,14,7.08,71.9,56.3,2.38,1,1,1,8.9,0,0,0
2024-03-01,146,15,7.11,83.5,56.7,2.55,1,1,1,3.4,0,0,0
2024-04-01,146,16,7.35,85.2,56.0,2.44,1,1,1,8.1,0,0,1
2024-05-01,146,17,7.36,83.8,49.3,2.74,2,1,1,4.0,1,0,1
2024-06-01,146,18,7.17,88.2,59.3,2.83,2,1,1,4.5,2,0,1
2023-01-01,147,1,6.68,94.3,59.0,4.0,1,1,0,10.6,0,0,0
2023-02-01,147,2,6.63,91.4,60.7,4.07,1,1,0,5.4,0,0,0
2023-03-01,147,3,6.89,87.7,68.5,3.86,1,2,0,7.5,0,0,0
2023-04-01,147,4,6.48,84.4,60.4,4.14,1,2,0,10.0,1,0,0
2023-05-01,147,5,6.68,82.3,65.5,3.93,2,2,0,12.0,2,0,1
2023-06-01,147,6,6.71,86.5,69.0,4.21,2,2,0,10.9,2,0,1
2023-07-01,147,7,6.55,91.9,72.4,4.19,2,2,0,13.4,2,0,1
2023-08-01,147,8,6.82,86.3,68.2,4.44,3,2,0,7.1,2,0,1
2023-09-01,147,9,6.63,89.0,72.4,3.82,3,3,0,11.5,2,0,1
2023-10-01,147,10,6.67,84.1,71.3,4.04,3,3,0,13.5,3,0,1
2023-11-01,147,11,6.8,82.0,68.0,4.34,3,3,0,13.8,4,0,1
2023-12-01,147,12,6.76,87.1,70.1,4.26,4,3,1,11.9,5,0,1
2024-01-01,147,13,6.64,90.8,67.8,4.26,4,3,1,11.0,5,0,1
2024-02-01,147,14,6.89,95.9,67.2,4.19,5,3,1,15.1,5,0,1
2024-03-01,147,15,6.65,86.6,68.0,4.32,5,4,1,8.4,5,0,1
2024-04-01,147,16,6.66,86.3,73.4,4.04,5,4,1,13.1,6,0,1
2024-05-01,147,17,6.87,90.8,73.1,4.17,5,4,1,14.3,7,0,1
2024-06-01,147,18,6.86,95.8,78.3,4.12,5,4,1,12.2,7,0,1
2023-01-01,148,1,6.85,81.4,74.9,4.19,0,1,1,3.5,1,2,0
2023-02-01,148,2,6.61,82.4,72.2,4.01,0,1,1,0.3,2,2,0
2023-03-01,148,3,7.06,78.9,75.9,3.72,0,1,1,1.8,2,1,0
2023-04-01,148,4,6.89,80.7,69.2,4.31,0,1,1,6.3,2,1,0
2023-05-01,148,5,6.82,76.8,71.4,4.3,0,1,1,6.0,2,0,0
2023-06-01,148,6,6.99,81.5,77.3,3.76,0,1,1,7.9,2,0,0
2023-07-01,148,7,6.96,79.5,78.3,4.33,0,1,1,6.4,3,0,0
2023-08-01,148,8,7.08,86.4,68.5,4.12,0,1,1,1.3,3,0,0
2023-09-01,148,9,7.14,77.5,74.1,3.86,0,1,1,3.0,3,0,0
2023-10-01,148,10,6.96,83.5,78.7,4.24,0,1,1,2.8,3,0,1
2023-11-01,148,11,6.86,78.7,78.7,4.14,0,1,1,5.3,3,0,1
2023-12-01,148,12,7.04,79.4,72.8,3.94,0,1,1,4.2,3,0,1
2024-01-01,148,13,7.01,82.5,73.3,4.03,0,1,1,6.9,3,0,1
2024-02-01,148,14,7.25,75.0,75.2,4.06,0,1,1,2.5,3,0,1
2024-03-01,148,15,7.15,76.6,71.6,4.09,0,1,1,2.3,3,0,1
2024-04-01,148,16,7.06,78.6,67.6,3.82,0,1,1,5.3,3,0,1
2024-05-01,148,17,7.19,77.0,75.5,4.06,0,1,1,2.6,3,0,1
2024-06-01,148,18,7.26,74.3,62.9,4.24,0,1,1,5.7,3,0,1
2023-01-01,149,1,7.68,77.4,56.0,3.55,0,1,0,7.6,0,2,0
2023-02-01,149,2,7.75,81.4,61.5,3.66,0,1,0,7.3,0,2,0
2023-03-01,149,3,8.0,70.5,67.4,3.65,1,2,0,5.9,0,2,0
2023-04-01,149,4,7.81,77.2,63.1,3.71,1,2,0,9.7,0,2,0
2023-05-01,149,5,8.17,82.1,69.4,3.76,1,2,1,8.5,0,2,0
2023-06-01,149,6,7.92,79.8,65.2,3.86,1,2,1,10.3,0,2,0
2023-07-01,149,7,7.75,82.1,60.8,3.74,1,2,1,8.4,0,2,0
2023-08-01,149,8,8.0,76.8,69.3,3.49,1,2,1,12.5,1,1,1
2023-09-01,149,9,8.05,82.0,69.4,3.66,1,2,1,9.9,1,1,1
2023-10-01,149,10,7.95,77.2,68.0,3.67,1,2,1,11.1,1,1,1
2023-11-01,149,11,8.0,77.1,73.6,3.67,1,2,1,10.2,1,1,1
2023-12-01,149,12,8.03,80.8,71.8,3.84,1,3,2,9.4,1,1,1
2024-01-01,149,13,8.03,80.1,70.4,3.74,1,3,2,12.7,1,1,1
2024-02-01,149,14,8.22,75.8,78.0,3.68,1,4,2,10.0,1,1,1
2024-03-01,149,15,7.84,88.3,68.6,3.76,1,4,2,7.8,1,1,1
2024-04-01,149,16,8.19,85.7,69.7,3.63,1,4,2,10.5,1,1,1
2024-05-01,149,17,8.01,86.5,64.0,3.57,1,4,2,8.0,1,1,1
2024-06-01,149,18,7.89,78.8,72.2,3.78,2,5,2,8.5,2,1,1
2023-01-01,150,1,7.23,72.3,76.5,4.55,0,1,0,10.9,0,0,0
2023-02-01,150,2,6.89,89.3,83.5,4.51,0,1,0,12.5,0,0,0
2023-03-01,150,3,6.95,80.0,87.4,4.67,1,1,0,12.4,0,0,0
2023-04-01,150,4,7.17,83.1,76.7,4.59,1,1,0,11.3,0,0,0
2023-05-01,150,5,7.35,91.8,78.7,4.86,1,1,0,7.7,0,0,0
2023-06-01,150,6,7.22,83.5,89.0,4.49,1,1,0,13.8,0,0,0
2023-07-01,150,7,7.18,76.5,80.3,4.71,1,1,0,6.5,1,0,0
2023-08-01,150,8,7.36,79.3,81.8,4.72,1,1,0,14.4,1,0,0
2023-09-01,150,9,7.29,82.2,76.8,4.85,2,1,0,12.0,1,0,0
2023-10-01,150,10,7.22,82.1,79.9,4.72,2,1,0,8.0,1,0,0
2023-11-01,150,11,7.29,83.2,83.3,4.87,2,1,0,13.1,1,0,0
2023-12-01,150,12,7.16,90.2,87.7,4.77,2,1,0,9.1,1,0,0
2024-01-01,150,13,7.28,87.1,83.0,4.72,3,1,0,12.4,2,0,0
2024-02-01,150,14,7.27,80.6,86.7,4.95,3,1,0,12.2,2,0,0
2024-03-01,150,15,7.49,78.6,87.6,4.79,3,1,0,7.4,3,0,0
2024-04-01,150,16,7.56,80.6,92.7,4.82,3,1,0,11.5,3,0,0
2024-05-01,150,17,7.57,82.8,87.5,4.9,3,2,1,12.1,4,0,0
2024-06-01,150,18,7.2,78.5,92.5,5.0,3,2,1,10.9,4,0,0
2023-01-01,151,1,6.88,92.1,55.5,3.12,0,1,0,4.5,0,0,0
2023-02-01,151,2,6.75,92.1,58.5,3.29,0,1,0,4.5,0,0,0
2023-03-01,151,3,6.93,89.4,53.4,2.99,0,1,0,5.3,0,0,0
2023-04-01,151,4,6.94,87.8,56.4,2.98,0,1,0,2.0,0,0,0
2023-05-01,151,5,7.04,89.4,63.5,3.33,0,1,0,4.5,0,0,0
2023-06-01,151,6,7.17,87.0,56.2,3.23,0,1,0,5.8,0,0,0
2023-07-01,151,7,7.37,88.1,60.2,3.15,0,1,0,0.5,0,0,0
2023-08-01,151,8,7.32,89.4,61.1,3.05,0,1,0,3.7,0,0,0
2023-09-01,151,9,7.21,89.6,54.8,2.99,0,1,0,4.9,0,0,0
2023-10-01,151,10,7.25,91.4,58.8,3.07,0,1,0,4.8,0,0,0
2023-11-01,151,11,7.25,86.9,60.8,3.21,0,1,0,2.0,0,0,0
2023-12-01,151,12,7.32,86.4,62.7,3.09,0,1,0,5.7,0,0,0
2024-01-01,151,13,7.44,94.2,60.3,3.36,0,1,0,0.4,1,0,0
2024-02-01,151,14,7.35,83.1,58.9,3.19,0,1,0,4.7,1,0,0
2024-03-01,151,15,7.45,90.4,68.0,3.2,0,1,0,0.3,1,0,0
2024-04-01,151,16,7.54,88.7,65.4,2.91,0,1,0,3.9,2,0,0
2024-05-01,151,17,7.62,84.9,59.1,3.19,0,1,0,5.9,2,0,0
2024-06-01,151,18,7.63,93.3,63.8,3.18,0,1,0,1.6,2,0,0
2023-01-01,152,1,6.2,88.3,48.3,4.9,0,1,0,8.9,0,0,0
2023-02-01,152,2,6.52,94.8,61.1,4.84,0,1,0,5.2,0,0,0
2023-03-01,152,3,6.2,95.8,53.0,4.99,0,1,0,4.1,0,0,0
2023-04-01,152,4,6.18,100.0,58.9,4.98,0,1,0,4.0,0,0,0
2023-05-01,152,5,6.18,94.0,55.0,4.98,0,1,0,4.1,0,0,0
2023-06-01,152,6,6.48,100.0,52.6,4.98,0,2,0,2.2,0,0,0
2023-07-01,152,7,6.35,100.0,62.4,5.0,0,2,0,6.7,0,0,0
2023-08-01,152,8,6.32,97.1,56.4,5.0,0,2,0,5.9,0,0,0
2023-09-01,152,9,6.42,97.7,59.2,5.0,0,2,0,4.7,0,0,0
2023-10-01,152,10,6.39,100.0,55.9,4.91,0,2,0,6.9,0,0,0
2023-11-01,152,11,6.47,94.1,56.8,5.0,0,2,0,0.8,0,0,0
2023-12-01,152,12,6.39,99.0,55.3,5.0,0,2,0,4.7,0,0,0
2024-01-01,152,13,6.62,96.7,57.5,4.87,0,2,0,2.4,0,0,0
2024-02-01,152,14,6.42,94.9,52.6,4.92,0,2,0,4.0,0,0,0
2024-03-01,152,15,6.57,98.9,63.2,5.0,0,2,0,5.2,0,0,0
2024-04-01,152,16,6.56,99.4,59.3,5.0,0,2,1,5.8,0,0,0
2024-05-01,152,17,6.72,99.2,52.1,4.89,0,2,1,9.1,0,0,0
2024-06-01,152,18,6.83,100.0,55.9,5.0,0,2,1,5.3,0,0,0
2023-01-01,153,1,5.57,81.7,95.8,3.15,0,1,1,5.4,0,0,0
2023-02-01,153,2,5.74,82.8,91.3,3.02,0,1,1,3.1,0,0,0
2023-03-01,153,3,5.55,88.8,97.5,3.12,0,1,1,5.2,0,0,0
2023-04-01,153,4,5.94,86.8,100.0,3.14,0,1,1,5.5,0,0,0
2023-05-01,153,5,5.67,87.8,94.0,3.09,0,1,1,5.4,0,0,0
2023-06-01,153,6,5.93,85.2,96.8,3.18,0,1,1,9.0,0,0,0
2023-07-01,153,7,6.1,89.7,93.1,2.92,0,1,1,3.4,0,0,0
2023-08-01,153,8,6.19,80.7,100.0,3.12,0,1,1,6.7,0,0,0
2023-09-01,153,9,6.18,93.6,98.8,3.17,0,1,1,6.4,0,0,0
2023-10-01,153,10,6.05,95.2,94.0,3.11,0,1,1,10.5,0,0,0
2023-11-01,153,11,6.21,87.5,100.0,3.28,0,1,1,2.7,0,0,0
2023-12-01,153,12,6.16,85.8,96.2,3.27,0,1,1,3.7,0,0,1
2024-01-01,153,13,6.28,78.6,100.0,3.06,0,1,1,5.8,0,0,1
2024-02-01,153,14,6.35,84.3,99.3,2.99,0,1,1,5.3,0,0,1
2024-03-01,153,15,6.42,86.9,100.0,3.04,0,1,1,3.5,0,0,1
2024-04-01,153,16,6.41,81.9,94.9,3.03,0,1,1,6.0,0,0,1
2024-05-01,153,17,6.48,96.1,99.9,3.11,0,1,1,3.8,0,0,1
2024-06-01,153,18,6.47,91.9,100.0,3.4,0,1,1,4.7,0,0,1
2023-01-01,154,1,6.58,94.1,65.7,3.42,2,0,0,15.2,0,2,0
2023-02-01,154,2,6.75,88.4,60.4,3.44,2,0,0,14.0,0,2,0
2023-03-01,154,3,6.56,94.7,63.4,3.3,2,0,0,6.8,0,2,0
2023-04-01,154,4,6.77,83.9,64.5,3.17,2,0,0,11.6,1,2,0
2023-05-01,154,5,6.83,85.3,65.7,3.56,2,0,0,9.9,1,2,0
2023-06-01,154,6,6.5,94.0,72.1,3.48,2,1,0,11.6,1,2,1
2023-07-01,154,7,6.64,86.0,69.0,3.43,3,1,1,8.3,1,2,1
2023-08-01,154,8,6.66,93.9,73.6,3.27,3,1,1,11.7,1,2,1
2023-09-01,154,9,6.77,91.6,69.3,3.29,3,1,1,6.9,1,2,1
2023-10-01,154,10,6.9,93.4,68.3,3.54,3,1,1,8.9,1,2,1
2023-11-01,154,11,6.7,91.0,72.7,3.55,3,1,2,9.6,1,2,1
2023-12-01,154,12,7.07,93.1,69.4,3.61,3,1,2,12.1,2,2,1
2024-01-01,154,13,6.97,88.2,68.7,3.42,3,2,3,9.7,2,2,1
2024-02-01,154,14,6.79,96.9,71.2,3.74,3,2,3,10.4,2,2,1
2024-03-01,154,15,6.85,92.6,71.7,3.57,3,2,3,9.2,3,1,1
2024-04-01,154,16,6.67,90.4,70.0,3.62,3,2,4,14.4,4,1,1
2024-05-01,154,17,7.1,92.0,73.4,3.62,3,2,4,14.0,4,1,1
2024-06-01,154,18,6.92,82.1,75.3,3.65,3,2,4,10.5,5,1,1
2023-01-01,155,1,6.88,76.7,43.0,2.6,0,0,1,11.5,0,0,0
2023-02-01,155,2,6.82,85.6,47.3,2.78,0,0,1,5.3,0,0,0
2023-03-01,155,3,7.08,80.9,51.0,2.9,0,0,1,13.0,0,0,0
2023-04-01,155,4,7.2,75.4,45.5,3.01,0,0,1,7.8,0,0,0
2023-05-01,155,5,6.97,81.3,50.5,2.76,0,1,1,7.1,0,0,0
2023-06-01,155,6,7.45,80.5,45.4,2.95,0,1,1,7.9,0,0,0
2023-07-01,155,7,7.13,80.2,49.8,2.66,0,1,1,11.0,0,0,0
2023-08-01,155,8,7.05,80.1,47.7,2.81,0,1,1,10.0,0,0,0
2023-09-01,155,9,7.21,82.1,51.4,2.93,0,1,1,4.3,0,0,0
2023-10-01,155,10,7.24,75.6,50.3,3.06,0,1,1,5.8,0,0,0
2023-11-01,155,11,7.48,80.3,50.2,2.94,0,1,1,4.9,0,0,0
2023-12-01,155,12,7.13,80.9,52.0,3.13,0,1,1,8.0,0,0,0
2024-01-01,155,13,7.5,75.9,57.1,3.09,0,1,1,4.9,0,0,1
2024-02-01,155,14,7.44,78.2,56.5,3.04,0,1,1,12.7,0,0,1
2024-03-01,155,15,7.34,84.8,61.3,2.98,0,1,1,6.8,1,0,1
2024-04-01,155,16,7.36,75.8,56.5,3.09,0,1,1,5.9,2,0,1
2024-05-01,155,17,7.33,81.3,59.0,3.06,0,1,1,6.5,2,0,1
2024-06-01,155,18,7.54,79.1,57.4,3.34,0,1,1,8.7,2,0,1
2023-01-01,156,1,8.28,71.7,43.8,3.07,0,0,0,8.5,0,0,0
2023-02-01,156,2,8.42,77.5,47.9,3.51,0,0,0,6.5,1,0,0
2023-03-01,156,3,8.59,71.7,50.8,3.45,0,0,0,3.6,1,0,0
2023-04-01,156,4,8.48,70.8,56.4,3.62,0,0,0,10.2,2,0,0
2023-05-01,156,5,8.34,75.0,49.3,3.68,0,0,0,11.4,2,0,0
2023-06-01,156,6,8.7,72.7,47.6,3.88,0,0,0,10.4,2,0,0
2023-07-01,156,7,8.55,71.9,52.6,3.42,0,0,0,10.3,3,0,0
2023-08-01,156,8,8.51,75.7,54.2,3.68,0,0,0,11.3,3,0,0
2023-09-01,156,9,8.6,75.4,62.8,3.52,1,0,0,9.0,3,0,0
2023-10-01,156,10,8.56,74.0,54.2,3.48,1,1,0,12.5,3,0,1
2023-11-01,156,11,8.65,70.7,54.4,3.51,1,1,0,8.2,3,0,1
2023-12-01,156,12,8.64,70.6,51.4,3.47,1,1,0,5.7,3,0,1
2024-01-01,156,13,8.54,75.7,49.2,3.57,1,1,0,6.9,3,0,1
2024-02-01,156,14,8.72,76.8,53.3,3.65,2,1,0,9.7,3,0,1
2024-03-01,156,15,8.76,76.4,58.5,3.39,3,1,0,10.7,3,0,1
2024-04-01,156,16,9.09,80.9,58.1,3.58,3,1,0,8.4,3,0,1
2024-05-01,156,17,8.97,77.2,57.7,3.7,3,2,0,12.1,3,0,1
2024-06-01,156,18,8.99,76.5,56.3,3.47,3,2,0,9.5,3,0,1
2023-01-01,157,1,7.05,93.8,53.3,3.79,0,1,1,10.2,0,1,0
2023-02-01,157,2,7.17,92.5,44.8,3.92,0,1,1,6.8,0,1,0
2023-03-01,157,3,7.01,83.5,45.5,3.72,0,1,1,10.1,0,1,0
2023-04-01,157,4,7.27,85.3,50.5,3.76,0,1,1,10.8,0,1,0
2023-05-01,157,5,7.07,92.3,42.8,3.95,0,1,1,12.7,0,0,0
2023-06-01,157,6,7.13,91.9,43.7,3.96,0,1,1,6.3,1,0,0
2023-07-01,157,7,7.19,87.3,45.7,4.09,0,1,1,7.1,1,0,0
2023-08-01,157,8,7.24,92.7,48.1,3.99,0,1,1,9.1,1,0,0
2023-09-01,157,9,7.32,89.4,51.5,4.13,1,1,1,3.1,1,0,0
2023-10-01,157,10,7.54,90.0,42.5,4.07,1,1,1,11.6,1,0,0
2023-11-01,157,11,7.27,86.9,62.9,3.8,1,1,1,11.7,1,0,0
2023-12-01,157,12,7.35,90.6,59.7,3.81,1,1,1,7.6,1,0,0
2024-01-01,157,13,7.18,86.2,47.2,3.9,1,1,1,10.4,2,0,0
2024-02-01,157,14,7.33,85.0,51.0,3.85,1,1,2,7.3,2,0,0
2024-03-01,157,15,7.6,89.7,59.1,4.0,1,1,2,9.9,2,0,0
2024-04-01,157,16,7.56,90.4,52.9,3.94,1,1,2,11.4,3,0,0
2024-05-01,157,17,7.41,86.0,59.5,3.91,1,1,2,16.5,3,0,1
2024-06-01,157,18,7.59,89.3,57.0,4.11,1,1,2,5.5,3,0,1
2023-01-01,158,1,7.74,90.1,70.6,2.83,1,2,0,9.6,0,0,0
2023-02-01,158,2,7.92,87.2,70.2,2.93,1,2,0,10.8,1,0,0
2023-03-01,158,3,8.04,90.1,78.8,3.41,1,2,1,13.0,1,0,0
2023-04-01,158,4,8.09,85.5,66.2,3.01,1,2,2,11.3,1,0,0
2023-05-01,158,5,8.06,89.3,70.6,3.18,1,2,2,11.1,2,0,0
2023-06-01,158,6,7.95,81.1,78.9,3.44,1,3,2,8.2,3,0,0
2023-07-01,158,7,8.02,83.7,72.0,3.23,1,3,2,13.5,3,0,0
2023-08-01,158,8,8.06,78.7,80.9,3.07,1,3,3,9.2,3,0,0
2023-09-01,158,9,8.22,84.7,76.4,3.12,1,3,3,11.0,3,0,0
2023-10-01,158,10,8.21,86.0,80.5,3.04,1,3,3,5.8,3,0,0
2023-11-01,158,11,8.29,80.8,79.2,3.25,1,3,3,12.6,3,0,1
2023-12-01,158,12,8.4,84.2,83.2,3.27,1,3,3,12.4,3,0,1
2024-01-01,158,13,8.49,83.2,84.7,3.0,1,3,3,8.9,3,0,1
2024-02-01,158,14,8.33,82.1,77.1,3.22,1,3,3,10.4,4,0,1
2024-03-01,158,15,8.19,78.9,86.8,3.16,1,3,3,10.2,4,0,1
2024-04-01,158,16,8.51,84.9,87.5,3.26,1,4,3,6.7,4,0,1
2024-05-01,158,17,8.43,85.1,86.4,3.18,1,4,3,11.6,5,0,1
2024-06-01,158,18,8.83,88.4,88.3,3.46,1,4,3,11.2,5,0,1
2023-01-01,159,1,6.57,70.6,48.1,4.37,0,0,1,9.5,0,0,0
2023-02-01,159,2,6.9,64.4,51.6,4.47,0,0,1,6.1,0,0,0
2023-03-01,159,3,6.64,63.5,60.3,4.13,0,0,1,6.9,0,0,0
2023-04-01,159,4,6.7,64.1,47.0,4.61,0,0,1,9.8,0,0,0
2023-05-01,159,5,6.77,67.9,51.1,4.48,0,0,1,5.6,0,0,0
2023-06-01,159,6,7.0,71.9,62.2,4.83,0,0,1,7.4,1,0,0
2023-07-01,159,7,6.8,67.2,55.2,4.56,1,1,1,12.4,1,0,0
2023-08-01,159,8,6.84,68.3,46.7,4.48,1,1,1,7.0,1,0,0
2023-09-01,159,9,6.81,66.6,57.8,4.75,1,2,1,10.3,1,0,1
2023-10-01,159,10,7.28,65.3,61.1,4.52,1,2,2,8.7,1,0,1
2023-11-01,159,11,7.17,65.9,55.9,4.57,1,2,2,4.1,2,0,1
2023-12-01,159,12,7.05,66.6,64.1,4.68,1,2,2,6.1,2,0,1
2024-01-01,159,13,7.17,71.0,56.4,4.71,1,2,2,12.8,2,0,1
2024-02-01,159,14,7.15,76.4,56.8,4.67,1,2,2,3.4,3,0,1
2024-03-01,159,15,7.2,64.4,64.7,4.74,1,2,2,10.5,4,0,1
2024-04-01,159,16,7.26,67.4,57.4,4.63,1,2,2,0.8,4,0,1
2024-05-01,159,17,7.45,67.1,58.4,4.72,1,2,2,11.8,4,0,1
2024-06-01,159,18,7.33,64.2,62.2,4.38,1,2,2,7.2,4,0,1
2023-01-01,160,1,6.2,74.2,56.7,3.3,0,2,0,15.8,0,0,0
2023-02-01,160,2,6.13,80.4,64.6,3.2,0,2,0,4.9,0,0,0
2023-03-01,160,3,6.16,77.9,64.8,3.45,0,2,0,12.3,0,0,0
2023-04-01,160,4,6.14,83.0,58.3,3.57,0,2,1,11.0,0,0,0
2023-05-01,160,5,6.29,81.4,57.1,3.4,0,2,1,4.8,0,0,0
2023-06-01,160,6,6.21,81.9,57.9,3.47,0,2,2,8.7,0,0,0
2023-07-01,160,7,6.1,75.3,60.2,3.42,0,2,2,8.5,0,0,0
2023-08-01,160,8,6.55,84.1,66.9,3.77,0,3,3,3.1,1,0,0
2023-09-01,160,9,6.33,78.4,59.2,3.39,0,3,3,10.0,2,0,0
2023-10-01,160,10,6.59,73.2,59.5,3.24,0,4,3,3.1,2,0,1
2023-11-01,160,11,6.48,75.6,63.2,3.63,0,4,3,4.1,2,0,1
2023-12-01,160,12,6.53,78.3,69.3,3.23,0,4,3,8.4,2,0,1
2024-01-01,160,13,6.64,77.7,67.8,3.75,0,4,3,6.9,2,0,1
2024-02-01,160,14,6.49,82.4,66.9,3.66,0,4,3,9.1,2,0,1
2024-03-01,160,15,6.64,80.1,68.3,3.72,0,5,4,9.4,2,0,1
2024-04-01,160,16,6.84,75.7,68.1,3.34,0,5,4,9.4,2,0,1
2024-05-01,160,17,6.94,76.8,56.6,3.7,0,5,4,7.7,2,0,1
2024-06-01,160,18,6.87,82.2,76.1,3.6,0,5,4,7.2,2,0,1
2023-01-01,161,1,6.22,74.5,55.3,3.3,0,1,0,10.5,0,1,0
2023-02-01,161,2,6.28,79.1,55.0,3.25,0,1,0,10.3,0,1,0
2023-03-01,161,3,6.11,79.1,57.7,3.24,0,1,0,10.2,0,1,0
2023-04-01,161,4,6.5,91.1,56.4,3.33,0,1,0,10.8,0,1,0
2023-05-01,161,5,6.43,77.4,66.6,3.63,0,1,0,11.0,0,1,0
2023-06-01,161,6,6.21,83.1,62.4,3.43,0,1,1,11.8,0,1,0
2023-07-01,161,7,6.39,86.8,61.5,3.59,0,1,1,9.9,0,1,0
2023-08-01,161,8,6.66,81.3,59.0,3.2,0,1,1,12.2,0,1,0
2023-09-01,161,9,6.12,84.2,66.2,3.52,1,2,1,9.9,0,1,0
2023-10-01,161,10,6.32,83.3,58.6,3.46,1,2,1,10.5,1,1,0
2023-11-01,161,11,6.42,78.7,62.0,3.57,1,2,1,7.0,1,1,0
2023-12-01,161,12,6.42,79.8,60.5,3.57,2,2,1,8.8,2,1,0
2024-01-01,161,13,6.44,86.8,57.9,3.71,2,2,1,12.6,2,1,0
2024-02-01,161,14,6.52,78.8,72.2,3.52,2,2,1,10.8,3,1,0
2024-03-01,161,15,6.4,82.7,68.2,3.53,2,3,1,7.7,3,1,0
2024-04-01,161,16,6.47,83.7,66.6,3.58,2,3,1,8.9,3,1,0
2024-05-01,161,17,6.31,80.3,77.9,3.51,2,3,1,15.8,4,1,1
2024-06-01,161,18,6.44,79.3,74.9,3.71,2,3,1,8.8,5,1,1
2023-01-01,162,1,6.53,75.3,61.9,2.2,0,1,0,10.4,0,0,0
2023-02-01,162,2,6.45,73.2,65.6,2.56,0,1,0,1.0,0,0,0
2023-03-01,162,3,6.23,78.2,66.1,2.54,0,1,0,6.6,0,0,0
2023-04-01,162,4,6.67,71.2,71.8,2.36,0,1,0,8.6,0,0,1
2023-05-01,162,5,6.48,68.9,67.3,2.94,0,2,0,5.2,0,0,1
2023-06-01,162,6,6.24,80.0,77.4,2.44,0,2,0,4.3,0,0,1
2023-07-01,162,7,6.6,79.4,71.7,2.76,0,2,0,7.3,0,0,1
2023-08-01,162,8,6.75,82.7,74.9,2.59,0,2,0,0.1,0,0,1
2023-09-01,162,9,6.34,75.9,72.1,2.6,0,2,0,1.9,0,0,1
2023-10-01,162,10,6.56,73.8,74.7,2.7,0,2,0,0.0,0,0,1
2023-11-01,162,11,6.52,76.2,74.3,2.67,1,2,0,4.7,0,0,1
2023-12-01,162,12,6.54,80.7,67.0,3.03,1,2,0,5.3,0,0,1
2024-01-01,162,13,6.62,68.4,71.4,2.56,1,2,0,4.1,0,0,1
2024-02-01,162,14,6.6,78.2,75.7,2.87,1,2,0,3.5,0,0,1
2024-03-01,162,15,6.55,73.1,72.0,2.71,2,2,0,3.0,1,0,1
2024-04-01,162,16,6.72,72.0,74.2,2.72,2,2,0,3.1,1,0,1
2024-05-01,162,17,6.84,80.0,75.9,2.81,2,3,0,4.1,1,0,1
2024-06-01,162,18,6.59,72.7,81.2,2.81,2,3,0,7.8,1,0,1
2023-01-01,163,1,8.75,100.0,39.7,3.4,1,1,0,6.2,0,0,0
2023-02-01,163,2,8.75,98.7,37.2,3.49,1,1,0,8.1,0,0,0
2023-03-01,163,3,8.73,93.1,45.7,3.46,1,1,0,10.8,0,0,1
2023-04-01,163,4,8.74,91.1,50.3,3.39,1,1,0,16.6,1,0,1
2023-05-01,163,5,8.69,100.0,41.1,3.31,1,1,0,11.5,1,0,1
2023-06-01,163,6,8.81,93.4,53.5,3.61,1,1,1,12.2,1,0,1
2023-07-01,163,7,8.93,99.9,46.0,3.65,1,1,1,10.7,1,0,1
2023-08-01,163,8,8.91,92.2,55.3,3.71,1,1,1,12.7,1,0,1
2023-09-01,163,9,9.02,96.6,52.8,3.3,1,1,1,15.4,1,0,1
2023-10-01,163,10,8.77,95.6,50.6,3.76,1,1,1,14.9,1,0,1
2023-11-01,163,11,9.11,98.4,48.6,3.76,1,1,1,12.4,1,0,1
2023-12-01,163,12,9.04,91.4,48.4,3.63,1,1,1,10.1,1,0,1
2024-01-01,163,13,9.1,97.1,54.2,3.72,1,1,1,5.6,1,0,1
2024-02-01,163,14,9.23,100.0,54.0,3.7,1,1,1,11.9,2,0,1
2024-03-01,163,15,9.15,95.5,55.5,3.74,1,1,1,13.4,2,0,1
2024-04-01,163,16,9.28,96.4,53.7,3.67,1,1,1,10.5,2,0,1
2024-05-01,163,17,9.24,90.4,66.8,3.77,1,1,2,13.0,2,0,1
2024-06-01,163,18,9.24,100.0,60.1,3.69,1,1,2,8.9,2,0,1
2023-01-01,164,1,6.09,90.0,38.1,3.21,0,1,0,1.3,1,0,0
2023-02-01,164,2,6.25,87.0,44.3,3.18,0,1,0,3.3,1,0,0
2023-03-01,164,3,6.52,85.6,46.8,3.1,0,1,0,0.0,1,0,0
2023-04-01,164,4,6.59,88.0,46.9,3.11,0,1,0,0.0,1,0,0
2023-05-01,164,5,6.32,95.3,36.3,3.42,0,1,0,3.1,1,0,0
2023-06-01,164,6,6.29,83.9,40.3,3.04,0,1,0,2.7,1,0,0
2023-07-01,164,7,6.58,85.8,39.0,3.22,0,1,0,5.8,1,0,0
2023-08-01,164,8,6.49,91.3,48.2,3.1,0,1,0,4.3,1,0,0
2023-09-01,164,9,6.49,83.2,44.7,3.55,0,1,0,0.0,1,0,0
2023-10-01,164,10,6.51,78.2,49.1,3.37,0,1,0,1.7,1,0,0
2023-11-01,164,11,6.73,85.4,46.0,2.88,0,1,0,0.0,1,0,0
2023-12-01,164,12,6.54,87.6,35.2,3.29,0,1,0,3.3,1,0,0
2024-01-01,164,13,6.7,82.5,44.7,3.16,0,1,0,2.5,1,0,0
2024-02-01,164,14,6.46,92.6,39.1,3.17,0,1,0,3.6,1,0,0
2024-03-01,164,15,6.57,85.0,44.7,3.13,0,1,0,4.2,1,0,0
2024-04-01,164,16,6.45,81.8,45.2,2.91,0,1,0,2.7,1,0,0
2024-05-01,164,17,6.64,84.9,46.6,3.03,0,1,0,6.8,1,0,0
2024-06-01,164,18,6.52,86.5,46.8,2.97,0,1,0,0.0,1,0,0
2023-01-01,165,1,7.47,93.2,61.9,2.84,0,1,1,3.1,0,0,0
2023-02-01,165,2,7.56,90.8,60.9,2.95,0,1,1,4.3,0,0,0
2023-03-01,165,3,7.77,91.9,63.0,2.6,0,1,1,5.3,0,0,0
2023-04-01,165,4,7.45,99.2,61.6,2.63,0,1,1,3.8,0,0,0
2023-05-01,165,5,7.93,96.0,56.6,2.92,0,1,1,8.5,0,0,0
2023-06-01,165,6,7.78,93.1,67.2,2.76,0,1,1,9.0,0,0,0
2023-07-01,165,7,7.96,98.9,65.6,2.57,0,2,1,5.4,0,0,0
2023-08-01,165,8,7.81,100.0,65.6,2.88,0,2,1,8.2,0,0,0
2023-09-01,165,9,8.12,93.8,66.4,2.87,0,2,1,3.9,0,0,0
2023-10-01,165,10,7.92,89.5,63.1,2.73,0,2,1,7.2,0,0,0
2023-11-01,165,11,8.28,98.3,63.7,3.01,0,2,1,6.9,0,0,0
2023-12-01,165,12,8.05,98.2,72.0,2.94,0,2,1,4.5,0,0,0
2024-01-01,165,13,7.97,97.3,62.1,2.95,0,2,1,2.9,0,0,0
2024-02-01,165,14,8.2,91.7,71.5,3.03,0,2,1,5.2,0,0,0
2024-03-01,165,15,8.22,88.2,70.5,3.21,0,2,1,3.7,0,0,0
2024-04-01,165,16,8.33,93.7,62.4,2.92,1,2,1,3.0,0,0,0
2024-05-01,165,17,8.3,98.3,67.9,3.22,1,2,1,4.2,0,0,0
2024-06-01,165,18,8.33,100.0,64.4,2.94,1,2,1,0.1,0,0,0
2023-01-01,166,1,6.28,82.2,63.9,2.72,0,1,1,14.2,0,0,0
2023-02-01,166,2,6.25,87.1,66.6,2.43,0,1,1,12.5,0,0,0
2023-03-01,166,3,6.32,89.2,71.1,2.65,0,1,1,9.9,0,0,0
2023-04-01,166,4,6.53,81.7,72.8,2.8,0,1,1,7.8,0,0,0
2023-05-01,166,5,6.57,80.5,70.6,2.86,0,2,1,9.0,0,0,0
2023-06-01,166,6,6.41,92.3,69.4,2.64,0,2,1,13.1,0,0,0
2023-07-01,166,7,6.56,81.9,66.9,2.9,1,2,1,11.5,0,0,0
2023-08-01,166,8,6.43,82.2,73.6,2.68,1,2,1,7.4,0,0,0
2023-09-01,166,9,6.48,86.9,74.2,2.69,1,2,1,9.3,1,0,1
2023-10-01,166,10,6.57,82.0,76.5,2.55,1,2,1,11.0,1,0,1
2023-11-01,166,11,6.6,88.4,78.8,2.8,1,2,2,11.9,1,0,1
2023-12-01,166,12,6.87,91.7,74.1,2.73,1,3,2,11.5,1,0,1
2024-01-01,166,13,6.7,79.9,79.2,2.4,1,4,2,13.7,1,0,1
2024-02-01,166,14,6.87,86.2,80.1,2.75,2,4,2,11.3,2,0,1
2024-03-01,166,15,6.81,85.7,85.0,2.56,2,4,2,9.9,2,0,1
2024-04-01,166,16,6.74,87.7,79.0,2.9,2,4,3,11.0,2,0,1
2024-05-01,166,17,6.93,84.0,77.5,3.16,2,4,3,13.7,3,0,1
2024-06-01,166,18,6.88,77.8,80.7,2.75,2,4,3,10.6,4,0,1
2023-01-01,167,1,7.65,86.1,54.1,4.92,1,0,0,7.6,0,0,0
2023-02-01,167,2,7.89,86.5,63.7,4.85,1,0,0,2.5,0,0,0
2023-03-01,167,3,7.98,85.9,62.7,4.9,1,0,0,8.4,0,0,0
2023-04-01,167,4,7.73,83.0,70.9,4.98,1,0,0,5.7,0,0,0
2023-05-01,167,5,7.68,77.3,67.0,5.0,1,0,0,3.8,0,0,0
2023-06-01,167,6,7.92,75.7,57.4,4.91,1,0,0,2.1,0,0,0
2023-07-01,167,7,8.0,79.0,68.6,5.0,1,1,0,7.9,0,0,1
2023-08-01,167,8,7.82,82.9,67.9,4.98,1,1,0,5.2,0,0,1
2023-09-01,167,9,7.95,81.4,64.5,5.0,1,1,0,3.9,0,0,1
2023-10-01,167,10,8.12,79.6,69.8,4.94,1,1,0,5.3,0,0,1
2023-11-01,167,11,8.15,83.1,65.2,5.0,1,1,0,8.5,0,0,1
2023-12-01,167,12,7.83,79.9,66.2,5.0,1,1,0,8.0,0,0,1
2024-01-01,167,13,8.19,83.0,70.0,5.0,1,1,0,7.4,0,0,1
2024-02-01,167,14,8.31,86.1,65.3,5.0,1,1,1,4.8,0,0,1
2024-03-01,167,15,8.09,79.3,73.2,5.0,1,1,1,2.8,0,0,1
2024-04-01,167,16,8.3,90.8,63.7,5.0,1,1,1,2.2,0,0,1
2024-05-01,167,17,8.21,83.9,67.8,5.0,1,1,2,5.7,0,0,1
2024-06-01,167,18,8.3,81.5,67.1,5.0,1,1,2,12.0,0,0,1
2023-01-01,168,1,7.48,72.1,52.0,3.01,0,1,0,3.0,0,0,0
2023-02-01,168,2,7.38,76.8,49.8,3.09,0,1,0,0.5,0,0,0
2023-03-01,168,3,7.57,69.7,42.0,3.07,0,1,0,4.2,0,0,0
2023-04-01,168,4,7.19,76.5,41.3,2.9,0,2,0,6.8,0,0,0
2023-05-01,168,5,7.62,80.6,49.6,2.98,0,2,0,7.4,0,0,0
2023-06-01,168,6,7.33,69.2,41.8,3.05,0,2,0,2.2,0,0,0
2023-07-01,168,7,7.5,82.3,40.5,2.99,0,2,0,0.2,0,0,0
2023-08-01,168,8,7.67,74.3,53.0,3.33,0,2,0,1.2,0,0,0
2023-09-01,168,9,7.82,68.0,38.9,3.09,0,2,0,1.2,1,0,0
2023-10-01,168,10,7.56,75.5,44.8,3.2,0,2,0,0.5,1,0,0
2023-11-01,168,11,7.74,73.8,47.9,3.22,0,2,0,5.2,1,0,0
2023-12-01,168,12,7.84,63.8,46.2,3.04,0,2,0,0.8,1,0,0
2024-01-01,168,13,7.65,78.5,56.7,3.06,0,2,0,1.5,1,0,0
2024-02-01,168,14,7.84,74.8,53.2,3.26,0,2,0,6.8,1,0,0
2024-03-01,168,15,7.87,71.9,44.3,2.92,0,2,0,6.6,1,0,0
2024-04-01,168,16,7.92,71.8,45.7,3.07,0,2,0,8.2,2,0,0
2024-05-01,168,17,7.87,67.6,42.9,3.27,0,2,0,4.0,2,0,0
2024-06-01,168,18,8.12,74.5,49.1,3.1,0,2,0,4.9,2,0,0
2023-01-01,169,1,6.75,83.6,67.6,2.2,0,0,0,6.3,0,1,0
2023-02-01,169,2,6.97,78.9,76.2,2.22,0,0,0,5.0,0,1,0
2023-03-01,169,3,6.89,81.0,69.3,2.43,0,0,0,6.2,0,1,0
2023-04-01,169,4,7.18,81.1,65.9,2.09,0,0,0,3.9,0,1,0
2023-05-01,169,5,6.93,76.0,65.2,2.38,0,0,1,3.7,0,1,0
2023-06-01,169,6,7.0,81.8,68.8,2.23,0,0,1,5.4,0,1,0
2023-07-01,169,7,7.19,76.8,65.0,2.14,0,0,1,4.2,0,1,0
2023-08-01,169,8,7.26,82.9,73.3,2.1,0,0,1,5.7,0,1,0
2023-09-01,169,9,7.28,86.3,71.3,2.46,0,0,1,4.1,0,0,0
2023-10-01,169,10,7.36,85.4,72.9,2.46,0,0,1,4.7,0,0,0
2023-11-01,169,11,7.05,81.5,60.1,2.27,0,0,1,4.4,0,0,0
2023-12-01,169,12,7.48,78.5,70.5,2.16,1,0,1,1.5,1,0,0
2024-01-01,169,13,7.29,84.5,66.6,2.21,1,0,1,6.0,1,0,0
2024-02-01,169,14,7.32,83.9,72.3,2.48,1,0,1,3.7,1,0,0
2024-03-01,169,15,7.5,84.4,72.1,2.31,1,0,1,3.4,1,0,0
2024-04-01,169,16,7.41,77.1,76.7,2.31,1,0,1,2.7,1,0,0
2024-05-01,169,17,7.43,73.8,80.6,2.32,1,0,1,5.2,1,0,0
2024-06-01,169,18,7.58,82.6,72.0,2.69,1,0,1,2.8,1,0,0
2023-01-01,170,1,6.75,86.1,42.7,2.56,0,3,0,6.3,0,0,0
2023-02-01,170,2,6.86,86.9,47.0,2.63,0,3,0,3.5,0,0,0
2023-03-01,170,3,6.95,84.1,51.6,2.96,1,3,0,4.8,0,0,0
2023-04-01,170,4,7.02,81.9,48.2,2.67,1,3,0,10.6,0,0,0
2023-05-01,170,5,7.02,79.0,44.5,2.63,1,3,0,8.3,0,0,0
2023-06-01,170,6,6.82,78.8,55.3,2.81,1,3,0,9.3,0,0,0
2023-07-01,170,7,7.31,82.7,50.8,2.49,1,3,0,9.3,1,0,0
2023-08-01,170,8,6.91,88.9,51.3,2.79,1,3,0,5.7,1,0,0
2023-09-01,170,9,7.05,77.3,45.8,2.99,1,3,1,7.7,2,0,0
2023-10-01,170,10,7.21,79.2,53.0,2.62,1,3,1,7.4,2,0,0
2023-11-01,170,11,7.05,81.8,54.2,2.92,2,3,1,4.7,2,0,0
2023-12-01,170,12,6.88,84.4,43.4,2.91,2,4,1,10.2,3,0,0
2024-01-01,170,13,7.27,84.9,51.8,2.94,2,4,1,11.0,4,0,0
2024-02-01,170,14,7.17,88.3,47.1,2.92,2,4,1,9.0,5,0,1
2024-03-01,170,15,7.1,78.5,55.8,2.89,2,4,1,8.6,5,0,1
2024-04-01,170,16,7.04,82.4,59.5,2.9,2,4,1,4.4,5,0,1
2024-05-01,170,17,7.09,85.7,55.3,2.8,2,4,2,8.8,5,0,1
2024-06-01,170,18,7.16,86.1,53.2,2.83,2,4,2,7.7,5,0,1
2023-01-01,171,1,6.4,75.6,49.2,3.25,0,1,0,12.3,0,0,0
2023-02-01,171,2,6.39,63.3,48.6,3.29,0,1,0,12.7,0,0,0
2023-03-01,171,3,6.47,71.5,52.7,3.19,0,2,0,8.0,0,0,0
2023-04-01,171,4,6.42,71.6,47.2,3.46,0,2,1,11.3,0,0,0
2023-05-01,171,5,6.57,69.9,62.8,3.14,0,3,1,14.5,0,0,0
2023-06-01,171,6,6.55,65.9,51.3,3.02,0,3,1,9.7,0,0,0
2023-07-01,171,7,6.48,65.2,55.1,3.14,0,4,1,7.0,0,0,1
2023-08-01,171,8,6.72,70.0,52.5,3.14,0,4,1,10.2,1,0,1
2023-09-01,171,9,6.56,67.6,55.7,3.23,0,4,1,7.2,2,0,1
2023-10-01,171,10,6.71,69.8,64.9,3.29,0,4,1,14.0,2,0,1
2023-11-01,171,11,6.62,69.2,49.8,3.24,0,4,1,12.8,2,0,1
2023-12-01,171,12,6.63,68.0,63.6,3.19,0,4,2,9.7,2,0,1
2024-01-01,171,13,6.48,65.5,62.1,3.4,1,4,2,11.1,2,0,1
2024-02-01,171,14,6.47,65.2,58.9,3.24,1,4,2,15.2,2,0,1
2024-03-01,171,15,6.62,70.2,55.1,3.37,1,4,2,11.2,2,0,1
2024-04-01,171,16,6.59,71.5,69.0,3.45,1,4,2,11.2,2,0,1
2024-05-01,171,17,6.67,65.8,60.0,3.32,1,4,2,7.5,3,0,1
2024-06-01,171,18,6.63,68.7,67.2,3.1,1,4,2,12.5,3,0,1
2023-01-01,172,1,7.31,73.8,44.1,3.72,0,1,0,2.7,0,1,0
2023-02-01,172,2,7.49,77.6,47.8,3.51,0,1,0,4.9,0,1,0
2023-03-01,172,3,7.29,75.5,51.4,3.52,0,1,0,0.0,0,1,0
2023-04-01,172,4,7.41,79.2,48.3,3.5,0,1,0,3.3,0,0,0
2023-05-01,172,5,7.61,80.3,45.1,3.53,0,1,0,1.5,0,0,0
2023-06-01,172,6,7.64,75.6,42.0,3.7,0,1,0,5.0,0,0,0
2023-07-01,172,7,7.71,67.9,45.1,3.66,0,1,0,2.4,0,0,0
2023-08-01,172,8,7.5,76.2,54.2,3.54,0,1,0,7.5,0,0,0
2023-09-01,172,9,7.59,76.4,44.7,3.97,0,1,0,0.8,0,0,0
2023-10-01,172,10,7.71,78.5,46.2,3.69,0,1,0,3.8,0,0,0
2023-11-01,172,11,7.64,82.7,45.9,3.6,0,1,0,0.0,0,0,0
2023-12-01,172,12,7.91,73.8,44.0,3.66,0,1,0,3.4,1,0,0
2024-01-01,172,13,7.7,84.6,47.8,3.4,0,1,0,4.7,1,0,0
2024-02-01,172,14,7.84,77.2,51.6,3.72,0,1,0,5.1,1,0,0
2024-03-01,172,15,7.92,68.0,45.4,3.83,0,1,0,8.4,1,0,0
2024-04-01,172,16,7.71,80.5,50.2,3.63,0,2,0,5.4,1,0,0
2024-05-01,172,17,8.03,77.3,46.6,3.75,0,2,0,1.4,2,0,0
2024-06-01,172,18,7.78,76.4,52.9,3.88,0,3,0,2.9,2,0,0
2023-01-01,173,1,6.69,74.9,73.0,3.51,0,0,0,5.5,0,0,0
2023-02-01,173,2,6.63,72.8,77.2,3.58,0,0,0,6.1,0,0,0
2023-03-01,173,3,6.56,77.1,83.9,3.57,0,0,0,2.1,0,0,0
2023-04-01,173,4,6.84,79.2,74.7,3.56,0,0,0,4.3,0,0,0
2023-05-01,173,5,6.7,76.8,81.7,3.77,0,0,0,4.5,0,0,0
2023-06-01,173,6,6.74,81.7,84.6,3.44,0,0,0,4.8,0,0,0
2023-07-01,173,7,6.54,75.7,84.0,3.7,0,0,0,1.8,1,0,0
2023-08-01,173,8,6.68,76.2,75.7,3.57,0,0,0,0.0,1,0,0
2023-09-01,173,9,6.76,82.7,75.9,3.59,0,0,0,1.4,1,0,0
2023-10-01,173,10,6.79,78.6,77.0,3.38,0,0,0,5.8,1,0,0
2023-11-01,173,11,6.91,81.5,79.8,3.72,0,0,0,6.3,2,0,0
2023-12-01,173,12,6.96,76.6,87.0,3.83,0,0,0,3.9,2,0,0
2024-01-01,173,13,7.02,83.6,84.5,3.72,0,0,0,2.2,2,0,0
2024-02-01,173,14,6.94,80.1,73.9,3.6,0,0,0,4.8,2,0,0
2024-03-01,173,15,6.93,80.3,88.8,3.59,0,0,0,3.0,2,0,0
2024-04-01,173,16,6.92,81.0,84.0,3.65,0,0,0,6.8,2,0,0
2024-05-01,173,17,7.17,84.6,84.7,3.76,0,0,0,3.1,3,0,0
2024-06-01,173,18,7.07,82.2,82.7,3.93,0,0,0,0.8,3,0,0
2023-01-01,174,1,6.17,84.5,67.9,3.73,0,1,0,7.6,0,1,0
2023-02-01,174,2,6.0,84.1,64.4,3.64,0,1,0,6.3,0,1,0
2023-03-01,174,3,5.85,89.6,72.7,4.02,0,1,0,6.6,0,0,0
2023-04-01,174,4,6.18,88.1,74.1,3.77,0,1,0,7.2,0,0,0
2023-05-01,174,5,5.92,85.1,69.5,3.73,0,1,0,6.1,0,0,0
2023-06-01,174,6,6.09,85.2,66.1,4.02,0,1,1,8.2,0,0,0
2023-07-01,174,7,6.19,87.9,74.6,3.81,0,1,1,9.0,0,0,0
2023-08-01,174,8,6.14,87.7,71.7,4.02,0,1,1,6.2,0,0,0
2023-09-01,174,9,5.91,91.5,72.1,3.69,0,1,1,8.8,0,0,0
2023-10-01,174,10,6.3,84.1,67.9,3.73,0,1,1,6.5,0,0,0
2023-11-01,174,11,6.19,87.9,72.4,3.59,0,2,1,5.2,0,0,0
2023-12-01,174,12,6.49,88.7,72.2,3.64,0,2,1,10.0,0,0,0
2024-01-01,174,13,6.49,82.2,74.1,3.9,0,2,1,9.0,0,0,0
2024-02-01,174,14,6.38,81.8,75.5,3.52,0,2,1,7.7,0,0,0
2024-03-01,174,15,6.38,80.3,71.7,3.72,0,2,1,7.6,0,0,0
2024-04-01,174,16,6.06,86.9,80.1,3.92,0,2,1,7.8,1,0,0
2024-05-01,174,17,6.31,91.3,78.0,3.72,1,2,1,4.3,2,0,0
2024-06-01,174,18,6.34,92.9,71.5,3.75,1,2,1,9.4,3,0,0
2023-01-01,175,1,6.01,85.4,64.8,2.88,0,0,0,9.2,0,0,0
2023-02-01,175,2,6.04,80.3,62.8,2.7,0,0,0,13.8,0,0,0
2023-03-01,175,3,6.19,89.8,67.1,2.64,0,0,1,8.9,0,0,0
2023-04-01,175,4,5.95,88.7,65.4,2.87,0,0,1,9.0,0,0,0
2023-05-01,175,5,6.07,88.3,71.9,2.92,0,1,2,13.1,0,0,0
2023-06-01,175,6,6.32,90.6,58.8,2.46,0,1,3,11.6,0,0,0
2023-07-01,175,7,5.99,86.9,74.0,2.63,0,1,3,13.3,0,0,0
2023-08-01,175,8,5.98,89.7,71.4,3.02,0,2,3,13.5,0,0,0
2023-09-01,175,9,6.14,80.2,69.6,2.69,0,2,3,7.5,0,0,0
2023-10-01,175,10,6.31,93.4,84.0,2.86,0,2,3,10.9,1,0,0
2023-11-01,175,11,5.97,83.9,81.6,3.06,1,2,3,14.0,2,0,0
2023-12-01,175,12,6.29,85.4,81.3,2.87,1,3,3,12.1,2,0,0
2024-01-01,175,13,6.22,87.5,79.1,2.9,1,3,3,11.9,2,0,1
2024-02-01,175,14,6.28,88.2,77.9,3.06,1,3,3,13.8,2,0,1
2024-03-01,175,15,6.12,72.5,82.1,2.96,1,3,3,12.5,3,0,1
2024-04-01,175,16,6.35,87.6,81.5,2.85,1,3,3,10.4,4,0,1
2024-05-01,175,17,6.23,96.9,77.6,2.73,1,3,4,11.5,4,0,1
2024-06-01,175,18,6.42,80.0,78.6,2.93,1,3,4,8.6,5,0,1
2023-01-01,176,1,7.19,79.4,78.7,3.66,0,1,0,5.6,0,0,0
2023-02-01,176,2,7.22,71.1,79.8,3.73,0,1,0,6.3,0,0,0
2023-03-01,176,3,7.34,81.1,74.8,3.44,0,2,0,5.5,0,0,0
2023-04-01,176,4,7.29,76.0,76.9,3.49,0,2,0,4.1,0,0,0
2023-05-01,176,5,7.31,70.4,80.3,3.64,0,2,0,0.0,0,0,0
2023-06-01,176,6,7.31,71.6,78.8,3.64,0,2,0,4.3,0,0,0
2023-07-01,176,7,7.41,77.3,77.3,3.42,0,2,0,6.2,0,0,0
2023-08-01,176,8,7.38,73.0,73.7,3.55,1,2,0,9.0,0,0,0
2023-09-01,176,9,7.52,78.4,79.1,3.5,1,2,0,5.2,0,0,0
2023-10-01,176,10,7.39,79.4,78.8,3.36,1,2,0,6.7,1,0,0
2023-11-01,176,11,7.53,73.8,82.8,3.54,1,2,0,8.0,1,0,0
2023-12-01,176,12,7.56,75.6,81.2,3.56,1,2,0,5.6,1,0,0
2024-01-01,176,13,7.7,69.8,76.8,3.36,1,2,0,6.7,1,0,0
2024-02-01,176,14,7.62,80.2,73.1,3.46,1,2,0,6.6,1,0,0
2024-03-01,176,15,7.55,70.5,85.2,3.42,1,2,1,10.0,2,0,0
2024-04-01,176,16,7.58,76.7,85.1,3.37,1,2,1,4.2,2,0,1
2024-05-01,176,17,7.85,75.7,86.2,3.59,1,2,1,4.3,2,0,1
2024-06-01,176,18,7.79,79.7,78.6,3.56,1,2,1,3.6,2,0,1
2023-01-01,177,1,8.36,80.5,92.3,2.65,0,2,0,15.5,0,0,0
2023-02-01,177,2,8.27,83.5,96.2,2.35,0,2,0,14.7,0,0,0
2023-03-01,177,3,8.4,90.0,100.0,2.44,0,2,0,7.0,0,0,0
2023-04-01,177,4,8.47,84.2,95.5,2.92,0,2,0,13.1,0,0,0
2023-05-01,177,5,8.24,84.1,96.3,2.7,0,2,1,9.7,0,0,0
2023-06-01,177,6,8.46,83.4,98.8,2.59,0,2,1,9.0,0,0,0
2023-07-01,177,7,8.69,86.5,97.1,2.51,0,2,1,14.5,0,0,1
2023-08-01,177,8,8.54,88.3,98.0,2.68,1,2,1,11.3,0,0,1
2023-09-01,177,9,8.63,86.9,100.0,2.73,1,2,1,8.7,0,0,1
2023-10-01,177,10,8.53,85.3,99.2,2.78,1,2,1,9.4,0,0,1
2023-11-01,177,11,8.85,85.4,100.0,2.88,1,3,1,12.4,0,0,1
2023-12-01,177,12,8.78,79.5,100.0,2.58,1,3,2,11.2,1,0,1
2024-01-01,177,13,8.71,91.8,100.0,2.77,1,3,2,13.0,1,0,1
2024-02-01,177,14,8.78,86.5,100.0,2.81,1,3,2,8.0,2,0,1
2024-03-01,177,15,8.86,84.2,100.0,2.65,1,3,2,7.3,2,0,1
2024-04-01,177,16,9.0,91.1,100.0,2.69,2,3,2,10.1,3,0,1
2024-05-01,177,17,8.89,85.0,100.0,2.74,2,3,2,11.4,3,0,1
2024-06-01,177,18,8.94,90.0,100.0,2.69,2,4,2,10.8,3,0,1
2023-01-01,178,1,7.05,77.6,36.4,2.5,0,0,0,12.8,0,1,0
2023-02-01,178,2,7.37,74.1,35.2,2.75,0,0,1,10.4,0,1,0
2023-03-01,178,3,7.12,77.7,30.4,2.85,0,0,1,12.8,1,1,0
2023-04-01,178,4,7.18,73.4,29.9,2.76,0,0,1,10.8,1,1,0
2023-05-01,178,5,7.41,77.7,32.5,2.75,0,0,1,8.8,2,0,0
2023-06-01,178,6,7.31,82.7,30.1,2.86,0,0,1,9.3,2,0,0
2023-07-01,178,7,7.43,77.3,41.5,2.86,0,0,2,7.5,2,0,0
2023-08-01,178,8,7.49,89.7,38.1,2.92,0,0,2,9.5,2,0,0
2023-09-01,178,9,7.44,78.5,38.4,2.89,0,0,2,11.9,2,0,0
2023-10-01,178,10,7.39,82.8,46.9,2.89,1,0,2,10.1,2,0,0
2023-11-01,178,11,7.34,74.2,40.2,2.7,1,0,2,7.8,2,0,0
2023-12-01,178,12,7.54,78.0,40.8,2.79,1,0,2,11.6,2,0,0
2024-01-01,178,13,7.51,83.0,37.9,2.69,1,0,2,10.9,2,0,0
2024-02-01,178,14,7.45,82.3,36.3,3.12,1,0,2,12.6,2,0,0
2024-03-01,178,15,7.84,80.9,44.7,2.78,1,0,2,10.4,2,0,0
2024-04-01,178,16,7.56,78.0,45.0,2.93,1,0,3,11.5,2,0,0
2024-05-01,178,17,7.72,79.5,49.6,2.81,1,0,3,13.3,2,0,0
2024-06-01,178,18,7.79,86.1,54.2,3.02,1,0,3,11.6,2,0,0
2023-01-01,179,1,6.9,51.5,49.3,2.66,0,2,0,6.2,0,0,0
2023-02-01,179,2,7.02,49.9,50.8,2.7,0,2,0,4.9,0,0,0
2023-03-01,179,3,6.83,43.2,45.8,2.35,0,3,0,4.6,0,0,0
2023-04-01,179,4,7.11,56.0,47.4,2.51,0,3,0,4.1,0,0,0
2023-05-01,179,5,7.16,53.9,34.4,2.5,0,3,0,7.8,0,0,0
2023-06-01,179,6,7.1,59.4,50.5,2.62,0,4,0,3.4,0,0,0
2023-07-01,179,7,7.17,48.3,46.0,2.41,0,4,0,1.9,1,0,0
2023-08-01,179,8,7.05,55.1,46.7,2.38,0,4,0,3.7,2,0,0
2023-09-01,179,9,7.12,56.4,55.0,2.27,0,4,0,3.7,2,0,0
2023-10-01,179,10,7.33,44.1,48.4,2.52,0,4,0,1.2,2,0,0
2023-11-01,179,11,7.14,50.3,54.3,2.74,0,4,0,10.4,2,0,0
2023-12-01,179,12,7.25,50.7,49.5,2.75,0,4,0,7.4,2,0,0
2024-01-01,179,13,6.86,56.3,48.8,2.56,0,4,0,5.2,2,0,0
2024-02-01,179,14,7.34,52.6,55.9,2.65,0,4,0,6.9,3,0,0
2024-03-01,179,15,7.33,48.4,56.7,2.59,0,4,0,6.5,3,0,0
2024-04-01,179,16,7.06,52.8,49.7,2.92,0,4,0,2.1,3,0,0
2024-05-01,179,17,7.56,50.5,58.2,2.89,0,4,0,8.4,3,0,0
2024-06-01,179,18,7.39,53.6,54.7,2.53,0,4,0,5.6,3,0,0
2023-01-01,180,1,7.1,80.2,47.1,2.24,0,0,0,12.4,0,0,0
2023-02-01,180,2,7.26,74.7,47.3,2.35,0,0,0,7.9,0,0,0
2023-03-01,180,3,7.4,84.4,49.3,2.68,1,0,0,11.5,0,0,0
2023-04-01,180,4,7.31,76.3,56.5,2.32,1,0,0,8.6,0,0,0
2023-05-01,180,5,7.55,80.1,58.1,2.35,2,1,0,6.9,0,0,0
2023-06-01,180,6,7.22,72.3,53.5,2.43,2,1,0,13.1,0,0,0
2023-07-01,180,7,7.54,74.6,50.2,2.42,2,1,0,12.6,0,0,0
2023-08-01,180,8,7.15,75.9,58.0,2.35,2,2,0,10.5,0,0,1
2023-09-01,180,9,7.51,76.7,58.8,2.44,2,2,1,10.7,0,0,1
2023-10-01,180,10,7.48,83.0,51.7,2.54,2,3,1,9.5,0,0,1
2023-11-01,180,11,7.61,71.0,58.7,2.1,2,4,1,9.7,0,0,1
2023-12-01,180,12,7.57,82.7,52.1,2.45,2,4,1,4.9,1,0,1
2024-01-01,180,13,7.51,74.5,50.1,2.38,2,4,1,10.1,1,0,1
2024-02-01,180,14,7.52,72.6,53.9,2.33,2,4,1,7.7,1,0,1
2024-03-01,180,15,7.42,81.3,63.5,2.52,2,4,1,15.6,1,0,1
2024-04-01,180,16,7.53,75.9,59.5,2.34,2,4,2,8.9,1,0,1
2024-05-01,180,17,7.46,74.3,55.3,2.68,2,4,2,11.9,1,0,1
2024-06-01,180,18,7.45,75.9,53.7,2.38,2,4,2,10.1,2,0,1
2023-01-01,181,1,8.16,90.1,45.2,3.73,0,1,0,7.9,0,2,0
2023-02-01,181,2,7.92,92.2,46.4,3.83,0,1,0,6.6,0,2,0
2023-03-01,181,3,7.99,91.9,45.2,3.95,1,2,0,10.8,0,2,0
2023-04-01,181,4,8.09,94.0,57.4,4.08,1,2,0,12.5,0,2,0
2023-05-01,181,5,7.99,94.6,43.5,4.09,1,2,0,12.5,1,2,0
2023-06-01,181,6,8.0,89.9,57.2,3.77,1,2,0,6.2,1,2,0
2023-07-01,181,7,8.22,92.3,57.3,4.0,1,2,0,8.6,1,2,0
2023-08-01,181,8,8.26,95.5,46.3,4.11,1,2,1,10.6,1,2,0
2023-09-01,181,9,8.33,82.2,53.2,3.99,1,2,1,8.0,1,2,0
2023-10-01,181,10,8.41,93.5,50.6,3.95,1,2,1,6.1,2,1,0
2023-11-01,181,11,8.23,88.6,47.7,4.18,2,2,1,10.6,3,1,0
2023-12-01,181,12,8.32,96.2,55.1,4.25,2,2,1,7.4,3,1,0
2024-01-01,181,13,8.34,95.2,58.3,4.01,2,2,2,5.6,3,1,0
2024-02-01,181,14,8.35,97.8,57.9,4.2,3,2,2,7.5,3,0,0
2024-03-01,181,15,8.34,100.0,47.1,3.94,3,2,2,10.7,4,0,0
2024-04-01,181,16,8.3,90.4,57.5,4.39,3,2,2,6.8,4,0,0
2024-05-01,181,17,8.6,91.5,60.9,4.08,4,2,2,10.7,4,0,0
2024-06-01,181,18,8.62,95.3,53.7,3.97,4,2,2,9.4,4,0,1
2023-01-01,182,1,7.08,64.7,37.3,3.64,1,2,0,11.3,0,0,0
2023-02-01,182,2,7.06,55.9,44.2,3.98,1,2,0,10.3,0,0,0
2023-03-01,182,3,7.09,67.6,42.4,3.76,1,2,0,10.1,1,0,0
2023-04-01,182,4,7.11,68.5,45.1,3.76,1,2,0,2.8,1,0,0
2023-05-01,182,5,7.33,64.3,42.6,3.88,1,2,0,6.3,2,0,0
2023-06-01,182,6,7.32,63.0,42.5,3.68,1,2,0,12.1,2,0,0
2023-07-01,182,7,7.45,62.2,43.0,3.86,1,2,0,5.9,3,0,0
2023-08-01,182,8,7.33,69.5,42.9,3.72,1,2,0,3.9,3,0,0
2023-09-01,182,9,7.36,73.1,32.4,3.75,1,2,0,10.5,3,0,0
2023-10-01,182,10,7.44,64.9,49.4,3.92,1,2,0,7.5,3,0,0
2023-11-01,182,11,7.49,61.0,51.0,3.81,1,2,1,10.9,3,0,0
2023-12-01,182,12,7.67,65.5,47.6,3.76,1,2,2,8.1,3,0,1
2024-01-01,182,13,7.36,64.6,47.7,3.81,1,2,2,3.8,3,0,1
2024-02-01,182,14,7.56,72.5,52.6,3.73,1,2,2,8.1,3,0,1
2024-03-01,182,15,7.66,62.8,48.8,3.86,1,2,2,11.5,3,0,1
2024-04-01,182,16,7.64,62.8,43.5,4.11,1,2,2,5.0,3,0,1
2024-05-01,182,17,7.59,67.7,53.2,3.78,1,2,3,6.6,4,0,1
2024-06-01,182,18,7.5,63.2,56.0,3.94,1,2,3,8.2,5,0,1
2023-01-01,183,1,6.56,85.9,51.9,3.97,0,0,0,5.7,0,2,0
2023-02-01,183,2,6.73,76.3,59.5,3.94,0,0,0,8.7,0,2,0
2023-03-01,183,3,6.9,82.1,56.1,4.04,0,0,1,4.1,0,2,0
2023-04-01,183,4,6.57,83.3,57.7,4.29,0,0,1,6.7,0,2,0
2023-05-01,183,5,6.89,78.4,47.5,4.24,0,0,1,6.7,0,2,0
2023-06-01,183,6,6.68,85.1,60.2,3.98,0,1,1,2.9,0,1,0
2023-07-01,183,7,6.94,85.2,58.3,3.9,0,1,1,5.3,0,0,0
2023-08-01,183,8,6.92,81.0,53.3,4.04,0,1,1,6.6,0,0,0
2023-09-01,183,9,6.88,78.1,54.0,3.9,0,2,1,9.8,0,0,0
2023-10-01,183,10,7.0,86.7,56.1,4.15,0,2,1,5.8,0,0,0
2023-11-01,183,11,6.85,74.2,56.5,3.95,0,2,1,8.1,0,0,0
2023-12-01,183,12,7.03,87.7,56.9,3.99,1,2,1,7.4,0,0,0
2024-01-01,183,13,6.86,80.6,66.0,3.9,1,2,1,6.6,0,0,1
2024-02-01,183,14,6.86,82.6,62.9,3.95,1,2,1,3.6,0,0,1
2024-03-01,183,15,7.16,76.2,60.9,4.02,1,2,1,9.8,0,0,1
2024-04-01,183,16,7.17,81.1,58.6,4.24,1,2,1,8.0,0,0,1
2024-05-01,183,17,7.38,84.0,62.0,4.31,1,2,1,4.1,0,0,1
2024-06-01,183,18,7.33,72.9,73.4,3.99,1,2,1,9.9,1,0,1
2023-01-01,184,1,7.9,100.0,38.0,3.14,0,1,0,11.8,0,1,0
2023-02-01,184,2,8.02,95.7,45.1,3.34,0,1,0,8.8,0,1,0
2023-03-01,184,3,7.82,100.0,37.2,3.26,0,1,1,9.3,0,1,0
2023-04-01,184,4,7.91,97.4,40.4,3.28,0,1,1,10.2,0,1,0
2023-05-01,184,5,8.02,100.0,42.4,3.47,1,1,1,10.6,0,1,0
2023-06-01,184,6,8.0,100.0,47.8,3.41,1,1,1,8.7,0,1,0
2023-07-01,184,7,8.03,99.3,38.7,3.19,1,1,1,5.7,1,1,0
2023-08-01,184,8,8.09,100.0,48.1,3.43,1,1,1,12.0,1,1,0
2023-09-01,184,9,8.21,100.0,46.7,3.61,1,1,1,9.0,2,1,0
2023-10-01,184,10,8.4,98.3,45.7,3.56,1,1,1,9.6,2,1,0
2023-11-01,184,11,8.41,100.0,47.5,3.24,1,1,1,11.3,2,1,0
2023-12-01,184,12,8.34,100.0,49.7,3.17,1,1,1,10.0,2,1,0
2024-01-01,184,13,8.47,97.1,47.5,3.52,1,1,2,10.0,3,1,0
2024-02-01,184,14,8.37,89.8,49.9,3.45,1,1,2,14.8,3,1,0
2024-03-01,184,15,8.42,100.0,49.5,3.14,1,1,2,14.3,3,1,0
2024-04-01,184,16,8.39,94.0,58.4,3.38,1,2,2,11.5,3,1,0
2024-05-01,184,17,8.42,100.0,56.8,3.46,1,3,3,7.9,3,1,0
2024-06-01,184,18,8.33,91.0,54.1,3.03,1,3,3,12.2,3,1,0
2023-01-01,185,1,7.46,73.7,64.0,3.86,0,0,1,9.8,0,2,0
2023-02-01,185,2,7.23,72.1,64.8,3.65,0,0,1,8.9,0,2,0
2023-03-01,185,3,7.31,70.5,69.0,3.98,0,0,1,13.5,0,1,0
2023-04-01,185,4,7.3,75.0,67.5,3.84,0,0,1,11.8,0,1,0
2023-05-01,185,5,7.38,66.1,60.0,3.86,1,0,1,6.0,0,1,0
2023-06-01,185,6,7.3,78.9,65.9,3.85,1,0,2,8.9,0,1,0
2023-07-01,185,7,7.41,75.0,62.8,3.93,1,0,2,8.8,0,1,0
2023-08-01,185,8,7.56,75.9,68.9,4.16,1,1,2,11.3,0,1,0
2023-09-01,185,9,7.28,71.4,67.7,3.96,1,1,2,13.4,0,1,0
2023-10-01,185,10,7.45,66.1,74.1,3.87,1,1,2,12.1,0,1,0
2023-11-01,185,11,7.38,83.1,69.6,3.71,2,1,2,5.4,0,1,0
2023-12-01,185,12,7.45,69.9,75.2,3.99,2,1,2,7.3,0,1,0
2024-01-01,185,13,7.26,65.8,64.7,3.66,2,1,2,8.2,0,1,0
2024-02-01,185,14,7.55,69.3,75.0,3.93,2,1,2,10.0,0,1,0
2024-03-01,185,15,7.68,70.0,79.6,4.03,2,1,2,10.7,0,1,0
2024-04-01,185,16,7.43,81.9,77.5,3.81,2,1,2,7.6,0,1,0
2024-05-01,185,17,7.49,78.4,77.3,3.94,2,1,2,11.4,1,1,0
2024-06-01,185,18,7.63,69.6,77.8,3.75,2,1,2,7.7,1,1,0
2023-01-01,186,1,8.42,81.1,57.9,1.91,1,1,0,11.6,0,2,0
2023-02-01,186,2,8.16,78.9,58.6,2.05,1,1,0,8.3,0,2,0
2023-03-01,186,3,8.52,83.1,62.5,2.11,1,1,0,13.5,0,1,0
2023-04-01,186,4,8.46,87.3,61.1,1.85,1,2,1,12.3,1,1,0
2023-05-01,186,5,8.34,79.5,60.4,2.15,1,2,1,12.3,1,1,0
2023-06-01,186,6,8.49,73.6,66.0,2.05,1,2,1,11.0,1,1,0
2023-07-01,186,7,8.29,82.4,69.9,1.92,1,2,1,7.4,2,1,0
2023-08-01,186,8,8.34,81.7,65.5,2.13,1,2,1,12.1,2,1,1
2023-09-01,186,9,8.51,85.0,65.3,2.22,1,2,1,8.5,2,1,1
2023-10-01,186,10,8.46,74.7,66.1,2.21,1,2,1,11.2,2,1,1
2023-11-01,186,11,8.42,83.8,65.6,2.15,1,3,2,8.2,3,1,1
2023-12-01,186,12,8.52,77.9,70.7,2.24,1,3,2,9.3,4,1,1
2024-01-01,186,13,8.36,78.8,73.6,2.05,1,3,2,8.5,4,1,1
2024-02-01,186,14,8.41,82.7,70.3,1.8,1,4,2,9.0,5,1,1
2024-03-01,186,15,8.37,84.0,72.6,1.78,1,4,2,10.7,6,1,1
2024-04-01,186,16,8.41,84.2,73.4,2.0,2,5,2,10.2,6,1,1
2024-05-01,186,17,8.5,83.8,76.6,2.24,2,5,2,10.3,6,1,1
2024-06-01,186,18,8.61,82.3,77.1,2.14,2,5,2,8.6,6,1,1
2023-01-01,187,1,6.95,65.6,62.2,3.85,0,1,0,9.9,0,3,0
2023-02-01,187,2,7.18,73.7,65.5,3.69,0,2,0,14.7,0,3,0
2023-03-01,187,3,7.23,69.8,65.4,3.99,1,2,0,9.2,0,3,0
2023-04-01,187,4,7.28,74.5,69.3,3.72,1,2,1,12.7,0,3,0
2023-05-01,187,5,7.19,60.3,69.2,4.12,1,2,2,13.1,0,3,0
2023-06-01,187,6,7.18,70.4,61.9,3.8,2,2,2,13.3,0,3,0
2023-07-01,187,7,7.35,72.3,75.0,4.02,2,2,2,8.2,0,3,0
2023-08-01,187,8,7.14,66.1,71.2,3.87,2,3,2,13.4,0,3,0
2023-09-01,187,9,7.2,74.2,75.2,4.05,2,3,2,12.8,0,3,0
2023-10-01,187,10,7.58,62.8,74.2,3.75,2,3,2,15.9,1,3,0
2023-11-01,187,11,7.44,68.5,77.8,4.06,2,3,2,10.9,1,3,0
2023-12-01,187,12,6.94,65.1,77.8,3.77,3,4,2,13.3,1,3,0
2024-01-01,187,13,7.38,63.1,76.4,3.9,3,4,2,17.9,2,3,0
2024-02-01,187,14,7.29,67.3,72.3,3.86,3,4,2,11.5,2,3,0
2024-03-01,187,15,7.29,67.2,77.1,4.12,3,4,2,13.7,2,3,0
2024-04-01,187,16,7.44,69.0,82.1,3.84,3,4,2,11.3,3,3,0
2024-05-01,187,17,7.3,72.0,83.9,3.92,3,4,2,14.0,3,3,0
2024-06-01,187,18,7.46,75.2,85.2,3.69,3,4,2,14.6,4,3,0
2023-01-01,188,1,5.97,94.5,60.4,3.5,0,1,0,9.3,0,0,0
2023-02-01,188,2,6.1,99.6,63.0,3.34,0,1,0,10.5,0,0,0
2023-03-01,188,3,6.01,99.3,68.2,2.99,0,1,0,7.7,0,0,0
2023-04-01,188,4,6.18,99.6,56.0,3.3,0,2,0,7.5,0,0,0
2023-05-01,188,5,6.29,96.6,68.0,3.49,0,2,0,7.4,0,0,0
2023-06-01,188,6,6.13,100.0,69.5,3.58,0,2,0,11.1,0,0,0
2023-07-01,188,7,6.34,93.8,64.5,3.45,0,3,0,12.5,1,0,0
2023-08-01,188,8,6.63,98.7,63.2,3.49,0,3,0,10.1,1,0,0
2023-09-01,188,9,6.34,96.0,74.9,3.54,0,3,0,10.5,1,0,0
2023-10-01,188,10,6.62,97.4,73.8,3.49,0,3,0,7.5,1,0,0
2023-11-01,188,11,6.34,100.0,69.5,3.64,0,3,0,6.8,1,0,0
2023-12-01,188,12,6.81,91.6,66.8,3.61,0,3,0,10.1,1,0,0
2024-01-01,188,13,6.44,100.0,72.3,3.31,0,3,0,5.3,1,0,0
2024-02-01,188,14,6.74,100.0,65.1,2.98,0,3,0,8.9,1,0,0
2024-03-01,188,15,6.73,99.0,74.0,3.53,0,3,0,3.1,1,0,0
2024-04-01,188,16,6.82,100.0,79.1,3.24,0,3,0,5.0,1,0,0
2024-05-01,188,17,6.68,99.0,69.5,3.24,0,3,0,15.1,1,0,0
2024-06-01,188,18,6.76,90.7,68.6,3.37,0,3,0,5.9,1,0,1
2023-01-01,189,1,5.76,87.4,70.1,3.72,0,2,0,11.8,0,1,0
2023-02-01,189,2,5.98,79.8,64.2,3.76,0,2,0,12.6,0,1,0
2023-03-01,189,3,5.85,73.6,73.8,3.4,0,3,0,9.3,0,1,0
2023-04-01,189,4,6.14,82.7,72.4,3.56,0,3,0,11.4,0,1,0
2023-05-01,189,5,6.05,78.7,72.8,3.68,0,4,0,15.1,0,1,0
2023-06-01,189,6,5.95,91.7,67.2,3.69,0,4,0,14.5,0,1,0
2023-07-01,189,7,5.8,81.0,71.9,3.73,0,4,0,9.8,0,1,0
2023-08-01,189,8,6.04,86.3,66.2,3.76,0,4,0,11.1,0,0,0
2023-09-01,189,9,6.07,76.3,73.2,3.43,0,4,0,9.0,0,0,0
2023-10-01,189,10,6.32,83.4,73.1,3.95,0,4,0,12.0,1,0,0
2023-11-01,189,11,6.26,83.0,78.7,3.88,0,4,0,11.0,1,0,0
2023-12-01,189,12,6.25,82.6,81.7,3.73,0,4,0,8.2,1,0,0
2024-01-01,189,13,6.41,75.4,78.9,3.69,0,4,0,11.1,1,0,0
2024-02-01,189,14,6.38,81.8,73.0,3.8,0,5,1,9.3,1,0,0
2024-03-01,189,15,6.28,79.3,79.2,3.93,0,5,1,10.8,1,0,0
2024-04-01,189,16,6.53,74.2,81.4,3.67,0,5,1,11.4,1,0,0
2024-05-01,189,17,6.45,84.1,87.0,3.84,0,6,1,5.7,2,0,0
2024-06-01,189,18,6.63,83.6,76.1,3.88,0,6,1,6.4,2,0,0
2023-01-01,190,1,8.55,82.4,50.4,3.4,0,1,1,11.9,0,1,0
2023-02-01,190,2,8.37,86.5,48.3,3.42,0,1,1,10.6,0,1,0
2023-03-01,190,3,8.2,83.0,54.7,3.49,0,1,1,9.6,0,1,0
2023-04-01,190,4,8.33,87.5,53.3,3.38,0,1,1,10.5,0,1,0
2023-05-01,190,5,8.43,84.9,55.6,3.53,0,1,1,12.7,0,1,0
2023-06-01,190,6,8.53,79.8,51.8,3.46,0,1,1,8.1,0,1,0
2023-07-01,190,7,8.57,84.1,55.1,3.39,0,1,1,7.1,0,1,0
2023-08-01,190,8,8.54,84.9,58.7,3.5,0,1,1,10.5,0,1,0
2023-09-01,190,9,8.49,81.8,62.5,3.78,0,1,1,9.5,0,1,0
2023-10-01,190,10,8.33,79.7,62.4,3.71,0,1,1,11.0,1,1,0
2023-11-01,190,11,8.42,82.0,55.9,3.3,0,1,1,13.2,1,0,0
2023-12-01,190,12,8.61,81.1,57.0,3.38,0,1,1,10.4,2,0,0
2024-01-01,190,13,8.37,80.2,65.8,3.46,0,2,1,10.1,3,0,0
2024-02-01,190,14,8.52,85.4,71.0,3.55,1,2,1,10.7,3,0,0
2024-03-01,190,15,8.18,88.0,70.3,3.7,1,3,1,8.6,3,0,0
2024-04-01,190,16,8.63,79.4,68.5,3.76,1,3,1,8.3,3,0,1
2024-05-01,190,17,8.49,84.7,60.7,3.6,1,3,1,10.5,3,0,1
2024-06-01,190,18,8.55,75.0,65.3,3.5,1,3,1,10.1,3,0,1
2023-01-01,191,1,8.54,90.4,89.1,2.33,0,1,1,9.5,0,0,0
2023-02-01,191,2,8.51,99.5,90.3,2.49,0,1,1,0.0,0,0,0
2023-03-01,191,3,8.53,99.9,90.6,2.71,0,1,2,3.9,0,0,0
2023-04-01,191,4,8.36,93.8,95.5,2.6,0,2,2,5.7,0,0,0
2023-05-01,191,5,8.52,99.2,88.9,2.56,0,2,2,0.0,0,0,0
2023-06-01,191,6,8.57,99.3,100.0,2.56,0,2,2,1.6,0,0,0
2023-07-01,191,7,8.87,98.3,87.6,3.15,0,2,2,4.9,0,0,0
2023-08-01,191,8,8.82,98.8,90.6,2.72,0,2,2,2.2,0,0,0
2023-09-01,191,9,8.9,97.2,91.3,2.67,0,2,2,2.7,0,0,1
2023-10-01,191,10,8.76,99.5,98.4,2.85,0,2,2,5.1,0,0,1
2023-11-01,191,11,9.05,90.2,93.5,2.62,0,3,2,6.5,0,0,1
2023-12-01,191,12,8.7,89.1,97.7,2.57,1,3,2,4.2,0,0,1
2024-01-01,191,13,8.97,99.2,99.9,2.4,1,3,2,4.2,0,0,1
2024-02-01,191,14,9.01,94.1,96.8,2.71,1,3,2,2.1,0,0,1
2024-03-01,191,15,8.93,100.0,95.0,2.87,1,3,2,8.5,0,0,1
2024-04-01,191,16,9.08,93.3,100.0,2.59,1,3,2,6.8,0,0,1
2024-05-01,191,17,9.05,100.0,97.7,2.69,1,3,2,7.5,0,0,1
2024-06-01,191,18,9.21,94.1,94.6,2.75,1,3,2,2.7,0,0,1
2023-01-01,192,1,7.0,82.8,62.9,2.01,1,2,0,5.3,0,0,0
2023-02-01,192,2,6.86,89.6,57.7,2.16,1,3,0,6.9,0,0,0
2023-03-01,192,3,6.94,91.4,65.8,1.98,1,3,0,3.5,0,0,0
2023-04-01,192,4,6.89,86.7,59.9,2.43,1,3,0,2.2,0,0,0
2023-05-01,192,5,6.96,86.4,59.5,2.49,2,3,0,3.3,0,0,0
2023-06-01,192,6,6.94,84.2,63.1,2.08,2,3,0,1.1,0,0,0
2023-07-01,192,7,6.86,91.4,64.7,2.35,2,4,0,2.6,0,0,0
2023-08-01,192,8,7.0,93.0,65.4,2.41,2,4,0,6.0,0,0,0
2023-09-01,192,9,6.99,91.5,54.7,2.23,2,4,0,2.7,0,0,0
2023-10-01,192,10,7.06,89.8,62.5,2.19,2,4,0,7.0,0,0,0
2023-11-01,192,11,7.04,89.4,58.8,2.31,2,4,0,2.0,0,0,0
2023-12-01,192,12,7.02,86.2,62.4,2.36,2,4,0,2.1,0,0,0
2024-01-01,192,13,6.97,79.0,66.5,2.32,2,4,0,3.8,0,0,0
2024-02-01,192,14,7.3,89.8,68.9,2.34,2,4,0,2.4,0,0,1
2024-03-01,192,15,7.45,91.4,66.3,2.24,2,4,0,1.4,1,0,1
2024-04-01,192,16,7.18,93.3,69.6,2.33,2,4,0,4.8,1,0,1
2024-05-01,192,17,7.44,92.0,67.8,2.46,2,4,0,2.5,1,0,1
2024-06-01,192,18,7.47,80.6,62.6,2.31,2,4,0,4.6,2,0,1
2023-01-01,193,1,6.81,73.7,26.6,2.67,0,0,0,4.0,0,3,0
2023-02-01,193,2,6.56,78.1,30.0,2.64,0,0,0,6.9,0,3,0
2023-03-01,193,3,6.69,71.1,30.8,2.81,0,0,0,10.9,0,3,0
2023-04-01,193,4,6.71,74.7,37.5,2.87,0,0,0,7.6,0,2,0
2023-05-01,193,5,6.82,72.2,27.3,2.87,0,0,0,10.4,0,1,0
2023-06-01,193,6,6.9,75.3,36.2,2.75,0,0,1,3.6,1,1,0
2023-07-01,193,7,6.82,78.6,38.2,2.89,0,0,1,1.8,1,1,0
2023-08-01,193,8,6.7,63.7,45.4,2.52,0,1,1,2.5,1,1,0
2023-09-01,193,9,6.92,73.6,32.2,2.74,0,1,1,4.4,1,1,0
2023-10-01,193,10,6.99,70.0,34.4,2.75,0,1,1,10.4,1,1,0
2023-11-01,193,11,6.84,76.5,45.6,2.68,0,1,1,7.2,1,1,0
2023-12-01,193,12,6.9,72.7,39.0,2.8,0,1,1,8.5,1,1,0
2024-01-01,193,13,6.94,69.2,37.6,2.92,0,1,1,6.9,1,1,0
2024-02-01,193,14,6.93,74.7,42.3,2.68,0,1,1,3.6,1,1,0
2024-03-01,193,15,7.0,72.0,40.2,2.68,0,1,1,9.6,1,1,0
2024-04-01,193,16,7.5,73.9,34.1,2.61,0,2,1,9.7,1,1,0
2024-05-01,193,17,7.01,78.6,37.9,3.09,0,2,1,7.9,1,0,0
2024-06-01,193,18,7.12,72.4,29.7,2.85,0,2,1,3.5,1,0,0
2023-01-01,194,1,8.06,77.2,47.8,3.44,0,1,0,7.4,0,0,0
2023-02-01,194,2,8.1,81.2,39.9,3.57,0,1,0,11.4,0,0,0
2023-03-01,194,3,8.25,78.3,44.7,3.6,0,1,0,6.8,0,0,0
2023-04-01,194,4,8.3,84.9,43.4,3.83,0,1,0,14.0,0,0,0
2023-05-01,194,5,8.33,82.7,44.8,3.72,0,1,0,12.5,0,0,0
2023-06-01,194,6,8.57,79.7,49.2,3.63,0,1,0,13.5,0,0,0
2023-07-01,194,7,8.54,81.7,50.1,3.34,0,1,0,11.2,0,0,1
2023-08-01,194,8,8.57,77.2,48.8,3.74,0,1,0,11.2,0,0,1
2023-09-01,194,9,8.56,78.5,51.5,3.56,0,1,0,12.7,0,0,1
2023-10-01,194,10,8.53,76.1,50.5,3.53,0,1,0,12.2,0,0,1
2023-11-01,194,11,8.63,76.0,54.7,3.68,0,1,0,6.1,0,0,1
2023-12-01,194,12,8.6,73.2,49.8,3.53,0,1,1,16.1,0,0,1
2024-01-01,194,13,8.65,76.5,51.9,3.68,0,1,1,10.3,0,0,1
2024-02-01,194,14,8.9,71.2,54.4,3.88,1,1,1,12.1,0,0,1
2024-03-01,194,15,8.95,74.0,61.2,4.05,1,1,1,13.4,1,0,1
2024-04-01,194,16,8.96,64.1,57.5,3.72,1,1,1,9.4,1,0,1
2024-05-01,194,17,8.91,84.9,56.7,3.91,1,1,1,11.5,1,0,1
2024-06-01,194,18,9.07,76.7,59.8,3.67,1,1,1,11.9,1,0,1
2023-01-01,195,1,6.13,84.0,35.2,3.92,0,1,0,7.9,0,0,0
2023-02-01,195,2,6.15,87.3,29.7,3.86,0,1,0,2.5,0,0,0
2023-03-01,195,3,6.23,89.5,32.1,3.49,0,1,0,5.8,0,0,0
2023-04-01,195,4,6.07,85.1,35.6,3.77,0,1,0,5.5,0,0,0
2023-05-01,195,5,6.12,86.5,29.4,3.47,0,1,0,2.7,0,0,0
2023-06-01,195,6,6.23,84.5,38.7,3.75,0,1,0,6.4,0,0,0
2023-07-01,195,7,6.24,86.9,33.8,3.72,0,1,0,6.8,0,0,0
2023-08-01,195,8,6.17,89.7,36.4,3.79,1,1,0,3.2,0,0,0
2023-09-01,195,9,6.16,86.5,32.4,3.89,1,1,0,10.3,0,0,0
2023-10-01,195,10,6.11,92.0,38.8,3.91,1,1,0,6.7,0,0,0
2023-11-01,195,11,6.25,85.7,35.4,3.78,1,1,0,1.1,0,0,0
2023-12-01,195,12,6.3,92.7,37.6,3.68,1,1,0,4.7,0,0,0
2024-01-01,195,13,6.1,96.6,40.7,4.2,1,1,0,3.1,0,0,0
2024-02-01,195,14,6.26,84.9,39.2,3.74,1,1,0,5.3,0,0,0
2024-03-01,195,15,6.4,84.6,34.0,3.94,1,1,0,7.9,0,0,0
2024-04-01,195,16,6.18,92.0,39.0,4.02,1,2,0,8.1,0,0,0
2024-05-01,195,17,6.33,85.9,38.4,3.74,1,2,0,5.4,0,0,0
2024-06-01,195,18,6.22,83.9,40.9,3.51,1,2,0,6.0,0,0,0
2023-01-01,196,1,6.17,74.7,57.3,2.28,0,1,0,10.3,0,0,0
2023-02-01,196,2,6.52,77.4,66.2,2.21,0,1,0,15.3,0,0,0
2023-03-01,196,3,6.44,75.7,63.0,2.4,0,1,0,12.8,1,0,0
2023-04-01,196,4,6.48,75.2,70.1,2.22,0,2,0,8.6,1,0,0
2023-05-01,196,5,6.37,79.0,52.9,2.55,0,2,0,11.9,1,0,0
2023-06-01,196,6,6.47,81.6,64.6,2.25,0,2,0,10.7,2,0,0
2023-07-01,196,7,6.41,83.1,58.6,2.51,0,2,0,12.6,2,0,0
2023-08-01,196,8,6.31,74.8,58.7,2.41,0,2,0,13.4,2,0,0
2023-09-01,196,9,6.4,80.1,66.4,2.07,0,2,0,9.7,2,0,0
2023-10-01,196,10,6.72,72.6,66.1,2.45,0,2,0,10.0,2,0,0
2023-11-01,196,11,6.48,82.3,61.7,2.31,0,2,1,9.7,2,0,0
2023-12-01,196,12,6.49,80.1,67.7,2.53,0,2,1,5.3,2,0,0
2024-01-01,196,13,6.5,80.7,68.7,2.66,0,2,1,8.8,2,0,0
2024-02-01,196,14,6.66,78.9,68.5,2.37,0,2,1,6.9,2,0,0
2024-03-01,196,15,6.58,78.6,63.1,2.29,0,2,1,7.8,2,0,0
2024-04-01,196,16,6.43,68.5,67.8,2.37,0,2,1,7.4,2,0,0
2024-05-01,196,17,6.62,78.6,70.8,2.43,0,2,1,7.8,2,0,0
2024-06-01,196,18,6.76,76.3,70.3,2.48,0,2,1,7.3,2,0,0
2023-01-01,197,1,7.49,60.1,58.1,2.52,0,0,0,4.1,0,0,0
2023-02-01,197,2,7.56,58.3,58.6,2.63,0,0,0,0.0,0,0,0
2023-03-01,197,3,7.57,56.2,50.7,2.56,0,0,0,5.5,0,0,0
2023-04-01,197,4,7.56,59.3,54.2,2.64,0,0,0,4.8,0,0,0
2023-05-01,197,5,7.48,58.2,59.6,2.54,0,0,0,1.6,0,0,0
2023-06-01,197,6,7.74,61.8,57.1,2.78,0,1,0,8.1,0,0,0
2023-07-01,197,7,7.42,60.1,63.5,2.63,0,1,0,4.1,1,0,0
2023-08-01,197,8,7.62,56.1,61.0,2.75,0,1,0,1.2,1,0,0
2023-09-01,197,9,7.83,57.9,60.3,2.69,0,1,0,0.0,1,0,0
2023-10-01,197,10,7.87,60.4,61.3,2.37,0,1,0,2.9,2,0,0
2023-11-01,197,11,7.87,63.1,53.4,2.69,0,1,0,0.0,2,0,0
2023-12-01,197,12,7.91,61.8,53.9,2.56,0,1,0,4.0,2,0,0
2024-01-01,197,13,8.0,63.7,52.4,2.7,0,1,0,1.5,2,0,0
2024-02-01,197,14,8.07,58.3,63.9,2.7,0,1,0,3.0,2,0,0
2024-03-01,197,15,7.83,66.1,61.7,2.52,0,1,0,10.9,2,0,0
2024-04-01,197,16,7.8,69.2,57.2,2.74,0,1,0,3.1,2,0,0
2024-05-01,197,17,8.13,64.3,58.6,2.48,0,1,0,2.4,2,0,0
2024-06-01,197,18,8.04,56.4,58.2,2.55,0,1,0,0.1,2,0,0
2023-01-01,198,1,6.54,81.6,46.2,2.68,0,2,1,8.4,0,1,0
2023-02-01,198,2,6.8,79.3,54.2,2.74,0,2,1,7.0,0,0,0
2023-03-01,198,3,6.81,85.2,43.9,2.73,0,2,1,5.3,0,0,0
2023-04-01,198,4,6.87,76.4,56.9,2.58,0,2,1,0.4,0,0,0
2023-05-01,198,5,6.92,81.5,55.8,2.77,0,2,1,10.1,0,0,0
2023-06-01,198,6,6.76,75.5,53.0,2.64,0,2,1,8.5,0,0,0
2023-07-01,198,7,6.66,85.7,59.7,2.56,0,2,1,4.9,0,0,0
2023-08-01,198,8,6.69,87.5,56.2,2.9,0,3,1,5.3,0,0,0
2023-09-01,198,9,6.73,73.6,58.4,3.04,1,3,1,8.1,0,0,0
2023-10-01,198,10,6.83,84.8,50.8,2.85,1,3,2,4.1,0,0,0
2023-11-01,198,11,6.85,83.3,47.3,2.75,1,3,2,6.0,1,0,0
2023-12-01,198,12,6.88,87.1,54.4,2.67,1,3,2,6.2,1,0,0
2024-01-01,198,13,6.95,77.5,51.6,2.65,1,3,3,6.7,1,0,0
2024-02-01,198,14,6.97,78.5,52.7,3.03,1,3,3,6.5,1,0,0
2024-03-01,198,15,6.87,89.3,60.1,2.93,1,3,3,3.2,1,0,0
2024-04-01,198,16,6.9,77.2,53.1,2.88,1,3,3,8.9,1,0,0
2024-05-01,198,17,7.06,82.8,50.8,2.82,1,3,3,6.3,1,0,0
2024-06-01,198,18,6.84,83.9,63.6,2.69,1,3,3,8.6,2,0,0
2023-01-01,199,1,7.18,63.9,88.6,3.02,1,3,0,10.3,0,0,0
2023-02-01,199,2,7.15,69.5,89.2,2.95,1,4,1,9.9,0,0,0
2023-03-01,199,3,7.18,63.5,92.0,2.99,1,4,1,9.4,0,0,0
2023-04-01,199,4,7.13,80.9,89.3,3.23,1,4,2,2.1,0,0,0
2023-05-01,199,5,7.4,71.5,88.7,2.95,1,4,2,8.0,1,0,0
2023-06-01,199,6,7.1,67.8,87.5,2.92,1,4,2,10.3,1,0,0
2023-07-01,199,7,7.27,68.4,85.2,3.03,1,4,2,8.6,1,0,0
2023-08-01,199,8,7.03,72.8,91.7,2.91,1,4,2,9.4,2,0,1
2023-09-01,199,9,7.2,68.0,97.6,3.08,1,4,2,11.2,2,0,1
2023-10-01,199,10,7.37,66.1,92.7,2.88,1,5,2,10.1,2,0,1
2023-11-01,199,11,7.5,69.6,95.3,3.03,1,5,2,4.1,2,0,1
2023-12-01,199,12,7.29,62.0,91.6,3.1,1,5,3,7.3,2,0,1
2024-01-01,199,13,7.35,66.8,97.6,3.09,1,6,3,10.6,2,0,1
2024-02-01,199,14,7.54,65.0,92.7,3.09,1,7,3,4.4,2,0,1
2024-03-01,199,15,7.69,72.4,100.0,3.27,1,7,3,7.6,2,0,1
2024-04-01,199,16,7.53,67.0,98.0,3.23,1,7,3,7.1,3,0,1
2024-05-01,199,17,7.58,68.3,94.1,3.0,1,7,3,8.2,3,0,1
2024-06-01,199,18,7.58,70.1,91.4,3.32,1,8,3,14.0,3,0,1
2023-01-01,200,1,6.98,99.3,68.1,2.2,0,2,0,6.3,0,0,0
2023-02-01,200,2,6.98,99.4,66.8,2.23,0,2,0,2.8,0,0,0
2023-03-01,200,3,7.08,92.4,64.2,2.18,0,2,0,4.5,0,0,0
2023-04-01,200,4,6.8,100.0,71.5,2.26,0,2,0,4.7,0,0,0
2023-05-01,200,5,6.99,99.6,64.6,2.22,0,2,0,5.4,0,0,0
2023-06-01,200,6,6.85,100.0,67.0,2.37,0,2,0,2.6,1,0,0
2023-07-01,200,7,6.88,100.0,63.9,2.21,0,2,0,4.2,1,0,0
2023-08-01,200,8,7.28,100.0,67.2,2.59,0,2,0,2.6,1,0,1
2023-09-01,200,9,7.13,90.9,61.9,2.08,0,2,1,3.1,1,0,1
2023-10-01,200,10,7.14,90.3,68.9,2.41,0,2,1,5.6,1,0,1
2023-11-01,200,11,7.32,98.5,67.3,2.26,0,2,1,5.8,1,0,1
2023-12-01,200,12,7.07,95.4,63.0,2.4,0,2,1,4.9,1,0,1
2024-01-01,200,13,7.01,100.0,66.3,2.5,0,2,1,2.3,1,0,1
2024-02-01,200,14,7.13,97.0,68.4,2.25,0,2,1,5.0,1,0,1
2024-03-01,200,15,7.24,94.2,67.1,2.5,0,3,1,0.6,1,0,1
2024-04-01,200,16,6.89,100.0,75.7,2.35,0,3,1,4.0,1,0,1
2024-05-01,200,17,7.25,100.0,68.3,2.42,0,3,1,2.3,1,0,1
2024-06-01,200,18,7.2,94.7,71.2,2.24,0,3,1,4.1,1,0,1
2023-01-01,201,1,7.34,84.5,75.5,2.21,0,1,1,12.1,0,1,0
2023-02-01,201,2,7.33,77.2,70.4,2.22,0,1,1,14.1,0,0,0
2023-03-01,201,3,7.48,86.9,66.9,2.1,0,1,1,8.8,1,0,0
2023-04-01,201,4,7.13,86.3,73.5,2.19,0,1,1,11.0,1,0,1
2023-05-01,201,5,7.35,86.9,71.4,2.25,0,1,1,12.3,2,0,1
2023-06-01,201,6,7.36,78.5,78.4,2.21,0,2,1,9.9,2,0,1
2023-07-01,201,7,7.52,81.0,70.5,2.15,0,2,1,14.7,2,0,1
2023-08-01,201,8,7.32,77.5,74.4,2.27,0,3,1,7.9,2,0,1
2023-09-01,201,9,7.15,84.0,78.2,2.26,0,3,1,7.5,2,0,1
2023-10-01,201,10,7.32,87.7,74.3,2.52,0,3,1,10.4,2,0,1
2023-11-01,201,11,7.36,82.1,77.0,2.46,0,3,1,9.7,3,0,1
2023-12-01,201,12,7.49,87.0,81.9,2.15,0,3,2,8.5,4,0,1
2024-01-01,201,13,7.13,86.4,84.7,2.24,0,3,2,11.6,4,0,1
2024-02-01,201,14,7.32,82.1,83.3,2.41,0,3,2,12.8,5,0,1
2024-03-01,201,15,7.32,82.1,82.8,2.14,0,3,2,9.3,5,0,1
2024-04-01,201,16,7.26,90.3,86.0,2.39,0,3,2,10.7,5,0,1
2024-05-01,201,17,7.41,85.6,82.0,2.47,0,3,2,7.6,6,0,1
2024-06-01,201,18,7.55,85.3,83.4,2.33,0,3,2,11.2,7,0,1
2023-01-01,202,1,7.97,72.0,38.2,2.53,1,2,0,5.9,0,0,0
2023-02-01,202,2,8.07,79.0,40.0,2.81,1,2,0,2.9,0,0,0
2023-03-01,202,3,8.14,68.6,48.3,2.86,1,2,0,4.0,0,0,0
2023-04-01,202,4,8.05,70.9,40.0,2.35,1,2,0,4.3,0,0,0
2023-05-01,202,5,8.31,80.2,40.8,2.78,1,2,0,8.2,0,0,0
2023-06-01,202,6,8.22,70.5,45.2,2.66,1,2,0,2.8,0,0,0
2023-07-01,202,7,8.36,81.0,44.7,2.96,1,2,0,2.8,0,0,0
2023-08-01,202,8,8.19,64.3,51.4,2.73,1,2,0,4.0,0,0,0
2023-09-01,202,9,8.26,76.6,44.6,2.52,1,2,0,4.3,0,0,0
2023-10-01,202,10,8.3,75.1,47.2,2.69,1,3,0,1.1,0,0,0
2023-11-01,202,11,8.47,74.0,49.1,2.71,1,3,0,2.8,1,0,0
2023-12-01,202,12,8.37,70.8,46.4,2.87,1,3,0,9.0,1,0,0
2024-01-01,202,13,8.3,74.3,50.5,2.69,1,3,0,3.3,1,0,0
2024-02-01,202,14,8.32,76.4,41.4,2.74,1,3,0,5.1,1,0,0
2024-03-01,202,15,8.43,72.1,50.5,2.74,1,3,0,10.1,1,0,0
2024-04-01,202,16,8.46,73.9,52.3,2.75,1,3,0,5.2,1,0,1
2024-05-01,202,17,8.47,71.0,55.4,2.86,1,3,0,3.7,2,0,1
2024-06-01,202,18,8.31,81.9,48.8,2.59,1,3,0,1.7,2,0,1
2023-01-01,203,1,6.94,72.0,36.6,3.23,0,1,0,10.1,0,1,0
2023-02-01,203,2,6.94,76.8,44.9,3.33,1,1,0,11.5,0,1,0
2023-03-01,203,3,7.06,72.1,46.4,3.22,1,1,1,14.2,0,0,0
2023-04-01,203,4,7.29,68.4,42.4,3.3,1,1,1,9.4,0,0,0
2023-05-01,203,5,7.12,79.4,50.8,3.23,1,1,1,12.5,1,0,0
2023-06-01,203,6,7.4,71.3,48.5,3.52,2,1,1,12.9,1,0,1
2023-07-01,203,7,7.06,85.2,42.6,3.33,2,2,1,14.2,1,0,1
2023-08-01,203,8,7.21,81.0,50.3,3.62,2,2,1,9.1,1,0,1
2023-09-01,203,9,7.15,71.7,46.2,3.48,2,3,2,12.3,2,0,1
2023-10-01,203,10,7.42,73.7,57.3,3.17,2,3,2,13.2,2,0,1
2023-11-01,203,11,7.42,77.6,53.7,3.38,2,3,2,10.4,3,0,1
2023-12-01,203,12,7.31,72.1,54.4,3.15,2,3,2,12.3,3,0,1
2024-01-01,203,13,7.35,77.8,55.9,3.34,2,3,2,8.0,4,0,1
2024-02-01,203,14,7.63,71.5,54.5,3.47,2,3,2,7.9,4,0,1
2024-03-01,203,15,7.27,71.9,48.8,3.52,3,3,2,13.2,4,0,1
2024-04-01,203,16,7.37,77.8,56.7,3.5,3,3,2,9.0,4,0,1
2024-05-01,203,17,7.48,81.8,53.1,3.41,3,3,2,16.3,5,0,1
2024-06-01,203,18,7.62,75.6,53.5,3.4,3,3,2,9.8,6,0,1
2023-01-01,204,1,7.42,53.3,67.5,2.4,0,1,1,5.4,0,0,0
2023-02-01,204,2,7.69,62.8,60.7,2.17,0,1,1,11.4,0,0,0
2023-03-01,204,3,7.57,60.7,56.2,2.25,0,1,1,7.2,0,0,0
2023-04-01,204,4,7.59,59.5,58.8,2.56,0,1,1,0.0,0,0,0
2023-05-01,204,5,7.65,62.1,54.2,2.33,0,1,1,7.5,0,0,0
2023-06-01,204,6,7.5,62.7,57.8,2.3,0,1,1,1.1,0,0,0
2023-07-01,204,7,7.52,58.4,61.7,2.72,0,1,1,7.2,0,0,0
2023-08-01,204,8,7.61,54.0,56.5,2.54,1,1,1,4.1,0,0,0
2023-09-01,204,9,7.82,61.0,62.7,2.57,1,1,1,5.0,0,0,0
2023-10-01,204,10,7.77,61.4,53.1,2.45,1,2,1,5.6,0,0,0
2023-11-01,204,11,7.51,64.0,58.7,2.53,1,3,1,5.3,1,0,0
2023-12-01,204,12,7.6,64.8,63.2,2.21,1,3,1,7.5,2,0,0
2024-01-01,204,13,7.83,61.2,59.6,2.64,1,3,1,3.9,2,0,1
2024-02-01,204,14,7.82,57.8,63.3,2.36,1,3,1,1.9,2,0,1
2024-03-01,204,15,7.68,58.9,65.1,2.71,1,4,1,8.7,2,0,1
2024-04-01,204,16,7.91,60.7,60.8,2.79,1,4,1,5.0,2,0,1
2024-05-01,204,17,7.83,64.6,62.1,2.84,1,4,1,4.9,2,0,1
2024-06-01,204,18,7.63,62.2,73.1,2.82,1,4,1,7.2,2,0,1
2023-01-01,205,1,5.42,79.1,66.3,3.17,0,1,0,12.1,0,1,0
2023-02-01,205,2,5.16,65.7,59.3,3.22,0,1,0,9.9,0,1,0
2023-03-01,205,3,5.48,67.5,61.1,2.88,0,1,0,8.7,0,1,0
2023-04-01,205,4,5.51,76.8,59.9,2.94,0,1,0,9.2,0,1,0
2023-05-01,205,5,5.38,68.7,61.4,3.34,1,1,0,10.7,1,1,0
2023-06-01,205,6,5.44,69.9,63.4,2.82,2,1,1,11.5,1,1,0
2023-07-01,205,7,5.47,69.8,72.3,2.87,2,1,1,9.0,1,1,0
2023-08-01,205,8,5.46,74.4,65.9,3.34,2,1,1,9.9,1,0,0
2023-09-01,205,9,5.53,66.9,70.3,3.19,2,2,1,11.1,1,0,0
2023-10-01,205,10,5.6,71.4,71.1,3.14,2,2,1,11.5,1,0,0
2023-11-01,205,11,5.5,67.3,68.7,3.12,2,2,1,8.4,1,0,0
2023-12-01,205,12,5.82,64.1,77.6,3.23,2,2,1,11.5,1,0,0
2024-01-01,205,13,5.78,73.6,68.2,3.35,2,2,1,10.6,1,0,0
2024-02-01,205,14,5.64,65.1,67.0,3.51,2,2,1,10.4,1,0,0
2024-03-01,205,15,5.44,63.9,69.8,3.28,2,2,1,9.0,1,0,0
2024-04-01,205,16,5.4,76.7,74.8,3.18,2,2,1,13.7,2,0,1
2024-05-01,205,17,5.68,76.8,75.2,3.24,2,2,1,13.1,2,0,1
2024-06-01,205,18,5.48,73.4,82.0,3.67,2,2,1,13.1,2,0,1
2023-01-01,206,1,7.05,92.0,28.5,4.26,0,2,0,11.5,0,3,0
2023-02-01,206,2,7.03,98.4,25.5,3.96,0,2,0,13.8,0,3,0
2023-03-01,206,3,7.08,93.8,33.3,4.01,0,2,1,9.9,0,3,0
2023-04-01,206,4,6.98,85.2,39.9,3.85,0,2,2,11.2,0,3,0
2023-05-01,206,5,7.13,96.6,31.0,3.83,0,2,2,7.1,1,3,0
2023-06-01,206,6,7.05,89.4,27.3,4.04,0,2,2,8.0,1,3,0
2023-07-01,206,7,7.02,99.2,29.8,4.23,0,2,2,6.8,1,3,0
2023-08-01,206,8,7.35,90.3,40.0,4.0,0,2,2,7.1,1,3,0
2023-09-01,206,9,7.26,100.0,31.4,4.02,0,2,3,2.4,1,3,0
2023-10-01,206,10,7.24,88.8,39.9,3.94,0,2,3,9.5,1,2,1
2023-11-01,206,11,7.51,97.2,33.9,4.02,0,2,3,11.2,1,2,1
2023-12-01,206,12,7.42,91.5,41.9,4.08,0,2,4,8.9,1,2,1
2024-01-01,206,13,7.39,87.8,36.9,3.97,0,2,4,4.8,1,2,1
2024-02-01,206,14,7.48,96.3,35.6,3.87,0,2,4,8.1,1,2,1
2024-03-01,206,15,7.9,91.6,42.0,3.86,0,2,4,9.9,1,1,1
2024-04-01,206,16,7.65,92.6,40.0,3.9,0,2,4,13.5,1,0,1
2024-05-01,206,17,7.82,90.2,36.4,4.12,0,2,4,4.6,1,0,1
2024-06-01,206,18,7.56,90.2,38.5,4.26,0,2,4,8.1,1,0,1
2023-01-01,207,1,6.59,95.5,56.2,2.34,1,1,0,3.0,0,0,0
2023-02-01,207,2,6.27,100.0,51.9,2.27,1,1,0,0.0,0,0,0
2023-03-01,207,3,6.35,99.2,50.1,2.34,1,1,0,0.0,0,0,0
2023-04-01,207,4,6.56,97.5,62.6,2.27,1,1,0,3.5,0,0,0
2023-05-01,207,5,6.57,100.0,56.9,2.06,1,1,0,1.8,0,0,0
2023-06-01,207,6,6.39,100.0,59.7,2.49,1,1,0,0.7,0,0,0
2023-07-01,207,7,6.35,96.7,55.8,2.39,1,1,1,2.6,0,0,0
2023-08-01,207,8,6.68,97.5,60.6,2.27,1,1,1,8.3,0,0,0
2023-09-01,207,9,6.53,100.0,49.7,2.54,1,1,1,6.3,0,0,0
2023-10-01,207,10,6.69,99.1,62.6,2.48,1,1,1,0.3,0,0,0
2023-11-01,207,11,6.61,99.0,60.9,2.06,1,1,1,1.0,0,0,1
2023-12-01,207,12,6.61,100.0,58.0,2.31,1,1,1,3.1,0,0,1
2024-01-01,207,13,6.47,100.0,60.8,2.24,1,1,1,2.0,0,0,1
2024-02-01,207,14,6.44,94.3,61.4,2.34,1,1,1,3.3,0,0,1
2024-03-01,207,15,6.54,100.0,58.9,2.28,1,1,1,9.0,0,0,1
2024-04-01,207,16,6.95,93.9,53.7,2.2,1,1,1,3.8,0,0,1
2024-05-01,207,17,6.74,99.2,58.2,2.37,1,1,1,4.3,0,0,1
2024-06-01,207,18,6.77,96.7,56.4,2.61,1,1,1,3.0,0,0,1
2023-01-01,208,1,6.14,91.0,53.0,3.01,0,2,1,7.2,0,0,0
2023-02-01,208,2,5.87,95.3,51.3,3.11,0,2,1,3.5,0,0,0
2023-03-01,208,3,6.23,87.6,58.6,3.04,0,2,1,9.8,0,0,0
2023-04-01,208,4,6.07,88.9,56.3,3.28,0,2,1,1.1,0,0,0
2023-05-01,208,5,6.08,100.0,62.4,3.15,0,2,1,5.8,0,0,0
2023-06-01,208,6,6.36,88.9,53.4,3.25,0,3,1,0.5,0,0,0
2023-07-01,208,7,6.16,90.5,60.8,3.09,0,4,1,5.4,0,0,0
2023-08-01,208,8,6.06,88.9,56.7,3.1,0,5,1,6.9,0,0,0
2023-09-01,208,9,6.31,97.6,55.7,3.28,0,5,1,0.0,0,0,0
2023-10-01,208,10,6.28,92.9,53.6,2.67,0,5,1,3.5,0,0,0
2023-11-01,208,11,6.27,84.0,55.4,2.99,0,5,1,0.6,0,0,0
2023-12-01,208,12,6.32,90.3,61.8,3.02,0,5,1,3.6,0,0,0
2024-01-01,208,13,6.35,88.9,61.1,2.91,0,5,1,1.6,0,0,0
2024-02-01,208,14,6.48,90.7,64.0,3.03,0,5,1,4.5,0,0,0
2024-03-01,208,15,6.4,96.8,64.0,3.08,0,5,1,2.4,0,0,1
2024-04-01,208,16,6.46,93.3,54.1,3.34,0,6,1,7.2,1,0,1
2024-05-01,208,17,6.48,87.2,61.1,3.25,0,6,1,0.7,1,0,1
2024-06-01,208,18,6.49,94.7,64.5,3.5,0,6,2,3.8,1,0,1
2023-01-01,209,1,6.52,79.8,53.1,3.6,1,1,0,1.2,0,0,0
2023-02-01,209,2,6.48,82.5,58.6,3.86,1,1,0,5.0,0,0,0
2023-03-01,209,3,6.17,78.8,56.4,3.76,1,1,0,1.4,0,0,0
2023-04-01,209,4,6.27,82.6,52.0,3.94,1,1,0,9.8,0,0,0
2023-05-01,209,5,6.33,75.6,62.1,4.11,1,1,0,1.8,0,0,0
2023-06-01,209,6,6.3,80.0,57.4,4.02,1,1,1,1.9,0,0,0
2023-07-01,209,7,6.5,81.3,57.3,4.02,1,2,1,3.9,0,0,0
2023-08-01,209,8,6.38,84.1,59.4,4.18,1,3,1,7.2,0,0,0
2023-09-01,209,9,6.52,83.3,56.0,3.94,1,3,1,3.3,1,0,0
2023-10-01,209,10,6.41,81.2,53.9,4.27,1,3,1,1.6,1,0,0
2023-11-01,209,11,6.58,80.3,57.4,3.96,1,3,1,4.2,1,0,0
2023-12-01,209,12,6.37,78.3,55.2,4.17,1,3,1,4.3,1,0,0
2024-01-01,209,13,6.37,77.9,55.6,4.02,1,3,1,3.6,1,0,0
2024-02-01,209,14,6.62,79.3,55.8,4.12,1,3,1,0.7,1,0,0
2024-03-01,209,15,6.54,86.8,55.0,4.12,1,3,1,3.2,1,0,0
2024-04-01,209,16,6.28,81.0,58.6,4.06,1,3,1,5.3,1,0,1
2024-05-01,209,17,6.46,82.7,51.2,4.13,1,3,1,2.6,1,0,1
2024-06-01,209,18,6.39,79.1,70.3,3.94,1,3,1,2.7,2,0,1
2023-01-01,210,1,6.68,72.8,42.9,2.72,0,1,1,10.7,0,0,0
2023-02-01,210,2,6.76,75.7,49.8,3.01,0,1,1,5.8,0,0,0
2023-03-01,210,3,6.69,78.7,52.0,2.94,0,2,1,6.9,0,0,0
2023-04-01,210,4,6.79,82.1,55.2,2.75,1,3,1,12.4,0,0,0
2023-05-01,210,5,6.83,78.9,45.5,3.16,1,3,1,6.4,0,0,0
2023-06-01,210,6,6.68,74.1,57.3,2.94,1,3,1,8.6,0,0,0
2023-07-01,210,7,6.75,77.2,46.7,2.85,1,3,1,6.0,0,0,0
2023-08-01,210,8,6.99,76.6,45.1,3.09,1,4,1,4.9,0,0,0
2023-09-01,210,9,7.04,73.0,57.1,2.53,1,4,1,11.9,0,0,0
2023-10-01,210,10,6.77,72.4,52.5,2.97,1,5,1,7.5,0,0,0
2023-11-01,210,11,6.87,77.5,49.4,3.07,1,5,1,8.3,0,0,1
2023-12-01,210,12,6.94,83.0,55.6,2.91,1,5,2,7.3,0,0,1
2024-01-01,210,13,6.9,77.2,55.2,2.79,2,5,2,7.1,0,0,1
2024-02-01,210,14,7.15,82.7,54.9,2.9,2,5,2,7.6,0,0,1
2024-03-01,210,15,7.01,80.3,56.0,2.77,2,5,3,3.9,1,0,1
2024-04-01,210,16,7.27,74.8,53.8,2.84,2,5,3,7.4,2,0,1
2024-05-01,210,17,7.05,67.5,52.7,3.18,2,6,3,9.4,2,0,1
2024-06-01,210,18,7.07,81.8,48.4,2.99,2,6,3,9.8,2,0,1
2023-01-01,211,1,7.72,70.2,44.6,2.91,1,1,1,11.9,0,1,0
2023-02-01,211,2,7.66,71.4,49.2,2.83,1,2,1,6.5,0,1,0
2023-03-01,211,3,7.52,68.2,62.2,2.61,1,2,2,14.7,0,1,0
2023-04-01,211,4,7.88,70.7,60.9,2.86,1,2,3,15.4,0,1,0
2023-05-01,211,5,7.71,72.1,52.2,2.76,1,2,3,11.9,0,1,0
2023-06-01,211,6,7.82,74.0,57.3,2.88,1,2,3,10.6,0,1,0
2023-07-01,211,7,8.01,74.1,56.8,2.73,1,2,3,8.8,0,1,0
2023-08-01,211,8,7.68,70.5,52.4,2.74,1,2,3,9.3,0,1,0
2023-09-01,211,9,7.7,75.2,59.0,2.77,1,2,3,14.5,0,1,1
2023-10-01,211,10,7.88,74.8,58.1,2.89,1,2,3,10.4,1,1,1
2023-11-01,211,11,7.86,69.3,53.9,2.85,1,2,3,12.5,1,1,1
2023-12-01,211,12,8.03,70.8,57.6,3.11,1,2,3,9.6,2,1,1
2024-01-01,211,13,8.22,70.3,62.2,2.95,1,2,3,13.2,2,1,1
2024-02-01,211,14,8.07,70.8,51.0,2.97,1,2,3,9.9,2,1,1
2024-03-01,211,15,7.88,63.7,63.8,2.86,1,2,3,8.2,2,1,1
2024-04-01,211,16,7.97,74.8,59.5,3.18,1,2,3,10.8,2,1,1
2024-05-01,211,17,7.95,64.0,62.8,3.18,1,2,3,8.0,2,1,1
2024-06-01,211,18,8.15,71.9,61.6,2.94,1,2,3,12.2,2,1,1
2023-01-01,212,1,5.81,100.0,61.1,4.1,0,0,0,6.1,0,0,0
2023-02-01,212,2,6.0,100.0,48.0,4.01,0,0,0,4.8,0,0,0
2023-03-01,212,3,5.85,100.0,55.5,4.26,0,0,0,11.9,0,0,0
2023-04-01,212,4,5.89,100.0,59.5,4.31,0,0,0,2.1,0,0,0
2023-05-01,212,5,6.19,92.1,63.3,4.11,0,0,1,6.4,0,0,0
2023-06-01,212,6,6.09,94.4,59.8,4.05,0,0,2,3.5,0,0,0
2023-07-01,212,7,6.29,100.0,56.5,4.22,0,0,2,5.8,0,0,0
2023-08-01,212,8,6.18,98.8,56.2,4.1,0,1,2,4.4,0,0,0
2023-09-01,212,9,6.06,94.9,63.2,3.83,0,1,2,7.8,0,0,0
2023-10-01,212,10,6.41,97.3,51.9,4.09,0,1,2,7.1,1,0,0
2023-11-01,212,11,6.34,96.7,60.8,4.15,0,1,2,7.8,1,0,0
2023-12-01,212,12,6.35,96.0,69.4,4.17,0,1,2,3.5,1,0,0
2024-01-01,212,13,6.36,91.9,59.5,4.03,0,1,3,6.2,1,0,0
2024-02-01,212,14,6.3,100.0,67.3,4.03,0,1,3,6.7,2,0,0
2024-03-01,212,15,6.26,99.4,58.5,3.94,0,1,3,7.6,2,0,1
2024-04-01,212,16,6.38,100.0,62.9,4.14,0,1,3,6.5,3,0,1
2024-05-01,212,17,6.55,96.7,58.3,3.91,0,1,3,2.8,3,0,1
2024-06-01,212,18,6.55,100.0,52.4,4.24,0,1,3,7.4,3,0,1
2023-01-01,213,1,6.96,83.8,62.2,2.77,1,1,0,5.7,0,0,0
2023-02-01,213,2,7.16,85.5,57.4,2.76,1,1,0,5.5,0,0,0
2023-03-01,213,3,7.1,75.1,56.9,2.72,1,2,0,8.4,0,0,0
2023-04-01,213,4,7.09,82.7,66.1,3.18,2,2,0,7.1,0,0,0
2023-05-01,213,5,6.9,72.7,61.3,3.13,2,2,0,7.7,0,0,0
2023-06-01,213,6,7.1,84.9,63.1,2.99,2,2,0,5.5,0,0,0
2023-07-01,213,7,6.92,74.4,61.7,3.01,2,2,0,7.0,0,0,0
2023-08-01,213,8,7.07,81.0,62.3,3.03,2,2,0,8.6,0,0,0
2023-09-01,213,9,7.35,83.5,60.7,3.13,2,2,0,7.6,0,0,0
2023-10-01,213,10,7.2,77.9,61.7,3.16,2,2,0,7.0,0,0,0
2023-11-01,213,11,7.44,83.5,63.5,3.02,2,2,0,5.4,0,0,1
2023-12-01,213,12,7.17,79.1,62.4,3.14,2,2,0,3.9,0,0,1
2024-01-01,213,13,7.12,85.3,55.7,3.27,2,2,0,6.6,0,0,1
2024-02-01,213,14,7.13,78.8,64.5,2.94,2,3,0,5.8,1,0,1
2024-03-01,213,15,7.07,76.0,70.6,3.31,2,3,0,4.9,1,0,1
2024-04-01,213,16,7.21,80.6,70.3,2.92,2,3,0,7.3,2,0,1
2024-05-01,213,17,7.5,78.9,72.5,3.07,2,3,0,6.6,2,0,1
2024-06-01,213,18,7.41,79.6,64.3,3.06,2,3,0,11.0,2,0,1
2023-01-01,214,1,6.36,100.0,63.6,3.92,0,0,0,6.7,1,0,0
2023-02-01,214,2,6.71,100.0,69.7,4.07,0,0,0,10.1,2,0,0
2023-03-01,214,3,6.74,100.0,63.4,4.18,0,0,0,7.2,2,0,0
2023-04-01,214,4,6.77,100.0,70.0,4.0,0,0,0,9.4,2,0,0
2023-05-01,214,5,6.77,100.0,73.7,4.16,0,1,0,8.4,2,0,0
2023-06-01,214,6,6.81,88.3,69.0,4.04,0,1,0,6.3,2,0,0
2023-07-01,214,7,6.93,100.0,72.8,4.07,0,1,0,11.0,2,0,0
2023-08-01,214,8,6.71,97.8,67.9,3.93,0,1,0,7.9,2,0,0
2023-09-01,214,9,6.94,97.5,82.2,3.81,0,1,0,8.4,3,0,0
2023-10-01,214,10,7.08,100.0,64.5,4.03,0,1,0,14.6,4,0,0
2023-11-01,214,11,7.18,93.9,70.2,4.07,0,1,0,7.6,4,0,0
2023-12-01,214,12,7.15,97.2,78.5,4.24,0,1,0,8.3,4,0,1
2024-01-01,214,13,7.24,98.1,73.2,4.35,0,1,0,10.4,5,0,1
2024-02-01,214,14,7.18,92.6,79.2,3.99,0,1,0,6.4,6,0,1
2024-03-01,214,15,7.22,97.6,75.3,3.98,0,1,0,8.2,7,0,1
2024-04-01,214,16,7.15,97.2,78.1,4.14,0,1,0,10.9,7,0,1
2024-05-01,214,17,7.27,100.0,80.9,4.38,0,1,0,8.0,7,0,1
2024-06-01,214,18,7.28,100.0,82.7,4.14,0,1,0,4.9,7,0,1
2023-01-01,215,1,6.78,92.4,72.0,3.61,0,2,0,11.1,0,0,0
2023-02-01,215,2,6.85,94.7,76.6,3.42,0,2,0,1.6,0,0,0
2023-03-01,215,3,6.76,97.3,73.9,3.69,0,2,0,4.3,0,0,0
2023-04-01,215,4,6.92,93.0,77.2,3.58,1,3,1,7.6,0,0,0
2023-05-01,215,5,6.98,98.3,77.1,3.49,1,3,1,6.3,0,0,1
2023-06-01,215,6,6.92,98.6,73.8,3.57,1,3,1,7.9,0,0,1
2023-07-01,215,7,6.96,90.5,80.7,3.38,1,3,1,6.9,0,0,1
2023-08-01,215,8,6.94,95.4,76.1,3.36,1,3,1,7.1,0,0,1
2023-09-01,215,9,6.98,87.2,72.8,3.5,1,3,1,3.8,0,0,1
2023-10-01,215,10,7.07,100.0,79.3,3.61,1,3,1,9.9,0,0,1
2023-11-01,215,11,7.06,94.7,81.0,3.65,1,3,1,5.7,0,0,1
2023-12-01,215,12,7.22,93.9,73.4,3.45,1,3,1,10.0,0,0,1
2024-01-01,215,13,7.36,95.1,76.8,3.73,1,3,1,9.0,0,0,1
2024-02-01,215,14,7.38,97.5,78.0,3.91,1,3,1,7.7,0,0,1
2024-03-01,215,15,7.22,95.3,82.1,3.57,1,3,1,5.3,1,0,1
2024-04-01,215,16,7.49,96.8,81.4,3.71,1,3,1,9.1,1,0,1
2024-05-01,215,17,7.63,97.1,92.4,3.63,1,3,1,3.5,1,0,1
2024-06-01,215,18,7.58,100.0,80.8,3.66,1,3,1,6.7,2,0,1
2023-01-01,216,1,7.8,62.8,48.5,3.05,0,1,0,8.0,0,1,0
2023-02-01,216,2,7.72,60.7,44.9,2.88,0,1,0,10.2,0,1,0
2023-03-01,216,3,7.8,58.9,50.2,3.02,0,1,0,7.5,0,0,0
2023-04-01,216,4,7.85,64.8,60.4,2.78,1,1,0,10.0,1,0,0
2023-05-01,216,5,7.81,67.0,62.4,3.14,1,1,0,8.8,1,0,0
2023-06-01,216,6,7.91,57.1,63.4,3.1,1,1,0,4.6,1,0,0
2023-07-01,216,7,8.11,63.5,59.9,2.95,1,1,0,11.6,1,0,0
2023-08-01,216,8,7.82,59.4,56.9,2.94,1,1,0,10.6,1,0,0
2023-09-01,216,9,7.82,61.9,60.6,2.84,2,1,1,11.9,2,0,0
2023-10-01,216,10,8.08,65.7,61.9,3.14,3,1,1,6.9,2,0,0
2023-11-01,216,11,7.79,61.6,54.9,2.85,3,1,1,11.3,2,0,0
2023-12-01,216,12,7.91,61.0,63.4,3.04,3,1,1,11.0,2,0,0
2024-01-01,216,13,8.05,64.1,55.3,3.11,3,1,1,10.2,2,0,0
2024-02-01,216,14,7.79,59.7,64.7,3.02,3,1,1,9.8,2,0,0
2024-03-01,216,15,8.1,65.7,59.3,3.08,4,1,1,8.1,3,0,0
2024-04-01,216,16,8.29,63.6,61.8,3.13,4,1,1,10.6,3,0,0
2024-05-01,216,17,8.32,67.9,66.9,3.1,4,1,1,10.9,3,0,0
2024-06-01,216,18,7.95,62.4,58.5,3.29,4,1,1,13.1,4,0,0
2023-01-01,217,1,7.37,61.7,52.5,3.63,0,0,0,8.2,0,0,0
2023-02-01,217,2,7.47,74.4,51.3,3.44,0,0,0,6.1,0,0,0
2023-03-01,217,3,7.39,65.6,53.4,3.44,0,1,0,7.2,0,0,0
2023-04-01,217,4,7.47,70.4,55.8,3.7,0,1,0,5.3,0,0,0
2023-05-01,217,5,7.48,78.4,49.8,3.72,0,1,0,3.4,0,0,0
2023-06-01,217,6,7.37,76.3,54.2,3.72,0,1,1,6.9,0,0,0
2023-07-01,217,7,7.49,77.9,60.3,3.28,0,1,1,10.3,0,0,0
2023-08-01,217,8,7.68,78.1,55.9,3.3,0,1,1,3.9,0,0,0
2023-09-01,217,9,7.5,73.5,49.1,3.77,0,1,1,6.0,0,0,0
2023-10-01,217,10,7.8,74.5,60.3,3.7,0,1,1,6.2,0,0,0
2023-11-01,217,11,7.51,77.7,66.8,3.71,0,1,1,11.8,0,0,1
2023-12-01,217,12,7.69,71.3,63.6,3.5,0,1,1,10.4,0,0,1
2024-01-01,217,13,7.67,67.8,57.3,3.59,0,1,1,8.8,0,0,1
2024-02-01,217,14,7.9,74.0,60.9,3.72,0,1,1,6.4,0,0,1
2024-03-01,217,15,7.76,70.3,60.9,3.74,0,1,1,8.1,1,0,1
2024-04-01,217,16,7.48,73.7,58.3,3.6,0,1,1,6.5,1,0,1
2024-05-01,217,17,7.49,65.7,58.8,3.65,0,1,1,7.6,1,0,1
2024-06-01,217,18,7.5,79.2,62.1,3.92,0,1,1,4.2,1,0,1
2023-01-01,218,1,8.2,83.2,60.3,3.39,0,2,1,6.0,0,0,0
2023-02-01,218,2,8.18,70.1,65.5,3.72,0,2,1,7.8,0,0,0
2023-03-01,218,3,8.14,71.4,63.7,3.58,0,2,1,11.0,0,0,0
2023-04-01,218,4,8.03,65.7,67.4,3.51,0,2,1,7.7,0,0,0
2023-05-01,218,5,8.16,79.5,59.1,3.56,0,2,1,13.5,0,0,0
2023-06-01,218,6,8.25,83.9,73.5,3.46,0,2,1,9.5,0,0,1
2023-07-01,218,7,8.05,72.8,71.3,3.48,0,2,1,12.0,0,0,1
2023-08-01,218,8,8.28,70.6,68.5,3.8,0,2,1,11.1,1,0,1
2023-09-01,218,9,8.09,74.0,75.9,3.4,0,2,1,7.9,1,0,1
2023-10-01,218,10,8.1,77.2,71.8,3.22,0,2,1,11.4,1,0,1
2023-11-01,218,11,8.38,72.0,79.2,3.45,0,3,1,7.9,1,0,1
2023-12-01,218,12,7.88,79.4,73.9,3.52,0,3,1,10.9,1,0,1
2024-01-01,218,13,8.21,73.4,70.9,3.41,1,3,1,8.1,1,0,1
2024-02-01,218,14,8.35,74.4,71.5,3.29,1,3,2,6.6,1,0,1
2024-03-01,218,15,8.33,78.8,78.3,3.42,1,3,2,12.0,1,0,1
2024-04-01,218,16,8.49,75.1,75.9,3.25,1,3,2,12.4,1,0,1
2024-05-01,218,17,8.35,85.8,79.1,3.45,1,3,2,8.4,1,0,1
2024-06-01,218,18,8.37,80.4,82.8,3.41,1,3,2,11.0,1,0,1
2023-01-01,219,1,6.88,74.6,78.1,3.84,0,1,0,8.7,0,0,0
2023-02-01,219,2,7.09,81.7,70.5,3.85,0,2,0,12.4,0,0,0
2023-03-01,219,3,7.02,72.0,75.9,4.03,0,2,0,14.8,0,0,0
2023-04-01,219,4,6.93,75.7,72.0,4.04,0,2,0,13.0,0,0,0
2023-05-01,219,5,7.0,81.9,72.2,3.81,0,2,0,7.9,0,0,0
2023-06-01,219,6,6.96,85.0,70.3,3.84,1,3,0,13.0,0,0,0
2023-07-01,219,7,7.23,77.5,66.0,3.86,1,3,0,11.1,1,0,0
2023-08-01,219,8,6.85,79.8,81.6,3.83,1,3,0,9.7,1,0,0
2023-09-01,219,9,7.21,77.0,72.1,4.16,1,4,0,13.0,1,0,0
2023-10-01,219,10,7.08,87.4,79.3,3.96,1,5,0,11.5,1,0,1
2023-11-01,219,11,7.31,85.3,76.6,3.92,1,5,0,11.9,1,0,1
2023-12-01,219,12,7.22,85.6,73.2,3.89,1,6,0,12.8,1,0,1
2024-01-01,219,13,7.35,81.0,72.4,4.3,1,6,0,10.0,2,0,1
2024-02-01,219,14,7.39,89.6,79.4,4.0,1,7,0,13.0,2,0,1
2024-03-01,219,15,7.05,81.9,82.2,4.03,1,8,0,8.2,2,0,1
2024-04-01,219,16,7.45,81.6,82.4,4.13,1,8,0,10.1,2,0,1
2024-05-01,219,17,7.43,79.3,87.1,4.26,1,8,0,13.0,2,0,1
2024-06-01,219,18,7.51,79.7,76.4,4.03,1,8,0,14.5,3,0,1
2023-01-01,220,1,6.55,82.1,47.0,2.8,0,1,0,1.0,0,1,0
2023-02-01,220,2,6.44,82.5,59.2,2.89,0,1,0,9.5,0,1,0
2023-03-01,220,3,6.29,70.3,48.3,2.85,0,1,0,8.9,0,1,0
2023-04-01,220,4,6.35,83.1,54.5,2.82,0,1,0,8.7,0,1,0
2023-05-01,220,5,6.67,78.6,54.1,2.91,0,1,0,1.9,0,1,0
2023-06-01,220,6,6.61,82.5,49.1,2.67,0,2,0,10.2,0,1,0
2023-07-01,220,7,6.62,79.9,60.7,3.03,0,2,0,4.2,0,1,0
2023-08-01,220,8,6.55,72.2,58.5,2.77,1,2,0,6.9,0,1,0
2023-09-01,220,9,6.5,77.0,53.1,2.96,1,2,0,6.0,0,1,0
2023-10-01,220,10,6.53,77.3,54.1,3.08,2,2,0,8.2,0,1,0
2023-11-01,220,11,6.7,82.9,45.5,2.93,2,2,0,8.0,0,1,0
2023-12-01,220,12,6.74,87.1,54.4,2.75,3,2,0,2.8,0,1,0
2024-01-01,220,13,6.82,82.5,58.7,3.07,3,2,0,4.1,1,1,0
2024-02-01,220,14,6.66,78.8,58.2,2.82,3,2,0,6.3,1,1,0
2024-03-01,220,15,6.59,80.2,53.8,2.99,3,2,0,6.6,1,0,0
2024-04-01,220,16,6.46,82.0,65.2,2.87,3,2,0,7.3,1,0,0
2024-05-01,220,17,6.69,74.8,71.5,2.89,3,2,0,7.7,1,0,0
2024-06-01,220,18,6.9,75.8,56.0,3.26,3,3,0,5.7,1,0,0
2023-01-01,221,1,6.81,99.3,67.7,3.26,0,1,0,0.3,0,0,0
2023-02-01,221,2,6.66,96.0,69.4,3.19,0,1,0,4.7,0,0,0
2023-03-01,221,3,6.77,97.3,71.9,3.5,0,1,0,2.6,0,0,0
2023-04-01,221,4,7.11,93.3,72.9,3.26,0,1,0,1.7,0,0,0
2023-05-01,221,5,7.26,100.0,72.7,3.2,0,1,0,5.2,0,0,0
2023-06-01,221,6,7.01,100.0,71.2,3.2,0,1,0,1.3,0,0,0
2023-07-01,221,7,6.98,100.0,75.4,3.44,0,1,0,7.3,0,0,0
2023-08-01,221,8,7.2,100.0,75.5,3.39,0,1,0,1.6,0,0,0
2023-09-01,221,9,7.07,95.9,73.5,3.47,1,1,0,0.0,0,0,0
2023-10-01,221,10,7.16,100.0,70.9,3.28,1,1,0,4.4,0,0,0
2023-11-01,221,11,7.25,92.9,70.6,3.38,1,1,0,2.3,0,0,0
2023-12-01,221,12,7.25,91.7,73.3,3.44,1,1,0,1.4,0,0,0
2024-01-01,221,13,7.46,100.0,73.0,3.3,1,1,0,5.9,0,0,0
2024-02-01,221,14,7.45,99.9,75.0,3.46,1,1,0,0.0,0,0,1
2024-03-01,221,15,7.56,96.2,72.0,3.28,1,1,0,4.1,1,0,1
2024-04-01,221,16,7.51,97.4,66.3,3.51,1,1,0,4.7,1,0,1
2024-05-01,221,17,7.51,100.0,71.6,3.46,1,1,0,6.0,1,0,1
2024-06-01,221,18,7.61,100.0,74.8,3.53,1,1,1,2.0,1,0,1
2023-01-01,222,1,7.03,70.4,79.1,3.08,0,1,1,6.3,0,0,0
2023-02-01,222,2,7.36,70.2,75.0,3.31,0,1,1,3.9,0,0,0
2023-03-01,222,3,7.36,69.4,70.9,3.32,0,1,1,5.5,0,0,0
2023-04-01,222,4,7.4,78.9,74.4,3.35,0,1,1,2.7,0,0,0
2023-05-01,222,5,7.47,68.2,74.5,3.33,0,1,1,1.8,0,0,0
2023-06-01,222,6,7.43,68.7,71.8,3.51,0,1,1,6.8,0,0,1
2023-07-01,222,7,7.55,74.5,74.2,3.29,0,1,1,8.0,0,0,1
2023-08-01,222,8,7.42,60.8,75.6,3.55,0,1,1,4.9,0,0,1
2023-09-01,222,9,7.56,77.3,71.8,3.24,0,1,1,5.7,1,0,1
2023-10-01,222,10,7.5,73.9,83.4,3.25,0,1,1,3.6,1,0,1
2023-11-01,222,11,7.48,73.7,71.6,3.13,1,1,1,1.1,1,0,1
2023-12-01,222,12,7.45,68.2,83.3,3.16,1,1,1,5.9,1,0,1
2024-01-01,222,13,7.73,73.9,77.0,3.16,1,1,1,6.4,1,0,1
2024-02-01,222,14,7.75,65.8,74.9,3.17,2,1,1,5.2,1,0,1
2024-03-01,222,15,7.68,73.6,80.5,3.31,2,1,1,9.4,1,0,1
2024-04-01,222,16,7.86,72.2,74.7,3.17,2,1,1,1.5,1,0,1
2024-05-01,222,17,7.98,71.4,79.7,3.32,2,1,1,6.5,2,0,1
2024-06-01,222,18,7.84,72.5,83.5,3.34,3,1,2,3.9,2,0,1
2023-01-01,223,1,7.03,84.0,81.3,3.56,0,1,1,10.2,0,0,0
2023-02-01,223,2,7.32,79.9,65.8,3.96,0,1,1,9.5,0,0,0
2023-03-01,223,3,7.08,86.4,73.7,3.95,0,1,1,8.7,1,0,0
2023-04-01,223,4,7.17,82.3,76.1,3.65,0,1,1,5.6,1,0,0
2023-05-01,223,5,7.34,85.1,79.2,3.69,0,1,1,8.1,1,0,0
2023-06-01,223,6,7.31,85.2,71.6,3.45,0,1,1,7.9,1,0,0
2023-07-01,223,7,7.5,82.5,91.8,3.66,0,1,1,7.8,1,0,0
2023-08-01,223,8,7.37,81.7,81.1,3.79,0,1,1,6.3,1,0,0
2023-09-01,223,9,7.48,88.0,81.2,3.73,0,1,1,2.7,1,0,0
2023-10-01,223,10,7.61,85.1,84.1,3.67,0,1,1,5.4,1,0,0
2023-11-01,223,11,7.76,85.8,84.3,3.89,0,1,1,14.7,1,0,0
2023-12-01,223,12,7.55,84.7,79.4,3.94,0,1,1,11.5,1,0,0
2024-01-01,223,13,8.0,77.2,78.8,3.95,0,1,1,9.6,2,0,1
2024-02-01,223,14,7.77,89.6,85.0,3.94,0,1,1,7.4,2,0,1
2024-03-01,223,15,7.67,84.6,87.6,3.96,0,1,1,9.4,2,0,1
2024-04-01,223,16,7.78,81.7,83.6,3.68,0,2,1,5.7,2,0,1
2024-05-01,223,17,7.79,80.7,77.4,4.02,0,2,1,7.9,2,0,1
2024-06-01,223,18,7.96,88.2,93.1,3.74,0,2,1,8.6,2,0,1
2023-01-01,224,1,6.04,90.9,83.2,2.12,0,1,0,7.7,0,0,0
2023-02-01,224,2,6.06,83.1,88.2,2.47,0,1,0,5.5,0,0,0
2023-03-01,224,3,6.31,85.7,85.8,2.47,0,1,0,8.2,0,0,0
2023-04-01,224,4,6.35,88.9,87.9,2.55,0,1,0,0.6,0,0,0
2023-05-01,224,5,6.42,79.6,75.9,2.78,0,1,0,2.3,0,0,0
2023-06-01,224,6,6.13,80.5,89.0,2.45,0,1,0,4.3,0,0,0
2023-07-01,224,7,6.29,93.4,83.4,2.53,0,1,0,4.4,0,0,0
2023-08-01,224,8,6.41,86.7,88.0,2.56,0,1,0,4.8,0,0,0
2023-09-01,224,9,6.44,86.7,80.7,2.52,0,1,0,10.2,0,0,0
2023-10-01,224,10,6.47,86.0,87.5,2.7,0,1,0,5.6,0,0,0
2023-11-01,224,11,6.52,90.5,85.3,2.64,0,1,0,6.6,1,0,0
2023-12-01,224,12,6.52,97.1,84.8,2.66,0,1,0,6.1,1,0,0
2024-01-01,224,13,6.49,91.1,84.8,2.41,0,1,0,7.9,1,0,0
2024-02-01,224,14,6.64,91.2,90.5,2.5,0,1,0,5.3,1,0,0
2024-03-01,224,15,6.37,90.5,86.5,2.57,0,1,0,8.0,1,0,0
2024-04-01,224,16,6.73,91.7,94.7,2.53,0,1,0,3.3,2,0,0
2024-05-01,224,17,6.64,88.4,93.8,2.75,0,1,0,13.3,2,0,0
2024-06-01,224,18,6.61,89.8,89.5,2.72,0,1,0,8.3,2,0,0
2023-01-01,225,1,7.05,80.8,46.4,3.89,0,1,0,11.8,1,2,0
2023-02-01,225,2,7.3,80.0,41.5,4.06,1,2,0,11.5,1,2,0
2023-03-01,225,3,7.56,81.4,50.5,3.89,2,2,0,12.6,1,2,0
2023-04-01,225,4,7.27,79.4,56.4,3.87,2,2,0,14.6,1,2,0
2023-05-01,225,5,7.27,79.6,47.0,4.21,2,2,1,9.5,1,2,0
2023-06-01,225,6,7.37,80.6,54.8,4.01,2,2,1,11.1,1,2,0
2023-07-01,225,7,7.34,78.6,43.5,3.9,2,2,1,8.8,1,2,0
2023-08-01,225,8,7.49,88.4,46.3,3.85,2,2,1,9.8,1,2,0
2023-09-01,225,9,7.32,80.3,48.3,4.19,2,2,1,6.0,1,2,0
2023-10-01,225,10,7.51,81.3,50.2,4.0,2,3,1,10.4,1,2,1
2023-11-01,225,11,7.56,88.7,55.1,3.93,2,3,1,8.7,1,1,1
2023-12-01,225,12,7.47,82.8,54.8,4.23,2,3,2,11.6,1,1,1
2024-01-01,225,13,7.56,81.4,54.2,4.07,2,3,2,14.1,1,1,1
2024-02-01,225,14,7.7,81.1,53.1,4.22,2,3,2,11.5,2,1,1
2024-03-01,225,15,7.77,78.6,58.1,3.95,2,4,3,14.9,2,1,1
2024-04-01,225,16,7.78,82.6,59.7,4.24,2,5,3,11.2,2,0,1
2024-05-01,225,17,7.8,84.6,58.3,4.3,2,5,4,8.5,2,0,1
2024-06-01,225,18,8.04,85.9,58.5,4.34,2,5,5,12.8,2,0,1
2023-01-01,226,1,7.02,77.5,53.7,3.59,0,1,0,9.5,0,0,0
2023-02-01,226,2,7.17,84.3,59.1,3.74,0,1,0,13.4,0,0,0
2023-03-01,226,3,7.13,84.3,57.8,3.38,0,1,0,7.1,0,0,0
2023-04-01,226,4,7.12,83.2,60.7,3.72,0,1,0,11.1,0,0,0
2023-05-01,226,5,7.42,84.9,64.4,3.15,0,1,0,8.8,0,0,0
2023-06-01,226,6,7.34,80.5,59.7,3.69,0,1,0,8.6,0,0,0
2023-07-01,226,7,7.3,79.2,62.8,3.66,0,1,1,9.7,0,0,0
2023-08-01,226,8,7.25,82.6,64.7,3.75,0,1,1,7.9,0,0,0
2023-09-01,226,9,7.44,78.2,67.4,3.76,0,1,2,9.7,1,0,0
2023-10-01,226,10,7.18,85.5,66.0,3.69,0,1,2,7.7,1,0,0
2023-11-01,226,11,7.4,85.0,71.0,3.94,0,1,2,11.7,1,0,0
2023-12-01,226,12,7.41,88.6,68.0,3.72,0,1,2,8.1,1,0,1
2024-01-01,226,13,7.47,81.2,72.8,3.86,0,1,2,11.5,1,0,1
2024-02-01,226,14,7.31,84.6,67.3,3.5,1,1,2,11.3,1,0,1
2024-03-01,226,15,7.38,82.7,72.7,3.82,1,1,2,6.8,1,0,1
2024-04-01,226,16,7.47,77.1,74.9,3.56,2,1,2,7.8,1,0,1
2024-05-01,226,17,7.38,82.5,72.6,3.95,2,1,2,4.7,1,0,1
2024-06-01,226,18,7.49,83.7,70.7,3.63,2,1,2,6.1,2,0,1
2023-01-01,227,1,8.83,71.4,57.5,2.15,0,1,0,2.6,0,0,0
2023-02-01,227,2,9.09,70.6,66.8,2.6,0,1,0,8.6,0,0,0
2023-03-01,227,3,9.0,73.8,52.7,2.16,0,1,0,6.5,0,0,0
2023-04-01,227,4,9.14,72.2,49.5,2.66,1,1,0,4.3,0,0,0
2023-05-01,227,5,9.05,73.5,63.8,2.34,1,1,0,4.9,0,0,0
2023-06-01,227,6,9.09,65.2,62.2,2.32,1,2,0,8.9,0,0,0
2023-07-01,227,7,9.07,66.7,63.8,2.13,1,2,0,7.2,0,0,1
2023-08-01,227,8,9.22,70.2,60.9,2.37,2,2,0,10.2,0,0,1
2023-09-01,227,9,8.93,72.6,68.3,2.29,2,2,0,14.9,0,0,1
2023-10-01,227,10,9.12,69.3,65.6,2.05,2,2,0,9.9,0,0,1
2023-11-01,227,11,9.39,77.1,59.1,2.7,2,2,0,0.9,0,0,1
2023-12-01,227,12,9.45,69.6,64.0,2.65,2,2,0,10.1,0,0,1
2024-01-01,227,13,9.26,72.4,69.0,2.28,2,2,0,5.3,0,0,1
2024-02-01,227,14,9.23,70.9,72.5,2.17,2,2,0,10.2,0,0,1
2024-03-01,227,15,9.51,72.0,62.0,2.59,2,2,0,14.2,0,0,1
2024-04-01,227,16,9.44,71.2,66.9,2.43,2,2,1,7.4,1,0,1
2024-05-01,227,17,9.36,74.2,67.2,2.5,2,2,1,8.1,1,0,1
2024-06-01,227,18,9.47,72.0,66.5,2.18,2,2,2,7.8,1,0,1
2023-01-01,228,1,8.65,95.3,58.6,4.18,0,0,0,10.9,0,0,0
2023-02-01,228,2,8.48,85.3,58.7,3.85,0,0,0,11.4,0,0,0
2023-03-01,228,3,8.48,85.6,59.2,4.29,0,1,0,13.6,0,0,0
2023-04-01,228,4,8.54,80.2,62.5,4.19,0,1,0,13.2,0,0,0
2023-05-01,228,5,8.78,82.9,62.9,4.17,1,1,0,8.3,0,0,0
2023-06-01,228,6,8.49,89.2,53.1,4.08,1,1,0,9.7,1,0,0
2023-07-01,228,7,8.44,89.9,60.8,3.65,1,1,0,10.7,1,0,0
2023-08-01,228,8,8.72,76.8,62.6,4.3,1,2,0,12.8,1,0,0
2023-09-01,228,9,8.73,80.2,59.5,4.18,1,3,0,6.5,1,0,0
2023-10-01,228,10,8.81,89.5,64.4,4.29,1,3,0,8.8,1,0,0
2023-11-01,228,11,8.67,79.2,65.1,4.18,1,3,0,10.3,1,0,0
2023-12-01,228,12,8.78,79.6,72.0,4.23,1,4,0,7.3,1,0,0
2024-01-01,228,13,8.78,76.3,62.9,4.28,1,4,0,11.6,2,0,0
2024-02-01,228,14,8.71,86.3,65.8,4.25,1,4,1,10.3,2,0,0
2024-03-01,228,15,8.84,83.5,59.4,4.2,1,4,1,12.7,2,0,1
2024-04-01,228,16,8.81,82.6,58.5,4.44,1,4,1,9.7,2,0,1
2024-05-01,228,17,9.12,86.4,67.6,3.95,1,4,1,11.8,2,0,1
2024-06-01,228,18,8.68,83.6,69.4,4.26,1,4,1,11.4,2,0,1
2023-01-01,229,1,6.3,86.8,42.5,4.7,1,1,0,7.6,0,0,0
2023-02-01,229,2,6.39,91.4,45.3,4.82,1,1,0,4.7,0,0,0
2023-03-01,229,3,6.53,89.5,48.0,4.65,1,1,0,0.0,0,0,0
2023-04-01,229,4,6.37,79.3,45.7,5.0,1,1,0,5.4,0,0,0
2023-05-01,229,5,6.61,89.4,57.8,4.78,1,1,0,5.9,1,0,1
2023-06-01,229,6,6.52,82.1,51.6,4.61,1,1,0,5.3,1,0,1
2023-07-01,229,7,6.59,89.4,48.0,4.53,1,1,0,2.6,2,0,1
2023-08-01,229,8,6.7,81.5,40.9,4.68,1,1,0,5.7,2,0,1
2023-09-01,229,9,6.74,93.5,44.2,5.0,1,1,0,0.0,2,0,1
2023-10-01,229,10,6.84,89.9,52.6,5.0,1,1,1,6.9,2,0,1
2023-11-01,229,11,6.62,86.4,43.1,4.87,1,1,1,3.5,2,0,1
2023-12-01,229,12,6.85,84.7,50.4,4.79,1,1,1,5.0,2,0,1
2024-01-01,229,13,6.84,83.1,53.0,5.0,1,1,1,6.9,3,0,1
2024-02-01,229,14,6.83,85.1,52.4,5.0,1,1,1,4.9,3,0,1
2024-03-01,229,15,7.05,87.9,52.3,4.86,1,1,1,0.0,3,0,1
2024-04-01,229,16,7.19,92.5,57.6,4.63,1,1,1,2.1,3,0,1
2024-05-01,229,17,6.96,91.2,52.6,5.0,1,1,1,4.8,4,0,1
2024-06-01,229,18,7.07,82.6,56.1,4.94,1,2,1,5.2,4,0,1
2023-01-01,230,1,6.83,85.1,27.9,4.01,0,1,1,10.3,0,0,0
2023-02-01,230,2,6.91,89.9,33.4,4.07,0,1,1,11.1,0,0,0
2023-03-01,230,3,6.88,86.6,38.3,3.88,0,1,1,14.8,0,0,0
2023-04-01,230,4,6.78,87.4,31.1,4.1,0,1,1,14.1,0,0,0
2023-05-01,230,5,6.86,91.6,37.8,4.16,0,2,1,10.6,0,0,0
2023-06-01,230,6,7.13,85.6,36.5,3.85,0,3,1,16.3,0,0,0
2023-07-01,230,7,6.9,91.3,36.0,3.85,0,3,1,14.3,0,0,0
2023-08-01,230,8,6.97,85.5,41.9,4.02,0,3,1,8.4,1,0,0
2023-09-01,230,9,7.09,86.1,44.1,4.0,1,3,1,12.3,1,0,0
2023-10-01,230,10,7.03,87.8,44.0,3.68,1,3,1,16.2,2,0,0
2023-11-01,230,11,7.0,82.1,46.7,3.93,1,3,1,7.7,3,0,0
2023-12-01,230,12,7.03,82.5,49.8,4.34,1,3,1,10.5,3,0,0
2024-01-01,230,13,7.1,81.0,46.6,4.24,1,3,1,9.6,4,0,0
2024-02-01,230,14,6.87,88.7,39.8,4.05,2,3,1,14.2,4,0,0
2024-03-01,230,15,7.0,90.0,50.0,4.1,2,3,1,5.9,5,0,0
2024-04-01,230,16,7.38,89.1,49.0,4.23,2,3,1,8.4,6,0,0
2024-05-01,230,17,7.37,83.9,53.6,3.99,2,4,1,11.5,6,0,0
2024-06-01,230,18,7.26,84.0,48.8,4.12,2,4,1,8.5,6,0,0
2023-01-01,231,1,5.85,85.3,58.1,4.22,0,0,1,3.0,0,0,0
2023-02-01,231,2,5.84,88.1,65.9,4.18,0,0,1,0.0,0,0,0
2023-03-01,231,3,5.89,91.2,63.5,4.35,0,0,1,1.5,0,0,0
2023-04-01,231,4,5.79,91.2,57.9,4.16,0,1,1,0.9,0,0,0
2023-05-01,231,5,6.08,91.7,59.5,4.19,0,1,1,2.7,0,0,0
2023-06-01,231,6,5.97,87.2,57.4,4.36,0,1,1,6.7,0,0,0
2023-07-01,231,7,6.17,84.0,63.2,4.3,0,1,1,2.0,0,0,1
2023-08-01,231,8,6.1,89.0,63.0,4.29,0,1,1,2.6,0,0,1
2023-09-01,231,9,6.24,89.0,58.9,4.14,0,1,2,1.3,0,0,1
2023-10-01,231,10,6.36,88.2,57.8,4.55,0,1,2,2.2,1,0,1
2023-11-01,231,11,6.31,91.5,60.4,4.24,0,1,2,4.9,1,0,1
2023-12-01,231,12,6.31,93.0,57.1,4.29,0,1,2,6.4,1,0,1
2024-01-01,231,13,6.5,92.2,56.6,4.08,0,1,2,1.7,2,0,1
2024-02-01,231,14,6.19,92.4,60.0,4.61,0,1,2,6.5,2,0,1
2024-03-01,231,15,6.4,85.3,66.1,4.39,0,1,2,3.7,2,0,1
2024-04-01,231,16,6.39,87.6,68.8,4.66,0,1,2,4.0,3,0,1
2024-05-01,231,17,6.57,85.9,55.4,4.49,0,1,2,6.0,3,0,1
2024-06-01,231,18,6.46,95.8,67.0,4.42,0,1,2,9.8,3,0,1
2023-01-01,232,1,6.63,100.0,46.8,3.35,1,1,0,3.9,1,0,0
2023-02-01,232,2,6.45,92.3,44.7,3.45,1,1,0,7.7,1,0,0
2023-03-01,232,3,6.66,98.9,54.4,3.25,1,1,0,11.3,1,0,0
2023-04-01,232,4,6.42,99.4,37.5,3.17,1,1,1,4.4,1,0,0
2023-05-01,232,5,6.69,95.1,52.5,3.2,1,1,1,7.6,1,0,0
2023-06-01,232,6,6.66,91.9,56.1,3.26,1,1,1,11.1,1,0,0
2023-07-01,232,7,6.62,98.5,50.9,3.31,1,1,1,8.0,1,0,0
2023-08-01,232,8,6.51,97.3,51.1,3.19,1,1,1,8.6,1,0,0
2023-09-01,232,9,6.81,89.1,56.5,3.4,1,1,1,5.8,1,0,0
2023-10-01,232,10,6.53,100.0,55.2,3.33,1,1,1,10.3,1,0,0
2023-11-01,232,11,6.57,98.6,51.4,3.38,1,1,1,9.6,1,0,0
2023-12-01,232,12,6.76,94.8,52.5,3.76,1,1,1,6.1,1,0,0
2024-01-01,232,13,6.87,93.9,61.8,3.26,1,1,1,12.5,1,0,0
2024-02-01,232,14,6.81,95.6,56.7,3.47,1,1,1,7.1,1,0,0
2024-03-01,232,15,6.79,100.0,52.7,3.47,1,1,2,4.8,2,0,0
2024-04-01,232,16,6.93,100.0,57.4,3.61,1,1,2,7.5,2,0,0
2024-05-01,232,17,6.72,96.1,53.4,3.52,1,1,2,11.6,2,0,0
2024-06-01,232,18,6.83,96.8,56.9,3.27,1,1,2,6.1,2,0,0
2023-01-01,233,1,7.29,85.1,62.4,2.19,0,0,0,12.1,1,0,0
2023-02-01,233,2,7.43,91.4,56.6,2.36,0,0,0,12.5,1,0,0
2023-03-01,233,3,7.46,89.0,53.4,2.2,0,0,0,13.0,1,0,0
2023-04-01,233,4,7.54,91.2,62.8,2.13,0,0,0,10.8,1,0,1
2023-05-01,233,5,7.6,89.2,58.6,2.2,0,0,0,11.4,1,0,1
2023-06-01,233,6,7.56,90.5,63.7,2.02,0,0,0,10.8,1,0,1
2023-07-01,233,7,7.67,91.2,64.3,2.1,0,0,0,12.6,1,0,1
2023-08-01,233,8,7.53,85.2,67.2,2.19,0,0,0,14.2,1,0,1
2023-09-01,233,9,7.82,90.6,74.1,2.13,1,0,0,15.5,1,0,1
2023-10-01,233,10,7.55,89.3,68.2,2.11,2,1,0,12.3,1,0,1
2023-11-01,233,11,7.74,85.0,70.6,2.33,2,2,0,15.3,1,0,1
2023-12-01,233,12,7.65,100.0,64.6,1.91,2,2,0,12.2,1,0,1
2024-01-01,233,13,7.82,89.1,70.1,2.24,2,2,0,13.7,2,0,1
2024-02-01,233,14,7.67,97.0,71.5,2.25,2,2,0,12.5,2,0,1
2024-03-01,233,15,8.21,91.5,69.5,2.06,2,2,0,14.0,2,0,1
2024-04-01,233,16,8.09,99.9,70.4,2.14,2,2,0,9.3,2,0,1
2024-05-01,233,17,8.05,96.9,69.6,2.17,3,2,0,12.1,3,0,1
2024-06-01,233,18,8.19,89.6,69.8,2.18,3,3,0,7.8,3,0,1
2023-01-01,234,1,8.23,83.9,52.0,2.06,0,1,1,10.6,0,0,0
2023-02-01,234,2,8.02,75.0,49.1,2.1,0,1,2,13.6,0,0,0
2023-03-01,234,3,8.01,78.6,53.4,1.58,0,1,2,12.6,0,0,0
2023-04-01,234,4,7.97,83.0,50.5,1.86,0,1,2,7.9,0,0,0
2023-05-01,234,5,8.08,84.3,52.4,2.08,0,2,3,9.9,0,0,0
2023-06-01,234,6,8.14,82.4,50.9,1.94,0,2,3,6.9,0,0,0
2023-07-01,234,7,8.01,84.4,51.3,1.99,0,2,3,8.5,0,0,1
2023-08-01,234,8,8.1,75.5,47.1,2.14,0,2,3,10.3,0,0,1
2023-09-01,234,9,8.21,82.6,55.3,2.11,0,2,3,9.6,0,0,1
2023-10-01,234,10,8.19,87.9,51.7,2.27,0,2,3,11.2,0,0,1
2023-11-01,234,11,8.35,88.2,55.2,2.06,0,3,3,14.0,0,0,1
2023-12-01,234,12,8.42,84.2,57.1,2.07,0,3,3,12.5,0,0,1
2024-01-01,234,13,8.48,83.6,49.5,1.85,0,3,3,9.5,0,0,1
2024-02-01,234,14,8.4,78.1,57.5,2.28,0,3,3,9.6,0,0,1
2024-03-01,234,15,8.2,84.5,52.4,2.11,0,3,3,11.8,0,0,1
2024-04-01,234,16,8.66,79.1,59.4,2.29,0,3,3,11.0,1,0,1
2024-05-01,234,17,8.41,88.4,58.0,1.84,0,3,3,13.9,2,0,1
2024-06-01,234,18,8.49,81.4,50.8,1.83,0,3,3,17.1,2,0,1
2023-01-01,235,1,6.38,74.7,44.6,3.52,0,2,0,7.8,0,2,0
2023-02-01,235,2,6.51,72.2,40.4,3.29,0,2,0,10.6,0,2,0
2023-03-01,235,3,6.69,74.4,47.9,3.35,1,2,0,11.7,0,2,0
2023-04-01,235,4,6.5,62.0,40.2,3.64,1,3,0,10.7,0,2,0
2023-05-01,235,5,6.47,77.2,43.0,3.37,1,3,0,10.9,0,2,0
2023-06-01,235,6,6.51,73.2,47.2,3.45,1,3,0,15.6,0,2,0
2023-07-01,235,7,6.56,62.7,47.0,3.38,2,3,0,5.7,0,2,0
2023-08-01,235,8,6.7,63.0,53.7,3.55,2,3,0,6.1,0,1,0
2023-09-01,235,9,6.64,73.9,47.0,3.3,2,4,0,7.8,0,1,0
2023-10-01,235,10,6.73,72.6,51.7,3.42,2,4,1,8.9,0,1,0
2023-11-01,235,11,6.63,65.2,45.4,3.76,2,4,1,12.0,0,1,0
2023-12-01,235,12,6.59,65.9,52.0,3.47,2,4,1,8.2,0,1,0
2024-01-01,235,13,6.91,67.8,61.8,3.54,2,4,1,10.2,1,1,1
2024-02-01,235,14,6.92,74.5,53.3,3.62,2,4,1,13.5,1,0,1
2024-03-01,235,15,6.75,76.3,54.5,3.47,3,5,1,10.5,1,0,1
2024-04-01,235,16,7.08,71.3,54.6,3.52,3,5,2,13.0,1,0,1
2024-05-01,235,17,6.89,68.5,53.0,3.7,3,5,2,8.4,2,0,1
2024-06-01,235,18,7.0,63.9,55.8,3.56,3,5,2,12.6,2,0,1
2023-01-01,236,1,6.33,77.9,65.4,2.53,0,0,0,5.9,1,2,0
2023-02-01,236,2,6.49,71.9,67.1,2.91,0,0,0,6.5,1,2,0
2023-03-01,236,3,6.48,76.7,58.0,2.87,0,0,0,7.1,1,2,0
2023-04-01,236,4,6.81,75.2,62.9,2.8,0,0,0,7.5,1,2,0
2023-05-01,236,5,6.66,71.4,58.2,3.21,0,0,0,7.9,1,2,0
2023-06-01,236,6,6.71,72.7,64.5,2.63,0,0,0,4.2,1,2,0
2023-07-01,236,7,6.71,85.1,61.5,2.71,0,0,0,7.8,1,2,0
2023-08-01,236,8,6.9,78.1,58.9,2.8,0,0,0,6.3,1,2,0
2023-09-01,236,9,6.91,79.4,68.3,2.88,0,0,0,6.8,1,1,0
2023-10-01,236,10,6.97,76.5,58.9,2.86,0,0,0,3.5,1,1,0
2023-11-01,236,11,7.33,84.0,60.3,2.68,0,0,0,3.9,1,1,0
2023-12-01,236,12,6.98,76.4,70.5,2.82,0,0,1,7.6,1,1,0
2024-01-01,236,13,7.17,82.3,68.1,2.9,0,0,1,8.5,1,1,0
2024-02-01,236,14,7.24,71.7,67.1,3.04,0,0,1,10.4,1,1,0
2024-03-01,236,15,7.3,81.4,65.9,2.74,1,0,1,6.5,2,1,0
2024-04-01,236,16,7.1,76.2,70.7,2.96,1,0,1,5.9,2,1,0
2024-05-01,236,17,7.39,74.2,62.2,2.95,1,0,1,8.7,2,1,0
2024-06-01,236,18,7.38,80.9,59.0,3.03,1,0,1,5.1,2,1,0
2023-01-01,237,1,5.25,78.7,61.7,2.66,0,1,1,7.5,0,0,0
2023-02-01,237,2,5.35,77.8,64.3,2.51,0,1,1,5.9,0,0,0
2023-03-01,237,3,5.4,78.8,56.2,2.52,0,2,1,9.9,0,0,0
2023-04-01,237,4,5.16,83.1,64.1,2.57,0,2,1,8.4,0,0,0
2023-05-01,237,5,5.32,78.4,64.8,2.56,0,2,1,9.7,0,0,0
2023-06-01,237,6,5.47,77.5,60.5,2.65,0,2,1,7.1,0,0,0
2023-07-01,237,7,5.54,81.8,63.6,2.51,0,2,1,8.3,0,0,0
2023-08-01,237,8,5.22,82.0,61.8,2.61,0,2,1,11.4,1,0,0
2023-09-01,237,9,5.39,79.6,69.0,2.36,0,2,1,5.5,1,0,0
2023-10-01,237,10,5.31,76.5,64.8,2.29,0,2,1,8.3,1,0,0
2023-11-01,237,11,5.65,78.8,71.5,2.64,0,3,1,10.9,1,0,0
2023-12-01,237,12,5.51,84.4,75.9,2.54,0,3,1,13.4,1,0,0
2024-01-01,237,13,5.53,75.0,67.4,2.86,0,3,1,13.1,2,0,0
2024-02-01,237,14,5.61,86.6,71.1,2.53,0,3,1,10.9,2,0,1
2024-03-01,237,15,5.46,77.2,63.3,2.79,0,3,1,10.9,2,0,1
2024-04-01,237,16,5.58,76.6,76.7,2.75,0,3,1,7.8,2,0,1
2024-05-01,237,17,5.59,79.8,74.1,2.61,0,3,1,4.9,2,0,1
2024-06-01,237,18,5.68,77.3,70.2,2.87,0,3,1,7.9,2,0,1
2023-01-01,238,1,6.9,86.9,69.4,3.34,0,3,0,8.2,0,0,1
2023-02-01,238,2,7.04,88.9,68.5,3.25,0,3,0,10.3,0,0,1
2023-03-01,238,3,7.05,88.9,69.5,3.03,0,3,0,4.8,0,0,1
2023-04-01,238,4,6.9,84.6,63.9,3.41,0,3,0,7.3,1,0,1
2023-05-01,238,5,7.09,84.6,57.6,3.06,0,3,0,4.2,1,0,1
2023-06-01,238,6,7.03,80.7,68.6,3.0,0,3,0,9.0,1,0,1
2023-07-01,238,7,7.21,88.1,66.3,3.16,0,3,0,9.0,1,0,1
2023-08-01,238,8,6.87,86.3,68.9,3.03,0,3,0,6.5,1,0,1
2023-09-01,238,9,7.04,88.4,68.8,3.04,0,3,0,5.6,2,0,1
2023-10-01,238,10,7.12,79.2,72.6,3.34,0,3,0,11.7,2,0,1
2023-11-01,238,11,7.12,84.2,68.9,3.36,0,3,0,8.7,2,0,1
2023-12-01,238,12,7.07,82.9,72.5,3.4,0,3,0,7.8,2,0,1
2024-01-01,238,13,7.16,87.5,70.6,3.17,0,4,0,8.2,3,0,1
2024-02-01,238,14,7.14,87.3,73.8,3.47,0,4,0,3.7,3,0,1
2024-03-01,238,15,7.07,83.1,67.5,3.64,0,4,0,10.3,3,0,1
2024-04-01,238,16,7.3,82.5,71.9,3.23,0,4,0,8.9,3,0,1
2024-05-01,238,17,7.34,84.1,72.5,3.24,0,4,0,9.3,3,0,1
2024-06-01,238,18,7.44,86.7,74.0,3.5,0,4,0,6.0,3,0,1
2023-01-01,239,1,6.07,75.9,91.7,3.62,0,0,0,11.9,0,0,0
2023-02-01,239,2,6.12,84.3,96.6,3.53,0,0,0,10.2,0,0,0
2023-03-01,239,3,6.18,82.5,98.0,3.87,0,0,0,12.3,0,0,0
2023-04-01,239,4,6.11,80.1,99.2,4.02,0,0,0,9.2,0,0,0
2023-05-01,239,5,6.3,74.3,92.7,3.93,0,0,0,10.4,0,0,0
2023-06-01,239,6,6.23,72.8,87.4,3.58,0,0,0,8.1,0,0,0
2023-07-01,239,7,6.46,80.8,94.8,3.81,1,0,0,11.1,1,0,0
2023-08-01,239,8,6.3,69.4,99.2,3.73,1,0,0,11.5,1,0,0
2023-09-01,239,9,6.41,76.1,100.0,3.62,1,0,0,11.8,2,0,0
2023-10-01,239,10,6.37,79.2,95.2,3.58,1,1,0,10.8,2,0,0
2023-11-01,239,11,6.28,88.1,97.8,3.88,2,1,0,7.0,2,0,0
2023-12-01,239,12,6.58,79.9,99.5,3.54,2,1,0,6.2,2,0,0
2024-01-01,239,13,6.54,74.1,95.4,3.94,2,2,0,9.5,2,0,0
2024-02-01,239,14,6.51,79.4,96.7,3.88,2,2,0,7.9,2,0,0
2024-03-01,239,15,6.51,76.5,97.7,4.0,2,2,0,5.9,3,0,0
2024-04-01,239,16,6.64,75.8,94.5,3.66,3,2,0,10.6,4,0,0
2024-05-01,239,17,6.83,77.4,100.0,3.92,3,2,0,6.8,4,0,0
2024-06-01,239,18,6.8,78.0,100.0,3.61,3,3,0,8.1,5,0,0
2023-01-01,240,1,6.59,70.2,58.1,2.32,0,0,0,1.3,0,3,0
2023-02-01,240,2,6.59,70.6,58.5,1.95,0,0,0,2.2,0,3,0
2023-03-01,240,3,6.55,71.2,61.5,1.84,0,0,0,2.5,0,3,0
2023-04-01,240,4,6.45,68.9,60.0,2.0,0,0,0,5.9,0,2,0
2023-05-01,240,5,6.44,73.3,65.5,2.18,1,0,0,6.6,0,2,0
2023-06-01,240,6,6.46,72.0,58.5,2.45,1,0,0,1.1,0,2,0
2023-07-01,240,7,6.51,73.9,67.5,2.32,1,0,0,2.6,0,2,1
2023-08-01,240,8,6.69,73.5,61.9,2.55,1,0,0,1.6,1,2,1
2023-09-01,240,9,6.86,71.7,60.2,2.12,1,0,0,2.3,1,2,1
2023-10-01,240,10,6.83,73.3,66.7,2.39,1,0,0,2.1,1,1,1
2023-11-01,240,11,6.75,71.3,58.5,2.47,1,0,1,3.3,1,1,1
2023-12-01,240,12,6.8,77.6,66.5,2.31,1,0,1,0.0,1,1,1
2024-01-01,240,13,6.9,74.0,72.3,2.24,1,0,1,3.0,1,1,1
2024-02-01,240,14,6.58,65.6,68.7,2.56,1,0,1,3.3,1,1,1
2024-03-01,240,15,6.78,65.0,62.3,2.35,1,0,1,0.0,1,1,1
2024-04-01,240,16,6.78,72.3,72.1,2.22,1,0,1,2.2,1,1,1
2024-05-01,240,17,7.09,67.9,62.0,2.39,1,0,1,4.9,1,0,1
2024-06-01,240,18,7.03,73.4,61.6,2.16,1,0,1,0.0,1,0,1
2023-01-01,241,1,6.35,81.0,68.4,2.93,0,1,1,4.1,0,1,0
2023-02-01,241,2,6.34,70.6,64.4,3.04,0,1,1,3.3,0,1,0
2023-03-01,241,3,6.36,70.7,62.5,3.06,0,1,1,2.6,0,1,0
2023-04-01,241,4,6.23,69.9,64.1,2.89,0,1,1,7.0,1,1,0
2023-05-01,241,5,6.72,69.7,63.8,2.82,0,1,1,7.2,1,1,0
2023-06-01,241,6,6.44,74.7,63.1,2.84,0,1,1,3.8,1,1,0
2023-07-01,241,7,6.41,68.2,66.2,3.03,0,1,1,5.4,1,1,0
2023-08-01,241,8,6.33,65.3,70.1,2.56,0,1,1,1.8,1,1,0
2023-09-01,241,9,6.66,70.1,66.1,2.98,0,1,1,1.2,1,1,0
2023-10-01,241,10,6.34,68.2,64.1,2.84,0,1,2,0.0,1,0,0
2023-11-01,241,11,6.52,70.9,77.3,2.95,0,1,2,3.6,1,0,0
2023-12-01,241,12,6.28,72.6,69.7,3.0,0,2,2,7.9,1,0,0
2024-01-01,241,13,6.64,65.7,75.6,2.86,0,2,3,4.6,1,0,0
2024-02-01,241,14,6.59,74.0,71.8,3.05,0,2,3,1.1,1,0,0
2024-03-01,241,15,6.57,68.9,66.6,3.03,1,2,3,2.6,1,0,0
2024-04-01,241,16,6.58,70.5,65.9,3.11,1,2,3,0.6,2,0,0
2024-05-01,241,17,6.67,77.1,73.1,2.73,1,2,3,4.9,2,0,0
2024-06-01,241,18,6.43,69.4,71.4,3.11,1,2,3,7.4,2,0,0
2023-01-01,242,1,7.15,65.2,40.8,4.26,0,0,0,6.3,0,0,0
2023-02-01,242,2,6.92,66.0,39.5,4.46,1,0,0,9.9,0,0,0
2023-03-01,242,3,6.87,62.9,45.0,4.44,1,0,0,12.3,0,0,0
2023-04-01,242,4,7.04,62.1,35.7,4.11,1,0,0,8.8,0,0,0
2023-05-01,242,5,6.99,61.7,44.1,4.34,1,0,0,7.5,0,0,0
2023-06-01,242,6,6.84,70.7,42.7,4.62,1,0,0,9.0,0,0,0
2023-07-01,242,7,6.63,62.9,45.5,4.39,1,0,0,10.4,0,0,1
2023-08-01,242,8,7.35,65.8,46.9,4.57,1,0,1,11.8,0,0,1
2023-09-01,242,9,7.42,63.1,50.0,4.21,1,0,1,7.6,0,0,1
2023-10-01,242,10,7.13,67.1,44.5,4.09,1,1,1,4.6,1,0,1
2023-11-01,242,11,6.88,63.8,39.3,4.19,1,1,1,6.7,1,0,1
2023-12-01,242,12,7.0,64.2,51.8,4.2,1,1,1,9.7,1,0,1
2024-01-01,242,13,6.96,66.3,47.1,4.36,1,2,1,6.8,1,0,1
2024-02-01,242,14,7.11,67.3,46.5,4.41,1,2,1,7.1,1,0,1
2024-03-01,242,15,7.19,68.0,51.6,4.53,1,3,1,9.6,2,0,1
2024-04-01,242,16,7.41,66.6,45.6,4.44,1,4,1,5.6,3,0,1
2024-05-01,242,17,7.1,62.1,49.4,4.51,1,4,1,4.2,3,0,1
2024-06-01,242,18,7.32,63.9,41.2,4.34,1,4,1,6.8,3,0,1
2023-01-01,243,1,5.5,81.7,34.1,2.32,0,1,0,4.6,0,0,0
2023-02-01,243,2,5.59,81.0,35.3,2.7,0,1,1,2.5,0,0,0
2023-03-01,243,3,5.47,82.1,38.4,2.36,0,1,1,2.3,0,0,0
2023-04-01,243,4,5.6,82.0,35.6,2.39,0,1,1,2.8,0,0,0
2023-05-01,243,5,5.64,88.2,38.3,2.45,0,1,1,5.9,0,0,1
2023-06-01,243,6,5.66,75.5,40.7,2.51,1,1,1,4.5,0,0,1
2023-07-01,243,7,5.73,85.7,37.2,2.49,1,1,2,2.4,0,0,1
2023-08-01,243,8,5.65,83.2,34.8,2.44,1,1,2,1.7,0,0,1
2023-09-01,243,9,5.84,74.8,39.8,2.59,1,1,2,4.0,0,0,1
2023-10-01,243,10,5.34,81.8,43.4,2.47,1,1,2,0.0,0,0,1
2023-11-01,243,11,5.77,74.4,40.5,2.71,1,1,2,1.2,0,0,1
2023-12-01,243,12,5.79,78.7,46.0,2.49,1,1,2,1.0,1,0,1
2024-01-01,243,13,5.81,75.9,44.1,2.68,1,1,2,10.0,1,0,1
2024-02-01,243,14,5.68,74.9,43.1,2.42,1,1,2,4.9,1,0,1
2024-03-01,243,15,5.58,72.8,48.7,2.79,1,1,2,7.5,1,0,1
2024-04-01,243,16,5.83,82.6,45.7,2.58,1,1,2,0.0,1,0,1
2024-05-01,243,17,5.98,75.9,48.8,2.37,1,2,2,5.0,1,0,1
2024-06-01,243,18,5.76,73.4,36.0,2.49,1,2,2,1.4,1,0,1
2023-01-01,244,1,5.75,60.6,80.5,3.74,1,1,1,5.6,0,1,0
2023-02-01,244,2,5.84,66.1,81.7,3.61,1,1,1,5.1,0,1,0
2023-03-01,244,3,6.0,60.8,77.1,3.97,1,1,1,9.5,0,1,0
2023-04-01,244,4,5.83,63.5,87.7,3.86,1,1,2,9.7,0,1,0
2023-05-01,244,5,6.04,74.0,85.1,3.71,1,2,2,10.0,0,1,0
2023-06-01,244,6,6.24,68.0,84.6,3.89,1,2,2,7.8,1,1,0
2023-07-01,244,7,6.05,66.5,84.6,4.16,1,2,3,11.1,1,1,0
2023-08-01,244,8,6.25,74.1,84.5,3.95,1,2,3,10.1,1,1,0
2023-09-01,244,9,6.05,63.4,88.4,4.0,1,2,3,8.8,1,1,1
2023-10-01,244,10,6.24,72.1,87.2,3.7,1,2,3,15.3,1,0,1
2023-11-01,244,11,6.19,76.7,90.3,4.24,1,2,3,8.8,1,0,1
2023-12-01,244,12,6.23,70.6,90.2,4.2,1,2,3,9.1,1,0,1
2024-01-01,244,13,5.97,67.0,85.2,3.85,1,3,3,12.2,1,0,1
2024-02-01,244,14,6.36,72.5,100.0,3.88,1,4,3,8.0,2,0,1
2024-03-01,244,15,6.33,74.8,90.8,4.0,1,4,3,9.5,2,0,1
2024-04-01,244,16,6.45,65.9,85.4,3.48,1,4,3,11.8,2,0,1
2024-05-01,244,17,6.65,71.9,97.6,4.23,1,5,3,12.2,3,0,1
2024-06-01,244,18,6.56,64.8,87.5,4.11,1,6,3,10.2,3,0,1
2023-01-01,245,1,8.69,65.4,45.4,2.76,1,1,0,14.8,0,2,0
2023-02-01,245,2,8.76,73.3,49.0,3.12,1,1,0,14.2,1,2,0
2023-03-01,245,3,8.78,73.5,40.9,2.84,1,1,1,11.7,1,2,0
2023-04-01,245,4,8.93,72.0,49.5,2.85,1,1,2,9.5,1,2,0
2023-05-01,245,5,8.88,65.3,40.9,2.96,1,1,2,14.5,1,2,0
2023-06-01,245,6,8.93,73.5,51.0,2.94,2,1,2,9.0,2,1,0
2023-07-01,245,7,8.93,75.3,50.7,2.64,2,1,3,10.9,2,1,0
2023-08-01,245,8,8.91,71.4,53.3,2.88,3,1,3,9.4,2,0,0
2023-09-01,245,9,8.88,74.3,51.0,2.91,3,1,3,11.7,2,0,0
2023-10-01,245,10,9.01,68.7,49.7,2.9,3,1,3,12.4,2,0,0
2023-11-01,245,11,9.12,76.6,52.7,2.84,3,1,3,10.4,2,0,1
2023-12-01,245,12,9.1,71.5,50.3,2.81,3,1,3,11.5,2,0,1
2024-01-01,245,13,9.24,69.7,55.1,2.96,3,2,3,12.3,2,0,1
2024-02-01,245,14,9.25,62.6,42.8,3.04,3,2,3,8.9,3,0,1
2024-03-01,245,15,9.08,66.2,52.8,2.79,3,2,3,6.6,4,0,1
2024-04-01,245,16,9.28,69.3,55.4,2.69,3,2,4,10.8,5,0,1
2024-05-01,245,17,9.22,69.3,54.2,3.33,4,2,4,10.3,6,0,1
2024-06-01,245,18,9.28,66.4,59.2,3.01,5,2,5,11.5,7,0,1
2023-01-01,246,1,5.71,79.5,40.4,3.5,0,1,0,14.3,0,1,0
2023-02-01,246,2,5.89,79.5,47.4,3.68,0,1,0,15.2,0,1,0
2023-03-01,246,3,6.01,71.7,37.6,3.68,0,1,0,14.4,0,1,0
2023-04-01,246,4,5.99,77.6,45.8,3.58,0,1,0,12.2,0,1,0
2023-05-01,246,5,6.15,80.6,45.5,3.61,0,1,0,9.6,0,1,0
2023-06-01,246,6,5.95,75.0,48.1,3.77,0,1,0,12.1,0,1,0
2023-07-01,246,7,5.88,78.0,43.8,3.67,1,2,0,10.9,1,1,0
2023-08-01,246,8,5.91,78.8,56.2,3.64,1,2,0,13.4,1,1,0
2023-09-01,246,9,6.31,77.9,53.1,3.6,1,2,0,9.2,1,1,0
2023-10-01,246,10,6.14,70.9,45.2,3.79,1,2,0,10.9,1,1,0
2023-11-01,246,11,6.23,80.6,53.6,3.75,1,3,0,3.1,1,1,0
2023-12-01,246,12,6.11,74.2,53.9,3.6,1,3,0,11.5,2,1,0
2024-01-01,246,13,6.33,81.5,54.1,3.83,1,3,0,8.3,2,1,0
2024-02-01,246,14,6.39,74.6,53.2,3.7,1,3,0,11.1,3,1,0
2024-03-01,246,15,6.28,79.5,50.5,3.99,1,3,0,10.5,4,1,0
2024-04-01,246,16,6.22,75.3,55.5,3.56,1,3,0,11.0,4,1,0
2024-05-01,246,17,6.49,83.0,55.2,4.02,1,3,0,13.2,4,0,1
2024-06-01,246,18,6.25,79.3,56.9,3.55,1,3,0,15.7,4,0,1
2023-01-01,247,1,6.04,69.5,63.2,4.04,0,0,0,6.0,0,0,0
2023-02-01,247,2,6.02,76.1,54.9,3.99,0,0,0,3.3,0,0,0
2023-03-01,247,3,6.14,71.9,55.5,4.0,0,0,0,4.9,0,0,0
2023-04-01,247,4,6.09,61.6,56.4,3.92,0,0,0,11.3,0,0,0
2023-05-01,247,5,6.26,76.0,55.7,4.03,0,0,0,3.9,0,0,0
2023-06-01,247,6,6.23,70.2,63.0,3.81,0,0,0,0.9,0,0,0
2023-07-01,247,7,6.43,68.4,56.1,4.24,0,0,0,6.0,0,0,0
2023-08-01,247,8,6.29,69.5,51.4,3.9,0,0,0,4.6,0,0,0
2023-09-01,247,9,6.33,71.7,58.7,4.01,0,0,0,5.5,0,0,0
2023-10-01,247,10,6.32,75.1,68.0,4.04,0,0,0,6.7,0,0,0
2023-11-01,247,11,6.45,63.9,59.8,3.89,0,0,0,2.8,0,0,0
2023-12-01,247,12,6.52,71.1,64.4,4.14,0,0,0,5.1,1,0,0
2024-01-01,247,13,6.49,64.6,61.7,3.94,0,0,0,4.4,1,0,0
2024-02-01,247,14,6.33,73.5,57.0,3.95,0,0,1,5.8,1,0,0
2024-03-01,247,15,6.48,64.5,66.7,4.3,0,0,1,8.6,1,0,0
2024-04-01,247,16,6.4,76.7,56.1,3.88,0,0,1,0.9,1,0,0
2024-05-01,247,17,6.73,75.8,61.5,4.26,0,0,1,4.3,1,0,0
2024-06-01,247,18,6.7,68.1,60.1,3.9,0,0,1,5.0,1,0,0
2023-01-01,248,1,8.34,87.2,51.3,3.52,1,1,0,10.2,0,0,0
2023-02-01,248,2,8.39,91.5,63.8,3.87,1,1,0,12.7,0,0,0
2023-03-01,248,3,8.7,87.8,65.5,3.86,1,1,0,8.0,0,0,0
2023-04-01,248,4,8.6,85.8,66.8,3.79,1,1,1,10.5,1,0,1
2023-05-01,248,5,8.54,82.5,65.8,3.99,1,1,1,15.4,1,0,1
2023-06-01,248,6,8.58,86.4,63.8,3.88,1,1,1,15.7,1,0,1
2023-07-01,248,7,8.68,83.9,64.2,3.89,1,2,1,12.1,1,0,1
2023-08-01,248,8,8.88,91.8,62.0,3.94,1,2,1,8.1,1,0,1
2023-09-01,248,9,8.91,87.2,63.3,3.77,1,2,1,9.8,1,0,1
2023-10-01,248,10,8.77,85.7,66.2,3.95,1,2,1,12.6,2,0,1
2023-11-01,248,11,8.83,85.7,67.2,3.69,1,2,1,7.1,3,0,1
2023-12-01,248,12,8.69,85.9,61.8,3.65,1,2,1,12.3,3,0,1
2024-01-01,248,13,8.68,84.5,61.4,3.63,2,2,1,6.6,3,0,1
2024-02-01,248,14,8.83,89.0,68.8,4.13,2,3,1,11.4,4,0,1
2024-03-01,248,15,8.96,87.2,75.0,3.93,2,3,1,12.3,5,0,1
2024-04-01,248,16,8.66,86.8,74.8,3.73,2,4,1,10.8,5,0,1
2024-05-01,248,17,8.85,86.7,71.3,3.82,2,4,1,12.2,5,0,1
2024-06-01,248,18,8.68,84.2,74.6,3.78,2,4,1,10.8,5,0,1
2023-01-01,249,1,9.33,87.1,45.6,3.73,1,2,0,2.1,0,0,0
2023-02-01,249,2,9.23,85.7,44.7,3.68,1,2,0,1.9,0,0,0
2023-03-01,249,3,9.53,92.0,48.5,4.0,1,2,0,2.8,0,0,0
2023-04-01,249,4,9.48,95.0,41.8,4.08,1,2,0,3.9,0,0,1
2023-05-01,249,5,9.51,88.1,38.7,3.85,1,2,0,0.1,0,0,1
2023-06-01,249,6,9.5,85.9,48.3,4.09,1,2,0,4.1,0,0,1
2023-07-01,249,7,9.35,85.7,48.5,3.84,2,2,0,3.8,0,0,1
2023-08-01,249,8,9.68,90.2,41.5,3.98,2,2,0,8.2,0,0,1
2023-09-01,249,9,9.84,85.7,50.5,3.96,2,2,0,9.2,0,0,1
2023-10-01,249,10,9.71,83.5,49.0,4.0,2,2,0,1.8,0,0,1
2023-11-01,249,11,9.76,85.9,41.3,4.08,2,2,0,4.6,0,0,1
2023-12-01,249,12,9.81,89.3,46.1,3.72,2,2,0,1.9,0,0,1
2024-01-01,249,13,9.76,91.9,49.8,3.89,2,2,0,4.2,0,0,1
2024-02-01,249,14,9.94,84.3,52.1,3.83,2,2,0,2.0,0,0,1
2024-03-01,249,15,9.82,89.5,48.0,3.97,2,2,0,2.4,1,0,1
2024-04-01,249,16,9.61,90.7,42.2,4.18,2,2,0,5.9,1,0,1
2024-05-01,249,17,9.94,82.1,48.8,3.84,2,2,0,2.3,1,0,1
2024-06-01,249,18,9.92,83.1,44.1,4.03,2,2,0,0.8,1,0,1
2023-01-01,250,1,5.96,74.4,52.7,2.44,0,1,0,8.0,0,0,0
2023-02-01,250,2,5.94,77.2,59.2,2.36,0,1,0,9.2,0,0,0
2023-03-01,250,3,6.15,74.2,50.1,2.28,0,1,0,6.9,0,0,0
2023-04-01,250,4,6.29,71.8,56.1,2.22,0,2,0,5.7,0,0,0
2023-05-01,250,5,6.4,75.7,59.7,2.35,0,2,0,7.0,0,0,0
2023-06-01,250,6,6.31,77.5,59.2,2.36,0,2,0,6.8,1,0,0
2023-07-01,250,7,6.23,76.8,55.2,2.22,0,2,0,6.4,1,0,0
2023-08-01,250,8,6.49,78.2,56.3,2.19,0,2,0,10.2,1,0,0
2023-09-01,250,9,6.55,74.1,58.2,2.4,0,2,0,9.2,1,0,0
2023-10-01,250,10,6.37,69.8,57.2,2.36,0,2,0,4.7,1,0,0
2023-11-01,250,11,6.41,80.7,58.5,2.47,0,2,0,8.6,1,0,0
2023-12-01,250,12,6.59,83.5,62.2,2.55,0,2,1,5.3,2,0,0
2024-01-01,250,13,6.62,78.6,61.3,2.48,0,3,1,4.5,2,0,0
2024-02-01,250,14,6.52,71.9,66.5,2.65,0,3,1,8.3,2,0,0
2024-03-01,250,15,6.47,77.7,61.7,2.57,0,3,1,9.2,2,0,0
2024-04-01,250,16,6.58,80.2,63.9,2.3,0,3,1,11.1,3,0,0
2024-05-01,250,17,6.78,76.6,58.8,2.6,0,3,1,5.2,3,0,0
2024-06-01,250,18,6.57,75.2,56.5,2.82,1,3,1,6.4,3,0,1
2023-01-01,251,1,6.63,81.7,80.4,3.77,0,1,0,11.3,0,2,0
2023-02-01,251,2,6.79,83.9,72.8,3.93,0,1,0,5.8,0,2,0
2023-03-01,251,3,6.92,81.4,73.5,3.89,1,1,0,11.0,0,2,0
2023-04-01,251,4,6.84,73.7,79.9,4.11,1,2,0,10.8,0,2,0
2023-05-01,251,5,6.92,73.9,83.3,4.21,1,2,0,7.8,0,2,0
2023-06-01,251,6,6.84,79.5,81.4,4.05,1,2,1,12.0,0,2,0
2023-07-01,251,7,6.95,79.4,77.7,4.27,1,3,1,11.1,0,2,0
2023-08-01,251,8,7.06,85.3,79.1,4.25,1,4,1,14.0,0,2,0
2023-09-01,251,9,7.03,74.7,78.6,3.91,1,4,1,9.0,0,1,0
2023-10-01,251,10,7.1,72.5,84.4,4.11,1,4,1,11.0,1,1,0
2023-11-01,251,11,7.16,72.5,83.1,4.01,1,4,1,9.1,1,1,0
2023-12-01,251,12,7.24,76.1,88.1,4.13,1,4,1,14.5,2,1,1
2024-01-01,251,13,7.33,70.8,84.8,4.12,1,4,1,11.0,2,0,1
2024-02-01,251,14,7.01,82.6,84.5,3.85,1,4,1,10.2,2,0,1
2024-03-01,251,15,7.22,68.2,88.1,4.08,1,4,1,5.8,2,0,1
2024-04-01,251,16,7.44,75.7,89.0,4.21,1,4,1,9.0,2,0,1
2024-05-01,251,17,7.61,75.1,96.3,3.98,1,4,1,7.7,2,0,1
2024-06-01,251,18,7.4,84.2,85.0,4.06,2,4,1,16.9,3,0,1
2023-01-01,252,1,7.17,84.1,46.1,2.44,1,2,0,4.4,0,0,0
2023-02-01,252,2,7.41,91.3,42.9,2.72,1,2,0,7.1,0,0,0
2023-03-01,252,3,7.46,86.3,46.1,2.53,1,2,0,0.1,0,0,0
2023-04-01,252,4,7.44,76.8,48.4,2.62,1,2,0,3.1,0,0,0
2023-05-01,252,5,7.51,88.3,45.0,2.95,1,2,0,5.3,0,0,0
2023-06-01,252,6,7.33,84.8,45.8,2.75,1,2,0,3.6,0,0,0
2023-07-01,252,7,7.44,87.8,37.0,2.87,1,2,0,6.7,0,0,0
2023-08-01,252,8,7.5,83.1,45.6,2.82,1,3,0,5.3,0,0,0
2023-09-01,252,9,7.37,87.5,48.9,2.7,2,3,0,0.3,0,0,0
2023-10-01,252,10,7.27,85.2,54.9,2.68,2,3,0,3.0,0,0,0
2023-11-01,252,11,7.46,79.6,48.2,2.54,2,3,0,6.6,1,0,0
2023-12-01,252,12,7.37,84.3,43.3,2.7,2,3,0,1.7,1,0,0
2024-01-01,252,13,7.57,86.6,51.8,2.5,2,3,0,5.3,1,0,0
2024-02-01,252,14,7.68,94.3,49.2,2.93,2,3,0,4.8,1,0,0
2024-03-01,252,15,7.84,89.1,51.3,2.54,2,3,0,5.3,1,0,0
2024-04-01,252,16,7.5,89.4,58.5,2.54,2,3,0,3.3,2,0,0
2024-05-01,252,17,7.47,88.1,48.3,2.76,2,3,0,3.7,2,0,1
2024-06-01,252,18,7.59,87.8,58.4,2.89,2,4,0,0.0,2,0,1
2023-01-01,253,1,8.31,64.3,32.0,3.15,1,2,0,3.0,0,0,0
2023-02-01,253,2,8.22,71.4,35.6,3.71,1,2,0,4.1,0,0,0
2023-03-01,253,3,8.6,79.7,36.4,3.38,1,2,0,2.4,0,0,0
2023-04-01,253,4,8.67,72.7,43.5,3.21,1,2,0,3.9,0,0,0
2023-05-01,253,5,8.93,75.7,38.6,3.49,1,2,0,0.0,0,0,0
2023-06-01,253,6,8.54,71.2,31.8,3.39,1,2,0,2.6,0,0,0
2023-07-01,253,7,8.52,67.6,38.4,3.28,1,2,0,0.0,0,0,0
2023-08-01,253,8,8.47,72.7,35.8,3.48,1,2,1,2.8,0,0,0
2023-09-01,253,9,8.61,74.5,37.8,3.6,1,2,1,4.6,0,0,0
2023-10-01,253,10,9.01,69.0,38.9,3.45,1,2,1,3.0,1,0,0
2023-11-01,253,11,8.61,81.2,41.8,3.51,1,2,1,4.2,1,0,0
2023-12-01,253,12,8.9,72.8,40.7,3.55,1,2,1,5.5,1,0,0
2024-01-01,253,13,8.45,78.4,35.5,3.4,1,2,1,5.1,1,0,0
2024-02-01,253,14,8.72,75.8,34.9,3.58,1,2,1,5.1,1,0,0
2024-03-01,253,15,8.76,79.4,44.6,3.69,1,2,1,2.4,1,0,0
2024-04-01,253,16,8.58,75.2,31.6,3.59,1,2,1,4.8,1,0,0
2024-05-01,253,17,8.71,79.4,43.4,3.43,1,2,1,3.7,1,0,0
2024-06-01,253,18,8.8,78.9,41.5,3.34,1,2,1,7.7,1,0,0
2023-01-01,254,1,5.99,73.7,65.4,3.6,0,1,0,0.0,0,0,1
2023-02-01,254,2,6.24,71.6,74.6,3.6,0,1,0,10.0,0,0,1
2023-03-01,254,3,6.3,79.1,71.0,3.26,0,1,0,6.5,0,0,1
2023-04-01,254,4,6.31,80.3,69.1,3.44,0,1,0,3.2,0,0,1
2023-05-01,254,5,6.22,72.2,68.4,3.14,0,1,0,5.8,0,0,1
2023-06-01,254,6,6.35,69.1,74.7,3.4,0,1,0,1.6,1,0,1
2023-07-01,254,7,6.38,76.2,69.7,3.08,0,1,0,6.6,1,0,1
2023-08-01,254,8,6.45,83.0,77.4,3.35,0,1,0,4.3,1,0,1
2023-09-01,254,9,6.52,79.6,71.0,3.62,0,1,0,3.2,1,0,1
2023-10-01,254,10,6.35,77.3,70.7,3.7,0,1,0,6.1,1,0,1
2023-11-01,254,11,6.47,71.4,75.9,3.36,0,1,0,1.7,1,0,1
2023-12-01,254,12,6.37,73.5,70.2,3.69,1,1,0,1.5,1,0,1
2024-01-01,254,13,6.64,81.5,82.5,3.69,1,1,0,0.1,1,0,1
2024-02-01,254,14,6.52,81.0,72.4,3.27,1,1,0,5.2,1,0,1
2024-03-01,254,15,6.55,80.6,77.4,3.68,1,1,0,0.5,1,0,1
2024-04-01,254,16,6.7,70.0,77.6,3.56,1,1,0,6.4,1,0,1
2024-05-01,254,17,6.73,74.3,75.8,3.71,1,1,0,3.5,1,0,1
2024-06-01,254,18,6.69,75.3,72.3,3.49,1,1,0,2.3,1,0,1
2023-01-01,255,1,6.89,92.4,63.2,3.91,0,1,0,4.4,0,0,0
2023-02-01,255,2,6.98,94.4,66.1,3.81,0,2,0,9.6,0,0,0
2023-03-01,255,3,6.88,94.1,66.6,3.39,0,2,0,3.0,0,0,0
2023-04-01,255,4,6.89,94.2,67.2,3.6,1,3,0,6.3,0,0,0
2023-05-01,255,5,6.84,88.5,75.4,3.36,1,3,0,1.9,0,0,0
2023-06-01,255,6,6.72,98.3,69.9,3.4,1,3,0,1.8,0,0,0
2023-07-01,255,7,7.04,97.5,68.2,3.54,1,3,0,9.6,0,0,0
2023-08-01,255,8,7.2,97.5,76.3,3.53,1,3,0,12.8,1,0,0
2023-09-01,255,9,7.12,92.2,67.8,3.56,1,3,0,6.9,1,0,0
2023-10-01,255,10,6.97,94.1,68.9,3.6,1,3,1,9.1,1,0,0
2023-11-01,255,11,7.33,91.4,71.7,3.69,1,4,1,4.6,1,0,0
2023-12-01,255,12,7.19,94.1,71.9,3.5,1,4,1,6.6,1,0,0
2024-01-01,255,13,7.36,87.1,71.3,3.46,1,4,1,13.7,1,0,0
2024-02-01,255,14,7.27,93.7,68.7,3.63,1,4,1,3.5,1,0,0
2024-03-01,255,15,7.39,96.2,73.2,3.83,1,4,1,18.1,1,0,0
2024-04-01,255,16,7.26,97.8,65.6,3.71,1,4,2,5.4,1,0,0
2024-05-01,255,17,7.38,89.9,70.5,3.83,1,4,2,5.9,2,0,0
2024-06-01,255,18,7.19,98.5,73.4,3.58,1,5,2,13.0,2,0,0
2023-01-01,256,1,7.57,84.4,50.2,3.45,0,1,0,13.5,0,0,0
2023-02-01,256,2,7.72,89.9,51.7,3.54,0,2,0,9.5,0,0,0
2023-03-01,256,3,7.72,86.8,54.2,3.73,0,2,0,11.8,0,0,0
2023-04-01,256,4,7.81,89.5,51.4,3.47,0,2,0,9.2,0,0,0
2023-05-01,256,5,7.66,85.3,50.0,3.68,0,2,0,9.0,0,0,0
2023-06-01,256,6,7.72,91.9,54.1,3.46,0,2,0,7.3,0,0,1
2023-07-01,256,7,7.75,86.8,54.6,3.5,0,2,0,7.5,0,0,1
2023-08-01,256,8,7.76,87.6,58.4,3.56,0,3,0,12.0,0,0,1
2023-09-01,256,9,7.86,95.2,64.0,3.77,0,3,0,10.7,0,0,1
2023-10-01,256,10,7.94,90.2,53.7,3.34,0,3,0,10.7,1,0,1
2023-11-01,256,11,7.9,95.8,61.5,3.69,0,3,0,10.5,1,0,1
2023-12-01,256,12,7.94,93.6,60.2,3.49,0,3,0,9.8,1,0,1
2024-01-01,256,13,7.85,87.2,60.4,3.63,0,3,0,14.9,1,0,1
2024-02-01,256,14,7.97,85.1,63.2,3.48,0,3,1,11.1,1,0,1
2024-03-01,256,15,7.73,94.2,62.8,3.4,0,3,1,10.3,1,0,1
2024-04-01,256,16,8.03,86.5,59.2,3.75,0,4,1,13.1,1,0,1
2024-05-01,256,17,7.93,90.6,65.4,3.39,0,4,1,10.2,1,0,1
2024-06-01,256,18,8.21,94.4,58.0,3.46,0,4,1,14.5,2,0,1
2023-01-01,257,1,7.51,84.7,33.7,2.49,0,1,1,0.8,0,0,0
2023-02-01,257,2,7.14,89.8,27.6,2.59,0,1,1,9.1,0,0,0
2023-03-01,257,3,7.62,86.3,31.7,2.62,0,1,1,6.5,0,0,0
2023-04-01,257,4,7.19,88.6,32.4,2.57,0,1,1,1.7,0,0,0
2023-05-01,257,5,7.49,88.0,35.3,2.52,0,1,1,7.7,0,0,0
2023-06-01,257,6,7.45,82.5,34.4,2.54,0,1,1,0.0,0,0,0
2023-07-01,257,7,7.65,84.9,38.8,2.78,0,1,1,6.8,0,0,0
2023-08-01,257,8,7.75,84.6,45.4,2.64,0,1,1,4.0,0,0,0
2023-09-01,257,9,7.68,85.8,36.7,2.95,0,1,1,2.7,0,0,0
2023-10-01,257,10,7.72,89.9,39.5,2.51,0,1,1,7.6,0,0,0
2023-11-01,257,11,7.76,82.7,47.6,2.55,0,1,1,5.0,0,0,0
2023-12-01,257,12,7.68,84.8,41.2,2.86,0,1,1,5.5,0,0,0
2024-01-01,257,13,7.79,85.5,35.7,2.65,0,1,1,4.7,0,0,0
2024-02-01,257,14,7.76,90.1,38.4,2.63,0,1,1,7.4,0,0,0
2024-03-01,257,15,7.9,85.8,42.7,2.54,0,1,1,4.1,0,0,0
2024-04-01,257,16,7.81,89.5,39.0,2.81,0,1,1,8.1,0,0,0
2024-05-01,257,17,8.02,79.8,45.4,2.9,0,1,1,3.7,0,0,0
2024-06-01,257,18,7.94,91.6,40.3,3.06,0,1,1,2.5,0,0,0
2023-01-01,258,1,6.74,90.9,43.0,2.01,0,0,1,9.8,0,1,0
2023-02-01,258,2,6.7,93.0,42.3,2.13,0,0,1,3.8,0,1,0
2023-03-01,258,3,6.74,93.6,53.2,2.48,0,0,1,5.5,0,1,0
2023-04-01,258,4,6.98,93.4,52.3,2.4,0,0,1,6.3,0,1,0
2023-05-01,258,5,6.74,88.4,42.5,2.27,0,0,1,5.6,0,1,0
2023-06-01,258,6,7.08,95.3,49.5,2.37,0,0,1,6.0,0,1,0
2023-07-01,258,7,6.85,84.3,47.2,2.4,0,0,2,4.4,0,1,0
2023-08-01,258,8,7.13,82.4,47.7,2.52,0,0,2,2.4,0,1,0
2023-09-01,258,9,7.02,87.6,54.8,2.48,0,0,2,3.9,0,1,0
2023-10-01,258,10,6.8,91.9,41.5,2.28,0,0,2,0.0,0,1,0
2023-11-01,258,11,7.13,94.0,48.8,2.09,0,0,2,6.4,0,1,0
2023-12-01,258,12,7.07,93.1,48.7,2.45,0,0,2,1.2,0,1,0
2024-01-01,258,13,7.18,88.8,54.2,2.29,0,0,2,4.7,0,1,0
2024-02-01,258,14,7.12,90.2,41.3,2.13,0,0,2,4.7,1,1,0
2024-03-01,258,15,7.38,90.9,48.1,2.4,0,0,2,3.8,1,1,0
2024-04-01,258,16,7.21,98.5,48.2,2.18,0,0,2,2.1,2,1,0
2024-05-01,258,17,7.1,97.9,48.4,2.29,0,0,2,5.3,3,1,0
2024-06-01,258,18,7.29,97.7,58.4,2.39,0,0,2,2.8,3,1,0
2023-01-01,259,1,6.86,67.3,55.9,3.66,0,1,2,6.3,0,0,0
2023-02-01,259,2,6.71,58.6,55.7,3.79,0,1,2,5.8,0,0,0
2023-03-01,259,3,6.96,60.2,58.3,3.54,0,1,2,7.2,0,0,0
2023-04-01,259,4,6.89,58.4,60.0,3.82,0,1,2,10.2,0,0,0
2023-05-01,259,5,6.98,65.4,61.7,3.87,0,2,2,9.7,0,0,0
2023-06-01,259,6,6.95,54.4,65.9,3.9,1,3,2,8.6,0,0,0
2023-07-01,259,7,6.82,64.6,59.2,3.77,1,3,2,4.2,0,0,0
2023-08-01,259,8,6.89,67.4,68.6,3.76,1,3,2,7.0,0,0,0
2023-09-01,259,9,6.89,57.7,67.4,3.94,1,3,3,3.6,0,0,0
2023-10-01,259,10,7.2,61.0,61.0,3.64,1,3,3,5.0,0,0,0
2023-11-01,259,11,7.21,65.6,63.2,3.88,1,3,4,8.0,0,0,0
2023-12-01,259,12,7.18,61.7,70.5,3.93,1,3,4,7.5,0,0,1
2024-01-01,259,13,7.0,64.0,65.6,3.84,1,4,4,12.2,0,0,1
2024-02-01,259,14,7.22,65.4,63.5,4.13,1,4,4,7.2,0,0,1
2024-03-01,259,15,7.08,60.9,77.9,4.15,1,4,4,6.7,0,0,1
2024-04-01,259,16,7.38,70.2,65.8,3.93,1,4,4,7.2,0,0,1
2024-05-01,259,17,7.3,58.9,68.5,4.37,1,4,4,7.8,0,0,1
2024-06-01,259,18,7.26,65.3,56.5,3.83,1,4,4,12.9,0,0,1
2023-01-01,260,1,5.95,99.0,79.8,3.39,0,1,0,9.4,0,0,0
2023-02-01,260,2,5.98,93.8,84.9,3.38,0,1,0,8.2,0,0,0
2023-03-01,260,3,6.07,92.7,73.0,3.34,0,1,0,4.3,0,0,0
2023-04-01,260,4,5.75,96.0,80.1,3.56,0,1,0,4.6,0,0,0
2023-05-01,260,5,6.12,96.7,74.9,3.27,0,1,0,6.2,0,0,0
2023-06-01,260,6,6.28,92.6,75.5,3.26,0,1,0,4.7,0,0,0
2023-07-01,260,7,6.17,92.1,80.9,3.25,0,1,0,4.7,0,0,0
2023-08-01,260,8,6.01,90.6,76.4,3.3,1,1,0,3.7,0,0,0
2023-09-01,260,9,6.06,93.5,73.1,3.79,1,1,0,5.7,0,0,0
2023-10-01,260,10,6.05,99.5,87.5,3.67,1,1,0,3.9,0,0,0
2023-11-01,260,11,6.2,98.5,82.1,3.42,1,1,1,9.2,0,0,0
2023-12-01,260,12,6.12,100.0,74.5,3.85,1,1,1,4.4,0,0,0
2024-01-01,260,13,6.11,89.1,80.6,3.42,1,1,1,0.1,0,0,0
2024-02-01,260,14,6.3,92.9,82.5,3.41,2,1,1,0.8,0,0,0
2024-03-01,260,15,6.24,96.7,85.2,3.44,2,2,1,6.1,0,0,0
2024-04-01,260,16,6.33,94.6,77.8,3.57,2,2,1,9.0,0,0,0
2024-05-01,260,17,6.42,95.6,71.9,3.54,2,3,2,4.7,0,0,0
2024-06-01,260,18,6.26,100.0,85.4,3.65,2,3,2,9.8,0,0,0
2023-01-01,261,1,6.85,83.9,48.2,4.02,0,1,1,10.2,0,0,0
2023-02-01,261,2,6.65,81.0,42.2,3.97,0,2,1,10.2,0,0,0
2023-03-01,261,3,6.99,85.7,42.6,3.87,0,2,1,7.5,0,0,0
2023-04-01,261,4,7.07,86.1,45.4,4.07,0,2,1,11.0,0,0,0
2023-05-01,261,5,6.66,81.1,37.5,3.97,0,2,1,7.6,0,0,0
2023-06-01,261,6,6.62,78.9,48.0,4.08,0,2,1,11.3,1,0,0
2023-07-01,261,7,6.94,92.7,40.4,4.07,0,2,1,8.0,2,0,0
2023-08-01,261,8,7.23,80.5,44.3,3.61,0,2,1,8.5,2,0,0
2023-09-01,261,9,7.01,86.6,46.8,4.09,0,2,1,9.3,2,0,0
2023-10-01,261,10,7.09,82.2,53.0,4.36,0,2,1,7.9,2,0,0
2023-11-01,261,11,7.03,87.7,46.3,4.25,0,2,1,6.8,2,0,0
2023-12-01,261,12,6.98,86.3,48.3,4.16,0,2,1,9.0,2,0,0
2024-01-01,261,13,7.18,90.2,53.3,4.21,0,2,1,11.0,2,0,0
2024-02-01,261,14,7.17,79.2,49.5,4.08,0,2,1,10.9,2,0,0
2024-03-01,261,15,7.07,87.0,59.8,4.32,0,2,1,4.8,2,0,0
2024-04-01,261,16,7.05,88.0,59.8,4.1,0,2,1,13.8,2,0,0
2024-05-01,261,17,7.29,87.2,51.6,4.21,0,2,1,13.8,2,0,0
2024-06-01,261,18,6.99,81.1,56.0,4.32,0,2,1,8.5,3,0,0
2023-01-01,262,1,6.89,91.9,53.0,3.29,0,3,0,6.6,0,0,0
2023-02-01,262,2,7.01,89.3,52.1,2.88,1,4,0,11.8,0,0,0
2023-03-01,262,3,7.01,85.3,50.8,3.42,1,4,1,4.5,0,0,0
2023-04-01,262,4,6.91,93.2,57.9,3.04,1,4,1,11.2,0,0,0
2023-05-01,262,5,7.01,97.6,61.9,3.02,1,4,1,10.1,0,0,0
2023-06-01,262,6,6.94,86.8,57.7,3.26,1,4,1,10.9,0,0,0
2023-07-01,262,7,6.93,90.1,66.3,3.36,2,4,1,14.7,0,0,1
2023-08-01,262,8,6.71,94.6,55.9,3.31,2,4,1,11.6,0,0,1
2023-09-01,262,9,6.89,93.6,65.9,3.32,2,4,1,12.1,0,0,1
2023-10-01,262,10,6.81,92.1,64.8,3.5,2,5,1,8.9,1,0,1
2023-11-01,262,11,6.91,94.3,66.2,3.23,2,5,1,11.4,2,0,1
2023-12-01,262,12,6.91,91.7,65.5,3.35,2,5,2,15.2,2,0,1
2024-01-01,262,13,7.03,93.7,60.9,3.2,2,5,2,12.2,3,0,1
2024-02-01,262,14,7.06,97.3,73.1,3.37,2,5,2,16.5,3,0,1
2024-03-01,262,15,6.91,92.1,65.1,3.33,2,6,2,13.2,4,0,1
2024-04-01,262,16,6.93,94.7,68.0,3.38,2,6,2,13.6,4,0,1
2024-05-01,262,17,6.71,85.6,73.8,3.19,3,6,2,14.4,5,0,1
2024-06-01,262,18,7.05,97.0,73.3,3.24,3,6,2,6.9,5,0,1
2023-01-01,263,1,7.48,91.7,68.8,2.26,0,1,0,13.4,0,1,0
2023-02-01,263,2,7.04,91.3,73.6,2.16,0,1,0,13.6,0,1,0
2023-03-01,263,3,7.21,87.4,70.1,2.47,0,1,0,7.4,0,1,0
2023-04-01,263,4,7.33,89.2,59.3,2.26,0,1,0,8.8,0,1,0
2023-05-01,263,5,7.41,81.6,75.2,2.2,0,1,0,11.6,0,1,0
2023-06-01,263,6,7.06,81.3,72.5,2.33,0,2,0,9.8,0,1,0
2023-07-01,263,7,7.43,85.4,80.8,2.57,0,3,1,10.1,0,0,1
2023-08-01,263,8,7.48,87.9,72.1,2.22,0,3,1,7.4,0,0,1
2023-09-01,263,9,7.45,83.7,66.9,2.13,0,3,1,14.2,0,0,1
2023-10-01,263,10,7.39,96.8,69.9,2.25,0,3,1,10.6,0,0,1
2023-11-01,263,11,7.24,92.1,80.7,2.15,0,3,1,5.6,0,0,1
2023-12-01,263,12,7.37,78.2,72.9,2.21,0,3,1,11.1,1,0,1
2024-01-01,263,13,7.43,81.7,79.7,2.3,0,3,1,9.5,1,0,1
2024-02-01,263,14,7.54,82.6,76.7,2.11,0,3,1,13.0,1,0,1
2024-03-01,263,15,7.66,91.2,77.8,2.41,0,3,1,12.6,1,0,1
2024-04-01,263,16,7.15,86.2,77.7,2.39,0,4,1,14.4,2,0,1
2024-05-01,263,17,7.48,93.3,82.7,2.04,0,4,1,8.7,2,0,1
2024-06-01,263,18,7.47,83.0,73.5,2.6,0,4,1,8.5,2,0,1
2023-01-01,264,1,6.46,81.9,24.8,4.01,0,1,0,6.2,0,1,0
2023-02-01,264,2,6.56,84.6,29.0,3.78,0,1,0,14.0,1,1,0
2023-03-01,264,3,6.57,84.2,28.8,3.88,0,1,0,8.8,1,1,0
2023-04-01,264,4,6.56,83.7,25.5,4.17,0,1,0,11.8,1,1,0
2023-05-01,264,5,6.5,82.3,21.4,4.19,0,1,1,14.2,1,1,0
2023-06-01,264,6,6.63,92.6,24.6,4.08,0,1,1,14.1,1,1,0
2023-07-01,264,7,6.66,82.2,28.1,4.01,0,1,1,9.5,2,1,0
2023-08-01,264,8,6.9,80.6,31.8,3.67,0,1,1,11.6,2,1,0
2023-09-01,264,9,6.77,85.5,29.8,4.05,1,1,1,8.6,2,1,0
2023-10-01,264,10,6.86,80.5,29.0,3.9,1,2,1,8.3,2,1,0
2023-11-01,264,11,6.81,81.9,42.0,4.01,1,2,1,9.6,2,1,0
2023-12-01,264,12,7.06,77.2,34.3,4.13,1,2,1,7.1,2,1,0
2024-01-01,264,13,7.24,91.1,27.7,4.05,2,2,1,12.0,2,1,0
2024-02-01,264,14,6.99,88.0,28.3,4.0,2,3,1,6.7,2,1,0
2024-03-01,264,15,7.11,84.5,41.1,3.69,3,3,2,15.1,3,1,0
2024-04-01,264,16,7.08,83.3,39.1,3.99,3,3,2,12.1,3,1,1
2024-05-01,264,17,7.27,84.0,42.3,4.27,4,3,2,11.7,4,1,1
2024-06-01,264,18,7.31,86.0,39.4,4.13,4,3,2,12.4,4,0,1
2023-01-01,265,1,7.56,81.5,74.0,2.64,1,0,0,13.7,0,0,0
2023-02-01,265,2,7.37,79.4,69.3,2.93,1,0,1,10.2,0,0,0
2023-03-01,265,3,7.56,85.7,78.0,2.83,1,0,1,5.5,0,0,0
2023-04-01,265,4,7.55,81.4,71.8,2.98,1,0,2,5.2,0,0,0
2023-05-01,265,5,7.42,71.9,77.5,2.87,1,0,3,8.1,1,0,0
2023-06-01,265,6,7.33,69.4,75.2,2.87,2,0,3,5.7,1,0,0
2023-07-01,265,7,7.41,85.8,77.0,2.97,2,0,3,6.0,1,0,0
2023-08-01,265,8,7.71,79.2,75.6,3.03,2,0,3,9.7,1,0,0
2023-09-01,265,9,7.51,79.5,79.5,3.21,3,0,3,4.2,1,0,1
2023-10-01,265,10,7.51,79.3,76.9,3.05,3,0,3,5.8,1,0,1
2023-11-01,265,11,7.7,77.6,82.3,3.07,3,0,3,2.3,1,0,1
2023-12-01,265,12,7.52,79.0,75.1,3.21,4,0,3,6.6,2,0,1
2024-01-01,265,13,7.72,83.5,77.8,2.88,4,0,3,4.8,3,0,1
2024-02-01,265,14,7.84,83.2,82.2,2.98,4,0,3,10.1,4,0,1
2024-03-01,265,15,7.97,74.6,85.5,3.21,4,0,3,7.2,4,0,1
2024-04-01,265,16,7.8,73.8,81.7,2.89,4,0,3,6.2,4,0,1
2024-05-01,265,17,7.76,82.9,78.2,3.04,4,0,3,7.7,4,0,1
2024-06-01,265,18,7.97,76.4,88.7,3.15,4,0,3,8.2,4,0,1
2023-01-01,266,1,7.5,88.2,36.8,3.27,0,1,0,7.4,0,3,0
2023-02-01,266,2,7.82,88.8,36.2,3.46,0,1,0,13.3,0,2,0
2023-03-01,266,3,8.01,86.8,41.9,3.55,0,1,0,5.2,0,2,0
2023-04-01,266,4,7.84,88.7,43.2,3.54,0,1,0,11.2,1,2,0
2023-05-01,266,5,8.11,83.5,47.6,3.47,0,1,0,6.5,1,2,0
2023-06-01,266,6,8.05,89.4,41.9,3.49,0,1,0,9.2,1,2,0
2023-07-01,266,7,7.88,86.3,51.6,3.52,0,1,0,9.5,1,2,0
2023-08-01,266,8,8.12,87.5,46.3,3.31,0,1,0,10.2,1,2,0
2023-09-01,266,9,8.12,90.6,42.6,3.89,0,2,0,11.1,1,2,0
2023-10-01,266,10,8.08,91.4,45.5,3.54,0,2,0,8.8,1,2,0
2023-11-01,266,11,8.33,83.2,47.1,3.69,0,2,1,12.4,1,2,0
2023-12-01,266,12,7.86,83.8,44.7,3.57,0,3,1,7.0,1,2,0
2024-01-01,266,13,8.02,78.2,47.2,3.68,0,3,1,7.7,1,2,0
2024-02-01,266,14,7.95,80.8,52.7,3.68,0,4,1,7.7,1,2,0
2024-03-01,266,15,8.03,84.4,54.7,3.72,0,4,1,13.0,1,2,0
2024-04-01,266,16,7.99,74.8,49.8,3.71,0,4,1,11.5,1,2,0
2024-05-01,266,17,8.09,87.8,54.0,3.71,0,4,1,8.8,1,2,1
2024-06-01,266,18,8.06,80.0,53.3,3.77,0,4,1,13.7,1,2,1
2023-01-01,267,1,7.26,70.4,66.2,2.4,0,0,0,1.1,0,1,0
2023-02-01,267,2,7.35,75.9,60.7,2.92,0,0,0,4.0,0,1,0
2023-03-01,267,3,7.04,82.0,71.7,2.95,0,0,0,9.8,0,1,0
2023-04-01,267,4,7.03,82.5,64.1,2.77,0,0,0,4.1,0,1,0
2023-05-01,267,5,7.22,74.8,61.4,2.77,0,0,0,1.4,0,1,0
2023-06-01,267,6,7.29,88.2,67.7,3.25,0,0,0,8.0,0,1,0
2023-07-01,267,7,7.3,76.3,67.7,2.69,0,0,0,4.5,0,1,0
2023-08-01,267,8,7.3,80.7,65.5,2.96,0,0,0,2.1,0,1,0
2023-09-01,267,9,7.4,75.4,64.6,2.78,0,0,0,3.0,0,1,0
2023-10-01,267,10,7.59,80.3,71.8,3.0,0,0,0,5.4,1,1,0
2023-11-01,267,11,7.37,76.6,61.2,2.91,0,0,0,3.5,1,1,0
2023-12-01,267,12,7.54,76.5,66.0,2.91,0,0,1,8.5,1,0,0
2024-01-01,267,13,7.3,82.9,65.9,2.96,0,1,1,7.2,1,0,0
2024-02-01,267,14,7.73,76.9,66.5,3.02,1,1,1,9.1,1,0,0
2024-03-01,267,15,7.6,76.3,60.1,2.7,1,1,1,4.9,1,0,0
2024-04-01,267,16,7.63,79.5,69.0,3.05,1,1,1,1.2,1,0,0
2024-05-01,267,17,7.59,77.4,65.0,2.79,1,1,1,3.3,1,0,0
2024-06-01,267,18,7.32,83.8,69.4,2.94,1,1,1,0.3,1,0,0
2023-01-01,268,1,7.17,87.9,66.3,4.36,0,1,0,3.4,0,0,0
2023-02-01,268,2,7.23,92.3,54.6,4.41,0,1,0,5.6,0,0,0
2023-03-01,268,3,7.28,91.7,66.7,4.12,0,1,0,0.0,0,0,0
2023-04-01,268,4,7.37,92.2,69.4,4.44,0,1,0,3.4,1,0,0
2023-05-01,268,5,7.35,93.2,56.9,4.35,0,1,0,3.5,1,0,0
2023-06-01,268,6,7.68,87.7,69.9,4.42,0,1,0,3.4,1,0,0
2023-07-01,268,7,7.5,89.2,65.4,4.2,0,1,0,7.1,2,0,0
2023-08-01,268,8,7.71,91.8,59.1,4.51,0,1,0,5.4,2,0,1
2023-09-01,268,9,7.53,83.6,59.4,4.34,0,1,0,2.4,2,0,1
2023-10-01,268,10,7.62,96.5,61.4,4.9,1,1,0,5.8,2,0,1
2023-11-01,268,11,7.88,89.2,62.5,4.35,1,1,0,0.0,2,0,1
2023-12-01,268,12,7.64,93.4,61.5,4.52,1,1,0,3.7,2,0,1
2024-01-01,268,13,7.79,89.9,63.5,4.44,1,1,0,2.1,2,0,1
2024-02-01,268,14,7.72,91.1,60.0,4.35,1,1,0,1.4,2,0,1
2024-03-01,268,15,7.75,88.4,66.6,4.37,1,1,0,3.4,3,0,1
2024-04-01,268,16,7.81,90.3,66.5,4.36,1,1,0,5.0,3,0,1
2024-05-01,268,17,7.96,96.2,67.1,4.65,1,1,0,3.5,3,0,1
2024-06-01,268,18,7.77,86.2,71.1,4.73,1,1,0,0.0,4,0,1
2023-01-01,269,1,6.95,67.9,73.3,2.57,1,0,1,12.2,1,0,0
2023-02-01,269,2,6.98,69.8,73.3,2.43,1,0,1,10.6,1,0,0
2023-03-01,269,3,7.13,65.7,75.6,2.48,1,0,1,10.0,1,0,0
2023-04-01,269,4,7.03,66.5,82.2,2.35,1,1,1,9.7,1,0,0
2023-05-01,269,5,7.21,61.8,71.4,2.33,1,1,1,9.3,1,0,0
2023-06-01,269,6,7.19,69.0,76.5,2.42,1,1,1,5.5,2,0,0
2023-07-01,269,7,7.26,71.5,79.4,2.94,1,1,1,8.3,2,0,0
2023-08-01,269,8,7.29,63.2,78.7,2.75,1,1,1,6.8,2,0,0
2023-09-01,269,9,7.14,66.3,86.7,2.72,1,1,1,7.5,2,0,0
2023-10-01,269,10,7.18,62.4,85.8,2.78,1,1,1,11.4,2,0,0
2023-11-01,269,11,7.24,66.3,81.3,2.6,1,1,1,5.9,2,0,1
2023-12-01,269,12,7.14,67.2,81.1,2.74,1,1,1,9.3,2,0,1
2024-01-01,269,13,7.22,62.4,85.0,2.52,1,1,1,6.9,2,0,1
2024-02-01,269,14,7.53,62.1,74.5,2.77,1,1,1,7.3,3,0,1
2024-03-01,269,15,7.38,65.4,82.3,2.72,1,1,1,10.3,3,0,1
2024-04-01,269,16,7.39,67.7,80.5,2.7,1,1,1,10.4,3,0,1
2024-05-01,269,17,7.26,63.5,85.4,2.68,1,1,1,12.2,3,0,1
2024-06-01,269,18,7.58,64.0,85.7,2.64,1,1,1,15.5,3,0,1
2023-01-01,270,1,7.04,73.7,68.3,2.97,0,0,0,1.0,0,0,0
2023-02-01,270,2,7.15,75.8,58.9,2.96,0,0,0,4.7,0,0,0
2023-03-01,270,3,7.05,81.6,64.8,2.82,0,0,0,5.0,0,0,0
2023-04-01,270,4,7.18,74.8,60.0,2.81,0,0,0,1.1,0,0,0
2023-05-01,270,5,7.46,81.3,69.6,2.93,0,0,0,0.8,0,0,0
2023-06-01,270,6,7.22,75.6,63.7,3.05,0,0,0,2.5,0,0,0
2023-07-01,270,7,7.36,75.2,66.1,3.05,0,0,0,0.7,0,0,0
2023-08-01,270,8,7.22,79.2,67.3,3.1,0,0,0,0.8,0,0,0
2023-09-01,270,9,7.28,83.0,65.6,2.99,0,0,0,5.9,0,0,0
2023-10-01,270,10,7.48,74.0,71.0,3.35,0,0,0,0.0,0,0,0
2023-11-01,270,11,7.48,71.4,67.1,3.16,0,0,0,1.6,0,0,0
2023-12-01,270,12,7.49,72.4,68.9,3.08,0,0,0,3.9,0,0,0
2024-01-01,270,13,7.72,76.8,70.6,2.98,0,0,0,2.9,0,0,0
2024-02-01,270,14,7.33,79.8,66.9,3.07,0,0,0,6.2,0,0,0
2024-03-01,270,15,7.47,77.5,64.1,3.09,0,0,0,7.4,0,0,0
2024-04-01,270,16,7.59,73.4,69.3,3.0,0,0,0,4.1,0,0,0
2024-05-01,270,17,7.91,81.6,73.4,3.1,0,0,0,3.1,1,0,0
2024-06-01,270,18,7.31,78.2,60.5,3.35,0,0,0,0.0,1,0,0
2023-01-01,271,1,6.25,100.0,30.5,3.33,0,2,0,10.1,0,1,0
2023-02-01,271,2,6.42,99.2,22.8,3.27,0,2,0,13.2,0,1,0
2023-03-01,271,3,6.52,100.0,34.6,3.49,1,2,0,11.6,0,1,0
2023-04-01,271,4,6.37,98.4,33.0,3.17,1,3,0,15.5,0,0,0
2023-05-01,271,5,6.44,100.0,23.4,3.13,1,3,1,10.8,0,0,0
2023-06-01,271,6,6.59,93.3,25.9,3.5,1,3,1,11.9,0,0,0
2023-07-01,271,7,6.82,100.0,26.3,3.2,1,3,2,17.0,0,0,0
2023-08-01,271,8,6.83,96.4,30.2,3.48,1,4,2,11.4,0,0,0
2023-09-01,271,9,6.83,100.0,31.2,3.32,1,4,2,8.2,0,0,0
2023-10-01,271,10,6.89,100.0,32.4,3.43,1,4,2,11.7,0,0,0
2023-11-01,271,11,6.98,100.0,31.7,3.29,1,4,2,9.8,1,0,0
2023-12-01,271,12,6.83,100.0,29.6,3.52,1,4,2,13.8,1,0,0
2024-01-01,271,13,7.12,100.0,36.5,3.3,1,4,2,9.1,1,0,0
2024-02-01,271,14,7.26,99.5,31.3,3.43,1,4,2,11.5,1,0,0
2024-03-01,271,15,6.98,95.0,39.0,3.45,1,4,2,9.0,2,0,0
2024-04-01,271,16,7.26,97.4,40.7,3.68,1,4,2,8.5,2,0,0
2024-05-01,271,17,7.13,98.0,41.4,3.44,1,4,2,16.8,3,0,0
2024-06-01,271,18,7.13,100.0,43.2,3.32,1,4,2,11.2,4,0,0
2023-01-01,272,1,7.27,74.4,49.5,2.53,0,2,0,6.9,0,0,0
2023-02-01,272,2,7.13,74.3,46.5,2.39,0,3,0,7.9,0,0,0
2023-03-01,272,3,7.25,73.6,42.3,2.4,0,4,0,8.5,0,0,0
2023-04-01,272,4,7.42,72.9,51.6,2.48,0,4,0,5.6,0,0,0
2023-05-01,272,5,7.42,73.9,42.7,2.29,0,4,0,6.6,0,0,0
2023-06-01,272,6,7.52,78.8,49.2,2.18,0,4,0,9.7,0,0,0
2023-07-01,272,7,7.4,77.2,48.0,2.39,0,4,0,5.1,0,0,0
2023-08-01,272,8,7.57,80.1,46.8,2.53,0,4,0,5.3,0,0,0
2023-09-01,272,9,7.61,84.6,42.8,2.62,0,4,1,6.8,0,0,0
2023-10-01,272,10,7.53,66.5,62.8,2.81,0,5,2,14.7,0,0,1
2023-11-01,272,11,7.45,70.4,51.4,2.49,0,5,2,8.1,0,0,1
2023-12-01,272,12,7.65,77.1,50.1,2.55,0,5,2,7.3,1,0,1
2024-01-01,272,13,7.52,73.4,52.3,2.5,0,5,2,4.7,2,0,1
2024-02-01,272,14,7.71,79.6,61.3,2.49,0,5,2,6.6,3,0,1
2024-03-01,272,15,7.81,79.3,54.5,2.83,0,5,2,9.8,3,0,1
2024-04-01,272,16,8.04,76.0,59.0,2.46,0,6,2,9.7,4,0,1
2024-05-01,272,17,7.8,74.4,54.2,2.54,0,6,2,12.9,4,0,1
2024-06-01,272,18,7.67,76.4,66.7,2.65,0,6,2,11.5,4,0,1
2023-01-01,273,1,6.93,78.6,70.6,3.37,0,1,1,12.6,0,0,0
2023-02-01,273,2,6.94,72.8,60.6,3.41,0,1,1,14.2,0,0,1
2023-03-01,273,3,7.05,77.6,64.8,3.22,0,1,1,10.2,0,0,1
2023-04-01,273,4,6.99,85.0,70.1,3.45,0,1,1,8.6,0,0,1
2023-05-01,273,5,6.97,78.3,61.7,3.48,0,1,1,13.5,0,0,1
2023-06-01,273,6,7.14,81.6,64.7,3.47,0,1,1,13.8,0,0,1
2023-07-01,273,7,7.32,78.4,66.7,3.61,0,2,1,9.0,0,0,1
2023-08-01,273,8,7.17,78.5,66.8,3.4,0,2,1,9.4,0,0,1
2023-09-01,273,9,7.22,78.0,74.7,3.54,0,2,1,10.1,0,0,1
2023-10-01,273,10,7.25,81.0,68.2,3.47,0,2,1,8.1,1,0,1
2023-11-01,273,11,7.43,70.8,71.8,3.49,0,3,1,12.6,2,0,1
2023-12-01,273,12,7.52,78.1,75.8,3.19,0,3,1,10.3,2,0,1
2024-01-01,273,13,7.28,84.3,70.5,3.33,0,3,1,12.7,2,0,1
2024-02-01,273,14,7.31,85.1,71.0,3.23,0,3,1,8.6,2,0,1
2024-03-01,273,15,7.7,79.4,74.2,3.56,0,3,1,12.1,2,0,1
2024-04-01,273,16,7.34,76.5,75.7,3.48,0,3,1,15.4,2,0,1
2024-05-01,273,17,7.37,81.5,77.6,3.49,0,4,1,13.3,3,0,1
2024-06-01,273,18,7.69,79.8,73.8,3.51,1,4,1,11.8,4,0,1
2023-01-01,274,1,8.53,79.4,52.1,4.43,0,2,0,2.5,0,0,0
2023-02-01,274,2,8.43,71.9,52.9,4.49,0,2,0,6.6,0,0,0
2023-03-01,274,3,8.58,71.0,61.8,4.13,0,2,0,7.5,0,0,0
2023-04-01,274,4,8.69,73.6,54.9,4.44,0,2,0,3.9,0,0,0
2023-05-01,274,5,8.68,71.8,54.3,4.4,0,2,0,6.2,0,0,0
2023-06-01,274,6,8.79,72.5,59.4,4.38,0,2,0,2.7,0,0,0
2023-07-01,274,7,8.96,72.7,58.6,4.27,0,2,0,5.5,0,0,0
2023-08-01,274,8,8.66,71.3,51.7,4.36,0,2,0,2.8,0,0,0
2023-09-01,274,9,8.94,72.9,67.4,4.51,0,2,0,6.0,0,0,0
2023-10-01,274,10,8.91,81.2,53.2,4.37,0,2,0,5.1,0,0,0
2023-11-01,274,11,8.83,74.7,62.1,4.49,0,2,0,8.3,0,0,0
2023-12-01,274,12,8.88,72.6,59.1,4.53,0,2,0,5.8,0,0,0
2024-01-01,274,13,8.72,74.1,66.9,4.44,0,2,0,2.4,0,0,0
2024-02-01,274,14,8.91,79.6,59.2,4.46,0,2,0,8.6,0,0,0
2024-03-01,274,15,8.74,75.0,63.4,4.58,0,2,0,7.1,0,0,1
2024-04-01,274,16,8.86,67.6,63.0,4.71,0,2,1,5.8,1,0,1
2024-05-01,274,17,8.82,77.2,61.0,4.42,0,2,1,6.2,1,0,1
2024-06-01,274,18,8.95,65.0,62.6,4.46,0,2,1,3.4,1,0,1
2023-01-01,275,1,8.26,81.5,68.3,2.91,1,2,1,6.6,0,1,0
2023-02-01,275,2,8.43,83.8,63.0,2.95,1,2,1,3.6,0,1,0
2023-03-01,275,3,8.34,91.1,58.1,2.99,1,2,1,8.3,0,1,0
2023-04-01,275,4,8.47,86.4,61.6,3.23,1,3,1,9.2,0,1,1
2023-05-01,275,5,8.72,85.9,64.9,2.94,1,3,1,9.4,0,1,1
2023-06-01,275,6,8.57,88.4,65.9,2.63,1,3,1,4.8,1,1,1
2023-07-01,275,7,8.69,85.3,64.3,2.96,1,3,1,9.2,1,1,1
2023-08-01,275,8,8.71,85.6,61.8,3.04,1,3,1,9.4,1,1,1
2023-09-01,275,9,8.47,85.4,70.4,2.95,1,3,1,6.9,1,1,1
2023-10-01,275,10,8.76,85.2,67.7,2.74,1,3,1,6.0,1,1,1
2023-11-01,275,11,8.73,87.1,72.7,3.11,1,3,1,8.8,1,1,1
2023-12-01,275,12,8.7,85.1,73.5,3.03,1,3,1,9.4,1,1,1
2024-01-01,275,13,8.75,82.0,71.8,3.14,1,3,1,11.3,1,1,1
2024-02-01,275,14,8.88,82.9,74.8,3.07,1,3,1,8.1,1,0,1
2024-03-01,275,15,8.71,90.7,77.9,3.02,1,3,1,6.3,1,0,1
2024-04-01,275,16,8.79,83.0,71.1,3.02,1,3,1,10.2,1,0,1
2024-05-01,275,17,8.98,85.1,70.8,2.89,1,3,1,9.6,1,0,1
2024-06-01,275,18,9.11,86.5,67.0,2.97,1,3,1,8.9,2,0,1
2023-01-01,276,1,7.37,80.1,72.6,3.58,0,0,0,11.1,0,0,0
2023-02-01,276,2,7.22,82.6,72.8,3.35,0,0,0,13.1,0,0,0
2023-03-01,276,3,7.23,75.7,71.3,3.79,0,0,0,13.4,0,0,0
2023-04-01,276,4,7.33,77.1,64.3,3.45,0,0,0,13.1,0,0,0
2023-05-01,276,5,7.32,67.9,76.5,3.63,1,1,0,8.2,0,0,0
2023-06-01,276,6,7.56,75.0,67.1,3.59,1,1,0,10.1,0,0,0
2023-07-01,276,7,7.33,80.8,78.8,3.68,1,1,1,13.4,0,0,0
2023-08-01,276,8,7.56,72.2,78.3,3.57,1,1,1,11.3,0,0,0
2023-09-01,276,9,7.54,70.9,77.9,3.59,1,1,1,10.7,0,0,0
2023-10-01,276,10,7.64,66.1,69.9,3.68,1,1,1,9.9,0,0,0
2023-11-01,276,11,7.67,78.8,80.1,3.76,1,1,1,12.9,0,0,0
2023-12-01,276,12,8.0,73.9,76.6,3.53,1,1,1,9.9,0,0,0
2024-01-01,276,13,7.42,74.0,87.9,3.73,1,1,1,8.5,0,0,0
2024-02-01,276,14,7.69,80.4,79.7,3.26,1,1,1,10.9,0,0,0
2024-03-01,276,15,7.64,79.9,85.5,3.71,1,1,1,11.9,0,0,0
2024-04-01,276,16,7.58,79.3,81.5,3.32,1,2,1,6.9,0,0,0
2024-05-01,276,17,7.92,72.9,80.6,3.69,1,2,1,8.1,1,0,0
2024-06-01,276,18,7.7,68.2,79.7,3.47,1,3,1,14.5,1,0,1
2023-01-01,277,1,6.32,87.9,75.3,1.34,0,1,0,5.7,0,1,0
2023-02-01,277,2,6.38,86.0,66.5,1.15,0,1,0,1.5,0,1,0
2023-03-01,277,3,6.43,75.6,66.3,1.02,0,2,0,6.5,0,1,0
2023-04-01,277,4,6.63,79.5,68.4,1.4,0,2,0,13.2,0,1,0
2023-05-01,277,5,6.64,71.5,68.9,1.31,0,2,0,7.7,0,1,0
2023-06-01,277,6,6.59,86.5,62.6,1.22,0,2,0,6.7,0,1,0
2023-07-01,277,7,6.66,78.4,62.7,1.33,0,2,0,6.6,0,0,0
2023-08-01,277,8,6.62,79.7,75.1,1.17,0,2,0,5.9,0,0,0
2023-09-01,277,9,6.95,77.1,69.5,1.3,0,2,0,8.6,0,0,0
2023-10-01,277,10,6.81,74.9,72.9,1.37,0,2,0,9.2,0,0,0
2023-11-01,277,11,7.03,76.1,66.5,1.21,0,2,0,3.3,0,0,0
2023-12-01,277,12,6.79,74.7,65.3,1.38,0,2,0,5.0,1,0,0
2024-01-01,277,13,6.87,83.5,78.9,1.66,0,2,0,7.6,1,0,0
2024-02-01,277,14,6.89,75.4,65.4,1.49,0,2,0,10.0,1,0,0
2024-03-01,277,15,7.13,87.4,68.4,1.37,0,2,1,4.3,1,0,0
2024-04-01,277,16,7.03,85.9,73.5,1.37,0,2,1,3.8,1,0,0
2024-05-01,277,17,7.2,73.6,71.2,1.59,0,2,1,7.7,2,0,0
2024-06-01,277,18,7.16,74.9,71.4,1.45,0,2,1,3.4,2,0,0
2023-01-01,278,1,6.02,86.1,53.0,3.26,0,2,0,8.6,0,0,0
2023-02-01,278,2,6.15,87.2,56.0,3.37,0,2,0,11.0,0,0,0
2023-03-01,278,3,5.98,88.8,58.4,3.26,0,2,0,13.2,0,0,0
2023-04-01,278,4,5.93,86.1,51.1,3.33,0,2,0,6.3,0,0,0
2023-05-01,278,5,6.42,93.3,50.0,3.37,0,2,0,10.1,0,0,0
2023-06-01,278,6,6.18,91.5,53.6,3.37,0,2,0,6.0,1,0,1
2023-07-01,278,7,6.22,89.6,56.3,3.23,0,2,1,7.1,1,0,1
2023-08-01,278,8,6.29,89.4,57.5,3.23,0,3,1,8.4,1,0,1
2023-09-01,278,9,6.44,93.9,60.5,3.0,0,3,1,4.5,1,0,1
2023-10-01,278,10,6.61,90.7,55.3,3.14,0,3,1,5.6,1,0,1
2023-11-01,278,11,6.46,89.4,60.5,3.37,0,3,1,2.4,2,0,1
2023-12-01,278,12,6.51,88.3,69.2,3.14,0,3,1,11.5,2,0,1
2024-01-01,278,13,6.47,94.1,62.2,3.58,0,3,1,9.3,2,0,1
2024-02-01,278,14,6.52,91.4,61.3,3.26,0,3,1,12.8,2,0,1
2024-03-01,278,15,6.79,92.8,68.7,3.34,0,3,1,11.0,2,0,1
2024-04-01,278,16,6.49,84.6,67.6,3.07,0,3,1,12.1,2,0,1
2024-05-01,278,17,6.51,92.3,64.9,3.43,0,3,2,10.9,2,0,1
2024-06-01,278,18,6.73,92.9,67.2,3.39,0,3,2,9.0,2,0,1
2023-01-01,279,1,7.81,83.9,27.9,2.91,0,0,0,9.0,0,0,0
2023-02-01,279,2,7.95,76.4,30.8,3.07,0,0,0,8.8,0,0,0
2023-03-01,279,3,7.89,82.9,29.4,3.0,0,0,0,6.9,0,0,0
2023-04-01,279,4,8.14,81.4,32.0,3.08,0,0,0,13.1,1,0,0
2023-05-01,279,5,8.16,72.0,25.6,3.11,0,0,0,4.5,1,0,0
2023-06-01,279,6,8.09,83.3,31.1,3.09,0,0,0,5.7,1,0,0
2023-07-01,279,7,8.03,80.3,31.4,3.01,0,0,0,9.2,2,0,0
2023-08-01,279,8,8.05,77.3,38.1,3.13,0,0,0,9.2,2,0,0
2023-09-01,279,9,8.03,77.3,37.2,3.05,0,0,0,12.0,2,0,0
2023-10-01,279,10,8.18,83.4,37.0,3.35,0,0,0,10.5,2,0,0
2023-11-01,279,11,8.01,74.2,38.2,3.36,0,0,0,7.9,3,0,0
2023-12-01,279,12,8.05,73.7,34.9,3.28,0,0,0,12.2,3,0,0
2024-01-01,279,13,7.92,77.7,32.6,3.21,0,0,0,11.8,3,0,0
2024-02-01,279,14,8.16,75.0,44.8,3.03,0,1,0,7.9,3,0,0
2024-03-01,279,15,8.13,71.9,44.0,3.23,0,1,0,10.7,3,0,0
2024-04-01,279,16,8.09,75.6,43.4,3.14,0,1,0,9.6,3,0,0
2024-05-01,279,17,7.97,79.8,36.7,3.37,0,1,0,7.7,4,0,1
2024-06-01,279,18,8.33,73.0,42.6,3.4,0,2,0,9.7,5,0,1
2023-01-01,280,1,7.14,94.2,44.7,2.59,0,0,0,14.5,0,0,0
2023-02-01,280,2,7.33,85.2,52.3,2.88,0,1,0,14.2,0,0,0
2023-03-01,280,3,7.32,86.2,52.8,2.53,0,1,0,10.5,0,0,0
2023-04-01,280,4,7.55,100.0,53.1,2.73,0,1,0,14.3,0,0,0
2023-05-01,280,5,7.28,91.4,49.5,2.56,1,1,0,11.0,0,0,0
2023-06-01,280,6,7.31,77.3,60.0,2.74,1,1,0,6.6,0,0,0
2023-07-01,280,7,7.19,89.3,56.0,2.78,1,1,0,11.3,0,0,0
2023-08-01,280,8,7.28,86.8,61.8,2.44,1,1,0,9.7,0,0,0
2023-09-01,280,9,7.15,86.6,61.9,2.67,1,1,0,11.7,1,0,0
2023-10-01,280,10,7.39,86.1,56.9,2.66,2,1,0,12.7,1,0,0
2023-11-01,280,11,7.17,92.2,59.1,2.67,2,1,0,9.4,1,0,0
2023-12-01,280,12,7.27,92.9,59.3,2.75,2,1,0,10.7,1,0,0
2024-01-01,280,13,7.59,85.6,61.6,2.9,3,2,0,8.0,1,0,0
2024-02-01,280,14,7.31,85.9,56.6,2.92,3,2,0,12.3,1,0,0
2024-03-01,280,15,7.4,98.0,59.8,2.7,3,3,0,10.5,1,0,0
2024-04-01,280,16,7.48,91.5,63.1,2.73,3,4,1,13.0,1,0,0
2024-05-01,280,17,7.4,87.7,75.1,2.9,3,5,1,14.3,1,0,1
2024-06-01,280,18,7.43,87.7,64.8,2.57,3,5,1,5.8,1,0,1
2023-01-01,281,1,7.35,95.3,63.5,4.11,0,2,0,5.9,0,0,0
2023-02-01,281,2,7.4,89.8,68.0,3.88,0,2,0,9.3,0,0,0
2023-03-01,281,3,7.54,91.2,69.8,3.84,0,2,0,9.5,1,0,0
2023-04-01,281,4,7.39,89.6,65.7,4.1,0,2,0,6.5,1,0,0
2023-05-01,281,5,7.62,89.0,66.9,4.24,0,2,1,12.6,1,0,0
2023-06-01,281,6,7.48,92.3,61.2,3.83,1,2,2,11.4,1,0,0
2023-07-01,281,7,7.67,85.3,70.1,4.23,1,2,2,12.7,1,0,0
2023-08-01,281,8,7.42,92.6,73.6,4.01,1,2,2,11.1,1,0,0
2023-09-01,281,9,7.64,88.1,72.4,3.72,1,2,2,7.8,1,0,0
2023-10-01,281,10,7.77,89.2,77.8,3.95,1,2,2,8.3,1,0,0
2023-11-01,281,11,7.64,92.7,70.0,3.92,1,2,3,5.1,1,0,0
2023-12-01,281,12,7.61,85.1,76.6,4.05,1,2,3,10.8,1,0,0
2024-01-01,281,13,7.74,92.5,76.8,3.87,2,2,3,7.4,1,0,1
2024-02-01,281,14,7.8,91.6,73.4,3.85,2,2,3,7.5,1,0,1
2024-03-01,281,15,8.0,88.2,75.7,4.06,2,3,3,9.7,1,0,1
2024-04-01,281,16,7.91,89.6,78.8,4.17,2,4,3,11.7,2,0,1
2024-05-01,281,17,8.1,80.0,69.3,3.8,2,5,3,7.4,2,0,1
2024-06-01,281,18,8.07,92.7,70.6,4.02,3,5,3,6.9,2,0,1
2023-01-01,282,1,5.58,97.8,42.5,3.0,1,2,0,6.0,0,3,0
2023-02-01,282,2,5.54,90.6,46.7,2.94,1,2,0,8.2,0,2,0
2023-03-01,282,3,5.4,87.8,45.7,2.95,1,2,0,7.5,0,2,0
2023-04-01,282,4,5.82,91.4,39.2,2.84,1,2,1,5.2,0,2,0
2023-05-01,282,5,5.78,89.5,41.0,3.12,1,2,1,7.9,0,2,0
2023-06-01,282,6,5.68,87.7,44.3,2.96,1,2,1,8.7,0,2,0
2023-07-01,282,7,5.7,88.6,34.4,2.91,1,2,1,5.7,0,2,0
2023-08-01,282,8,5.6,95.2,40.6,3.05,2,2,1,5.0,0,2,0
2023-09-01,282,9,6.12,87.0,43.5,2.88,2,2,1,3.6,0,2,0
2023-10-01,282,10,6.21,90.4,41.6,3.08,2,2,1,0.8,0,2,0
2023-11-01,282,11,6.05,88.4,37.8,3.13,2,2,2,3.5,0,2,0
2023-12-01,282,12,5.94,100.0,51.6,2.9,2,2,2,0.6,0,2,0
2024-01-01,282,13,5.92,89.4,49.0,3.07,2,2,2,6.1,0,2,0
2024-02-01,282,14,6.03,98.6,44.7,2.98,2,3,2,4.1,0,2,0
2024-03-01,282,15,5.82,93.0,49.4,3.32,2,3,2,7.7,0,2,0
2024-04-01,282,16,5.81,88.7,49.3,2.99,2,3,2,3.7,0,2,0
2024-05-01,282,17,6.19,96.9,48.3,3.33,2,3,2,4.7,0,2,0
2024-06-01,282,18,6.26,94.5,47.8,3.05,2,3,2,5.5,0,2,1
2023-01-01,283,1,7.77,82.8,65.6,3.22,0,1,0,6.8,0,0,0
2023-02-01,283,2,7.64,79.7,63.9,3.0,0,2,0,9.1,0,0,0
2023-03-01,283,3,7.84,83.0,67.9,2.74,0,2,1,8.3,1,0,0
2023-04-01,283,4,7.73,81.7,71.7,3.11,0,2,1,4.2,1,0,0
2023-05-01,283,5,7.64,79.3,76.1,3.05,0,2,1,9.8,1,0,0
2023-06-01,283,6,7.88,86.7,62.2,3.3,0,2,1,8.0,1,0,0
2023-07-01,283,7,8.0,80.7,71.9,3.19,0,2,2,8.3,1,0,0
2023-08-01,283,8,7.67,80.6,74.9,3.11,0,2,2,12.0,1,0,0
2023-09-01,283,9,7.96,84.4,70.6,3.27,0,3,2,10.5,1,0,0
2023-10-01,283,10,7.81,89.2,70.2,3.36,0,3,2,2.9,1,0,0
2023-11-01,283,11,7.9,80.4,66.4,3.32,0,3,2,8.0,1,0,0
2023-12-01,283,12,7.9,89.0,75.4,3.22,1,3,2,5.4,1,0,0
2024-01-01,283,13,7.82,86.1,67.9,3.18,1,3,2,4.9,1,0,1
2024-02-01,283,14,7.85,78.3,79.3,3.09,1,3,2,7.1,2,0,1
2024-03-01,283,15,8.06,82.9,69.2,3.18,1,3,2,8.7,3,0,1
2024-04-01,283,16,7.96,87.2,82.0,2.82,1,3,2,4.0,3,0,1
2024-05-01,283,17,7.88,84.2,83.4,3.25,1,3,2,9.2,4,0,1
2024-06-01,283,18,7.81,87.7,65.3,3.48,1,4,2,6.8,4,0,1
2023-01-01,284,1,7.39,100.0,68.4,2.76,1,1,0,9.0,0,0,0
2023-02-01,284,2,7.32,97.2,75.4,2.86,1,2,0,12.4,0,0,0
2023-03-01,284,3,7.42,92.1,61.2,2.77,1,2,0,9.1,1,0,0
2023-04-01,284,4,7.59,97.8,73.3,2.98,1,2,0,7.8,1,0,0
2023-05-01,284,5,7.34,100.0,76.9,3.02,1,2,0,13.7,1,0,0
2023-06-01,284,6,7.48,97.7,77.0,2.79,1,2,0,8.1,1,0,0
2023-07-01,284,7,7.57,100.0,77.4,3.19,1,2,0,6.1,1,0,0
2023-08-01,284,8,7.87,100.0,67.8,3.23,1,2,1,8.8,1,0,0
2023-09-01,284,9,7.68,100.0,71.7,2.99,1,2,1,11.2,1,0,0
2023-10-01,284,10,7.69,100.0,81.7,3.15,1,2,1,7.9,1,0,0
2023-11-01,284,11,7.84,95.2,87.1,3.13,1,2,1,6.8,2,0,0
2023-12-01,284,12,7.95,99.3,79.4,3.06,1,2,1,10.2,2,0,0
2024-01-01,284,13,7.82,96.1,86.4,3.1,1,2,1,4.8,2,0,0
2024-02-01,284,14,7.96,100.0,82.9,2.7,1,2,1,7.9,2,0,0
2024-03-01,284,15,7.91,100.0,76.5,2.93,1,2,1,6.9,2,0,1
2024-04-01,284,16,7.95,100.0,88.6,3.23,1,2,1,11.3,2,0,1
2024-05-01,284,17,7.93,96.8,88.1,3.16,1,2,1,9.1,2,0,1
2024-06-01,284,18,8.06,100.0,87.6,3.29,1,2,1,4.0,2,0,1
2023-01-01,285,1,6.23,94.5,58.1,2.1,0,1,1,0.0,0,0,0
2023-02-01,285,2,6.2,91.2,60.3,1.9,0,1,1,3.8,1,0,0
2023-03-01,285,3,6.36,93.3,62.8,2.05,0,1,1,4.5,1,0,0
2023-04-01,285,4,6.11,89.1,55.9,1.96,0,1,1,5.1,1,0,0
2023-05-01,285,5,6.27,96.9,64.1,1.91,0,2,1,6.2,1,0,0
2023-06-01,285,6,6.19,98.7,59.8,2.11,0,2,1,2.9,1,0,0
2023-07-01,285,7,6.44,93.3,61.7,1.84,0,2,1,0.4,1,0,0
2023-08-01,285,8,6.57,94.5,65.2,1.79,0,2,1,9.2,1,0,0
2023-09-01,285,9,6.35,99.1,60.2,2.02,0,2,1,5.3,1,0,0
2023-10-01,285,10,6.36,95.3,63.4,1.7,0,2,1,11.0,2,0,0
2023-11-01,285,11,6.63,93.7,63.4,2.06,0,2,1,4.2,2,0,0
2023-12-01,285,12,6.46,90.9,67.2,2.03,0,2,1,9.0,2,0,0
2024-01-01,285,13,6.78,95.2,76.2,1.92,0,2,1,6.5,2,0,0
2024-02-01,285,14,6.52,91.1,68.3,1.83,0,2,1,5.5,2,0,0
2024-03-01,285,15,6.87,95.2,66.6,2.06,0,2,1,3.8,2,0,0
2024-04-01,285,16,6.8,90.0,59.6,2.12,0,2,1,1.3,3,0,0
2024-05-01,285,17,6.79,94.2,65.2,2.06,0,2,1,7.7,3,0,0
2024-06-01,285,18,6.85,87.4,64.7,2.11,0,2,1,1.4,3,0,0
2023-01-01,286,1,6.68,80.8,27.1,2.49,0,1,0,5.4,0,0,0
2023-02-01,286,2,6.6,87.3,26.5,2.38,0,1,0,4.0,0,0,0
2023-03-01,286,3,6.7,92.1,23.9,2.18,0,1,0,6.4,0,0,0
2023-04-01,286,4,6.69,80.6,28.0,2.52,0,1,0,7.1,0,0,0
2023-05-01,286,5,6.62,82.8,22.7,2.58,0,1,1,4.3,0,0,0
2023-06-01,286,6,6.63,75.5,31.8,2.36,0,1,1,9.8,0,0,0
2023-07-01,286,7,6.69,85.1,32.6,2.36,0,2,1,6.6,0,0,0
2023-08-01,286,8,6.73,84.8,25.6,2.39,1,2,1,6.6,0,0,0
2023-09-01,286,9,6.93,86.9,26.7,2.02,1,2,1,9.7,0,0,0
2023-10-01,286,10,6.91,83.5,26.5,2.29,1,2,1,4.3,0,0,0
2023-11-01,286,11,7.1,87.6,32.7,2.54,1,2,1,5.1,0,0,0
2023-12-01,286,12,6.94,83.8,30.5,2.32,2,2,1,9.2,0,0,0
2024-01-01,286,13,7.1,91.1,37.0,2.42,2,2,1,7.6,0,0,0
2024-02-01,286,14,7.17,87.3,30.1,2.51,2,2,1,7.2,0,0,0
2024-03-01,286,15,7.0,86.2,28.9,2.33,2,2,1,3.8,0,0,0
2024-04-01,286,16,6.78,82.0,33.6,2.66,2,2,1,3.9,0,0,0
2024-05-01,286,17,7.23,83.5,33.7,2.61,2,2,1,8.4,0,0,0
2024-06-01,286,18,7.45,88.8,35.3,2.49,2,2,1,4.3,0,0,0
2023-01-01,287,1,7.2,76.0,35.5,3.83,1,0,0,5.6,0,0,0
2023-02-01,287,2,7.03,78.0,35.6,4.15,1,0,0,3.4,0,0,0
2023-03-01,287,3,7.29,72.8,40.6,4.06,1,0,0,6.5,0,0,0
2023-04-01,287,4,7.46,76.1,48.0,4.03,1,0,0,0.7,0,0,0
2023-05-01,287,5,7.38,74.4,45.5,3.74,1,0,0,5.7,0,0,0
2023-06-01,287,6,7.32,71.8,29.6,4.14,1,0,0,2.2,0,0,0
2023-07-01,287,7,7.41,69.7,35.5,4.16,1,0,0,4.5,0,0,0
2023-08-01,287,8,7.61,67.0,47.9,4.19,1,0,0,4.4,0,0,0
2023-09-01,287,9,7.46,75.5,35.7,4.01,1,0,1,8.6,0,0,0
2023-10-01,287,10,7.32,66.1,40.5,3.97,1,0,1,7.0,0,0,0
2023-11-01,287,11,7.3,69.7,48.0,4.24,1,0,1,5.3,1,0,0
2023-12-01,287,12,7.42,66.1,42.3,3.96,1,0,1,4.8,2,0,0
2024-01-01,287,13,7.64,76.0,49.8,3.79,1,0,1,3.4,2,0,0
2024-02-01,287,14,7.61,75.5,45.7,3.91,1,0,1,6.9,3,0,0
2024-03-01,287,15,7.81,71.0,45.0,4.14,1,0,1,10.9,3,0,0
2024-04-01,287,16,7.58,72.2,48.4,4.19,1,0,1,5.7,3,0,0
2024-05-01,287,17,7.53,77.9,46.3,4.03,1,0,1,3.4,4,0,1
2024-06-01,287,18,7.81,75.0,39.4,4.14,1,0,1,5.1,4,0,1
2023-01-01,288,1,7.03,87.0,96.5,1.79,0,1,1,6.6,0,0,1
2023-02-01,288,2,7.22,84.3,81.4,1.76,0,1,1,1.8,0,0,1
2023-03-01,288,3,7.02,80.0,88.8,1.61,0,1,1,0.3,0,0,1
2023-04-01,288,4,6.88,81.4,91.6,1.9,0,1,1,4.1,0,0,1
2023-05-01,288,5,7.18,82.8,90.0,1.54,0,1,1,6.6,0,0,1
2023-06-01,288,6,7.01,79.9,78.9,1.82,0,1,1,6.3,0,0,1
2023-07-01,288,7,7.09,74.7,88.6,1.98,0,1,1,5.0,0,0,1
2023-08-01,288,8,7.08,83.5,84.8,1.84,0,2,1,6.2,0,0,1
2023-09-01,288,9,7.11,77.4,87.7,1.5,0,2,1,4.1,0,0,1
2023-10-01,288,10,7.01,85.4,92.6,1.88,0,2,1,2.8,0,0,1
2023-11-01,288,11,7.23,82.2,88.9,1.82,0,2,2,1.4,0,0,1
2023-12-01,288,12,7.03,83.3,95.5,1.8,0,2,2,7.0,0,0,1
2024-01-01,288,13,7.07,79.0,93.9,2.03,0,2,2,1.3,0,0,1
2024-02-01,288,14,7.1,86.3,86.6,1.96,0,2,2,1.0,0,0,1
2024-03-01,288,15,7.24,88.3,86.4,1.81,0,2,2,2.5,1,0,1
2024-04-01,288,16,7.31,77.7,94.0,1.75,0,2,2,3.8,1,0,1
2024-05-01,288,17,7.34,84.6,87.2,1.9,0,2,2,4.0,1,0,1
2024-06-01,288,18,7.15,84.9,96.0,1.95,0,2,2,4.3,1,0,1
2023-01-01,289,1,6.82,90.8,53.8,2.71,1,0,0,9.8,0,1,0
2023-02-01,289,2,6.9,89.2,47.1,2.73,1,0,0,9.5,0,1,0
2023-03-01,289,3,6.96,95.9,54.5,2.67,1,0,0,9.0,0,0,0
2023-04-01,289,4,7.31,94.5,50.4,2.63,1,0,0,7.6,0,0,0
2023-05-01,289,5,6.88,97.8,48.4,2.72,1,0,0,7.5,0,0,0
2023-06-01,289,6,7.0,97.8,54.6,2.77,1,0,0,8.2,0,0,0
2023-07-01,289,7,6.99,93.2,49.2,2.76,1,0,0,5.4,0,0,1
2023-08-01,289,8,6.82,100.0,53.0,2.74,1,0,0,7.9,0,0,1
2023-09-01,289,9,7.14,98.4,52.6,2.93,1,0,0,5.8,0,0,1
2023-10-01,289,10,7.23,96.1,51.3,2.7,1,0,0,5.9,0,0,1
2023-11-01,289,11,7.31,99.1,50.6,2.86,1,0,0,7.7,0,0,1
2023-12-01,289,12,7.16,98.1,55.4,2.66,1,0,0,10.0,0,0,1
2024-01-01,289,13,7.23,95.4,52.4,2.81,1,0,0,4.9,0,0,1
2024-02-01,289,14,7.26,99.7,54.3,2.65,1,0,0,6.7,0,0,1
2024-03-01,289,15,7.64,95.3,63.3,2.84,1,0,0,9.7,0,0,1
2024-04-01,289,16,7.53,100.0,63.2,2.74,1,0,0,6.2,0,0,1
2024-05-01,289,17,7.51,95.0,58.2,2.99,1,0,1,7.7,0,0,1
2024-06-01,289,18,7.85,92.0,65.1,3.07,2,0,1,7.7,1,0,1
2023-01-01,290,1,7.0,95.2,30.2,2.99,0,0,0,5.4,0,1,0
2023-02-01,290,2,6.94,100.0,30.5,2.81,0,0,0,5.3,0,1,0
2023-03-01,290,3,6.82,99.7,34.5,3.04,0,0,0,8.0,0,1,0
2023-04-01,290,4,7.05,98.5,26.8,3.02,0,0,0,2.0,0,1,0
2023-05-01,290,5,7.16,99.9,29.2,2.98,0,0,0,6.2,0,1,0
2023-06-01,290,6,6.63,99.9,25.7,3.05,0,0,0,8.5,0,0,0
2023-07-01,290,7,7.06,100.0,34.1,2.9,0,0,0,0.0,0,0,0
2023-08-01,290,8,7.09,100.0,30.3,3.05,0,0,0,4.4,0,0,0
2023-09-01,290,9,7.0,100.0,30.0,3.0,0,0,0,2.5,1,0,0
2023-10-01,290,10,6.93,100.0,33.3,3.04,0,0,1,2.3,1,0,0
2023-11-01,290,11,7.01,100.0,39.4,3.06,0,0,1,6.0,1,0,0
2023-12-01,290,12,7.17,98.8,27.3,3.05,0,0,1,2.8,1,0,0
2024-01-01,290,13,7.05,96.0,30.5,3.22,0,0,1,5.7,1,0,0
2024-02-01,290,14,7.24,98.1,36.2,3.05,0,0,1,4.7,1,0,0
2024-03-01,290,15,7.33,99.2,30.8,2.96,0,0,1,6.7,1,0,0
2024-04-01,290,16,7.34,94.1,34.2,2.96,0,0,1,5.5,1,0,0
2024-05-01,290,17,7.11,100.0,39.4,2.99,0,0,1,5.7,1,0,0
2024-06-01,290,18,7.25,100.0,31.3,3.08,0,0,2,2.5,1,0,0
2023-01-01,291,1,6.91,100.0,78.9,4.35,1,2,0,6.5,0,0,0
2023-02-01,291,2,6.6,99.4,78.7,4.31,1,2,0,5.9,0,0,0
2023-03-01,291,3,6.88,88.7,78.8,4.19,1,2,0,6.2,0,0,0
2023-04-01,291,4,6.89,91.5,83.7,4.35,1,2,0,11.2,0,0,0
2023-05-01,291,5,7.01,92.7,79.8,4.45,1,2,0,7.0,0,0,0
2023-06-01,291,6,7.18,90.9,79.7,4.35,1,2,0,5.2,0,0,0
2023-07-01,291,7,7.13,99.7,83.7,4.55,1,2,0,11.8,1,0,0
2023-08-01,291,8,7.22,100.0,80.6,4.47,1,2,0,9.8,1,0,0
2023-09-01,291,9,7.26,99.8,85.4,4.58,1,2,0,5.7,1,0,0
2023-10-01,291,10,7.07,99.1,76.2,4.42,1,2,0,12.6,2,0,0
2023-11-01,291,11,7.3,98.8,85.9,4.46,1,2,0,7.3,3,0,0
2023-12-01,291,12,7.26,97.3,83.5,4.23,1,2,0,9.8,3,0,0
2024-01-01,291,13,7.33,92.4,78.9,4.51,1,2,0,11.4,3,0,0
2024-02-01,291,14,7.42,93.9,84.4,4.4,1,2,0,10.3,3,0,0
2024-03-01,291,15,7.32,97.7,83.9,4.7,1,2,0,10.7,3,0,0
2024-04-01,291,16,7.52,94.3,81.4,4.59,1,2,0,10.4,3,0,0
2024-05-01,291,17,7.4,97.1,87.2,4.57,1,2,0,5.6,4,0,1
2024-06-01,291,18,7.73,97.7,82.5,4.72,1,2,0,7.4,4,0,1
2023-01-01,292,1,6.85,86.0,53.2,3.46,0,1,1,4.1,0,0,0
2023-02-01,292,2,7.15,87.2,57.6,3.68,0,1,1,1.1,0,0,0
2023-03-01,292,3,7.24,92.6,54.7,3.93,0,1,1,8.4,0,0,0
2023-04-01,292,4,7.01,82.0,60.3,3.92,0,1,1,3.5,0,0,0
2023-05-01,292,5,7.39,84.7,52.4,3.56,0,1,1,6.3,0,0,0
2023-06-01,292,6,7.05,84.0,52.2,3.58,0,1,1,2.2,0,0,0
2023-07-01,292,7,7.21,88.1,65.8,3.74,0,1,1,8.1,0,0,0
2023-08-01,292,8,7.24,83.6,53.5,3.62,0,1,1,7.1,0,0,0
2023-09-01,292,9,7.15,95.3,73.1,3.78,0,1,1,4.4,0,0,0
2023-10-01,292,10,7.24,88.2,64.6,3.69,0,1,1,6.4,0,0,0
2023-11-01,292,11,7.57,96.2,58.7,3.81,0,1,1,2.8,0,0,0
2023-12-01,292,12,7.34,100.0,59.4,3.82,0,2,1,5.2,0,0,0
2024-01-01,292,13,7.41,93.8,66.2,3.79,0,2,1,2.6,0,0,0
2024-02-01,292,14,7.36,97.4,69.1,3.84,0,2,1,4.0,0,0,0
2024-03-01,292,15,7.53,89.7,66.5,4.08,0,2,1,6.4,0,0,0
2024-04-01,292,16,7.71,84.4,65.5,3.66,0,2,1,8.6,0,0,0
2024-05-01,292,17,7.62,93.7,62.7,4.05,0,2,1,10.1,0,0,0
2024-06-01,292,18,7.63,89.7,68.0,3.92,0,2,1,8.1,0,0,0
2023-01-01,293,1,8.09,70.1,80.0,2.88,0,0,0,9.6,0,1,0
2023-02-01,293,2,8.3,76.2,73.7,2.68,0,0,0,6.3,0,0,0
2023-03-01,293,3,8.22,68.3,65.4,2.77,0,0,0,8.2,0,0,0
2023-04-01,293,4,8.13,64.4,75.6,2.84,0,0,0,10.8,0,0,0
2023-05-01,293,5,8.32,65.9,81.5,3.2,0,0,0,8.2,0,0,0
2023-06-01,293,6,8.46,68.6,78.4,2.68,0,0,1,11.4,0,0,0
2023-07-01,293,7,8.23,68.7,73.4,2.93,0,0,1,7.2,0,0,0
2023-08-01,293,8,8.36,69.9,87.8,2.84,0,0,1,9.5,0,0,0
2023-09-01,293,9,8.32,65.0,83.5,2.82,0,0,1,6.6,0,0,0
2023-10-01,293,10,8.52,75.0,81.6,2.87,1,0,1,8.1,0,0,0
2023-11-01,293,11,8.46,69.8,85.8,2.83,1,0,1,9.8,0,0,0
2023-12-01,293,12,8.5,70.3,84.5,3.04,1,0,1,14.5,0,0,0
2024-01-01,293,13,8.26,61.2,88.8,2.9,1,0,1,6.7,0,0,0
2024-02-01,293,14,8.53,66.4,80.1,2.89,1,0,1,12.0,0,0,0
2024-03-01,293,15,8.7,70.6,83.4,2.86,1,0,2,7.0,0,0,0
2024-04-01,293,16,8.56,69.5,84.6,2.62,1,0,2,11.1,1,0,0
2024-05-01,293,17,8.4,71.4,86.0,2.89,1,0,2,10.2,2,0,0
2024-06-01,293,18,8.99,70.6,87.3,3.0,2,0,2,10.9,2,0,0
2023-01-01,294,1,5.07,85.0,62.6,4.04,0,0,1,6.7,0,0,0
2023-02-01,294,2,5.1,86.4,57.9,4.2,0,0,1,5.9,0,0,0
2023-03-01,294,3,5.23,86.7,61.9,4.22,0,0,1,1.4,0,0,0
2023-04-01,294,4,5.25,88.2,65.6,3.91,0,0,1,3.5,0,0,0
2023-05-01,294,5,5.13,82.3,62.1,4.36,0,0,1,0.8,0,0,0
2023-06-01,294,6,4.96,89.6,64.6,4.05,0,0,1,3.8,0,0,0
2023-07-01,294,7,5.13,80.4,64.7,4.3,0,0,1,5.6,0,0,0
2023-08-01,294,8,5.17,87.5,60.5,4.07,0,0,1,4.7,0,0,1
2023-09-01,294,9,5.26,86.4,63.3,4.18,0,0,1,7.0,0,0,1
2023-10-01,294,10,4.96,88.0,67.9,4.3,0,0,1,4.5,0,0,1
2023-11-01,294,11,5.31,86.3,66.6,4.27,0,0,1,3.3,1,0,1
2023-12-01,294,12,5.04,95.5,70.2,4.41,0,0,1,3.4,1,0,1
2024-01-01,294,13,5.29,87.9,64.0,4.33,0,0,1,3.1,1,0,1
2024-02-01,294,14,5.13,78.2,69.8,3.99,0,0,1,4.4,1,0,1
2024-03-01,294,15,5.35,85.1,66.0,4.12,0,0,1,4.4,1,0,1
2024-04-01,294,16,5.14,91.0,70.0,4.42,0,0,1,1.9,1,0,1
2024-05-01,294,17,5.39,88.8,70.6,4.28,1,0,1,7.6,1,0,1
2024-06-01,294,18,5.37,92.9,68.6,4.51,1,0,1,5.9,2,0,1
2023-01-01,295,1,6.86,71.8,66.3,2.43,0,1,0,9.2,0,0,0
2023-02-01,295,2,6.69,70.3,59.4,2.73,0,1,0,12.1,0,0,0
2023-03-01,295,3,6.96,75.5,71.4,2.67,0,1,0,10.2,0,0,0
2023-04-01,295,4,6.88,74.2,64.1,2.63,0,1,0,14.1,0,0,0
2023-05-01,295,5,6.81,70.0,70.3,2.94,0,2,0,7.7,0,0,0
2023-06-01,295,6,6.88,66.6,67.3,2.71,0,2,0,12.2,0,0,0
2023-07-01,295,7,6.94,72.0,70.8,2.57,0,3,0,10.1,0,0,0
2023-08-01,295,8,6.94,63.3,69.1,2.38,0,3,1,13.1,0,0,0
2023-09-01,295,9,7.0,70.3,71.8,2.72,0,3,1,9.0,1,0,0
2023-10-01,295,10,6.93,70.1,72.6,2.75,0,4,1,14.2,1,0,0
2023-11-01,295,11,7.05,69.7,64.7,2.53,0,5,1,9.8,1,0,0
2023-12-01,295,12,7.0,75.3,70.8,2.7,0,6,1,11.3,1,0,1
2024-01-01,295,13,7.01,74.5,79.5,2.79,0,6,2,11.5,1,0,1
2024-02-01,295,14,7.07,66.6,71.9,2.76,0,6,2,11.7,2,0,1
2024-03-01,295,15,6.97,64.6,78.3,3.04,0,6,2,11.0,3,0,1
2024-04-01,295,16,7.15,69.5,82.8,2.52,0,6,2,10.8,3,0,1
2024-05-01,295,17,7.1,74.0,78.6,2.9,0,6,2,14.2,3,0,1
2024-06-01,295,18,7.03,65.1,71.2,2.98,0,6,3,13.0,3,0,1
2023-01-01,296,1,7.23,60.8,68.7,3.83,0,1,1,2.9,0,0,0
2023-02-01,296,2,7.04,69.7,56.7,4.04,0,1,1,7.5,0,0,0
2023-03-01,296,3,7.19,63.5,62.5,3.83,0,1,1,3.2,0,0,0
2023-04-01,296,4,7.26,63.7,74.6,3.8,0,1,1,3.9,0,0,0
2023-05-01,296,5,7.2,67.7,56.2,3.83,0,1,1,2.2,0,0,0
2023-06-01,296,6,7.23,69.4,67.2,4.08,0,1,1,1.8,0,0,0
2023-07-01,296,7,7.27,71.2,65.5,3.93,0,1,1,0.9,0,0,0
2023-08-01,296,8,7.21,65.0,69.2,4.12,0,1,1,3.3,0,0,0
2023-09-01,296,9,7.46,67.0,62.5,4.03,0,1,1,7.3,0,0,0
2023-10-01,296,10,7.29,70.8,64.5,4.03,0,1,1,1.5,0,0,0
2023-11-01,296,11,7.49,66.3,66.4,4.09,0,1,1,2.7,0,0,0
2023-12-01,296,12,7.62,62.8,70.2,4.06,0,1,1,6.1,0,0,0
2024-01-01,296,13,7.73,69.9,68.8,4.06,0,1,1,0.0,0,0,0
2024-02-01,296,14,7.61,70.3,61.3,3.97,0,1,1,0.0,1,0,0
2024-03-01,296,15,7.53,62.7,65.4,4.16,0,1,1,0.0,1,0,0
2024-04-01,296,16,7.94,67.4,65.8,4.38,0,1,1,1.9,2,0,0
2024-05-01,296,17,7.74,65.8,63.5,4.01,0,1,1,3.9,2,0,0
2024-06-01,296,18,7.69,62.6,71.9,3.82,0,1,1,3.7,2,0,0
2023-01-01,297,1,7.24,84.6,72.1,2.23,0,1,1,6.5,0,0,0
2023-02-01,297,2,7.43,79.7,70.5,2.31,0,1,1,6.0,0,0,0
2023-03-01,297,3,7.0,83.9,68.3,2.08,0,1,1,5.9,0,0,0
2023-04-01,297,4,7.63,84.7,72.3,2.23,0,1,1,11.0,0,0,0
2023-05-01,297,5,7.45,78.3,71.4,1.99,0,2,1,6.9,0,0,0
2023-06-01,297,6,7.15,83.9,70.2,2.25,0,2,1,9.6,0,0,0
2023-07-01,297,7,7.48,82.2,76.1,2.51,0,2,1,9.7,0,0,0
2023-08-01,297,8,7.35,81.4,67.7,2.28,0,2,1,7.7,0,0,0
2023-09-01,297,9,7.3,92.8,69.9,2.25,0,3,2,8.0,0,0,1
2023-10-01,297,10,7.73,86.2,72.6,2.53,0,3,2,2.6,0,0,1
2023-11-01,297,11,7.73,82.1,76.5,2.54,0,3,2,8.1,1,0,1
2023-12-01,297,12,7.52,84.0,76.6,2.43,0,3,2,5.9,1,0,1
2024-01-01,297,13,7.48,81.5,78.6,2.22,0,3,2,4.4,2,0,1
2024-02-01,297,14,7.5,85.1,71.5,2.52,0,3,2,8.0,2,0,1
2024-03-01,297,15,7.87,83.5,75.3,2.49,0,3,2,7.7,2,0,1
2024-04-01,297,16,7.58,83.7,75.1,2.32,0,3,2,8.0,2,0,1
2024-05-01,297,17,7.61,82.6,79.1,2.54,0,4,2,8.5,2,0,1
2024-06-01,297,18,7.74,86.7,76.0,2.45,0,4,3,4.5,2,0,1
2023-01-01,298,1,6.56,85.8,91.6,3.83,0,1,1,2.8,0,0,0
2023-02-01,298,2,6.48,91.3,95.1,3.91,0,1,1,9.4,0,0,0
2023-03-01,298,3,6.71,90.5,98.0,3.77,0,1,1,9.5,0,0,0
2023-04-01,298,4,6.85,88.0,92.0,4.01,0,1,1,5.4,0,0,0
2023-05-01,298,5,6.95,85.9,97.4,4.21,0,1,1,5.7,0,0,0
2023-06-01,298,6,7.06,87.6,91.4,3.94,0,1,1,8.1,0,0,0
2023-07-01,298,7,6.79,85.4,91.8,4.12,0,1,1,6.5,0,0,1
2023-08-01,298,8,7.09,84.7,95.4,4.07,0,2,1,8.8,0,0,1
2023-09-01,298,9,7.23,83.4,93.4,3.82,0,2,1,4.0,0,0,1
2023-10-01,298,10,6.86,80.5,88.0,3.86,0,2,1,3.3,0,0,1
2023-11-01,298,11,7.0,79.6,94.4,4.01,0,2,1,7.6,0,0,1
2023-12-01,298,12,6.94,85.6,97.8,3.7,0,2,1,5.9,0,0,1
2024-01-01,298,13,7.23,87.4,100.0,4.19,0,2,1,6.2,1,0,1
2024-02-01,298,14,7.34,80.0,100.0,4.12,0,2,1,8.5,1,0,1
2024-03-01,298,15,7.24,84.9,97.5,4.17,0,2,1,6.9,1,0,1
2024-04-01,298,16,7.07,92.0,95.7,4.13,0,3,1,6.6,1,0,1
2024-05-01,298,17,7.2,84.9,100.0,4.14,0,3,1,3.0,1,0,1
2024-06-01,298,18,7.29,91.5,96.4,4.06,1,3,1,1.4,1,0,1
2023-01-01,299,1,5.87,92.8,72.4,2.93,0,1,0,6.2,0,1,0
2023-02-01,299,2,5.68,86.1,83.8,2.95,0,1,1,3.7,0,1,0
2023-03-01,299,3,5.74,94.0,76.5,2.83,0,1,1,1.7,0,1,1
2023-04-01,299,4,5.86,81.1,79.7,2.79,0,1,1,7.5,0,1,1
2023-05-01,299,5,5.71,98.2,77.6,2.83,0,1,1,6.5,0,1,1
2023-06-01,299,6,5.67,95.1,80.8,2.99,0,1,1,1.8,0,1,1
2023-07-01,299,7,5.96,86.8,77.6,2.93,0,1,1,4.6,0,1,1
2023-08-01,299,8,6.01,93.2,80.2,2.97,0,1,1,5.7,0,1,1
2023-09-01,299,9,6.2,89.8,74.2,2.79,0,1,1,6.3,0,0,1
2023-10-01,299,10,5.9,82.8,78.8,2.98,0,1,1,5.9,0,0,1
2023-11-01,299,11,5.96,100.0,80.4,3.24,0,1,1,8.2,1,0,1
2023-12-01,299,12,6.03,86.8,71.5,2.98,0,1,1,3.8,1,0,1
2024-01-01,299,13,6.04,88.5,76.5,3.16,0,1,1,4.8,1,0,1
2024-02-01,299,14,6.4,87.6,81.3,3.24,0,1,1,5.5,1,0,1
2024-03-01,299,15,6.41,87.6,81.3,3.01,0,1,1,0.8,1,0,1
2024-04-01,299,16,6.35,93.5,87.7,3.01,0,1,1,7.6,1,0,1
2024-05-01,299,17,6.3,87.5,79.6,2.94,0,1,1,3.6,1,0,1
2024-06-01,299,18,6.43,88.0,76.6,3.02,0,1,2,5.7,2,0,1
2023-01-01,300,1,7.13,91.3,39.0,2.74,0,0,0,8.0,0,3,0
2023-02-01,300,2,7.49,88.0,34.6,2.6,0,1,0,6.3,0,3,0
2023-03-01,300,3,7.48,83.0,36.3,2.39,0,1,0,10.2,0,2,0
2023-04-01,300,4,7.34,87.6,27.5,2.63,0,1,0,5.6,0,2,0
2023-05-01,300,5,7.6,84.1,38.4,2.3,0,1,0,7.4,0,2,0
2023-06-01,300,6,7.4,82.2,33.4,2.62,0,1,0,10.6,0,2,0
2023-07-01,300,7,7.44,92.9,32.7,2.55,0,1,0,9.3,1,2,0
2023-08-01,300,8,7.67,85.0,37.7,2.39,0,1,0,5.7,2,2,0
2023-09-01,300,9,7.69,90.7,40.1,2.53,0,1,0,6.9,2,2,0
2023-10-01,300,10,7.6,92.9,37.6,2.65,0,1,0,4.0,2,2,0
2023-11-01,300,11,7.72,90.0,42.0,2.58,0,1,0,8.0,2,2,0
2023-12-01,300,12,7.98,84.1,38.6,2.47,0,1,0,8.3,2,2,0
2024-01-01,300,13,7.98,88.7,45.3,2.44,0,1,0,11.4,2,2,0
2024-02-01,300,14,8.14,83.3,41.2,2.71,0,1,0,7.0,2,2,0
2024-03-01,300,15,8.12,93.4,42.7,2.69,0,1,0,7.9,3,2,0
2024-04-01,300,16,8.15,86.7,40.5,2.74,0,2,0,4.5,4,2,0
2024-05-01,300,17,7.91,88.0,43.1,2.36,0,2,1,4.6,4,2,0
2024-06-01,300,18,8.11,84.8,46.7,2.64,0,2,1,8.9,5,2,0
2023-01-01,301,1,8.62,90.7,64.1,3.06,0,1,0,11.2,0,0,0
2023-02-01,301,2,8.28,75.8,69.1,3.09,0,1,0,9.3,0,0,0
2023-03-01,301,3,8.33,86.7,57.6,3.14,0,1,0,10.8,0,0,0
2023-04-01,301,4,8.69,85.8,70.4,3.3,0,1,0,8.7,0,0,0
2023-05-01,301,5,8.5,84.1,66.6,3.01,0,1,0,10.7,0,0,0
2023-06-01,301,6,8.78,90.7,73.9,3.24,0,1,0,5.6,0,0,0
2023-07-01,301,7,8.59,83.9,72.1,3.12,0,2,0,12.3,0,0,0
2023-08-01,301,8,8.63,89.3,71.5,3.09,0,3,0,10.5,0,0,1
2023-09-01,301,9,8.64,85.9,67.6,2.97,0,3,0,17.3,0,0,1
2023-10-01,301,10,8.75,84.4,74.7,3.16,0,3,0,12.7,0,0,1
2023-11-01,301,11,8.86,85.1,70.7,3.05,0,3,1,6.4,0,0,1
2023-12-01,301,12,9.03,85.6,69.7,3.14,1,3,1,11.3,1,0,1
2024-01-01,301,13,8.92,93.2,73.3,3.08,1,3,1,9.3,1,0,1
2024-02-01,301,14,9.04,84.8,76.2,3.21,1,3,1,11.0,1,0,1
2024-03-01,301,15,9.05,85.7,79.6,3.16,1,3,1,12.0,1,0,1
2024-04-01,301,16,9.09,91.9,72.3,3.19,1,3,1,9.0,2,0,1
2024-05-01,301,17,8.96,85.4,74.4,3.09,1,4,1,9.8,2,0,1
2024-06-01,301,18,9.25,88.0,79.8,3.29,1,4,1,12.1,3,0,1
2023-01-01,302,1,5.69,70.0,76.9,3.32,1,0,0,11.6,0,0,0
2023-02-01,302,2,5.9,66.6,75.6,3.43,1,0,0,12.7,0,0,0
2023-03-01,302,3,5.86,72.2,77.9,3.4,1,0,0,8.9,0,0,0
2023-04-01,302,4,5.94,67.3,74.9,3.75,1,0,0,12.5,0,0,0
2023-05-01,302,5,5.68,69.7,72.2,3.45,1,0,0,7.0,1,0,0
2023-06-01,302,6,5.85,73.3,75.0,3.38,1,0,0,16.3,2,0,0
2023-07-01,302,7,6.04,75.7,76.8,3.57,1,0,0,12.9,2,0,0
2023-08-01,302,8,5.83,75.8,88.9,3.3,1,0,1,11.3,3,0,0
2023-09-01,302,9,5.82,65.3,86.8,3.57,2,0,1,14.5,3,0,0
2023-10-01,302,10,6.04,73.2,77.1,3.46,2,0,2,12.2,3,0,0
2023-11-01,302,11,5.94,74.1,88.7,3.31,2,0,2,12.4,3,0,0
2023-12-01,302,12,5.81,79.3,80.6,3.36,2,1,2,12.3,3,0,0
2024-01-01,302,13,5.9,72.6,78.5,3.55,3,1,2,11.5,3,0,0
2024-02-01,302,14,6.04,73.9,88.5,3.53,3,1,2,12.6,3,0,1
2024-03-01,302,15,5.9,77.7,83.6,3.75,3,1,2,7.9,3,0,1
2024-04-01,302,16,5.94,75.9,81.1,3.4,3,1,2,10.6,3,0,1
2024-05-01,302,17,5.97,70.7,88.2,3.76,3,1,2,8.9,3,0,1
2024-06-01,302,18,5.93,73.5,84.6,4.01,3,2,3,13.9,4,0,1
2023-01-01,303,1,7.6,82.1,67.5,2.92,0,1,0,4.9,0,0,0
2023-02-01,303,2,7.45,80.3,72.9,2.68,0,1,0,7.2,0,0,0
2023-03-01,303,3,8.0,82.9,83.3,2.7,0,1,0,8.2,0,0,0
2023-04-01,303,4,7.89,77.8,74.5,2.86,1,2,0,7.3,0,0,0
2023-05-01,303,5,7.81,78.5,74.7,3.01,1,2,0,8.5,0,0,0
2023-06-01,303,6,7.79,78.3,79.9,2.87,1,2,0,4.3,0,0,0
2023-07-01,303,7,7.75,84.9,78.1,2.81,1,2,0,4.9,0,0,0
2023-08-01,303,8,7.87,77.8,74.5,2.87,1,2,0,2.9,0,0,1
2023-09-01,303,9,7.73,91.7,81.0,2.77,2,2,1,12.4,1,0,1
2023-10-01,303,10,8.1,86.1,80.5,2.98,2,2,2,5.6,2,0,1
2023-11-01,303,11,8.02,79.9,75.7,2.82,2,2,2,6.1,2,0,1
2023-12-01,303,12,7.95,82.0,80.8,3.07,2,2,2,8.7,2,0,1
2024-01-01,303,13,8.44,75.7,78.8,3.03,2,2,2,6.3,2,0,1
2024-02-01,303,14,8.36,76.0,90.9,3.27,2,2,2,1.4,2,0,1
2024-03-01,303,15,8.18,82.4,81.5,3.05,2,3,2,10.5,3,0,1
2024-04-01,303,16,8.34,78.9,91.3,2.78,2,3,2,7.3,3,0,1
2024-05-01,303,17,8.47,79.8,80.8,3.2,2,4,2,8.2,3,0,1
2024-06-01,303,18,8.45,74.5,74.7,3.18,2,4,2,3.7,3,0,1
2023-01-01,304,1,6.67,64.9,51.6,3.69,0,1,1,5.4,0,0,0
2023-02-01,304,2,7.07,64.2,47.1,3.48,0,1,1,2.8,0,0,0
2023-03-01,304,3,6.93,68.9,56.9,3.38,0,2,1,0.7,0,0,0
2023-04-01,304,4,6.87,69.2,50.6,3.8,0,2,1,8.6,0,0,0
2023-05-01,304,5,7.03,59.8,58.2,3.54,0,3,1,3.1,0,0,0
2023-06-01,304,6,7.14,66.1,49.7,3.75,0,3,1,2.4,0,0,0
2023-07-01,304,7,7.08,68.0,58.4,3.5,0,3,1,3.7,0,0,0
2023-08-01,304,8,7.03,65.8,59.0,3.53,0,3,1,6.5,0,0,0
2023-09-01,304,9,7.08,67.9,52.3,3.93,0,3,1,1.6,0,0,0
2023-10-01,304,10,7.12,67.9,51.4,3.62,0,3,1,5.8,0,0,1
2023-11-01,304,11,7.11,68.0,51.1,3.9,0,3,1,6.5,0,0,1
2023-12-01,304,12,7.43,65.9,56.7,3.7,0,3,1,5.8,0,0,1
2024-01-01,304,13,7.19,68.3,51.9,3.81,0,3,1,4.5,0,0,1
2024-02-01,304,14,7.62,58.3,56.2,3.51,0,3,1,8.4,0,0,1
2024-03-01,304,15,7.34,65.6,58.3,3.72,0,3,1,4.6,0,0,1
2024-04-01,304,16,7.34,66.6,55.7,3.87,0,3,1,1.8,0,0,1
2024-05-01,304,17,7.53,71.4,55.7,3.79,0,3,1,2.7,0,0,1
2024-06-01,304,18,7.47,70.6,54.7,3.8,0,3,1,7.3,0,0,1
2023-01-01,305,1,7.0,59.3,78.5,2.85,0,0,0,5.2,0,1,0
2023-02-01,305,2,6.86,60.5,74.0,2.94,0,0,1,9.0,0,1,0
2023-03-01,305,3,6.91,65.6,80.6,2.67,0,0,1,10.4,0,1,0
2023-04-01,305,4,7.05,59.7,76.3,2.8,0,0,1,11.2,0,1,0
2023-05-01,305,5,7.09,69.5,70.8,2.98,0,0,1,7.0,0,1,0
2023-06-01,305,6,7.09,64.4,83.7,2.97,1,0,1,12.0,0,1,0
2023-07-01,305,7,7.29,63.0,75.6,2.77,1,1,1,12.1,0,1,0
2023-08-01,305,8,7.05,62.1,78.6,2.99,1,1,1,9.7,0,0,0
2023-09-01,305,9,7.19,57.4,83.8,3.06,1,1,1,4.3,0,0,0
2023-10-01,305,10,7.25,62.9,85.5,2.99,1,1,2,8.2,0,0,0
2023-11-01,305,11,7.46,59.3,85.0,3.08,1,1,2,6.6,0,0,1
2023-12-01,305,12,7.16,61.4,90.7,3.03,1,1,2,10.9,0,0,1
2024-01-01,305,13,7.23,66.0,91.6,2.78,1,1,2,12.3,0,0,1
2024-02-01,305,14,7.26,63.8,87.1,3.38,1,1,2,11.1,1,0,1
2024-03-01,305,15,7.28,67.1,87.9,3.15,1,1,2,13.0,1,0,1
2024-04-01,305,16,7.4,61.6,84.5,3.12,1,1,2,7.5,2,0,1
2024-05-01,305,17,7.36,56.8,86.3,2.82,1,1,3,9.4,2,0,1
2024-06-01,305,18,7.45,63.6,83.6,2.77,1,2,3,8.7,3,0,1
2023-01-01,306,1,6.31,93.7,69.3,3.71,0,2,0,11.2,0,0,0
2023-02-01,306,2,6.27,84.3,78.0,3.74,0,2,0,11.2,0,0,0
2023-03-01,306,3,6.2,98.9,74.6,3.65,1,2,0,4.7,0,0,0
2023-04-01,306,4,6.22,93.7,74.2,3.56,1,2,0,13.9,1,0,0
2023-05-01,306,5,6.18,87.5,76.9,3.54,2,2,0,8.6,1,0,0
2023-06-01,306,6,5.98,87.8,78.7,3.45,2,2,0,13.1,1,0,0
2023-07-01,306,7,6.26,93.7,77.4,3.6,2,2,0,8.3,1,0,0
2023-08-01,306,8,6.34,87.7,70.4,3.71,2,2,0,10.1,1,0,0
2023-09-01,306,9,6.37,92.6,85.2,3.98,2,2,0,6.2,2,0,1
2023-10-01,306,10,6.29,82.6,87.4,3.65,2,2,0,12.0,2,0,1
2023-11-01,306,11,6.38,86.2,83.1,3.83,2,2,0,4.7,2,0,1
2023-12-01,306,12,6.32,91.5,72.3,3.72,2,2,0,7.4,3,0,1
2024-01-01,306,13,6.48,91.9,81.0,3.72,2,2,0,7.4,3,0,1
2024-02-01,306,14,6.29,84.6,82.9,3.65,2,2,0,7.9,4,0,1
2024-03-01,306,15,6.34,84.2,82.2,3.99,2,2,0,9.1,5,0,1
2024-04-01,306,16,6.07,86.5,75.2,3.83,2,2,0,6.0,5,0,1
2024-05-01,306,17,6.2,94.5,78.3,3.72,2,2,0,6.2,5,0,1
2024-06-01,306,18,6.32,89.4,80.2,3.94,2,2,0,4.7,5,0,1
2023-01-01,307,1,6.98,72.6,90.1,3.24,0,0,1,2.8,0,2,0
2023-02-01,307,2,6.86,76.0,94.0,3.62,0,0,1,5.7,0,1,0
2023-03-01,307,3,6.89,68.2,95.6,3.54,0,0,1,1.9,0,1,0
2023-04-01,307,4,6.83,74.4,89.7,3.33,0,0,1,7.9,0,0,0
2023-05-01,307,5,6.77,79.7,93.9,3.62,0,0,1,5.6,0,0,0
2023-06-01,307,6,7.24,78.4,94.2,3.48,0,0,1,0.0,0,0,0
2023-07-01,307,7,6.97,75.5,94.8,3.51,0,0,1,3.1,0,0,0
2023-08-01,307,8,7.16,77.6,93.2,3.75,0,0,1,7.1,0,0,0
2023-09-01,307,9,6.97,74.1,94.9,3.61,0,0,1,6.9,1,0,0
2023-10-01,307,10,7.13,76.7,96.6,3.69,0,0,1,5.8,1,0,1
2023-11-01,307,11,7.05,71.9,100.0,3.68,0,0,1,4.9,1,0,1
2023-12-01,307,12,7.63,75.3,95.9,3.98,1,0,1,6.7,1,0,1
2024-01-01,307,13,7.24,78.1,99.1,3.48,1,0,1,4.7,1,0,1
2024-02-01,307,14,7.2,72.2,98.6,3.75,1,0,1,2.7,1,0,1
2024-03-01,307,15,7.45,70.2,100.0,3.7,1,0,1,0.9,1,0,1
2024-04-01,307,16,7.13,75.8,100.0,3.63,1,0,1,8.0,1,0,1
2024-05-01,307,17,7.67,74.3,97.5,3.96,1,0,1,5.3,2,0,1
2024-06-01,307,18,7.43,70.5,98.3,3.5,1,0,1,5.0,3,0,1
2023-01-01,308,1,8.05,96.6,52.8,3.06,0,2,0,11.8,0,0,0
2023-02-01,308,2,7.94,90.0,55.0,3.54,0,2,0,7.9,0,0,1
2023-03-01,308,3,8.0,88.9,47.5,3.29,1,2,0,10.2,0,0,1
2023-04-01,308,4,8.05,90.9,53.2,3.21,1,2,0,13.0,0,0,1
2023-05-01,308,5,7.98,95.2,44.1,3.0,1,3,0,11.3,0,0,1
2023-06-01,308,6,8.0,91.7,54.1,3.01,1,3,0,10.2,0,0,1
2023-07-01,308,7,8.15,90.5,56.0,2.99,1,3,0,12.2,0,0,1
2023-08-01,308,8,8.03,89.9,56.4,3.01,1,3,0,7.7,0,0,1
2023-09-01,308,9,8.37,89.4,53.8,3.09,1,3,0,4.1,0,0,1
2023-10-01,308,10,8.12,95.0,55.1,3.22,2,3,0,4.9,0,0,1
2023-11-01,308,11,8.17,90.9,50.4,3.4,2,3,0,18.1,0,0,1
2023-12-01,308,12,8.43,85.7,55.4,3.22,3,3,0,13.2,0,0,1
2024-01-01,308,13,8.19,94.8,49.6,3.2,3,3,1,9.3,0,0,1
2024-02-01,308,14,8.46,83.9,58.4,3.35,3,3,1,10.9,0,0,1
2024-03-01,308,15,8.53,88.1,54.7,3.24,3,3,1,7.2,0,0,1
2024-04-01,308,16,8.18,98.1,56.0,3.17,3,3,1,10.0,0,0,1
2024-05-01,308,17,8.6,91.5,56.4,3.48,3,3,1,7.9,0,0,1
2024-06-01,308,18,8.71,87.7,58.8,3.23,3,3,1,6.8,0,0,1
2023-01-01,309,1,7.46,89.0,44.6,2.73,1,0,2,11.0,0,0,0
2023-02-01,309,2,7.56,86.4,43.9,3.01,1,0,2,5.5,0,0,0
2023-03-01,309,3,7.5,93.2,50.1,2.67,1,0,2,8.7,0,0,0
2023-04-01,309,4,7.6,99.6,56.8,3.15,1,0,2,9.2,0,0,0
2023-05-01,309,5,7.69,93.8,55.7,2.84,1,0,2,7.1,0,0,0
2023-06-01,309,6,7.65,92.3,53.4,3.18,1,0,2,6.4,1,0,0
2023-07-01,309,7,7.36,98.6,60.9,2.85,1,0,2,12.3,1,0,0
2023-08-01,309,8,7.55,95.8,51.7,2.91,1,0,2,11.3,1,0,0
2023-09-01,309,9,7.91,96.5,56.6,2.88,1,0,2,9.4,1,0,0
2023-10-01,309,10,7.82,95.3,57.8,3.07,1,0,2,2.0,2,0,0
2023-11-01,309,11,7.83,91.6,58.0,3.25,1,0,2,8.3,2,0,1
2023-12-01,309,12,7.75,95.1,57.2,3.08,1,0,2,6.3,2,0,1
2024-01-01,309,13,7.77,88.3,57.0,2.99,1,0,2,9.5,2,0,1
2024-02-01,309,14,8.0,91.1,58.4,2.68,1,0,2,11.7,2,0,1
2024-03-01,309,15,8.13,97.1,57.7,3.12,1,0,2,5.4,2,0,1
2024-04-01,309,16,7.92,89.0,57.4,3.1,1,0,2,7.1,2,0,1
2024-05-01,309,17,7.89,90.8,54.4,2.93,1,0,2,9.3,2,0,1
2024-06-01,309,18,8.01,92.3,63.9,3.11,1,0,2,7.0,2,0,1
2023-01-01,310,1,8.57,70.8,52.4,3.45,0,1,0,8.7,0,0,0
2023-02-01,310,2,8.55,71.6,56.8,3.31,0,1,0,10.2,0,0,0
2023-03-01,310,3,8.43,83.0,55.9,3.27,0,1,0,8.9,0,0,0
2023-04-01,310,4,8.38,77.4,60.6,3.2,0,1,0,9.6,0,0,0
2023-05-01,310,5,8.53,76.1,54.5,3.31,0,1,0,8.6,0,0,0
2023-06-01,310,6,8.72,73.9,60.7,3.64,0,1,0,11.8,0,0,0
2023-07-01,310,7,8.68,76.0,65.1,3.41,0,1,0,9.7,0,0,0
2023-08-01,310,8,8.71,83.3,52.9,3.19,0,1,0,5.5,0,0,0
2023-09-01,310,9,8.71,82.6,59.7,3.39,0,1,0,9.6,0,0,0
2023-10-01,310,10,8.9,68.2,58.1,3.18,0,1,0,10.4,0,0,0
2023-11-01,310,11,9.12,74.0,60.3,3.58,0,1,1,8.4,0,0,0
2023-12-01,310,12,9.06,74.6,63.6,3.73,0,2,1,12.5,0,0,0
2024-01-01,310,13,8.93,76.3,56.0,3.39,0,2,1,7.3,0,0,0
2024-02-01,310,14,8.96,77.6,67.1,3.6,0,3,1,9.8,0,0,0
2024-03-01,310,15,9.22,75.9,63.8,3.43,0,3,1,7.0,0,0,0
2024-04-01,310,16,9.15,81.7,60.4,3.41,0,3,1,4.8,0,0,0
2024-05-01,310,17,9.2,79.0,61.5,3.24,0,4,1,8.2,0,0,0
2024-06-01,310,18,9.23,73.9,58.5,3.44,0,4,1,7.0,0,0,0
2023-01-01,311,1,8.2,87.2,54.0,3.78,0,2,0,9.2,0,0,0
2023-02-01,311,2,7.89,84.9,46.9,3.61,0,2,0,8.0,0,0,0
2023-03-01,311,3,7.93,89.4,46.4,3.6,0,2,0,3.7,0,0,0
2023-04-01,311,4,8.04,90.3,52.8,3.62,0,2,1,1.9,0,0,0
2023-05-01,311,5,8.03,89.0,54.8,3.69,0,2,1,10.2,0,0,0
2023-06-01,311,6,8.14,88.6,56.8,3.64,0,2,1,6.9,0,0,0
2023-07-01,311,7,8.06,85.9,56.7,3.63,0,2,1,4.0,0,0,0
2023-08-01,311,8,8.23,83.4,53.4,3.81,0,2,1,11.9,0,0,0
2023-09-01,311,9,8.11,87.4,57.5,3.68,0,2,1,4.7,0,0,0
2023-10-01,311,10,8.59,92.5,54.4,3.72,0,2,1,7.8,0,0,0
2023-11-01,311,11,8.2,90.6,63.7,3.84,0,2,1,6.2,0,0,0
2023-12-01,311,12,8.58,93.9,58.4,3.73,0,2,1,8.3,0,0,1
2024-01-01,311,13,8.59,82.3,53.6,3.7,0,2,1,3.3,1,0,1
2024-02-01,311,14,8.23,83.9,52.8,3.47,0,2,2,9.0,1,0,1
2024-03-01,311,15,8.41,88.9,58.8,3.9,0,2,2,6.3,1,0,1
2024-04-01,311,16,8.38,88.6,57.2,3.74,0,2,2,8.6,1,0,1
2024-05-01,311,17,8.34,82.6,57.0,3.57,0,2,2,0.3,1,0,1
2024-06-01,311,18,8.59,88.2,55.9,4.08,0,2,2,3.8,1,0,1
2023-01-01,312,1,7.49,69.4,51.2,4.66,0,1,0,8.7,0,1,0
2023-02-01,312,2,7.46,76.9,46.6,4.87,0,1,0,6.6,0,1,0
2023-03-01,312,3,7.39,74.7,42.6,4.6,1,1,0,1.9,0,0,0
2023-04-01,312,4,7.35,76.5,45.5,4.47,1,1,0,4.4,0,0,0
2023-05-01,312,5,7.39,70.0,43.8,4.61,1,1,0,8.2,0,0,0
2023-06-01,312,6,7.54,73.5,46.7,4.79,2,2,0,10.2,0,0,0
2023-07-01,312,7,7.52,69.7,51.3,4.73,2,2,0,5.0,0,0,1
2023-08-01,312,8,7.56,76.4,40.7,4.7,2,2,0,4.8,0,0,1
2023-09-01,312,9,7.39,70.1,48.5,4.7,3,2,0,8.5,1,0,1
2023-10-01,312,10,7.62,77.9,41.3,4.71,3,2,1,2.4,1,0,1
2023-11-01,312,11,7.51,72.8,54.2,4.67,3,2,1,5.2,1,0,1
2023-12-01,312,12,7.81,78.9,50.3,4.89,3,2,1,6.9,1,0,1
2024-01-01,312,13,7.57,70.7,49.9,4.67,4,2,1,7.0,1,0,1
2024-02-01,312,14,7.76,71.3,46.5,4.63,4,2,1,8.9,1,0,1
2024-03-01,312,15,7.87,77.7,58.6,4.99,4,2,1,7.2,2,0,1
2024-04-01,312,16,7.73,66.7,52.1,4.81,4,2,1,5.6,3,0,1
2024-05-01,312,17,7.82,76.9,51.1,4.98,4,2,1,5.9,3,0,1
2024-06-01,312,18,7.65,76.6,53.5,4.91,4,2,1,6.8,4,0,1
2023-01-01,313,1,8.36,56.1,23.6,3.69,0,1,1,6.0,0,0,0
2023-02-01,313,2,8.37,61.1,25.3,3.78,0,1,1,9.8,0,0,0
2023-03-01,313,3,8.44,56.7,23.6,4.1,0,1,1,2.6,0,0,0
2023-04-01,313,4,8.28,59.8,25.3,3.83,0,1,1,10.9,0,0,0
2023-05-01,313,5,8.3,61.3,28.7,4.29,0,1,1,9.0,0,0,0
2023-06-01,313,6,8.56,65.3,28.4,3.75,0,1,1,5.7,0,0,0
2023-07-01,313,7,8.71,69.1,26.5,4.08,0,2,1,4.0,0,0,0
2023-08-01,313,8,8.47,53.6,30.9,4.15,0,2,1,0.0,0,0,0
2023-09-01,313,9,8.64,55.0,31.1,4.1,0,2,1,4.6,0,0,0
2023-10-01,313,10,8.43,65.2,26.7,3.95,0,2,1,3.2,0,0,0
2023-11-01,313,11,8.64,60.5,28.3,4.08,0,2,1,3.9,0,0,0
2023-12-01,313,12,8.63,66.3,22.0,4.08,0,2,1,5.0,0,0,0
2024-01-01,313,13,8.83,63.0,24.1,3.97,0,2,1,7.6,1,0,0
2024-02-01,313,14,8.74,65.9,27.9,3.99,1,2,1,2.0,1,0,0
2024-03-01,313,15,8.59,51.4,36.7,4.01,1,2,1,0.0,1,0,0
2024-04-01,313,16,8.83,63.5,23.3,3.91,1,2,1,2.4,1,0,0
2024-05-01,313,17,8.93,68.2,25.6,4.07,1,2,1,6.6,1,0,0
2024-06-01,313,18,8.78,63.3,28.2,4.37,1,2,1,3.5,2,0,0
2023-01-01,314,1,7.36,75.8,52.8,3.84,0,1,0,10.5,0,0,0
2023-02-01,314,2,7.26,81.5,50.8,4.0,1,1,0,10.4,0,0,0
2023-03-01,314,3,7.36,81.6,51.1,4.02,1,1,0,9.1,0,0,0
2023-04-01,314,4,7.42,89.2,65.3,3.98,1,1,0,5.5,0,0,0
2023-05-01,314,5,7.56,80.4,62.0,3.99,1,1,0,9.7,0,0,1
2023-06-01,314,6,7.36,90.6,60.6,3.84,1,1,0,11.1,0,0,1
2023-07-01,314,7,7.5,85.2,61.1,4.04,1,1,0,12.1,0,0,1
2023-08-01,314,8,7.52,86.2,59.1,3.6,1,1,0,16.3,0,0,1
2023-09-01,314,9,7.45,84.5,63.4,3.99,1,1,0,11.1,1,0,1
2023-10-01,314,10,7.45,90.4,69.7,3.88,1,1,0,12.7,1,0,1
2023-11-01,314,11,7.85,85.3,59.7,3.84,1,1,1,7.4,2,0,1
2023-12-01,314,12,7.51,80.1,59.0,4.01,1,1,1,10.0,2,0,1
2024-01-01,314,13,7.6,75.6,66.9,3.98,1,1,1,13.1,2,0,1
2024-02-01,314,14,7.56,86.4,54.9,3.95,1,1,2,8.2,3,0,1
2024-03-01,314,15,7.63,82.5,64.1,4.03,1,1,2,11.3,3,0,1
2024-04-01,314,16,7.64,84.0,55.9,4.09,1,1,2,4.5,3,0,1
2024-05-01,314,17,7.67,80.9,66.0,4.01,2,1,3,4.6,3,0,1
2024-06-01,314,18,7.88,75.3,61.0,4.17,2,1,4,11.2,3,0,1
2023-01-01,315,1,7.63,78.1,63.6,5.0,0,2,0,5.7,0,0,0
2023-02-01,315,2,7.77,75.1,64.3,4.93,0,2,0,11.4,0,0,1
2023-03-01,315,3,7.59,84.0,63.3,5.0,0,2,0,2.2,0,0,1
2023-04-01,315,4,7.43,82.9,59.2,5.0,0,2,0,0.0,1,0,1
2023-05-01,315,5,7.81,71.1,68.9,5.0,0,2,0,7.5,1,0,1
2023-06-01,315,6,7.64,77.0,61.9,4.9,0,2,0,5.4,1,0,1
2023-07-01,315,7,7.7,72.9,66.7,5.0,0,2,0,5.3,1,0,1
2023-08-01,315,8,7.56,81.6,62.4,4.97,0,2,0,5.4,1,0,1
2023-09-01,315,9,7.71,76.8,70.2,4.92,0,2,0,7.4,1,0,1
2023-10-01,315,10,7.83,79.8,65.1,4.85,0,2,0,3.0,1,0,1
2023-11-01,315,11,7.8,79.8,64.4,5.0,0,2,0,2.0,1,0,1
2023-12-01,315,12,7.77,71.6,71.1,5.0,0,2,0,4.3,1,0,1
2024-01-01,315,13,7.77,74.7,67.6,5.0,0,2,0,5.8,1,0,1
2024-02-01,315,14,7.83,73.8,69.2,5.0,0,2,1,2.5,1,0,1
2024-03-01,315,15,7.67,78.4,65.3,4.99,1,2,1,6.0,1,0,1
2024-04-01,315,16,8.02,76.8,80.6,5.0,1,2,1,7.8,1,0,1
2024-05-01,315,17,7.93,74.4,65.3,5.0,1,2,1,3.4,1,0,1
2024-06-01,315,18,7.99,73.9,65.3,5.0,1,2,1,3.9,1,0,1
2023-01-01,316,1,7.01,77.8,53.2,3.54,1,3,1,7.5,0,0,0
2023-02-01,316,2,6.88,73.1,53.4,3.47,1,3,1,9.7,0,0,0
2023-03-01,316,3,6.89,73.8,47.8,3.41,1,3,1,10.2,0,0,0
2023-04-01,316,4,6.95,82.7,51.7,3.82,1,3,2,11.5,0,0,0
2023-05-01,316,5,6.81,81.2,53.1,3.49,2,4,2,13.6,0,0,0
2023-06-01,316,6,7.08,70.8,60.2,3.7,2,5,2,12.7,0,0,0
2023-07-01,316,7,7.09,76.9,50.9,3.6,2,5,2,11.2,1,0,0
2023-08-01,316,8,7.12,79.7,54.6,3.75,2,5,2,7.5,1,0,1
2023-09-01,316,9,6.93,87.3,53.5,3.72,2,5,2,8.0,1,0,1
2023-10-01,316,10,7.02,70.6,60.3,3.82,2,5,2,8.3,1,0,1
2023-11-01,316,11,6.85,77.6,57.5,3.86,2,5,2,10.6,1,0,1
2023-12-01,316,12,7.35,81.9,57.9,3.56,2,5,2,6.9,1,0,1
2024-01-01,316,13,7.28,79.8,58.2,3.63,2,6,2,13.2,1,0,1
2024-02-01,316,14,7.29,75.6,58.6,3.9,2,6,2,10.3,2,0,1
2024-03-01,316,15,7.4,81.1,58.9,3.95,2,6,2,8.0,3,0,1
2024-04-01,316,16,7.38,73.1,66.5,3.82,2,6,2,9.1,3,0,1
2024-05-01,316,17,7.55,81.7,57.1,3.83,2,6,2,7.0,3,0,1
2024-06-01,316,18,7.25,82.2,60.2,3.94,2,6,2,12.2,4,0,1
2023-01-01,317,1,7.04,94.0,88.4,3.48,0,0,0,13.6,0,1,0
2023-02-01,317,2,7.06,99.6,86.9,3.71,0,0,0,13.2,0,1,0
2023-03-01,317,3,7.07,100.0,90.2,3.52,0,1,0,9.9,1,0,0
2023-04-01,317,4,7.22,96.7,87.3,3.51,0,1,0,9.2,1,0,0
2023-05-01,317,5,7.23,97.2,91.9,3.5,0,1,1,5.4,2,0,0
2023-06-01,317,6,7.25,97.7,83.8,3.57,0,1,1,13.8,2,0,0
2023-07-01,317,7,7.34,100.0,87.1,3.59,0,1,1,7.5,2,0,0
2023-08-01,317,8,7.41,96.9,87.1,3.5,0,1,1,3.4,2,0,0
2023-09-01,317,9,7.35,99.9,86.5,3.78,0,1,1,9.9,3,0,0
2023-10-01,317,10,7.69,100.0,97.7,3.55,0,2,1,7.6,3,0,0
2023-11-01,317,11,7.74,100.0,95.9,3.64,1,2,2,8.4,3,0,0
2023-12-01,317,12,7.51,94.9,97.6,3.62,1,2,2,10.1,3,0,0
2024-01-01,317,13,7.52,100.0,97.2,3.7,1,3,2,9.5,3,0,0
2024-02-01,317,14,7.38,96.3,100.0,3.65,1,3,3,7.9,3,0,0
2024-03-01,317,15,7.55,97.2,99.0,3.74,1,4,3,13.8,3,0,0
2024-04-01,317,16,7.71,98.1,100.0,3.75,1,4,3,7.1,4,0,1
2024-05-01,317,17,7.71,100.0,100.0,3.65,1,4,3,7.2,4,0,1
2024-06-01,317,18,7.82,100.0,100.0,3.38,1,4,3,9.9,5,0,1
2023-01-01,318,1,6.49,66.0,57.8,3.52,0,2,1,9.1,0,0,0
2023-02-01,318,2,6.35,66.7,57.9,3.87,0,2,1,9.8,0,0,0
2023-03-01,318,3,6.3,66.9,59.2,3.89,0,2,1,7.2,0,0,0
2023-04-01,318,4,6.64,66.4,59.3,3.82,0,2,1,10.2,1,0,0
2023-05-01,318,5,6.37,65.2,62.6,3.34,0,2,1,8.9,2,0,1
2023-06-01,318,6,6.48,67.4,58.9,3.58,0,2,1,6.9,2,0,1
2023-07-01,318,7,6.56,70.6,69.1,3.93,0,2,1,12.4,2,0,1
2023-08-01,318,8,6.7,64.3,68.9,3.69,0,2,1,12.5,2,0,1
2023-09-01,318,9,6.5,68.8,58.0,3.96,0,2,1,16.0,2,0,1
2023-10-01,318,10,7.0,65.3,66.6,3.76,0,2,1,8.8,2,0,1
2023-11-01,318,11,6.61,74.4,65.0,3.93,0,2,1,9.5,2,0,1
2023-12-01,318,12,6.64,69.5,73.5,3.59,0,2,1,9.1,2,0,1
2024-01-01,318,13,6.67,68.3,64.2,3.72,0,2,1,9.6,3,0,1
2024-02-01,318,14,6.77,62.9,73.9,3.75,0,2,1,13.7,3,0,1
2024-03-01,318,15,6.72,70.5,68.6,3.82,0,3,1,11.3,3,0,1
2024-04-01,318,16,6.81,61.0,69.8,4.04,0,3,1,7.5,3,0,1
2024-05-01,318,17,6.71,68.2,74.9,4.2,1,3,1,7.9,4,0,1
2024-06-01,318,18,6.82,68.4,71.5,4.05,1,3,1,14.4,4,0,1
2023-01-01,319,1,7.88,87.1,76.4,2.42,0,1,0,0.0,0,0,0
2023-02-01,319,2,7.64,88.2,79.3,2.43,0,1,0,6.6,0,0,0
2023-03-01,319,3,7.95,83.5,78.5,2.64,0,1,0,2.3,0,0,0
2023-04-01,319,4,7.93,81.1,72.0,2.58,0,1,0,3.3,0,0,0
2023-05-01,319,5,7.94,85.0,67.4,2.39,0,1,0,5.3,0,0,0
2023-06-01,319,6,7.88,81.2,83.7,2.36,0,1,0,0.2,0,0,0
2023-07-01,319,7,8.01,82.8,80.2,2.76,0,1,0,0.0,0,0,0
2023-08-01,319,8,7.8,82.6,79.3,2.49,0,1,0,1.6,0,0,0
2023-09-01,319,9,8.0,91.7,75.8,2.43,0,1,0,2.6,0,0,0
2023-10-01,319,10,7.8,78.0,84.4,2.47,0,1,0,6.8,0,0,0
2023-11-01,319,11,8.01,87.3,80.5,2.48,0,1,1,3.5,0,0,0
2023-12-01,319,12,7.98,88.9,81.8,2.75,0,1,1,8.4,0,0,0
2024-01-01,319,13,8.1,84.7,87.1,2.59,0,1,1,9.2,0,0,0
2024-02-01,319,14,7.96,87.9,71.8,2.4,0,1,2,3.0,0,0,0
2024-03-01,319,15,8.0,85.1,72.8,2.77,0,1,2,0.0,0,0,0
2024-04-01,319,16,8.23,88.8,77.5,2.58,0,1,2,2.0,0,0,0
2024-05-01,319,17,8.2,93.0,84.3,2.64,0,1,2,1.0,1,0,0
2024-06-01,319,18,8.12,84.6,70.4,2.83,0,1,3,0.2,1,0,0
2023-01-01,320,1,5.91,72.0,72.3,2.9,0,1,0,9.0,0,0,0
2023-02-01,320,2,6.17,74.2,61.7,2.8,0,1,0,8.8,0,0,0
2023-03-01,320,3,6.46,62.6,58.1,2.54,0,1,0,1.5,0,0,0
2023-04-01,320,4,6.16,78.7,61.2,2.78,0,1,0,4.4,0,0,0
2023-05-01,320,5,6.3,69.6,59.7,3.05,0,1,0,6.6,0,0,0
2023-06-01,320,6,6.26,75.3,65.3,2.85,0,1,0,1.3,0,0,0
2023-07-01,320,7,6.51,77.8,66.4,2.91,0,1,0,4.7,0,0,0
2023-08-01,320,8,6.43,69.4,61.0,3.05,0,1,0,2.3,0,0,0
2023-09-01,320,9,6.56,75.6,68.1,2.75,0,1,0,7.6,0,0,0
2023-10-01,320,10,6.62,76.9,66.3,3.1,0,1,0,5.2,1,0,0
2023-11-01,320,11,6.36,70.4,69.1,2.91,0,1,0,4.1,1,0,0
2023-12-01,320,12,6.46,69.4,73.0,2.92,0,1,0,4.0,1,0,0
2024-01-01,320,13,6.68,73.2,72.1,3.06,0,1,0,5.1,1,0,0
2024-02-01,320,14,6.69,72.1,69.9,3.01,0,1,0,5.5,1,0,0
2024-03-01,320,15,6.73,79.3,66.8,3.03,0,1,0,4.1,1,0,0
2024-04-01,320,16,6.72,69.9,72.2,3.07,0,1,0,7.3,1,0,0
2024-05-01,320,17,6.94,72.2,73.0,3.06,0,1,0,5.8,1,0,0
2024-06-01,320,18,6.89,59.6,61.6,3.07,0,1,1,5.6,1,0,0
2023-01-01,321,1,7.61,92.0,74.6,2.9,0,1,0,10.6,0,0,0
2023-02-01,321,2,7.54,89.4,73.0,2.9,0,1,0,9.7,0,0,0
2023-03-01,321,3,7.37,93.3,70.2,3.04,0,1,0,9.6,0,0,0
2023-04-01,321,4,7.91,91.7,73.5,3.05,0,1,0,8.3,0,0,0
2023-05-01,321,5,7.33,86.3,74.7,3.04,0,1,0,5.4,0,0,0
2023-06-01,321,6,7.67,91.0,62.9,3.18,0,1,1,12.1,0,0,0
2023-07-01,321,7,7.59,94.6,81.2,3.09,0,1,1,8.1,0,0,0
2023-08-01,321,8,7.83,92.2,63.7,2.95,0,1,1,10.4,1,0,0
2023-09-01,321,9,7.91,91.9,72.6,3.18,0,1,1,7.9,1,0,0
2023-10-01,321,10,7.66,93.6,69.4,3.01,0,1,1,11.7,1,0,0
2023-11-01,321,11,7.81,87.6,79.3,2.9,0,1,1,8.9,1,0,0
2023-12-01,321,12,7.78,84.9,77.4,2.82,0,1,1,7.4,1,0,0
2024-01-01,321,13,7.76,90.3,71.9,3.09,0,1,1,10.5,1,0,0
2024-02-01,321,14,7.79,90.9,76.2,3.04,0,1,1,9.8,1,0,0
2024-03-01,321,15,7.79,92.7,79.2,3.09,0,1,1,12.4,1,0,0
2024-04-01,321,16,8.0,87.6,83.6,3.16,0,2,1,7.9,1,0,0
2024-05-01,321,17,7.71,94.9,79.1,2.99,0,2,1,9.6,2,0,0
2024-06-01,321,18,7.59,93.7,80.9,2.92,0,2,1,4.3,3,0,1
2023-01-01,322,1,6.88,92.6,62.8,3.52,0,1,1,6.3,0,0,0
2023-02-01,322,2,6.92,89.8,62.1,3.61,0,1,1,8.2,0,0,1
2023-03-01,322,3,7.12,87.2,56.7,3.93,0,1,1,9.2,0,0,1
2023-04-01,322,4,7.03,90.1,69.3,3.92,0,1,1,7.9,0,0,1
2023-05-01,322,5,7.03,78.0,62.3,3.76,0,1,1,5.6,0,0,1
2023-06-01,322,6,6.98,86.1,62.2,3.64,1,1,1,9.1,0,0,1
2023-07-01,322,7,7.1,82.4,65.0,3.53,1,1,1,7.1,0,0,1
2023-08-01,322,8,6.84,83.9,72.5,3.94,1,1,1,8.9,1,0,1
2023-09-01,322,9,7.11,89.5,70.5,3.44,1,1,1,10.5,1,0,1
2023-10-01,322,10,7.06,81.9,67.1,3.55,1,1,1,7.3,1,0,1
2023-11-01,322,11,7.12,89.9,69.6,3.72,2,1,2,6.0,1,0,1
2023-12-01,322,12,7.08,87.3,69.6,3.86,2,1,2,11.7,1,0,1
2024-01-01,322,13,7.21,84.6,58.7,3.93,2,1,2,7.0,1,0,1
2024-02-01,322,14,7.4,85.3,78.8,3.88,3,1,2,10.1,2,0,1
2024-03-01,322,15,7.35,84.4,71.8,3.81,3,1,2,8.5,3,0,1
2024-04-01,322,16,7.36,82.8,76.1,3.76,3,1,2,12.3,4,0,1
2024-05-01,322,17,7.66,85.0,66.2,3.81,3,1,2,10.3,4,0,1
2024-06-01,322,18,7.29,84.6,74.7,3.71,3,1,3,6.8,4,0,1
2023-01-01,323,1,8.13,85.5,74.4,3.16,1,0,0,15.6,0,0,0
2023-02-01,323,2,7.9,89.9,79.5,3.07,1,0,0,10.6,1,0,0
2023-03-01,323,3,8.04,84.7,78.7,3.15,2,0,0,8.3,1,0,0
2023-04-01,323,4,7.94,86.0,75.6,2.93,2,0,0,13.5,2,0,0
2023-05-01,323,5,8.13,83.1,85.1,3.07,2,1,0,14.5,3,0,0
2023-06-01,323,6,8.02,84.7,74.0,3.35,2,1,0,9.7,3,0,0
2023-07-01,323,7,8.17,83.8,83.5,3.11,2,2,0,12.0,3,0,1
2023-08-01,323,8,8.19,87.0,83.9,3.02,2,2,0,13.0,4,0,1
2023-09-01,323,9,8.29,89.1,82.1,3.21,2,2,0,6.4,4,0,1
2023-10-01,323,10,8.12,86.3,82.7,2.94,2,2,1,12.0,5,0,1
2023-11-01,323,11,8.25,90.0,91.6,3.21,2,3,1,13.6,5,0,1
2023-12-01,323,12,8.17,77.7,83.8,3.13,2,3,1,12.4,5,0,1
2024-01-01,323,13,8.22,84.6,89.1,3.33,3,3,1,13.0,5,0,1
2024-02-01,323,14,8.62,93.8,84.5,3.27,3,3,1,7.9,6,0,1
2024-03-01,323,15,8.44,87.8,87.4,3.02,3,4,1,10.5,6,0,1
2024-04-01,323,16,8.11,80.8,92.3,2.95,3,5,1,7.7,7,0,1
2024-05-01,323,17,8.24,89.4,83.4,3.28,3,5,1,12.2,7,0,1
2024-06-01,323,18,8.4,85.5,94.7,3.01,3,5,1,9.8,7,0,1
2023-01-01,324,1,7.75,75.8,63.9,3.31,0,2,0,7.9,0,0,0
2023-02-01,324,2,7.58,74.1,62.3,3.49,1,2,0,7.3,0,0,0
2023-03-01,324,3,7.71,70.2,56.8,3.47,1,2,0,9.2,0,0,0
2023-04-01,324,4,7.77,66.2,57.8,3.06,1,2,0,4.2,0,0,0
2023-05-01,324,5,7.82,78.1,62.8,3.39,1,2,0,1.4,0,0,1
2023-06-01,324,6,7.7,74.1,66.3,3.56,1,2,0,1.3,0,0,1
2023-07-01,324,7,7.46,80.8,64.2,3.22,2,2,0,5.6,0,0,1
2023-08-01,324,8,7.79,65.4,59.0,3.36,2,2,0,2.3,0,0,1
2023-09-01,324,9,7.8,77.8,59.5,3.37,2,2,0,5.7,0,0,1
2023-10-01,324,10,7.91,68.8,57.5,3.33,2,2,0,4.2,0,0,1
2023-11-01,324,11,7.71,75.5,61.7,3.39,2,2,0,6.7,0,0,1
2023-12-01,324,12,7.94,73.7,60.5,3.29,2,2,0,4.4,0,0,1
2024-01-01,324,13,8.05,71.5,65.4,3.49,2,2,0,6.3,1,0,1
2024-02-01,324,14,7.93,64.0,65.8,3.4,3,2,0,0.1,1,0,1
2024-03-01,324,15,8.08,72.4,60.0,3.3,3,3,0,0.0,2,0,1
2024-04-01,324,16,8.34,71.8,69.4,3.56,3,3,0,2.8,2,0,1
2024-05-01,324,17,8.11,73.7,60.1,3.42,3,3,0,5.1,2,0,1
2024-06-01,324,18,8.26,77.7,65.5,3.52,3,3,0,6.0,3,0,1
2023-01-01,325,1,8.54,71.9,65.1,4.05,0,1,1,12.6,0,0,0
2023-02-01,325,2,8.53,77.7,62.6,3.82,0,1,1,13.7,0,0,0
2023-03-01,325,3,8.7,70.7,59.3,3.76,0,1,1,9.0,0,0,0
2023-04-01,325,4,8.52,76.7,64.1,4.24,0,1,1,6.1,0,0,0
2023-05-01,325,5,8.49,74.3,66.3,3.91,0,1,1,8.9,0,0,0
2023-06-01,325,6,8.58,72.9,77.3,4.16,0,1,2,9.0,0,0,0
2023-07-01,325,7,8.39,78.7,67.4,4.11,0,1,3,14.0,0,0,0
2023-08-01,325,8,8.55,72.2,69.4,3.95,0,1,3,14.0,0,0,0
2023-09-01,325,9,8.56,70.5,76.6,4.21,0,1,3,10.7,0,0,0
2023-10-01,325,10,8.58,72.9,75.8,3.86,0,1,3,13.9,0,0,0
2023-11-01,325,11,8.76,74.1,72.7,4.34,0,1,3,10.5,1,0,1
2023-12-01,325,12,8.71,67.3,66.4,4.01,0,1,3,10.5,1,0,1
2024-01-01,325,13,8.49,73.9,81.9,4.04,0,1,3,9.4,1,0,1
2024-02-01,325,14,8.71,75.6,77.0,4.08,0,1,3,13.4,2,0,1
2024-03-01,325,15,8.68,69.2,73.2,4.04,0,1,3,13.5,2,0,1
2024-04-01,325,16,8.74,77.2,76.1,3.93,0,1,3,14.2,2,0,1
2024-05-01,325,17,8.74,76.0,77.5,3.87,0,1,3,11.6,2,0,1
2024-06-01,325,18,8.7,68.4,79.9,4.19,0,1,4,11.3,2,0,1
2023-01-01,326,1,7.61,92.8,65.7,3.88,0,0,0,7.7,0,0,0
2023-02-01,326,2,7.72,91.1,55.6,3.46,0,0,0,3.8,0,0,0
2023-03-01,326,3,7.72,89.6,58.5,3.69,0,0,0,2.9,0,0,0
2023-04-01,326,4,7.51,88.8,63.3,3.9,0,0,0,5.5,0,0,1
2023-05-01,326,5,7.85,80.6,68.5,3.6,0,0,0,7.3,0,0,1
2023-06-01,326,6,7.96,88.4,61.0,3.76,0,0,0,6.1,0,0,1
2023-07-01,326,7,7.72,85.6,69.5,3.6,0,0,0,5.8,0,0,1
2023-08-01,326,8,8.01,90.9,65.2,3.84,0,0,0,2.6,0,0,1
2023-09-01,326,9,7.82,88.1,65.4,4.13,0,0,0,7.7,0,0,1
2023-10-01,326,10,7.99,86.1,66.9,3.96,0,0,0,6.1,0,0,1
2023-11-01,326,11,7.85,89.7,66.6,3.95,0,0,0,3.5,0,0,1
2023-12-01,326,12,8.12,89.0,61.6,3.85,1,0,0,6.7,0,0,1
2024-01-01,326,13,8.06,87.5,62.8,3.9,1,0,0,4.3,0,0,1
2024-02-01,326,14,8.05,88.6,73.1,3.98,1,1,0,1.1,0,0,1
2024-03-01,326,15,8.34,93.5,65.7,4.11,1,1,0,2.7,0,0,1
2024-04-01,326,16,8.25,94.0,60.6,3.81,1,1,0,6.6,0,0,1
2024-05-01,326,17,8.26,87.3,62.4,4.01,1,1,0,1.3,1,0,1
2024-06-01,326,18,8.06,86.6,62.8,4.08,2,1,0,2.1,1,0,1
2023-01-01,327,1,5.66,100.0,50.0,3.13,0,0,0,9.4,0,2,0
2023-02-01,327,2,5.81,95.9,58.5,3.28,0,1,0,12.4,0,2,0
2023-03-01,327,3,5.73,98.8,56.0,3.16,0,1,0,10.0,0,2,0
2023-04-01,327,4,5.86,97.5,51.4,3.04,1,1,0,6.9,0,2,0
2023-05-01,327,5,5.85,90.9,54.0,3.22,1,1,0,5.7,0,2,0
2023-06-01,327,6,6.01,96.4,59.7,2.97,1,1,0,4.5,0,2,0
2023-07-01,327,7,5.93,93.7,58.0,2.96,1,1,0,9.7,0,2,0
2023-08-01,327,8,5.85,100.0,56.9,3.03,1,1,0,4.4,0,2,0
2023-09-01,327,9,5.86,96.0,55.4,3.38,1,1,0,4.9,0,2,0
2023-10-01,327,10,6.07,97.8,48.7,3.27,1,1,0,8.3,0,2,0
2023-11-01,327,11,5.94,96.9,59.0,3.38,1,2,0,6.6,0,2,0
2023-12-01,327,12,5.88,100.0,61.1,3.54,1,2,0,2.7,0,2,0
2024-01-01,327,13,6.22,99.1,58.7,3.47,1,2,0,5.6,0,2,0
2024-02-01,327,14,6.23,95.7,58.0,3.3,1,2,0,9.9,1,2,0
2024-03-01,327,15,6.21,100.0,56.7,3.34,1,2,0,6.9,1,2,0
2024-04-01,327,16,6.25,100.0,61.5,3.16,2,2,0,8.2,1,2,0
2024-05-01,327,17,6.36,94.3,60.7,3.43,2,2,0,7.1,1,2,0
2024-06-01,327,18,6.24,100.0,62.1,3.27,2,2,0,7.1,2,2,0
2023-01-01,328,1,7.05,89.2,62.0,2.72,0,1,0,3.6,0,0,0
2023-02-01,328,2,7.07,89.8,62.5,2.72,1,1,0,1.3,0,0,0
2023-03-01,328,3,7.08,90.9,61.6,2.77,1,1,0,4.3,0,0,0
2023-04-01,328,4,7.06,81.9,63.5,2.81,1,1,0,3.7,0,0,0
2023-05-01,328,5,7.01,82.9,62.3,2.69,1,1,0,5.6,0,0,0
2023-06-01,328,6,7.09,95.8,63.5,3.09,1,1,0,5.6,0,0,0
2023-07-01,328,7,7.34,87.4,67.5,2.81,1,1,0,3.6,0,0,0
2023-08-01,328,8,7.18,92.9,63.2,2.56,1,1,0,3.7,0,0,0
2023-09-01,328,9,7.26,85.5,63.2,2.52,1,1,0,0.2,0,0,0
2023-10-01,328,10,7.36,89.1,68.2,2.87,1,1,0,2.5,0,0,0
2023-11-01,328,11,7.22,82.0,62.8,2.59,1,1,0,4.4,0,0,0
2023-12-01,328,12,7.27,86.0,71.3,3.01,1,1,0,1.5,0,0,1
2024-01-01,328,13,7.46,84.1,60.2,2.78,1,1,0,1.7,1,0,1
2024-02-01,328,14,7.47,88.0,57.3,2.71,1,1,0,1.0,1,0,1
2024-03-01,328,15,7.73,81.3,66.8,2.72,1,1,0,0.9,1,0,1
2024-04-01,328,16,7.62,89.0,71.3,2.91,1,1,0,4.2,1,0,1
2024-05-01,328,17,7.33,89.9,74.0,3.1,1,1,1,1.7,1,0,1
2024-06-01,328,18,7.48,84.7,74.5,2.89,1,1,1,0.0,1,0,1
2023-01-01,329,1,6.1,68.1,86.6,4.04,0,1,1,11.0,0,0,0
2023-02-01,329,2,5.81,77.5,87.5,4.06,0,1,1,11.2,0,0,0
2023-03-01,329,3,6.13,75.0,92.7,4.16,0,1,1,9.8,0,0,0
2023-04-01,329,4,6.02,67.9,100.0,3.98,0,1,1,9.7,0,0,0
2023-05-01,329,5,6.07,67.6,97.9,3.87,0,1,1,11.7,0,0,0
2023-06-01,329,6,6.34,74.5,95.1,3.9,0,2,1,5.2,0,0,0
2023-07-01,329,7,6.34,68.2,88.4,4.02,0,2,1,7.9,0,0,0
2023-08-01,329,8,6.19,69.4,98.3,4.27,1,2,1,8.1,0,0,0
2023-09-01,329,9,6.12,65.6,94.3,3.89,1,2,1,9.3,0,0,1
2023-10-01,329,10,6.12,72.1,95.1,3.85,1,2,1,14.2,0,0,1
2023-11-01,329,11,6.28,69.8,98.9,4.09,1,2,1,7.7,1,0,1
2023-12-01,329,12,6.24,71.5,100.0,4.24,1,2,2,4.7,2,0,1
2024-01-01,329,13,6.17,75.7,100.0,4.0,2,2,2,12.4,2,0,1
2024-02-01,329,14,6.19,73.6,100.0,3.71,2,2,2,7.4,2,0,1
2024-03-01,329,15,6.13,68.4,100.0,4.19,2,2,2,10.7,2,0,1
2024-04-01,329,16,6.21,72.1,100.0,4.33,2,3,2,10.0,3,0,1
2024-05-01,329,17,6.13,72.0,100.0,4.52,2,3,2,9.2,3,0,1
2024-06-01,329,18,6.17,71.3,100.0,4.05,2,3,2,9.2,4,0,1
2023-01-01,330,1,6.57,97.0,58.7,3.86,0,1,0,4.2,0,0,0
2023-02-01,330,2,6.71,92.6,53.9,3.7,0,1,0,7.1,0,0,0
2023-03-01,330,3,6.58,84.4,65.8,3.55,0,1,0,0.0,0,0,0
2023-04-01,330,4,6.46,91.8,54.1,3.81,0,1,0,6.5,0,0,0
2023-05-01,330,5,6.55,86.9,60.6,4.04,0,1,0,2.5,0,0,0
2023-06-01,330,6,6.6,84.7,54.8,3.96,0,1,0,3.8,0,0,0
2023-07-01,330,7,6.65,84.6,59.0,3.6,0,1,0,3.3,0,0,0
2023-08-01,330,8,6.99,82.9,52.6,3.57,0,1,0,2.2,0,0,0
2023-09-01,330,9,6.53,91.2,59.0,3.99,0,1,0,4.9,0,0,0
2023-10-01,330,10,6.89,86.3,51.0,3.74,0,1,0,3.1,0,0,0
2023-11-01,330,11,6.72,84.2,53.4,3.67,0,1,0,1.6,0,0,0
2023-12-01,330,12,6.92,82.4,51.0,3.89,0,1,0,4.5,0,0,0
2024-01-01,330,13,7.25,84.8,57.7,3.72,0,1,0,1.6,0,0,0
2024-02-01,330,14,6.97,84.6,61.7,4.07,0,1,0,4.0,0,0,0
2024-03-01,330,15,7.02,80.6,56.8,3.84,0,1,0,0.9,0,0,1
2024-04-01,330,16,7.04,84.3,60.6,4.12,0,1,0,1.7,1,0,1
2024-05-01,330,17,7.11,90.3,53.2,4.02,1,1,0,8.6,1,0,1
2024-06-01,330,18,7.24,94.9,58.2,4.26,1,1,0,3.5,1,0,1
2023-01-01,331,1,8.0,100.0,64.9,2.09,0,1,0,5.6,0,0,0
2023-02-01,331,2,8.16,100.0,60.5,2.11,0,1,0,4.5,0,0,0
2023-03-01,331,3,8.25,100.0,67.5,2.07,0,1,0,7.4,0,0,0
2023-04-01,331,4,8.45,96.9,62.8,2.19,0,1,0,5.5,0,0,0
2023-05-01,331,5,8.38,100.0,76.5,2.07,0,1,0,4.4,0,0,0
2023-06-01,331,6,8.57,95.7,70.8,2.11,0,1,0,4.7,0,0,0
2023-07-01,331,7,8.36,98.6,60.0,2.31,0,2,0,5.7,0,0,0
2023-08-01,331,8,8.41,100.0,72.7,2.18,0,3,0,8.6,0,0,1
2023-09-01,331,9,8.52,100.0,67.5,2.46,0,3,0,6.4,0,0,1
2023-10-01,331,10,8.51,97.8,69.4,2.33,0,3,0,2.7,0,0,1
2023-11-01,331,11,8.58,92.4,68.1,2.02,0,3,0,5.8,0,0,1
2023-12-01,331,12,8.5,100.0,67.0,2.4,0,3,0,5.4,0,0,1
2024-01-01,331,13,8.4,100.0,67.4,2.1,0,3,0,4.6,0,0,1
2024-02-01,331,14,8.62,100.0,69.4,1.98,0,3,0,3.1,0,0,1
2024-03-01,331,15,8.61,100.0,71.5,2.34,0,3,0,3.6,0,0,1
2024-04-01,331,16,8.6,100.0,68.6,2.29,0,3,0,5.9,0,0,1
2024-05-01,331,17,8.8,95.0,71.4,2.17,0,3,0,5.2,1,0,1
2024-06-01,331,18,8.75,100.0,67.9,2.13,0,3,0,3.2,1,0,1
2023-01-01,332,1,7.69,82.2,76.5,3.17,1,2,0,13.0,0,1,0
2023-02-01,332,2,7.7,85.7,76.6,2.7,2,2,0,11.7,0,1,0
2023-03-01,332,3,7.56,78.0,67.2,2.86,2,2,0,3.9,0,1,0
2023-04-01,332,4,7.59,84.5,77.5,3.19,2,2,0,16.0,0,1,0
2023-05-01,332,5,7.52,80.9,81.7,2.85,2,2,0,10.2,0,1,0
2023-06-01,332,6,7.72,76.3,83.6,2.98,2,2,0,4.9,0,1,0
2023-07-01,332,7,7.55,87.0,82.3,3.08,2,2,0,5.8,0,1,0
2023-08-01,332,8,7.61,83.3,81.6,3.09,2,2,0,11.7,0,1,0
2023-09-01,332,9,7.51,83.7,88.1,3.3,2,2,0,6.7,0,1,0
2023-10-01,332,10,7.56,79.5,80.9,2.84,2,2,0,8.6,1,1,0
2023-11-01,332,11,7.69,84.0,87.4,2.88,2,2,0,9.6,1,1,0
2023-12-01,332,12,7.68,77.9,91.2,3.12,2,2,1,12.4,2,1,0
2024-01-01,332,13,7.72,81.3,85.2,2.99,3,2,1,6.8,2,1,0
2024-02-01,332,14,7.87,81.5,84.3,3.28,3,2,2,10.3,2,1,0
2024-03-01,332,15,7.64,81.8,84.4,3.08,4,2,2,10.5,2,1,0
2024-04-01,332,16,7.97,82.0,82.8,3.13,4,2,2,8.5,2,1,1
2024-05-01,332,17,7.86,83.3,89.2,3.18,4,2,2,9.3,3,0,1
2024-06-01,332,18,7.79,86.1,86.8,3.28,4,2,2,11.0,3,0,1
2023-01-01,333,1,6.53,96.9,75.1,3.54,0,1,1,8.1,0,0,0
2023-02-01,333,2,6.66,93.9,76.9,3.39,0,2,1,3.5,0,0,0
2023-03-01,333,3,6.69,96.6,78.3,3.29,0,2,1,6.7,0,0,0
2023-04-01,333,4,6.58,100.0,74.9,3.5,0,2,1,13.2,0,0,0
2023-05-01,333,5,6.46,97.1,78.5,3.15,0,3,1,10.7,0,0,0
2023-06-01,333,6,6.25,95.7,84.9,3.28,0,3,1,3.9,0,0,0
2023-07-01,333,7,6.53,88.7,76.5,3.25,0,3,1,4.0,1,0,0
2023-08-01,333,8,6.55,95.3,82.2,3.44,0,3,1,6.4,1,0,0
2023-09-01,333,9,6.36,98.1,71.8,3.3,0,3,1,8.8,1,0,0
2023-10-01,333,10,6.53,99.3,84.7,3.38,0,3,2,6.4,2,0,0
2023-11-01,333,11,6.82,96.5,86.4,3.25,0,3,2,8.3,2,0,0
2023-12-01,333,12,6.56,94.1,74.6,3.49,0,4,2,9.5,2,0,0
2024-01-01,333,13,6.64,100.0,81.1,3.59,0,4,2,5.9,2,0,1
2024-02-01,333,14,6.49,100.0,73.0,3.29,0,4,2,6.6,2,0,1
2024-03-01,333,15,6.93,100.0,78.5,3.59,0,4,2,6.2,3,0,1
2024-04-01,333,16,6.72,96.7,81.8,3.56,0,4,2,13.3,3,0,1
2024-05-01,333,17,6.72,100.0,87.4,3.59,0,4,3,6.2,3,0,1
2024-06-01,333,18,6.4,98.5,80.9,3.57,0,4,3,5.2,4,0,1
2023-01-01,334,1,6.13,79.7,61.5,3.99,1,1,0,0.0,0,0,0
2023-02-01,334,2,5.98,66.6,57.9,4.15,1,1,0,3.4,0,0,0
2023-03-01,334,3,6.33,72.7,60.5,3.92,1,2,0,2.4,0,0,0
2023-04-01,334,4,6.2,76.1,62.5,4.13,1,2,0,7.9,0,0,0
2023-05-01,334,5,6.13,70.4,62.7,3.77,1,2,0,0.0,0,0,0
2023-06-01,334,6,6.39,75.3,54.0,3.95,1,2,0,3.0,0,0,0
2023-07-01,334,7,6.29,78.2,64.7,3.73,1,2,0,3.9,1,0,0
2023-08-01,334,8,6.17,74.8,58.6,4.13,1,2,0,0.9,1,0,0
2023-09-01,334,9,6.27,72.3,57.1,3.74,1,2,0,1.6,1,0,0
2023-10-01,334,10,6.39,74.8,64.5,3.46,1,2,0,8.5,1,0,0
2023-11-01,334,11,6.32,75.2,61.5,3.66,1,2,0,4.9,1,0,0
2023-12-01,334,12,6.29,80.6,58.0,3.72,1,2,0,3.2,1,0,0
2024-01-01,334,13,6.55,71.2,59.1,4.0,1,2,0,4.9,1,0,0
2024-02-01,334,14,6.36,73.7,62.1,3.98,1,2,0,4.8,1,0,0
2024-03-01,334,15,6.47,75.6,64.3,3.97,1,3,0,5.7,1,0,0
2024-04-01,334,16,6.56,79.8,65.2,4.01,1,3,0,0.2,1,0,0
2024-05-01,334,17,6.25,74.5,60.8,3.56,1,3,0,5.2,1,0,0
2024-06-01,334,18,6.38,70.3,68.1,4.1,1,3,0,0.4,1,0,0
2023-01-01,335,1,7.07,80.8,28.0,4.01,0,0,0,1.5,0,2,0
2023-02-01,335,2,7.14,73.1,26.0,3.8,0,0,0,1.8,0,2,0
2023-03-01,335,3,7.29,86.3,23.4,4.09,0,0,0,4.6,0,2,0
2023-04-01,335,4,7.23,85.0,25.6,4.0,0,0,0,1.5,0,2,0
2023-05-01,335,5,7.0,82.2,25.5,3.92,0,0,0,3.1,0,2,0
2023-06-01,335,6,7.14,83.2,20.6,3.84,0,0,0,4.2,0,2,0
2023-07-01,335,7,7.07,81.9,27.6,3.8,0,0,0,4.5,0,2,0
2023-08-01,335,8,7.02,82.0,29.4,3.9,0,0,0,1.5,0,1,0
2023-09-01,335,9,7.17,83.5,24.2,3.8,0,0,0,0.7,0,1,0
2023-10-01,335,10,7.18,79.8,31.4,3.89,0,0,0,3.6,0,1,0
2023-11-01,335,11,7.39,82.2,32.8,3.8,0,0,0,1.0,0,1,0
2023-12-01,335,12,7.38,71.4,33.5,3.79,0,0,0,2.3,0,1,0
2024-01-01,335,13,7.51,85.8,32.3,3.87,0,0,1,0.0,0,1,0
2024-02-01,335,14,7.5,85.8,23.5,4.03,0,0,1,2.6,0,0,0
2024-03-01,335,15,7.34,84.0,24.9,3.91,0,0,1,2.7,0,0,0
2024-04-01,335,16,7.38,84.9,27.7,3.95,0,0,2,5.4,0,0,0
2024-05-01,335,17,7.34,83.2,20.3,4.24,0,0,2,3.4,0,0,0
2024-06-01,335,18,7.47,88.0,33.7,3.94,0,0,2,3.7,0,0,0
2023-01-01,336,1,5.98,82.9,70.3,3.68,0,0,0,6.5,0,0,0
2023-02-01,336,2,5.96,83.0,64.5,3.64,0,1,0,4.7,0,0,0
2023-03-01,336,3,5.99,90.1,73.4,3.6,0,1,0,7.9,0,0,0
2023-04-01,336,4,6.03,92.5,66.5,3.39,0,1,0,8.8,0,0,0
2023-05-01,336,5,5.89,92.1,61.0,3.29,0,2,0,2.2,0,0,0
2023-06-01,336,6,5.99,88.1,72.9,3.36,0,2,0,4.9,0,0,0
2023-07-01,336,7,6.08,83.0,69.8,3.17,0,2,0,4.8,1,0,0
2023-08-01,336,8,6.2,83.4,66.9,3.76,0,2,1,6.6,1,0,0
2023-09-01,336,9,6.14,81.1,71.4,3.53,0,2,1,10.0,1,0,0
2023-10-01,336,10,6.17,86.4,76.0,3.3,1,2,1,11.4,1,0,0
2023-11-01,336,11,6.1,91.8,71.4,3.46,1,2,1,3.7,1,0,0
2023-12-01,336,12,6.35,89.6,65.4,3.66,1,2,1,6.6,1,0,0
2024-01-01,336,13,6.33,89.7,72.6,3.5,1,2,1,6.0,2,0,0
2024-02-01,336,14,6.36,92.8,75.1,3.46,1,2,1,7.1,2,0,0
2024-03-01,336,15,6.11,89.5,75.3,3.74,1,2,1,7.0,2,0,0
2024-04-01,336,16,6.4,91.1,71.9,3.37,1,2,1,5.9,2,0,0
2024-05-01,336,17,6.35,90.2,78.9,3.43,1,2,1,3.3,2,0,0
2024-06-01,336,18,6.34,90.7,77.7,3.55,1,2,1,1.8,2,0,0
2023-01-01,337,1,6.29,91.6,26.8,3.53,0,1,0,6.6,0,1,0
2023-02-01,337,2,6.61,89.8,26.1,3.49,0,2,0,10.2,0,1,0
2023-03-01,337,3,6.45,84.7,23.7,3.84,0,2,0,7.9,0,1,0
2023-04-01,337,4,6.63,86.3,25.3,3.65,0,2,0,5.2,0,1,0
2023-05-01,337,5,6.47,84.2,26.8,3.67,0,2,0,6.6,0,1,0
2023-06-01,337,6,6.61,80.6,24.3,3.79,0,2,0,7.2,0,1,0
2023-07-01,337,7,6.65,79.1,29.7,3.89,1,2,0,6.6,0,1,0
2023-08-01,337,8,6.82,84.4,29.8,3.73,1,2,0,1.0,0,1,0
2023-09-01,337,9,6.87,84.2,27.8,3.52,1,2,0,6.6,0,1,0
2023-10-01,337,10,7.04,81.6,32.5,3.52,1,2,0,7.4,0,1,0
2023-11-01,337,11,6.98,82.1,33.0,3.69,1,2,0,6.4,0,1,1
2023-12-01,337,12,7.07,84.3,34.4,3.92,1,2,0,1.2,0,1,1
2024-01-01,337,13,6.97,89.3,33.9,3.7,1,2,0,3.2,0,1,1
2024-02-01,337,14,6.75,81.7,40.3,3.74,1,2,0,11.4,0,1,1
2024-03-01,337,15,7.03,82.1,24.7,3.75,2,3,0,7.6,0,1,1
2024-04-01,337,16,7.17,87.4,35.4,3.52,2,3,0,6.2,0,1,1
2024-05-01,337,17,7.44,89.8,28.4,3.92,2,4,0,6.0,1,1,1
2024-06-01,337,18,7.02,88.3,28.9,3.81,2,4,0,1.6,2,1,1
2023-01-01,338,1,7.1,71.4,79.8,3.49,0,2,0,5.1,0,0,0
2023-02-01,338,2,7.24,73.1,82.7,3.18,0,2,0,2.7,0,0,0
2023-03-01,338,3,7.26,73.1,74.6,3.46,0,2,0,0.6,0,0,0
2023-04-01,338,4,7.33,66.4,72.8,3.0,0,2,0,6.6,0,0,0
2023-05-01,338,5,7.5,69.4,82.2,3.41,0,2,0,6.8,0,0,0
2023-06-01,338,6,7.51,80.7,81.2,3.15,0,3,0,4.2,0,0,0
2023-07-01,338,7,7.5,72.4,84.0,2.94,0,3,0,0.2,0,0,0
2023-08-01,338,8,7.24,77.1,83.5,3.37,0,3,0,1.8,0,0,0
2023-09-01,338,9,7.44,64.5,79.0,3.37,0,3,1,8.2,0,0,1
2023-10-01,338,10,7.45,71.5,76.7,3.4,0,3,1,3.2,0,0,1
2023-11-01,338,11,7.57,77.7,92.8,3.26,0,3,1,2.0,0,0,1
2023-12-01,338,12,7.58,69.5,84.8,3.04,0,3,1,3.8,1,0,1
2024-01-01,338,13,7.57,76.2,87.2,3.29,0,3,1,4.5,1,0,1
2024-02-01,338,14,7.76,76.6,88.6,3.5,0,3,1,5.1,1,0,1
2024-03-01,338,15,7.64,84.4,81.6,3.54,0,3,1,4.0,1,0,1
2024-04-01,338,16,7.69,67.8,78.8,3.26,0,4,1,3.6,1,0,1
2024-05-01,338,17,7.57,77.3,86.3,3.47,1,4,1,7.6,2,0,1
2024-06-01,338,18,7.72,75.7,84.5,3.32,1,4,1,2.5,2,0,1
2023-01-01,339,1,8.02,69.9,54.2,2.6,0,2,1,9.9,0,0,0
2023-02-01,339,2,8.03,76.1,58.9,3.04,0,2,1,6.1,0,0,0
2023-03-01,339,3,7.95,83.6,60.4,2.94,0,2,1,7.3,0,0,0
2023-04-01,339,4,8.01,70.7,60.4,2.93,1,2,1,4.6,0,0,0
2023-05-01,339,5,8.12,76.5,61.5,2.54,1,2,1,6.4,0,0,0
2023-06-01,339,6,8.01,74.9,61.5,2.68,1,2,1,8.9,0,0,0
2023-07-01,339,7,8.31,68.9,63.9,3.06,1,2,1,6.7,0,0,0
2023-08-01,339,8,8.18,81.3,66.6,2.83,1,2,2,9.3,0,0,1
2023-09-01,339,9,8.32,65.9,65.7,2.79,1,2,2,6.8,0,0,1
2023-10-01,339,10,8.33,78.6,73.0,2.75,2,2,2,9.0,0,0,1
2023-11-01,339,11,8.3,75.3,70.1,2.65,2,3,2,10.1,0,0,1
2023-12-01,339,12,8.5,78.7,68.1,2.69,2,3,2,7.6,0,0,1
2024-01-01,339,13,8.54,73.8,67.8,3.12,2,3,2,13.5,0,0,1
2024-02-01,339,14,8.61,75.5,71.2,2.85,2,3,2,2.3,0,0,1
2024-03-01,339,15,8.71,71.8,69.2,2.87,2,3,2,4.8,1,0,1
2024-04-01,339,16,8.35,69.1,70.5,3.06,3,3,2,9.0,2,0,1
2024-05-01,339,17,8.68,74.9,77.3,2.87,3,3,2,9.2,2,0,1
2024-06-01,339,18,8.63,73.0,71.2,2.78,3,3,2,8.0,2,0,1
2023-01-01,340,1,7.29,90.4,69.3,3.06,0,0,0,6.8,0,0,0
2023-02-01,340,2,7.48,90.9,77.0,3.08,0,0,0,4.6,0,0,1
2023-03-01,340,3,7.44,91.2,72.8,2.95,0,0,0,4.4,1,0,1
2023-04-01,340,4,7.62,96.0,77.4,3.02,0,0,0,3.4,1,0,1
2023-05-01,340,5,7.43,91.6,78.3,2.97,0,0,0,4.2,1,0,1
2023-06-01,340,6,7.76,85.2,77.2,3.01,0,0,0,6.3,1,0,1
2023-07-01,340,7,7.83,93.4,75.6,2.89,0,0,0,8.4,1,0,1
2023-08-01,340,8,7.89,89.0,77.6,2.94,0,0,0,5.1,1,0,1
2023-09-01,340,9,7.91,90.3,77.8,3.16,0,0,0,7.3,1,0,1
2023-10-01,340,10,7.76,89.4,66.4,3.44,0,0,0,5.8,1,0,1
2023-11-01,340,11,8.11,87.7,72.3,3.08,0,0,0,5.1,1,0,1
2023-12-01,340,12,8.11,95.9,76.1,3.02,0,0,0,2.8,1,0,1
2024-01-01,340,13,7.96,94.2,75.7,3.15,0,0,0,7.1,1,0,1
2024-02-01,340,14,8.27,89.0,81.0,3.17,0,0,0,8.0,1,0,1
2024-03-01,340,15,8.08,89.4,67.4,3.08,0,0,0,4.9,1,0,1
2024-04-01,340,16,8.24,93.4,82.2,3.24,0,0,0,3.5,1,0,1
2024-05-01,340,17,8.24,89.9,74.7,3.02,0,0,0,4.6,1,0,1
2024-06-01,340,18,8.37,91.4,80.8,3.15,1,0,0,7.0,1,0,1
2023-01-01,341,1,5.19,93.2,43.4,3.21,0,3,0,12.1,0,0,0
2023-02-01,341,2,5.29,88.2,48.0,3.27,0,3,0,9.9,0,0,1
2023-03-01,341,3,5.43,95.4,48.5,3.32,0,4,0,8.5,0,0,1
2023-04-01,341,4,5.31,94.3,45.8,3.07,0,4,0,5.2,0,0,1
2023-05-01,341,5,5.14,93.4,40.7,3.28,0,4,0,12.4,0,0,1
2023-06-01,341,6,5.23,87.1,48.6,3.27,1,4,1,7.7,0,0,1
2023-07-01,341,7,5.43,98.1,44.2,3.46,1,4,1,9.3,0,0,1
2023-08-01,341,8,5.04,91.4,46.3,3.12,1,4,2,9.8,0,0,1
2023-09-01,341,9,4.97,98.7,49.0,3.33,1,4,2,8.8,0,0,1
2023-10-01,341,10,5.33,96.2,48.6,3.45,1,5,2,9.7,1,0,1
2023-11-01,341,11,5.13,92.3,50.6,3.3,1,5,2,9.6,2,0,1
2023-12-01,341,12,5.28,95.5,50.3,3.14,1,6,2,4.2,2,0,1
2024-01-01,341,13,5.43,95.3,50.2,2.99,1,6,2,4.8,2,0,1
2024-02-01,341,14,5.33,91.0,47.7,3.16,1,6,2,11.6,2,0,1
2024-03-01,341,15,5.18,91.3,52.8,3.5,1,6,2,8.1,2,0,1
2024-04-01,341,16,5.3,95.5,52.8,3.39,1,7,2,7.0,3,0,1
2024-05-01,341,17,5.51,94.7,53.1,3.56,1,7,2,7.5,3,0,1
2024-06-01,341,18,5.4,93.6,54.9,3.3,1,7,2,7.2,3,0,1
2023-01-01,342,1,7.36,99.8,38.9,3.18,0,0,0,5.8,0,0,0
2023-02-01,342,2,7.26,100.0,30.5,3.29,0,0,0,5.4,0,0,0
2023-03-01,342,3,7.24,99.1,35.2,3.06,0,0,0,6.2,0,0,0
2023-04-01,342,4,7.51,97.1,38.3,2.88,0,0,0,5.4,0,0,0
2023-05-01,342,5,7.51,100.0,36.4,3.18,0,0,0,12.9,1,0,0
2023-06-01,342,6,7.5,100.0,34.7,3.2,0,0,0,9.3,1,0,0
2023-07-01,342,7,7.78,100.0,40.1,3.09,0,0,0,7.7,1,0,0
2023-08-01,342,8,7.38,94.1,36.2,3.13,1,0,0,6.3,1,0,0
2023-09-01,342,9,7.63,96.7,40.2,3.25,1,0,0,0.8,1,0,0
2023-10-01,342,10,7.5,95.4,41.1,3.39,1,0,1,3.3,1,0,0
2023-11-01,342,11,7.63,96.3,40.5,3.37,1,0,1,11.2,2,0,0
2023-12-01,342,12,7.63,98.6,41.8,3.49,1,0,1,4.8,2,0,0
2024-01-01,342,13,7.62,93.7,45.8,3.32,1,0,1,5.9,2,0,0
2024-02-01,342,14,7.72,93.7,40.9,3.34,1,0,2,6.3,2,0,0
2024-03-01,342,15,7.79,100.0,45.5,3.24,1,0,2,2.1,2,0,0
2024-04-01,342,16,7.74,98.7,40.9,3.34,1,0,2,9.6,2,0,0
2024-05-01,342,17,7.93,97.2,47.4,3.49,1,0,2,6.1,2,0,0
2024-06-01,342,18,7.78,92.4,41.8,3.24,1,0,2,6.9,2,0,0
2023-01-01,343,1,7.0,100.0,60.1,1.82,1,1,0,2.4,0,1,0
2023-02-01,343,2,7.05,94.0,59.1,2.22,1,1,0,4.1,0,1,0
2023-03-01,343,3,7.21,97.3,60.0,2.03,1,2,0,9.4,0,1,0
2023-04-01,343,4,7.27,99.0,60.7,1.84,1,2,0,6.3,0,1,0
2023-05-01,343,5,7.16,100.0,60.7,2.05,1,3,0,4.7,0,1,0
2023-06-01,343,6,7.26,100.0,63.0,1.8,1,3,0,6.5,0,1,0
2023-07-01,343,7,7.16,98.3,67.9,2.2,1,3,0,1.8,0,1,0
2023-08-01,343,8,7.35,100.0,70.4,2.14,1,4,0,3.9,0,1,0
2023-09-01,343,9,7.43,95.7,63.6,1.86,1,4,0,8.0,0,1,0
2023-10-01,343,10,7.33,100.0,68.0,1.84,1,4,0,0.0,0,1,0
2023-11-01,343,11,7.59,96.4,67.5,2.11,1,4,0,1.3,0,1,0
2023-12-01,343,12,7.54,97.4,65.6,2.21,1,4,0,6.2,1,1,0
2024-01-01,343,13,7.6,100.0,72.9,1.98,1,4,0,3.8,1,1,0
2024-02-01,343,14,7.62,98.7,71.3,2.03,1,4,0,7.0,2,1,0
2024-03-01,343,15,7.78,97.6,66.7,2.12,1,4,0,2.0,2,1,0
2024-04-01,343,16,7.92,100.0,67.7,1.97,1,4,0,6.8,2,1,0
2024-05-01,343,17,7.82,99.8,75.7,2.06,1,4,0,4.6,2,1,0
2024-06-01,343,18,7.82,100.0,70.4,1.94,1,4,0,5.8,2,1,0
2023-01-01,344,1,7.32,75.3,50.1,2.9,0,1,0,2.9,0,0,0
2023-02-01,344,2,7.25,78.8,58.0,3.16,0,1,0,5.8,0,0,0
2023-03-01,344,3,7.13,83.0,57.4,2.9,1,1,0,0.7,0,0,0
2023-04-01,344,4,7.66,79.7,59.5,2.76,1,1,0,5.6,0,0,0
2023-05-01,344,5,7.39,87.4,58.1,2.72,1,1,0,0.7,0,0,0
2023-06-01,344,6,7.61,87.4,55.4,2.69,1,1,0,2.5,0,0,0
2023-07-01,344,7,7.5,80.3,58.8,3.15,1,1,0,3.2,0,0,0
2023-08-01,344,8,7.65,87.0,65.3,2.87,1,1,0,4.3,0,0,0
2023-09-01,344,9,7.68,83.0,58.5,3.05,1,2,1,5.7,0,0,0
2023-10-01,344,10,7.54,92.4,57.4,2.88,1,2,1,1.2,0,0,0
2023-11-01,344,11,7.48,83.2,53.8,2.98,1,2,1,5.1,0,0,0
2023-12-01,344,12,7.74,79.7,51.3,3.2,1,2,1,3.4,0,0,0
2024-01-01,344,13,7.75,87.4,61.0,3.21,1,2,1,7.9,0,0,0
2024-02-01,344,14,7.98,83.0,57.2,3.16,1,2,1,4.2,0,0,0
2024-03-01,344,15,7.73,87.8,59.3,3.06,1,2,1,3.7,0,0,0
2024-04-01,344,16,7.95,86.4,66.5,3.1,1,2,1,4.3,0,0,0
2024-05-01,344,17,7.96,89.5,58.1,3.24,1,2,1,7.3,0,0,0
2024-06-01,344,18,7.89,93.0,56.8,2.96,2,2,1,2.1,0,0,0
2023-01-01,345,1,8.28,84.6,54.3,3.17,0,0,0,5.3,0,0,0
2023-02-01,345,2,8.39,73.1,54.3,3.16,0,0,0,2.1,0,0,0
2023-03-01,345,3,8.5,82.7,55.3,3.15,0,0,0,8.0,0,0,0
2023-04-01,345,4,8.3,73.8,49.9,3.42,0,1,0,1.6,0,0,0
2023-05-01,345,5,8.43,73.0,52.6,3.19,0,1,0,3.6,0,0,0
2023-06-01,345,6,8.47,81.4,58.1,3.41,0,1,0,6.2,0,0,0
2023-07-01,345,7,8.54,79.4,52.9,3.34,1,1,1,0.2,0,0,0
2023-08-01,345,8,8.37,81.7,51.2,3.48,1,1,1,5.7,0,0,0
2023-09-01,345,9,8.44,72.3,56.0,3.4,1,1,1,9.9,0,0,0
2023-10-01,345,10,8.48,79.5,54.2,3.44,1,1,1,10.7,0,0,0
2023-11-01,345,11,8.48,89.7,49.6,3.24,1,1,1,7.1,0,0,0
2023-12-01,345,12,8.48,78.8,62.6,3.66,2,1,1,10.2,0,0,0
2024-01-01,345,13,8.64,73.4,52.1,3.41,2,1,1,0.0,0,0,0
2024-02-01,345,14,8.8,82.4,52.7,3.34,2,1,1,8.2,1,0,0
2024-03-01,345,15,8.64,75.0,60.4,3.46,2,1,1,2.6,1,0,0
2024-04-01,345,16,8.57,78.7,52.7,3.3,2,2,1,7.3,1,0,0
2024-05-01,345,17,8.82,81.5,62.6,3.58,2,2,1,5.8,1,0,0
2024-06-01,345,18,8.63,79.0,57.0,3.57,2,2,1,8.0,1,0,0
2023-01-01,346,1,5.24,100.0,64.5,3.12,0,0,1,1.2,0,0,0
2023-02-01,346,2,5.52,95.0,57.5,2.78,0,0,1,5.2,0,0,0
2023-03-01,346,3,5.45,95.2,60.4,3.16,0,0,1,4.6,0,0,0
2023-04-01,346,4,5.64,100.0,56.1,3.04,0,0,1,5.2,0,0,1
2023-05-01,346,5,5.45,91.9,59.3,3.18,0,0,1,3.9,0,0,1
2023-06-01,346,6,5.46,96.8,51.9,3.43,0,0,1,3.5,0,0,1
2023-07-01,346,7,5.53,98.9,63.8,3.17,0,0,2,7.9,0,0,1
2023-08-01,346,8,5.71,94.5,60.6,2.88,0,0,2,3.5,0,0,1
2023-09-01,346,9,5.6,100.0,62.1,2.75,0,0,2,3.2,0,0,1
2023-10-01,346,10,5.74,94.4,60.2,3.16,0,0,2,0.0,0,0,1
2023-11-01,346,11,5.66,91.7,57.3,2.73,0,0,2,4.9,0,0,1
2023-12-01,346,12,5.71,93.6,65.9,3.07,0,0,2,1.3,0,0,1
2024-01-01,346,13,5.81,100.0,65.8,3.06,0,0,2,2.8,0,0,1
2024-02-01,346,14,5.84,95.5,57.8,3.2,0,0,2,0.2,0,0,1
2024-03-01,346,15,6.07,93.4,64.5,3.06,0,0,2,0.9,0,0,1
2024-04-01,346,16,5.67,99.8,64.1,3.13,0,0,2,3.2,0,0,1
2024-05-01,346,17,5.69,85.6,65.6,3.32,0,0,2,4.4,1,0,1
2024-06-01,346,18,5.94,91.2,60.6,2.93,0,0,2,8.2,1,0,1
2023-01-01,347,1,6.45,94.7,95.0,3.12,0,0,0,5.2,0,0,0
2023-02-01,347,2,6.72,94.3,94.6,3.22,0,0,0,9.7,0,0,0
2023-03-01,347,3,6.64,88.6,92.2,3.28,0,0,0,5.5,0,0,0
2023-04-01,347,4,6.52,90.5,100.0,2.81,0,0,0,5.5,0,0,0
2023-05-01,347,5,6.38,83.8,100.0,3.14,0,0,0,3.3,0,0,0
2023-06-01,347,6,6.44,84.0,97.9,3.51,0,1,0,2.3,0,0,0
2023-07-01,347,7,6.51,94.7,100.0,2.92,0,1,0,6.7,0,0,0
2023-08-01,347,8,6.74,83.7,100.0,3.2,0,1,0,0.3,1,0,0
2023-09-01,347,9,6.54,80.4,100.0,3.28,0,1,0,6.0,1,0,0
2023-10-01,347,10,6.47,81.4,100.0,3.09,0,1,0,2.9,1,0,0
2023-11-01,347,11,6.77,92.8,97.4,3.21,0,1,0,4.5,2,0,0
2023-12-01,347,12,6.67,87.6,96.0,2.97,0,1,0,10.1,2,0,0
2024-01-01,347,13,6.66,87.4,100.0,3.22,0,1,0,3.6,2,0,0
2024-02-01,347,14,6.59,91.7,92.2,3.2,0,1,0,4.5,2,0,0
2024-03-01,347,15,6.61,89.6,100.0,3.54,0,1,0,3.7,2,0,0
2024-04-01,347,16,6.66,84.6,100.0,3.02,0,1,0,4.9,2,0,0
2024-05-01,347,17,6.81,83.9,98.7,3.2,0,1,0,7.8,3,0,0
2024-06-01,347,18,6.59,85.8,100.0,3.31,0,2,0,11.0,3,0,0
2023-01-01,348,1,7.5,73.5,71.2,3.73,0,2,0,14.4,0,0,0
2023-02-01,348,2,7.62,73.8,78.4,3.44,1,2,0,11.7,0,0,0
2023-03-01,348,3,7.54,67.9,70.4,3.5,1,2,0,11.3,0,0,0
2023-04-01,348,4,7.41,70.6,85.8,3.37,1,2,0,12.3,0,0,0
2023-05-01,348,5,7.67,71.9,73.2,3.69,1,2,0,11.2,0,0,0
2023-06-01,348,6,7.75,70.7,75.5,3.72,1,2,0,9.3,0,0,0
2023-07-01,348,7,7.75,69.2,80.0,3.67,1,2,0,8.8,0,0,0
2023-08-01,348,8,7.77,69.6,74.0,3.89,1,2,0,14.3,1,0,0
2023-09-01,348,9,7.57,71.8,75.4,3.57,1,2,0,12.1,1,0,0
2023-10-01,348,10,7.73,75.9,88.5,3.9,1,2,0,10.7,1,0,0
2023-11-01,348,11,7.79,73.4,74.2,3.8,1,2,1,12.4,1,0,0
2023-12-01,348,12,7.87,69.0,80.9,3.37,1,2,1,14.3,2,0,1
2024-01-01,348,13,7.82,71.5,80.1,3.92,1,2,1,10.2,3,0,1
2024-02-01,348,14,7.91,66.0,81.3,4.1,1,2,1,9.3,3,0,1
2024-03-01,348,15,7.92,73.5,87.5,3.64,1,2,1,17.0,3,0,1
2024-04-01,348,16,7.84,66.9,81.3,3.82,1,2,1,9.9,4,0,1
2024-05-01,348,17,7.94,68.9,89.1,3.46,1,2,1,12.3,4,0,1
2024-06-01,348,18,8.09,70.7,83.5,3.9,2,3,1,12.7,4,0,1
2023-01-01,349,1,5.68,75.3,73.0,2.87,0,1,1,11.7,0,1,0
2023-02-01,349,2,5.82,74.3,77.5,2.28,0,1,1,11.0,0,1,0
2023-03-01,349,3,5.8,70.3,70.7,2.53,1,1,1,9.1,0,1,0
2023-04-01,349,4,6.09,66.5,81.6,2.65,1,1,2,12.9,0,1,1
2023-05-01,349,5,5.84,67.3,74.4,2.46,1,1,2,11.1,0,1,1
2023-06-01,349,6,6.13,75.2,76.1,2.49,1,1,2,11.3,0,1,1
2023-07-01,349,7,6.1,71.4,83.7,2.72,1,1,2,10.3,0,1,1
2023-08-01,349,8,6.14,70.6,81.0,2.62,1,1,3,11.8,0,1,1
2023-09-01,349,9,6.09,68.9,81.2,2.35,1,1,3,7.8,1,1,1
2023-10-01,349,10,6.17,77.8,81.9,2.41,1,1,3,14.0,2,0,1
2023-11-01,349,11,6.22,68.2,78.3,2.53,1,1,3,13.0,2,0,1
2023-12-01,349,12,6.37,71.9,81.4,2.56,1,1,3,12.6,2,0,1
2024-01-01,349,13,6.25,79.3,72.8,2.66,1,1,3,12.0,2,0,1
2024-02-01,349,14,6.35,73.7,86.2,2.42,1,1,3,10.4,2,0,1
2024-03-01,349,15,6.45,75.6,83.7,2.73,1,1,3,12.5,2,0,1
2024-04-01,349,16,6.48,68.7,85.4,2.7,1,1,3,12.0,3,0,1
2024-05-01,349,17,6.42,70.1,92.3,2.49,1,1,4,8.7,3,0,1
2024-06-01,349,18,6.45,71.4,92.2,2.51,1,1,4,13.0,3,0,1
2023-01-01,350,1,8.29,89.1,64.7,2.14,0,0,1,5.2,0,0,0
2023-02-01,350,2,8.06,85.9,75.4,2.01,0,0,1,7.2,0,0,0
2023-03-01,350,3,8.29,78.4,70.5,1.82,0,0,1,5.1,0,0,0
2023-04-01,350,4,8.34,87.0,69.9,2.14,0,0,1,7.0,0,0,0
2023-05-01,350,5,8.28,77.0,65.6,1.82,1,0,1,7.8,0,0,0
2023-06-01,350,6,8.54,93.5,81.4,2.12,1,0,1,10.2,0,0,0
2023-07-01,350,7,8.38,82.2,75.7,1.99,1,1,1,5.6,0,0,0
2023-08-01,350,8,8.44,90.5,76.3,2.45,1,1,1,5.7,0,0,0
2023-09-01,350,9,8.5,85.2,74.8,2.28,1,1,1,8.5,0,0,0
2023-10-01,350,10,8.76,88.3,79.2,2.33,1,2,1,5.2,0,0,0
2023-11-01,350,11,8.57,94.6,67.8,2.06,1,2,1,4.9,0,0,0
2023-12-01,350,12,8.74,82.4,75.0,2.16,1,3,1,3.1,0,0,0
2024-01-01,350,13,8.63,89.1,74.3,2.36,1,3,1,6.1,0,0,0
2024-02-01,350,14,9.07,89.0,75.6,2.4,1,3,1,3.9,0,0,0
2024-03-01,350,15,8.78,88.7,82.8,2.21,1,3,1,5.1,0,0,0
2024-04-01,350,16,8.94,77.1,77.9,2.47,1,3,1,4.7,0,0,0
2024-05-01,350,17,8.85,82.1,82.4,2.33,1,3,1,9.3,0,0,0
2024-06-01,350,18,8.94,82.6,80.5,2.13,1,3,2,4.0,0,0,0
2023-01-01,351,1,7.4,84.6,83.2,2.89,0,1,0,11.8,0,1,0
2023-02-01,351,2,7.31,79.9,79.3,2.89,0,1,0,7.9,0,1,0
2023-03-01,351,3,7.18,81.4,84.5,2.85,0,1,0,4.0,0,1,0
2023-04-01,351,4,7.3,81.5,78.3,2.81,1,1,0,10.7,0,0,0
2023-05-01,351,5,7.22,80.9,81.0,2.95,1,1,0,7.6,0,0,0
2023-06-01,351,6,7.18,79.9,80.3,3.17,1,2,0,4.4,0,0,0
2023-07-01,351,7,7.09,79.2,83.7,3.04,1,2,0,8.3,1,0,0
2023-08-01,351,8,7.36,77.9,78.6,2.98,2,2,1,8.6,1,0,0
2023-09-01,351,9,7.47,75.9,83.8,3.13,2,2,1,7.6,1,0,0
2023-10-01,351,10,7.48,77.3,86.6,3.03,2,2,1,10.6,1,0,0
2023-11-01,351,11,7.3,79.2,88.9,3.1,2,2,1,11.2,1,0,0
2023-12-01,351,12,7.28,89.8,85.6,2.81,3,2,1,5.3,1,0,0
2024-01-01,351,13,7.47,84.0,83.6,3.01,3,2,1,5.5,1,0,0
2024-02-01,351,14,7.37,85.1,86.6,3.45,3,2,1,11.2,2,0,0
2024-03-01,351,15,7.48,71.8,89.5,3.27,3,2,1,9.0,2,0,1
2024-04-01,351,16,7.61,72.0,89.9,3.18,3,2,1,8.2,2,0,1
2024-05-01,351,17,7.52,80.0,85.0,3.2,3,2,1,7.8,2,0,1
2024-06-01,351,18,7.56,81.8,83.0,3.06,3,2,1,1.6,2,0,1
2023-01-01,352,1,7.78,79.3,52.7,3.75,0,1,0,13.8,0,0,0
2023-02-01,352,2,7.82,78.7,60.6,3.77,0,1,0,7.0,0,0,0
2023-03-01,352,3,7.82,77.8,60.1,3.9,0,2,0,8.8,0,0,1
2023-04-01,352,4,7.69,81.3,54.9,3.78,0,2,0,7.6,0,0,1
2023-05-01,352,5,7.87,88.0,61.4,3.77,0,2,0,7.5,1,0,1
2023-06-01,352,6,7.89,82.1,60.7,3.69,0,2,0,15.6,1,0,1
2023-07-01,352,7,7.7,80.4,59.9,3.68,1,2,0,8.0,1,0,1
2023-08-01,352,8,7.99,79.1,58.9,3.91,1,2,0,4.7,1,0,1
2023-09-01,352,9,7.97,88.9,64.9,3.71,1,2,0,8.4,1,0,1
2023-10-01,352,10,8.07,83.2,59.6,4.1,1,2,0,5.9,1,0,1
2023-11-01,352,11,8.1,77.0,62.3,4.02,1,2,1,5.4,1,0,1
2023-12-01,352,12,8.12,75.1,63.9,4.02,1,2,1,6.6,2,0,1
2024-01-01,352,13,8.01,89.6,64.9,3.93,1,2,1,8.5,2,0,1
2024-02-01,352,14,8.22,83.2,56.4,3.93,1,2,2,7.9,3,0,1
2024-03-01,352,15,8.09,82.1,62.1,3.82,2,2,2,5.1,3,0,1
2024-04-01,352,16,8.15,78.8,67.6,4.01,2,2,2,8.9,3,0,1
2024-05-01,352,17,8.27,85.5,66.8,3.7,2,2,2,6.9,3,0,1
2024-06-01,352,18,8.3,82.2,68.2,3.81,2,2,2,7.7,3,0,1
2023-01-01,353,1,6.08,100.0,27.5,4.0,0,0,0,16.6,0,0,0
2023-02-01,353,2,6.53,91.5,33.7,4.55,0,0,0,8.9,1,0,0
2023-03-01,353,3,6.77,91.2,29.0,4.64,1,0,0,10.0,1,0,0
2023-04-01,353,4,6.55,84.7,32.0,4.52,1,1,0,10.7,1,0,0
2023-05-01,353,5,6.47,97.1,30.9,4.42,1,1,0,9.4,1,0,0
2023-06-01,353,6,6.51,94.6,30.0,4.53,1,1,0,10.3,1,0,0
2023-07-01,353,7,6.72,90.7,31.6,4.6,1,1,0,8.5,1,0,0
2023-08-01,353,8,6.96,92.1,34.0,4.63,2,1,0,10.4,1,0,0
2023-09-01,353,9,6.98,92.1,34.3,4.06,2,1,0,11.6,1,0,0
2023-10-01,353,10,6.66,93.2,33.0,4.32,2,1,0,11.8,2,0,1
2023-11-01,353,11,6.83,90.5,38.4,4.29,2,1,0,6.1,2,0,1
2023-12-01,353,12,6.69,98.3,38.9,4.53,2,1,0,14.5,3,0,1
2024-01-01,353,13,6.92,97.8,35.5,4.84,2,1,1,8.3,4,0,1
2024-02-01,353,14,6.79,97.2,35.3,4.95,2,1,1,13.1,4,0,1
2024-03-01,353,15,6.58,96.8,26.7,4.47,3,1,1,12.5,4,0,1
2024-04-01,353,16,7.09,93.8,41.1,4.6,3,1,1,8.7,4,0,1
2024-05-01,353,17,6.95,96.6,44.6,4.64,3,2,1,11.1,4,0,1
2024-06-01,353,18,7.01,94.3,46.4,4.69,3,2,1,9.1,4,0,1
2023-01-01,354,1,7.55,87.5,52.8,4.02,0,0,0,6.4,0,0,0
2023-02-01,354,2,7.88,84.9,52.2,3.86,0,0,0,6.0,0,0,0
2023-03-01,354,3,7.67,88.5,62.4,3.71,0,0,0,6.2,0,0,1
2023-04-01,354,4,7.87,89.2,56.5,3.85,0,0,0,5.9,0,0,1
2023-05-01,354,5,7.89,88.2,54.2,4.06,0,0,0,8.1,0,0,1
2023-06-01,354,6,7.73,86.9,58.8,3.78,1,1,0,1.9,0,0,1
2023-07-01,354,7,7.87,85.0,57.8,3.91,1,1,0,6.6,0,0,1
2023-08-01,354,8,7.87,88.3,55.9,3.89,1,2,0,5.1,0,0,1
2023-09-01,354,9,8.05,91.4,55.1,3.72,1,2,0,5.2,0,0,1
2023-10-01,354,10,8.11,89.4,64.7,3.88,1,2,0,4.9,0,0,1
2023-11-01,354,11,8.1,90.8,61.6,3.73,1,2,0,5.6,0,0,1
2023-12-01,354,12,8.07,84.4,64.1,3.71,1,2,0,2.6,0,0,1
2024-01-01,354,13,8.18,95.2,51.6,3.65,1,2,0,11.2,0,0,1
2024-02-01,354,14,8.43,86.1,58.2,3.89,1,2,0,6.4,0,0,1
2024-03-01,354,15,8.3,88.5,58.5,3.67,1,2,0,8.7,1,0,1
2024-04-01,354,16,8.39,86.5,67.9,4.03,2,2,0,5.6,1,0,1
2024-05-01,354,17,8.4,94.3,63.6,3.9,2,2,0,5.4,1,0,1
2024-06-01,354,18,8.53,92.3,55.6,4.05,2,2,0,5.5,1,0,1
2023-01-01,355,1,7.8,89.4,66.7,2.21,0,0,1,7.7,0,1,0
2023-02-01,355,2,7.9,94.3,68.6,2.27,0,0,1,3.6,0,1,0
2023-03-01,355,3,7.92,92.2,73.9,2.16,0,1,1,5.2,0,1,0
2023-04-01,355,4,7.9,97.7,77.7,2.14,0,1,1,9.0,0,1,0
2023-05-01,355,5,7.94,95.0,72.6,2.0,0,1,1,5.0,0,1,0
2023-06-01,355,6,8.07,97.9,66.0,2.25,0,1,1,2.5,0,0,0
2023-07-01,355,7,7.83,95.8,71.5,2.15,0,1,1,6.0,1,0,0
2023-08-01,355,8,7.93,97.3,73.6,2.05,0,1,1,3.1,1,0,0
2023-09-01,355,9,7.94,91.2,77.6,2.13,0,1,1,8.8,1,0,0
2023-10-01,355,10,8.05,96.4,71.1,2.06,0,2,2,5.2,1,0,0
2023-11-01,355,11,7.97,93.7,76.2,2.34,0,2,2,6.6,1,0,0
2023-12-01,355,12,7.99,94.7,75.9,2.53,0,2,2,5.4,2,0,0
2024-01-01,355,13,8.07,98.8,75.5,2.39,0,2,2,5.1,2,0,0
2024-02-01,355,14,7.89,96.0,74.0,2.33,0,2,2,2.5,2,0,0
2024-03-01,355,15,8.05,98.3,74.8,2.04,0,2,2,9.4,2,0,0
2024-04-01,355,16,8.21,98.8,81.3,2.4,0,2,2,6.3,2,0,0
2024-05-01,355,17,8.01,89.7,73.2,2.36,0,2,2,7.6,3,0,0
2024-06-01,355,18,8.27,95.3,73.0,2.4,0,3,2,5.9,3,0,0
2023-01-01,356,1,7.38,57.6,37.9,3.15,0,1,0,5.2,0,1,0
2023-02-01,356,2,7.29,62.2,36.1,2.9,0,1,1,5.2,0,1,0
2023-03-01,356,3,7.28,66.0,46.1,3.15,0,1,1,4.4,0,1,0
2023-04-01,356,4,7.27,60.1,41.0,3.04,0,1,1,2.5,0,1,0
2023-05-01,356,5,7.39,61.9,47.7,3.15,0,2,1,7.0,0,1,0
2023-06-01,356,6,7.5,63.6,45.6,3.05,0,2,1,7.7,0,1,0
2023-07-01,356,7,7.55,61.5,46.9,3.14,0,2,1,8.1,0,1,0
2023-08-01,356,8,7.38,59.5,42.2,3.01,0,2,1,8.3,0,1,0
2023-09-01,356,9,7.5,58.8,50.3,3.32,0,2,1,4.5,0,1,0
2023-10-01,356,10,7.42,60.6,42.3,3.29,0,2,1,3.3,0,0,0
2023-11-01,356,11,7.91,65.3,60.1,3.19,1,2,1,1.8,0,0,1
2023-12-01,356,12,7.74,63.5,48.6,3.1,1,2,1,8.5,0,0,1
2024-01-01,356,13,7.66,66.2,47.5,3.25,1,2,1,2.8,0,0,1
2024-02-01,356,14,7.75,68.1,49.6,3.03,1,2,1,3.8,0,0,1
2024-03-01,356,15,7.73,62.2,51.0,3.23,1,2,1,6.3,1,0,1
2024-04-01,356,16,7.9,59.4,54.9,3.16,1,2,1,5.1,1,0,1
2024-05-01,356,17,8.14,64.7,58.2,3.23,1,2,1,9.3,1,0,1
2024-06-01,356,18,7.97,61.8,54.9,3.24,1,2,1,6.2,2,0,1
2023-01-01,357,1,7.06,81.3,49.6,3.33,0,2,1,6.0,0,0,0
2023-02-01,357,2,7.32,83.8,56.1,3.32,0,2,1,0.0,0,0,0
2023-03-01,357,3,7.28,87.3,57.1,3.18,0,2,1,0.0,0,0,0
2023-04-01,357,4,7.27,84.2,56.8,3.31,0,2,1,1.4,0,0,0
2023-05-01,357,5,7.42,81.4,63.6,3.43,0,3,1,3.6,0,0,0
2023-06-01,357,6,7.21,85.7,58.4,3.66,0,3,1,1.4,0,0,0
2023-07-01,357,7,7.31,87.0,59.0,3.44,0,3,1,1.2,0,0,0
2023-08-01,357,8,7.27,86.2,51.8,3.24,0,3,1,5.4,0,0,0
2023-09-01,357,9,7.52,76.0,59.5,3.46,0,3,2,4.9,0,0,0
2023-10-01,357,10,7.47,88.9,57.0,3.61,0,3,2,3.1,0,0,0
2023-11-01,357,11,7.78,79.4,61.9,3.72,0,3,2,2.5,0,0,1
2023-12-01,357,12,7.56,81.7,60.0,3.31,0,3,2,4.7,0,0,1
2024-01-01,357,13,7.66,79.4,56.9,3.26,0,3,2,1.9,0,0,1
2024-02-01,357,14,7.6,82.9,66.1,3.26,1,3,2,5.1,0,0,1
2024-03-01,357,15,7.79,87.3,56.7,3.97,1,3,3,5.5,0,0,1
2024-04-01,357,16,7.87,90.3,55.2,3.52,1,3,3,0.9,0,0,1
2024-05-01,357,17,8.06,87.4,54.8,3.75,1,3,3,2.3,0,0,1
2024-06-01,357,18,8.28,85.7,59.1,3.85,1,3,3,0.0,0,0,1
2023-01-01,358,1,7.37,89.9,50.5,3.18,0,1,0,10.3,0,0,0
2023-02-01,358,2,7.13,84.5,52.8,3.41,0,1,0,2.6,0,0,0
2023-03-01,358,3,7.33,86.0,50.6,3.42,0,1,0,0.0,0,0,0
2023-04-01,358,4,7.28,87.1,43.5,3.25,0,1,0,4.7,0,0,0
2023-05-01,358,5,7.15,85.2,56.4,3.35,0,1,0,8.6,1,0,0
2023-06-01,358,6,7.19,84.3,42.3,3.21,0,1,0,3.0,1,0,0
2023-07-01,358,7,7.33,85.8,43.2,3.44,0,1,0,7.5,1,0,0
2023-08-01,358,8,7.44,93.2,52.5,3.54,0,1,0,7.2,1,0,0
2023-09-01,358,9,7.43,89.9,59.4,3.26,0,1,0,8.2,1,0,0
2023-10-01,358,10,7.32,92.4,55.2,3.36,0,1,0,3.9,1,0,0
2023-11-01,358,11,7.41,84.1,57.2,3.54,0,1,0,6.4,1,0,0
2023-12-01,358,12,7.33,83.9,54.1,3.36,0,1,0,8.5,1,0,0
2024-01-01,358,13,7.43,82.5,59.3,3.54,0,1,0,4.2,1,0,0
2024-02-01,358,14,7.18,87.3,55.5,3.55,0,1,0,4.6,2,0,0
2024-03-01,358,15,7.51,88.9,51.3,3.74,0,2,1,10.3,3,0,0
2024-04-01,358,16,7.31,86.5,57.9,3.5,0,2,1,9.1,4,0,0
2024-05-01,358,17,7.53,93.3,54.7,3.6,0,2,1,9.2,5,0,0
2024-06-01,358,18,7.66,85.6,60.6,3.5,0,2,2,4.4,5,0,0
2023-01-01,359,1,6.27,71.5,80.5,3.63,0,1,0,9.3,0,1,0
2023-02-01,359,2,6.3,67.0,79.9,3.8,0,1,0,13.1,1,1,0
2023-03-01,359,3,6.26,68.3,77.2,3.74,0,2,0,11.0,1,1,0
2023-04-01,359,4,6.54,73.4,73.0,3.64,0,2,0,7.3,1,0,0
2023-05-01,359,5,6.27,65.4,83.2,3.65,0,2,0,11.5,2,0,0
2023-06-01,359,6,6.45,69.8,85.3,3.79,0,2,0,12.2,2,0,0
2023-07-01,359,7,6.47,74.2,89.7,3.49,0,2,0,9.5,3,0,0
2023-08-01,359,8,6.54,67.4,89.6,3.6,0,2,0,9.1,3,0,0
2023-09-01,359,9,6.41,64.9,86.6,3.99,0,2,1,9.3,3,0,0
2023-10-01,359,10,6.43,69.1,84.4,3.56,0,3,2,6.8,3,0,0
2023-11-01,359,11,6.54,64.1,90.0,3.56,0,3,2,13.3,4,0,0
2023-12-01,359,12,6.31,68.6,92.5,3.39,0,3,2,12.1,4,0,0
2024-01-01,359,13,6.41,68.7,87.8,3.68,1,4,2,14.0,4,0,0
2024-02-01,359,14,6.63,60.0,89.4,3.69,1,4,2,12.2,4,0,0
2024-03-01,359,15,6.46,62.6,96.0,3.78,1,4,2,11.2,4,0,0
2024-04-01,359,16,6.67,69.8,94.4,3.84,1,4,3,11.9,4,0,0
2024-05-01,359,17,6.54,72.2,91.9,3.96,1,4,3,6.9,4,0,0
2024-06-01,359,18,6.5,72.7,98.6,3.87,1,4,3,14.0,4,0,0
2023-01-01,360,1,7.03,72.3,76.6,2.31,1,1,1,15.3,0,0,1
2023-02-01,360,2,7.07,75.1,75.8,2.84,1,1,1,12.7,0,0,1
2023-03-01,360,3,6.8,72.8,74.7,2.84,1,1,1,13.1,0,0,1
2023-04-01,360,4,7.04,74.6,73.7,2.63,1,1,1,12.5,0,0,1
2023-05-01,360,5,7.15,76.9,76.7,2.74,1,1,1,13.8,0,0,1
2023-06-01,360,6,7.18,75.6,70.9,2.62,2,1,2,7.5,0,0,1
2023-07-01,360,7,7.46,73.0,78.5,2.43,2,1,2,7.9,1,0,1
2023-08-01,360,8,7.33,83.5,79.3,2.42,2,1,2,12.3,1,0,1
2023-09-01,360,9,7.24,71.9,71.9,2.6,2,1,2,10.7,1,0,1
2023-10-01,360,10,7.24,77.2,77.7,2.6,2,1,2,8.0,1,0,1
2023-11-01,360,11,7.1,73.3,68.6,2.4,2,1,2,11.5,1,0,1
2023-12-01,360,12,7.39,75.2,80.8,2.8,2,1,2,11.4,1,0,1
2024-01-01,360,13,7.46,76.4,76.8,2.75,2,1,2,10.1,1,0,1
2024-02-01,360,14,7.45,73.9,78.4,3.07,2,1,2,13.0,1,0,1
2024-03-01,360,15,7.74,73.8,77.9,2.52,2,1,2,13.4,1,0,1
2024-04-01,360,16,7.38,65.9,87.0,2.88,3,1,2,10.6,1,0,1
2024-05-01,360,17,7.61,67.8,84.8,2.68,3,2,3,10.2,2,0,1
2024-06-01,360,18,7.67,78.1,81.9,2.53,3,2,3,15.2,3,0,1
2023-01-01,361,1,6.71,78.9,67.5,3.13,0,2,0,1.3,0,1,0
2023-02-01,361,2,7.03,79.7,67.0,3.15,0,2,0,3.8,0,1,0
2023-03-01,361,3,6.91,64.1,62.9,3.33,0,2,1,0.0,0,1,0
2023-04-01,361,4,6.77,73.7,65.6,3.16,0,2,1,0.8,0,1,0
2023-05-01,361,5,6.94,69.7,73.5,3.35,0,2,1,6.5,0,0,0
2023-06-01,361,6,7.0,67.6,66.6,3.75,0,2,1,6.0,0,0,1
2023-07-01,361,7,6.97,72.0,66.7,3.14,0,2,1,2.8,0,0,1
2023-08-01,361,8,7.18,70.2,67.3,3.18,0,2,1,6.0,0,0,1
2023-09-01,361,9,7.05,69.4,65.7,3.08,0,2,1,6.9,0,0,1
2023-10-01,361,10,7.03,79.8,69.3,3.13,0,2,1,2.1,0,0,1
2023-11-01,361,11,7.07,67.1,70.0,3.09,0,2,1,5.2,0,0,1
2023-12-01,361,12,6.91,84.1,65.7,3.47,0,2,1,7.1,0,0,1
2024-01-01,361,13,7.17,75.5,71.6,3.16,1,2,1,8.2,0,0,1
2024-02-01,361,14,7.06,72.9,76.5,3.19,1,2,1,3.9,0,0,1
2024-03-01,361,15,6.82,76.7,65.5,3.31,1,2,1,1.8,0,0,1
2024-04-01,361,16,7.2,75.6,74.2,3.54,1,2,1,4.9,0,0,1
2024-05-01,361,17,7.12,82.1,78.7,3.28,1,2,1,4.0,0,0,1
2024-06-01,361,18,6.91,70.3,71.1,3.54,1,2,1,4.1,1,0,1
2023-01-01,362,1,7.23,83.7,65.5,3.24,0,1,1,10.4,0,3,0
2023-02-01,362,2,7.15,83.0,69.9,3.31,0,1,1,10.2,0,3,0
2023-03-01,362,3,7.32,82.7,73.1,3.74,0,1,1,5.8,0,3,0
2023-04-01,362,4,7.54,85.3,72.8,3.61,0,1,1,10.7,0,3,0
2023-05-01,362,5,7.56,82.2,74.0,3.61,0,1,1,9.5,0,3,0
2023-06-01,362,6,7.54,82.3,58.7,3.48,0,1,1,8.4,0,3,0
2023-07-01,362,7,7.44,79.1,65.8,3.44,0,1,1,14.0,1,3,0
2023-08-01,362,8,7.54,80.2,72.2,3.64,0,1,1,2.8,2,3,0
2023-09-01,362,9,7.39,77.4,64.6,3.6,0,1,1,7.2,2,2,0
2023-10-01,362,10,7.62,80.2,67.2,3.31,0,1,1,1.1,2,1,0
2023-11-01,362,11,7.71,80.3,77.0,3.48,0,1,1,2.3,2,1,0
2023-12-01,362,12,7.63,79.9,81.6,3.74,0,1,1,9.8,2,1,0
2024-01-01,362,13,7.83,82.9,69.3,3.64,0,1,1,8.1,2,0,0
2024-02-01,362,14,7.65,77.4,73.8,3.47,0,1,1,9.5,2,0,0
2024-03-01,362,15,7.6,83.2,79.9,3.55,0,1,1,7.3,2,0,0
2024-04-01,362,16,7.64,85.4,64.4,3.58,0,1,1,6.2,2,0,0
2024-05-01,362,17,7.86,82.8,76.7,3.58,0,1,1,7.1,2,0,0
2024-06-01,362,18,7.82,85.6,70.1,3.83,0,1,1,7.9,2,0,0
2023-01-01,363,1,7.72,99.7,56.9,3.5,0,1,0,6.5,0,1,0
2023-02-01,363,2,7.75,98.4,61.3,3.74,0,1,0,2.7,0,1,0
2023-03-01,363,3,8.15,95.1,58.3,4.01,1,2,1,6.1,0,1,0
2023-04-01,363,4,7.87,100.0,62.6,3.7,1,2,1,6.5,0,1,0
2023-05-01,363,5,7.98,95.9,55.1,3.55,1,2,1,8.8,0,1,0
2023-06-01,363,6,8.0,100.0,65.4,4.02,1,2,1,10.3,0,1,0
2023-07-01,363,7,8.15,97.5,58.3,4.04,1,2,1,6.5,0,1,0
2023-08-01,363,8,8.15,98.3,58.9,3.81,1,2,1,1.7,0,1,0
2023-09-01,363,9,8.14,100.0,55.4,3.92,1,2,1,8.9,0,1,0
2023-10-01,363,10,8.33,99.4,62.6,3.84,1,3,1,9.1,0,1,0
2023-11-01,363,11,8.29,100.0,63.8,4.04,1,3,1,5.7,0,1,0
2023-12-01,363,12,8.36,97.7,64.9,4.11,1,3,1,6.7,1,1,0
2024-01-01,363,13,8.55,92.3,67.3,4.04,1,3,1,7.1,1,1,0
2024-02-01,363,14,8.24,94.7,61.8,3.87,1,3,1,4.6,2,1,0
2024-03-01,363,15,8.52,100.0,66.4,3.85,1,3,1,6.8,2,1,0
2024-04-01,363,16,8.52,88.9,63.0,3.84,1,3,1,4.4,2,0,1
2024-05-01,363,17,8.61,99.1,67.5,4.19,1,3,1,7.2,2,0,1
2024-06-01,363,18,8.65,96.3,67.1,3.78,1,3,1,8.2,2,0,1
2023-01-01,364,1,6.18,97.1,47.2,2.53,0,0,0,8.0,0,0,0
2023-02-01,364,2,6.25,97.3,58.1,2.52,0,0,0,9.1,0,0,0
2023-03-01,364,3,6.0,100.0,61.8,2.68,0,0,0,6.5,0,0,0
2023-04-01,364,4,6.23,97.2,62.5,2.8,0,0,0,7.1,0,0,0
2023-05-01,364,5,6.35,96.8,61.4,2.8,0,0,0,4.3,0,0,0
2023-06-01,364,6,6.31,100.0,67.4,2.42,0,0,0,9.0,0,0,0
2023-07-01,364,7,6.34,98.3,66.1,2.66,1,0,0,7.8,0,0,0
2023-08-01,364,8,6.38,100.0,65.3,2.64,1,1,0,3.1,0,0,0
2023-09-01,364,9,6.4,90.9,63.5,2.61,1,1,0,5.1,0,0,0
2023-10-01,364,10,6.33,98.0,69.9,2.78,1,1,0,8.5,1,0,0
2023-11-01,364,11,6.34,96.6,66.2,2.52,1,1,0,8.4,1,0,0
2023-12-01,364,12,6.52,100.0,65.5,2.78,1,1,0,13.5,1,0,0
2024-01-01,364,13,6.48,100.0,66.8,2.97,1,1,0,6.5,1,0,0
2024-02-01,364,14,6.35,99.4,71.6,2.73,2,1,0,9.0,1,0,0
2024-03-01,364,15,6.76,98.2,68.5,2.71,2,1,0,5.4,1,0,0
2024-04-01,364,16,6.41,97.1,72.8,2.59,2,2,0,6.1,1,0,1
2024-05-01,364,17,6.74,100.0,72.9,2.87,2,2,0,2.6,1,0,1
2024-06-01,364,18,6.58,100.0,68.6,2.71,2,3,0,8.9,2,0,1
2023-01-01,365,1,7.02,77.3,32.5,3.04,0,0,1,7.0,0,0,0
2023-02-01,365,2,6.91,73.5,41.8,2.84,0,0,1,4.4,0,0,0
2023-03-01,365,3,6.98,71.2,43.3,2.78,0,0,1,7.9,0,0,0
2023-04-01,365,4,6.94,73.4,39.9,2.99,0,0,1,7.3,0,0,0
2023-05-01,365,5,6.86,76.2,44.6,3.0,1,0,1,5.1,0,0,0
2023-06-01,365,6,7.1,76.2,41.8,3.02,1,0,1,6.6,0,0,0
2023-07-01,365,7,7.08,71.2,43.2,3.16,1,0,1,8.7,0,0,0
2023-08-01,365,8,6.96,67.8,43.1,2.97,1,0,1,9.1,0,0,1
2023-09-01,365,9,7.25,77.5,46.4,3.24,1,1,1,11.4,0,0,1
2023-10-01,365,10,7.26,74.0,39.7,3.24,1,1,1,6.5,0,0,1
2023-11-01,365,11,7.11,71.1,42.2,3.19,1,1,1,13.7,0,0,1
2023-12-01,365,12,7.13,82.3,46.4,3.19,1,1,1,7.6,0,0,1
2024-01-01,365,13,7.14,82.9,49.0,3.17,1,1,1,7.6,0,0,1
2024-02-01,365,14,7.26,72.0,58.6,3.14,1,1,1,6.9,0,0,1
2024-03-01,365,15,7.22,68.1,52.8,2.94,1,1,1,9.9,0,0,1
2024-04-01,365,16,7.55,75.7,52.1,2.91,1,1,1,5.4,0,0,1
2024-05-01,365,17,7.35,70.3,52.6,3.13,1,1,1,9.3,0,0,1
2024-06-01,365,18,7.49,64.5,52.8,2.99,2,1,1,10.2,0,0,1
2023-01-01,366,1,8.25,86.1,23.7,1.0,0,0,0,2.2,0,3,0
2023-02-01,366,2,7.85,86.5,25.1,1.38,0,0,0,2.1,0,3,0
2023-03-01,366,3,8.44,83.5,24.7,1.43,0,0,1,6.8,0,3,0
2023-04-01,366,4,8.1,89.0,25.9,1.39,0,0,1,3.2,0,3,0
2023-05-01,366,5,8.37,86.1,27.1,1.41,0,0,1,3.0,0,3,0
2023-06-01,366,6,8.29,84.9,26.0,1.12,0,0,1,1.8,0,3,0
2023-07-01,366,7,8.3,85.0,23.9,1.26,1,0,1,6.9,0,3,0
2023-08-01,366,8,8.29,85.3,24.9,1.36,1,0,1,10.8,0,3,0
2023-09-01,366,9,8.45,86.5,27.3,1.39,2,0,1,9.1,0,3,0
2023-10-01,366,10,8.27,86.4,24.7,1.2,2,0,1,1.1,0,3,0
2023-11-01,366,11,8.41,89.4,19.9,1.24,2,0,1,4.6,0,3,0
2023-12-01,366,12,8.62,86.1,29.8,1.07,2,0,1,0.0,0,3,0
2024-01-01,366,13,8.72,86.7,27.2,1.68,2,0,1,2.3,0,3,0
2024-02-01,366,14,8.48,93.6,27.8,1.32,2,0,1,7.3,0,3,0
2024-03-01,366,15,8.69,83.2,29.6,1.37,2,0,2,5.5,1,2,0
2024-04-01,366,16,8.71,78.7,27.1,1.7,2,0,2,0.0,1,2,0
2024-05-01,366,17,8.45,91.1,25.5,1.53,3,0,2,1.0,1,2,1
2024-06-01,366,18,8.61,89.4,28.0,1.49,3,0,2,2.8,1,2,1
2023-01-01,367,1,6.26,91.0,55.8,2.66,0,0,0,10.5,0,0,0
2023-02-01,367,2,6.39,93.3,70.3,2.85,0,0,0,9.7,0,0,0
2023-03-01,367,3,6.36,91.3,60.2,2.67,0,0,0,8.8,0,0,0
2023-04-01,367,4,6.43,83.2,58.5,2.75,0,0,0,9.6,0,0,0
2023-05-01,367,5,6.25,96.9,63.0,2.74,0,1,0,12.7,0,0,0
2023-06-01,367,6,6.37,88.7,69.4,2.74,0,1,0,12.8,0,0,0
2023-07-01,367,7,6.57,88.4,65.4,2.32,0,1,0,9.2,0,0,0
2023-08-01,367,8,6.49,89.4,66.8,3.14,0,2,0,12.9,0,0,0
2023-09-01,367,9,6.49,89.8,63.0,2.94,0,3,0,8.3,0,0,0
2023-10-01,367,10,6.58,86.4,71.7,3.14,0,4,0,9.9,1,0,0
2023-11-01,367,11,6.47,90.4,67.4,2.58,0,4,0,9.1,1,0,0
2023-12-01,367,12,6.42,87.1,72.1,2.89,0,4,0,10.7,2,0,0
2024-01-01,367,13,6.34,86.1,64.8,3.21,0,4,0,8.8,3,0,1
2024-02-01,367,14,6.57,88.3,58.9,2.88,0,4,0,13.5,4,0,1
2024-03-01,367,15,6.58,93.0,69.1,3.1,0,4,0,10.5,4,0,1
2024-04-01,367,16,6.55,91.6,78.1,2.84,0,4,0,14.7,4,0,1
2024-05-01,367,17,6.55,88.7,72.9,2.55,0,4,0,9.6,4,0,1
2024-06-01,367,18,6.64,85.8,73.8,2.85,0,5,0,11.4,4,0,1
2023-01-01,368,1,6.59,87.2,64.8,2.7,0,0,0,5.4,0,0,0
2023-02-01,368,2,6.28,82.8,65.3,3.14,0,0,0,12.3,0,0,0
2023-03-01,368,3,6.64,89.4,65.4,2.56,0,0,1,7.9,0,0,0
2023-04-01,368,4,6.34,83.4,70.3,2.67,1,0,1,14.7,0,0,0
2023-05-01,368,5,6.69,86.9,71.0,2.94,1,0,1,17.2,0,0,0
2023-06-01,368,6,6.35,86.4,65.4,3.02,1,0,1,9.5,0,0,0
2023-07-01,368,7,6.69,80.8,64.7,2.8,1,0,1,10.9,0,0,0
2023-08-01,368,8,6.63,93.3,66.5,2.83,1,0,1,11.0,0,0,0
2023-09-01,368,9,6.93,88.1,62.7,2.96,1,0,1,14.7,0,0,0
2023-10-01,368,10,6.95,83.8,67.0,2.89,1,0,1,12.2,0,0,0
2023-11-01,368,11,6.85,91.7,74.3,2.8,1,0,1,10.1,1,0,0
2023-12-01,368,12,6.9,82.0,73.8,3.22,1,0,1,12.3,1,0,0
2024-01-01,368,13,6.85,83.3,75.6,2.76,1,0,1,12.0,2,0,1
2024-02-01,368,14,6.8,89.1,70.9,2.97,1,0,2,10.0,2,0,1
2024-03-01,368,15,7.37,89.9,75.1,3.43,1,0,2,7.4,3,0,1
2024-04-01,368,16,7.03,87.5,69.0,2.83,1,0,2,11.9,3,0,1
2024-05-01,368,17,7.13,85.0,75.2,3.04,1,0,2,10.6,4,0,1
2024-06-01,368,18,7.26,86.9,80.1,3.05,1,0,2,13.5,4,0,1
2023-01-01,369,1,7.12,82.2,74.0,2.51,0,2,0,8.2,0,0,0
2023-02-01,369,2,7.22,83.8,77.9,2.36,1,2,0,8.3,0,0,0
2023-03-01,369,3,7.17,88.8,70.7,2.22,1,2,0,11.7,0,0,0
2023-04-01,369,4,7.16,86.8,71.3,2.52,1,2,0,7.7,0,0,0
2023-05-01,369,5,7.34,83.5,78.6,2.72,1,3,1,8.3,0,0,1
2023-06-01,369,6,7.21,90.7,78.1,2.48,1,4,1,6.7,0,0,1
2023-07-01,369,7,7.24,82.5,79.6,2.6,1,4,1,5.7,0,0,1
2023-08-01,369,8,7.32,81.9,78.3,2.39,1,4,1,6.1,1,0,1
2023-09-01,369,9,7.52,77.6,89.1,2.65,1,5,1,2.5,1,0,1
2023-10-01,369,10,7.31,81.7,85.8,2.37,2,5,1,10.6,1,0,1
2023-11-01,369,11,7.64,86.2,81.9,2.58,2,5,1,10.1,1,0,1
2023-12-01,369,12,7.33,85.3,82.9,2.64,2,5,1,6.5,2,0,1
2024-01-01,369,13,7.36,84.1,78.4,2.55,2,5,1,14.6,3,0,1
2024-02-01,369,14,7.41,89.7,86.7,2.87,3,5,1,9.4,3,0,1
2024-03-01,369,15,7.54,91.7,86.8,2.75,3,5,1,11.4,3,0,1
2024-04-01,369,16,7.38,87.0,87.4,2.5,3,5,1,10.7,4,0,1
2024-05-01,369,17,7.81,87.9,95.7,2.48,3,5,1,5.9,4,0,1
2024-06-01,369,18,7.35,87.2,92.8,2.38,3,5,1,5.5,4,0,1
2023-01-01,370,1,7.55,89.0,81.8,3.35,0,0,0,8.9,0,1,0
2023-02-01,370,2,7.73,80.8,86.7,3.25,0,0,0,10.5,0,1,0
2023-03-01,370,3,7.86,78.5,81.6,3.29,0,0,1,6.5,0,0,0
2023-04-01,370,4,7.73,83.2,81.5,3.02,0,0,1,8.8,0,0,0
2023-05-01,370,5,7.77,84.6,80.9,3.22,0,0,1,10.1,0,0,0
2023-06-01,370,6,7.57,81.2,80.1,3.29,0,1,1,8.9,0,0,0
2023-07-01,370,7,7.57,89.6,90.1,3.29,0,1,1,8.0,0,0,0
2023-08-01,370,8,7.85,85.3,86.4,3.14,0,1,1,7.7,0,0,0
2023-09-01,370,9,7.87,85.7,86.4,3.29,0,2,1,6.8,0,0,0
2023-10-01,370,10,7.73,86.6,82.0,3.31,0,2,1,7.6,0,0,0
2023-11-01,370,11,7.89,89.4,84.5,3.33,0,3,1,8.3,0,0,0
2023-12-01,370,12,7.73,94.7,87.2,3.5,0,3,1,4.8,0,0,1
2024-01-01,370,13,7.95,82.4,89.2,3.53,0,3,1,7.8,0,0,1
2024-02-01,370,14,7.9,88.7,87.2,3.44,0,3,1,12.4,0,0,1
2024-03-01,370,15,7.75,87.6,92.4,3.46,0,3,1,6.6,0,0,1
2024-04-01,370,16,7.91,81.6,93.5,3.44,0,3,1,15.7,0,0,1
2024-05-01,370,17,7.97,81.5,91.4,3.29,0,3,1,4.0,1,0,1
2024-06-01,370,18,7.69,86.1,89.4,3.49,0,3,2,7.0,2,0,1
2023-01-01,371,1,6.8,99.9,80.3,3.18,0,0,0,14.1,0,0,0
2023-02-01,371,2,7.32,95.6,76.9,3.39,0,0,0,8.4,0,0,0
2023-03-01,371,3,6.83,99.2,82.3,3.05,1,0,0,9.0,0,0,0
2023-04-01,371,4,7.3,93.2,81.0,2.98,1,0,0,6.2,0,0,0
2023-05-01,371,5,7.31,100.0,78.5,3.08,1,0,0,5.6,0,0,0
2023-06-01,371,6,7.02,100.0,83.3,3.2,1,1,0,9.6,0,0,0
2023-07-01,371,7,7.18,100.0,83.6,3.22,1,1,1,5.9,0,0,0
2023-08-01,371,8,7.18,100.0,92.4,3.15,1,1,1,3.5,0,0,0
2023-09-01,371,9,7.14,97.7,91.3,3.13,1,1,1,11.0,1,0,0
2023-10-01,371,10,7.12,100.0,86.5,3.44,1,1,1,10.8,1,0,0
2023-11-01,371,11,7.15,99.9,89.1,3.32,1,1,1,8.4,1,0,0
2023-12-01,371,12,7.14,96.6,86.1,3.06,1,1,1,8.1,1,0,0
2024-01-01,371,13,7.24,100.0,90.3,3.24,1,1,1,6.0,1,0,0
2024-02-01,371,14,7.36,94.4,83.3,3.06,1,1,1,6.6,2,0,0
2024-03-01,371,15,7.22,97.2,91.1,3.28,2,1,1,7.4,2,0,0
2024-04-01,371,16,7.16,96.9,91.7,3.29,2,2,1,7.6,2,0,0
2024-05-01,371,17,7.52,95.8,93.8,3.45,2,2,1,7.1,2,0,0
2024-06-01,371,18,7.35,100.0,89.7,3.65,2,2,1,10.0,2,0,0
2023-01-01,372,1,8.03,90.3,40.8,1.4,0,1,0,6.4,0,0,0
2023-02-01,372,2,7.95,96.1,40.6,1.62,0,1,0,3.5,1,0,0
2023-03-01,372,3,8.16,96.9,42.9,1.63,0,2,0,8.0,1,0,0
2023-04-01,372,4,8.07,98.0,43.2,1.86,0,2,0,5.5,1,0,0
2023-05-01,372,5,8.25,93.8,45.8,1.64,0,2,0,7.0,1,0,0
2023-06-01,372,6,8.25,95.2,53.7,1.85,0,2,0,9.0,2,0,0
2023-07-01,372,7,8.33,95.7,44.7,1.7,0,2,0,10.8,2,0,0
2023-08-01,372,8,8.41,92.7,48.8,1.88,0,3,0,12.2,2,0,0
2023-09-01,372,9,8.36,93.8,53.5,1.8,0,3,0,7.6,2,0,0
2023-10-01,372,10,8.39,93.2,49.5,1.99,0,3,0,3.8,2,0,0
2023-11-01,372,11,8.45,97.9,49.2,1.69,1,4,0,4.1,2,0,0
2023-12-01,372,12,8.75,98.6,44.1,1.6,1,4,0,3.9,2,0,0
2024-01-01,372,13,8.66,91.6,55.2,1.68,1,4,0,6.1,2,0,0
2024-02-01,372,14,8.61,90.5,51.0,1.62,1,4,0,0.8,3,0,0
2024-03-01,372,15,8.52,85.0,43.5,1.73,1,4,0,8.0,3,0,0
2024-04-01,372,16,8.64,100.0,46.3,2.05,1,4,0,7.4,3,0,0
2024-05-01,372,17,8.95,96.7,43.4,1.69,1,4,0,5.3,3,0,0
2024-06-01,372,18,9.0,91.8,54.8,2.05,1,4,0,9.8,4,0,0
2023-01-01,373,1,7.61,66.6,51.9,3.36,0,0,1,5.0,0,0,0
2023-02-01,373,2,7.82,75.3,61.9,3.33,0,0,1,2.7,1,0,0
2023-03-01,373,3,7.65,70.8,55.5,3.28,0,0,1,2.3,1,0,0
2023-04-01,373,4,7.66,68.5,50.8,3.26,0,0,1,6.3,1,0,0
2023-05-01,373,5,7.69,68.0,52.2,3.19,0,0,1,5.5,1,0,0
2023-06-01,373,6,7.67,67.7,54.3,3.38,0,0,1,9.1,1,0,0
2023-07-01,373,7,7.77,73.1,57.5,3.14,0,0,1,7.6,1,0,1
2023-08-01,373,8,7.69,66.4,65.9,3.52,0,0,1,4.7,1,0,1
2023-09-01,373,9,7.8,69.6,48.2,3.28,0,0,1,2.0,1,0,1
2023-10-01,373,10,7.68,72.3,55.2,3.18,0,0,1,6.4,1,0,1
2023-11-01,373,11,7.83,76.5,54.8,3.65,0,0,1,5.1,1,0,1
2023-12-01,373,12,7.53,70.9,61.3,3.25,0,0,1,5.8,1,0,1
2024-01-01,373,13,7.84,80.2,49.5,3.37,0,0,1,8.3,1,0,1
2024-02-01,373,14,7.98,68.1,67.7,3.27,0,1,1,8.6,1,0,1
2024-03-01,373,15,7.65,72.9,51.7,3.65,0,1,1,7.0,1,0,1
2024-04-01,373,16,7.94,70.8,58.0,3.38,0,1,1,1.8,2,0,1
2024-05-01,373,17,8.11,76.0,60.5,3.35,0,1,1,7.5,3,0,1
2024-06-01,373,18,8.06,73.5,54.9,3.61,0,1,1,5.7,3,0,1
2023-01-01,374,1,7.86,88.5,67.9,2.41,0,0,0,11.0,0,1,0
2023-02-01,374,2,7.78,88.6,61.9,2.51,0,0,0,7.7,0,0,0
2023-03-01,374,3,7.55,87.8,74.3,2.75,0,0,0,9.8,0,0,0
2023-04-01,374,4,7.81,93.6,64.2,2.63,0,0,0,10.9,0,0,0
2023-05-01,374,5,8.05,88.5,67.1,2.78,0,0,0,6.2,0,0,0
2023-06-01,374,6,7.91,89.6,68.4,2.74,0,0,0,4.0,0,0,0
2023-07-01,374,7,7.8,86.0,68.5,2.63,0,0,0,11.1,0,0,0
2023-08-01,374,8,8.14,85.0,75.7,2.75,0,1,0,12.9,0,0,0
2023-09-01,374,9,8.13,86.3,70.1,2.68,0,1,0,3.1,0,0,0
2023-10-01,374,10,7.81,90.0,75.4,2.33,0,1,0,5.8,0,0,0
2023-11-01,374,11,8.16,92.2,63.9,2.71,0,1,0,4.6,0,0,0
2023-12-01,374,12,8.21,79.4,74.3,2.22,0,1,0,8.8,0,0,0
2024-01-01,374,13,8.46,91.0,77.5,2.43,0,1,0,2.2,1,0,0
2024-02-01,374,14,8.23,81.3,72.1,2.66,0,1,0,11.0,1,0,0
2024-03-01,374,15,8.43,91.4,73.5,2.49,0,1,1,11.3,1,0,0
2024-04-01,374,16,8.3,86.0,71.4,2.79,1,1,1,9.9,2,0,0
2024-05-01,374,17,8.15,98.4,80.0,3.08,1,1,1,11.1,2,0,0
2024-06-01,374,18,8.45,89.7,78.0,2.79,1,1,1,5.8,2,0,0
2023-01-01,375,1,7.63,93.6,86.1,3.47,0,1,0,7.5,0,0,0
2023-02-01,375,2,7.45,88.3,98.2,3.5,0,1,0,4.3,0,0,0
2023-03-01,375,3,7.37,85.1,92.1,3.44,0,1,0,2.5,0,0,0
2023-04-01,375,4,7.51,88.5,99.0,3.76,1,1,0,3.6,0,0,0
2023-05-01,375,5,7.7,87.3,96.3,3.47,1,1,0,2.8,0,0,0
2023-06-01,375,6,7.6,100.0,93.1,3.61,1,1,0,4.4,0,0,0
2023-07-01,375,7,7.79,83.8,96.1,3.43,1,1,0,5.5,0,0,0
2023-08-01,375,8,7.71,91.6,100.0,3.43,1,1,0,2.3,0,0,0
2023-09-01,375,9,7.66,94.2,100.0,3.73,1,1,0,1.2,0,0,0
2023-10-01,375,10,7.68,90.4,91.7,3.65,1,1,0,5.2,0,0,0
2023-11-01,375,11,7.97,88.6,100.0,3.65,1,1,0,3.7,0,0,0
2023-12-01,375,12,8.07,88.1,100.0,3.75,1,1,0,5.1,0,0,0
2024-01-01,375,13,7.89,91.6,95.2,3.78,1,1,0,5.5,0,0,0
2024-02-01,375,14,7.81,88.0,98.9,3.81,1,1,0,4.9,0,0,1
2024-03-01,375,15,8.27,93.4,91.7,3.85,1,1,0,1.3,0,0,1
2024-04-01,375,16,8.28,94.6,95.0,4.02,1,1,0,4.8,0,0,1
2024-05-01,375,17,8.03,90.5,95.6,3.78,1,1,0,1.3,0,0,1
2024-06-01,375,18,7.86,86.0,100.0,3.73,1,1,0,6.9,0,0,1
2023-01-01,376,1,8.89,84.1,71.7,2.27,0,2,0,9.4,0,1,0
2023-02-01,376,2,8.99,90.7,79.6,2.27,0,2,0,10.0,0,1,0
2023-03-01,376,3,8.87,79.9,87.9,2.27,0,2,0,12.7,0,1,0
2023-04-01,376,4,9.0,90.6,78.7,2.55,0,2,0,12.1,0,1,0
2023-05-01,376,5,8.93,78.2,92.4,2.16,0,2,0,13.0,0,1,0
2023-06-01,376,6,9.22,89.4,81.4,2.13,0,3,0,8.8,1,1,0
2023-07-01,376,7,9.2,90.0,99.8,2.5,0,3,0,11.9,1,1,0
2023-08-01,376,8,9.16,79.8,85.3,2.42,0,3,0,11.1,1,1,0
2023-09-01,376,9,9.36,87.2,80.9,2.58,0,3,0,8.9,1,1,0
2023-10-01,376,10,9.23,83.5,84.3,2.36,1,3,0,8.2,1,1,0
2023-11-01,376,11,9.46,81.4,86.8,2.44,1,3,0,11.7,2,1,0
2023-12-01,376,12,9.49,89.0,88.5,2.53,1,3,0,15.7,2,1,0
2024-01-01,376,13,9.48,80.3,90.2,2.33,1,3,0,6.8,3,1,0
2024-02-01,376,14,9.39,77.4,89.9,2.38,1,3,0,12.4,4,1,0
2024-03-01,376,15,9.6,82.5,93.2,2.56,1,4,0,7.8,4,1,0
2024-04-01,376,16,9.47,78.6,95.9,2.46,1,4,1,5.4,4,1,0
2024-05-01,376,17,9.54,82.6,82.5,2.6,1,4,1,12.8,4,1,0
2024-06-01,376,18,9.62,89.3,95.6,2.38,1,5,1,12.8,4,1,0
2023-01-01,377,1,6.54,98.7,78.1,3.49,1,1,0,4.2,0,1,0
2023-02-01,377,2,6.96,95.3,85.2,3.51,1,1,0,8.3,0,1,0
2023-03-01,377,3,6.97,97.5,83.3,3.44,1,1,0,9.6,0,1,0
2023-04-01,377,4,6.93,96.4,76.5,3.49,1,1,0,4.4,0,1,0
2023-05-01,377,5,6.96,96.2,75.8,3.14,1,1,0,5.9,0,0,0
2023-06-01,377,6,7.14,91.5,73.5,3.47,1,1,0,6.9,1,0,0
2023-07-01,377,7,7.12,95.0,81.0,3.22,1,1,0,4.1,1,0,0
2023-08-01,377,8,7.36,89.6,71.5,3.3,1,1,0,10.6,1,0,0
2023-09-01,377,9,7.32,99.3,83.2,3.06,1,1,0,6.1,1,0,0
2023-10-01,377,10,7.2,89.6,81.2,3.28,1,2,0,12.1,1,0,0
2023-11-01,377,11,7.24,86.0,85.0,3.46,1,2,0,9.1,1,0,0
2023-12-01,377,12,7.62,94.6,67.2,3.38,1,2,0,10.3,2,0,0
2024-01-01,377,13,7.23,96.7,76.0,3.61,1,2,0,11.8,2,0,0
2024-02-01,377,14,7.43,93.8,79.3,3.53,1,2,0,5.1,3,0,0
2024-03-01,377,15,7.62,92.8,80.9,3.2,1,2,0,11.7,3,0,0
2024-04-01,377,16,7.63,92.7,82.2,3.41,1,2,0,9.1,3,0,0
2024-05-01,377,17,7.5,100.0,78.2,3.51,1,2,0,8.7,3,0,0
2024-06-01,377,18,7.82,90.5,84.9,3.53,1,2,0,6.6,3,0,0
2023-01-01,378,1,5.35,82.4,44.1,3.03,0,1,0,7.9,0,3,0
2023-02-01,378,2,5.36,89.7,55.3,2.97,0,2,0,4.0,0,3,0
2023-03-01,378,3,5.37,87.7,56.6,3.27,0,2,0,5.8,0,3,0
2023-04-01,378,4,5.56,82.7,58.9,3.07,0,2,0,5.4,0,3,0
2023-05-01,378,5,5.36,82.3,55.3,3.09,0,2,0,6.3,0,3,0
2023-06-01,378,6,5.74,85.8,54.7,2.99,0,2,0,8.4,0,3,0
2023-07-01,378,7,5.85,84.5,57.4,3.03,0,2,0,8.0,0,3,0
2023-08-01,378,8,5.47,87.8,56.5,2.87,0,2,0,8.5,0,2,0
2023-09-01,378,9,5.78,88.4,56.2,3.05,0,2,0,4.9,0,2,0
2023-10-01,378,10,5.87,83.6,55.8,3.1,0,2,0,5.7,0,2,0
2023-11-01,378,11,5.86,90.3,58.0,2.9,0,2,1,8.5,1,1,0
2023-12-01,378,12,5.81,86.0,58.5,3.39,0,2,1,7.1,1,1,0
2024-01-01,378,13,5.97,81.2,52.2,3.41,0,2,1,1.3,1,1,0
2024-02-01,378,14,5.9,82.9,54.7,3.03,0,2,1,8.5,1,1,0
2024-03-01,378,15,6.09,85.9,53.9,3.13,0,2,1,9.0,2,1,0
2024-04-01,378,16,6.13,80.2,58.0,3.02,0,2,1,7.9,2,1,0
2024-05-01,378,17,6.2,78.3,59.2,3.03,0,2,1,9.0,2,1,0
2024-06-01,378,18,6.28,86.9,63.5,3.25,0,2,1,5.7,2,1,0
2023-01-01,379,1,8.02,79.9,45.2,3.42,0,1,0,5.9,0,2,0
2023-02-01,379,2,8.36,83.0,38.8,3.49,0,1,0,7.7,0,2,0
2023-03-01,379,3,8.45,86.0,48.0,3.27,1,1,1,5.6,0,2,0
2023-04-01,379,4,8.38,77.4,47.7,3.87,1,1,1,7.0,0,2,0
2023-05-01,379,5,8.5,90.7,40.3,3.61,1,1,2,8.9,0,2,0
2023-06-01,379,6,8.57,83.4,53.5,3.47,1,1,2,7.8,0,2,0
2023-07-01,379,7,8.36,80.5,40.6,3.65,1,1,2,6.9,0,2,0
2023-08-01,379,8,8.47,81.2,49.1,3.25,1,1,2,11.6,0,2,0
2023-09-01,379,9,8.64,87.4,46.1,3.4,1,1,2,8.3,0,2,0
2023-10-01,379,10,8.87,75.0,50.4,3.5,1,1,3,6.6,0,2,0
2023-11-01,379,11,8.86,81.1,51.1,3.67,1,1,3,6.2,0,2,0
2023-12-01,379,12,8.85,85.9,43.4,3.59,1,1,3,1.9,0,2,0
2024-01-01,379,13,8.58,81.3,51.2,3.5,1,1,3,8.7,0,2,0
2024-02-01,379,14,8.71,92.2,64.5,3.47,1,1,3,9.4,0,2,0
2024-03-01,379,15,8.86,88.0,57.2,3.42,1,1,3,12.0,0,2,0
2024-04-01,379,16,8.96,78.6,44.3,3.22,1,1,3,5.0,0,2,0
2024-05-01,379,17,9.12,75.6,45.7,3.77,1,1,3,4.2,0,2,0
2024-06-01,379,18,9.06,79.9,49.6,3.43,1,1,3,2.3,0,2,0
2023-01-01,380,1,6.66,83.7,66.1,3.27,0,1,1,12.0,0,0,0
2023-02-01,380,2,6.5,86.5,72.5,2.97,0,1,1,6.3,0,0,0
2023-03-01,380,3,6.42,78.5,77.3,3.35,0,1,1,13.0,0,0,0
2023-04-01,380,4,6.69,90.6,73.6,3.33,0,2,1,14.7,0,0,0
2023-05-01,380,5,6.67,80.4,76.2,3.15,1,2,1,7.2,0,0,0
2023-06-01,380,6,6.82,80.8,73.4,3.22,1,2,1,16.4,1,0,0
2023-07-01,380,7,6.73,83.5,83.5,3.41,1,2,1,10.8,2,0,0
2023-08-01,380,8,6.69,81.3,74.0,3.64,2,2,1,11.8,3,0,0
2023-09-01,380,9,6.86,82.8,78.3,3.25,3,2,1,12.0,3,0,0
2023-10-01,380,10,6.68,84.2,83.9,3.56,4,2,1,14.7,3,0,0
2023-11-01,380,11,6.66,86.1,75.8,3.51,4,3,1,11.0,3,0,1
2023-12-01,380,12,6.7,76.9,82.5,3.23,4,4,1,12.9,3,0,1
2024-01-01,380,13,6.6,84.8,80.8,3.77,4,4,1,6.6,3,0,1
2024-02-01,380,14,6.84,83.8,74.3,3.51,4,4,1,15.5,4,0,1
2024-03-01,380,15,6.83,86.5,81.8,3.41,5,4,1,11.6,4,0,1
2024-04-01,380,16,7.07,78.5,80.0,3.6,5,4,1,9.2,5,0,1
2024-05-01,380,17,7.07,88.5,91.7,3.79,5,4,2,10.6,6,0,1
2024-06-01,380,18,6.99,79.0,83.1,3.57,5,4,2,12.9,6,0,1
2023-01-01,381,1,7.23,63.0,47.2,2.95,0,1,0,4.3,0,0,0
2023-02-01,381,2,7.17,55.2,35.3,2.91,0,1,0,5.6,0,0,0
2023-03-01,381,3,7.34,64.3,40.6,2.9,0,1,0,5.0,0,0,0
2023-04-01,381,4,7.1,65.3,48.6,2.93,0,1,0,4.9,0,0,0
2023-05-01,381,5,7.3,65.3,38.8,2.84,0,1,0,7.1,0,0,0
2023-06-01,381,6,7.21,64.5,46.7,2.73,0,1,0,4.3,0,0,0
2023-07-01,381,7,7.31,61.8,49.8,3.18,0,1,0,2.2,0,0,0
2023-08-01,381,8,7.53,63.4,51.6,2.99,0,1,0,2.3,0,0,0
2023-09-01,381,9,7.51,56.1,42.2,3.08,0,1,0,4.4,0,0,0
2023-10-01,381,10,7.89,62.4,48.1,2.94,0,1,0,6.4,0,0,0
2023-11-01,381,11,7.46,57.3,45.3,3.16,0,1,0,7.2,0,0,0
2023-12-01,381,12,7.6,63.2,43.5,3.19,0,1,0,8.1,1,0,0
2024-01-01,381,13,7.55,66.8,45.1,3.24,0,1,0,5.2,2,0,0
2024-02-01,381,14,7.49,61.4,57.7,3.14,0,1,0,0.0,3,0,0
2024-03-01,381,15,7.76,65.7,40.6,3.0,0,1,0,4.7,3,0,0
2024-04-01,381,16,7.82,65.1,40.3,3.32,0,1,0,8.2,3,0,0
2024-05-01,381,17,7.89,68.2,45.5,3.31,0,1,0,7.3,3,0,0
2024-06-01,381,18,7.77,65.9,42.9,3.37,0,1,1,5.3,3,0,0
2023-01-01,382,1,8.06,81.4,51.6,2.16,1,0,1,4.3,0,0,0
2023-02-01,382,2,7.94,80.5,54.2,2.28,1,0,1,0.8,0,0,0
2023-03-01,382,3,8.08,79.7,50.4,2.49,1,0,1,4.7,0,0,0
2023-04-01,382,4,8.17,80.3,55.0,2.31,1,0,1,1.9,0,0,0
2023-05-01,382,5,8.16,74.7,53.0,2.18,1,1,1,5.6,0,0,0
2023-06-01,382,6,8.19,81.3,59.4,2.17,1,1,1,6.4,0,0,0
2023-07-01,382,7,8.26,86.8,54.6,1.99,1,1,1,4.8,0,0,0
2023-08-01,382,8,8.17,76.5,48.0,2.32,1,1,1,4.9,0,0,0
2023-09-01,382,9,8.24,84.8,58.1,2.15,1,1,1,7.2,0,0,0
2023-10-01,382,10,8.37,78.6,50.3,2.12,1,1,1,6.8,0,0,0
2023-11-01,382,11,8.39,81.7,58.5,2.2,1,1,1,4.1,0,0,0
2023-12-01,382,12,8.43,80.5,53.2,2.4,1,1,1,4.9,0,0,0
2024-01-01,382,13,8.27,84.7,62.1,2.29,1,1,1,2.3,0,0,0
2024-02-01,382,14,8.46,83.5,58.6,2.23,1,1,1,3.9,0,0,0
2024-03-01,382,15,8.5,77.8,53.8,2.26,1,1,1,3.9,0,0,0
2024-04-01,382,16,8.3,81.0,62.8,2.12,2,1,1,1.0,1,0,0
2024-05-01,382,17,8.83,84.8,53.5,2.41,2,1,1,2.5,1,0,0
2024-06-01,382,18,8.63,89.6,60.8,2.34,2,1,1,3.6,2,0,0
2023-01-01,383,1,5.54,78.0,47.5,2.2,0,1,0,5.1,0,3,0
2023-02-01,383,2,5.65,69.0,55.4,2.06,0,1,0,2.6,0,3,0
2023-03-01,383,3,5.98,76.2,52.3,2.17,0,1,0,5.4,0,3,0
2023-04-01,383,4,5.81,79.6,52.0,2.06,0,1,0,1.6,1,3,0
2023-05-01,383,5,5.77,79.5,60.2,2.19,0,2,0,2.0,2,3,0
2023-06-01,383,6,5.98,79.4,55.8,2.33,0,3,0,5.7,2,3,0
2023-07-01,383,7,5.89,82.5,57.6,2.33,0,3,0,4.6,2,3,0
2023-08-01,383,8,6.04,67.8,56.6,2.03,0,3,0,1.7,2,3,0
2023-09-01,383,9,5.99,77.4,62.0,2.38,0,3,0,5.5,2,3,0
2023-10-01,383,10,6.08,77.1,59.7,2.04,0,3,0,1.7,2,3,0
2023-11-01,383,11,6.27,69.9,61.0,2.62,0,3,0,1.2,2,3,0
2023-12-01,383,12,6.13,70.5,63.9,2.51,0,3,0,7.3,2,3,0
2024-01-01,383,13,5.96,71.9,56.4,1.96,0,3,0,2.7,2,3,0
2024-02-01,383,14,6.13,82.3,57.8,2.45,0,4,0,5.1,2,3,0
2024-03-01,383,15,6.26,70.9,62.6,2.25,0,4,0,8.0,2,3,0
2024-04-01,383,16,6.49,74.8,58.2,2.21,0,4,0,2.7,2,3,0
2024-05-01,383,17,6.27,73.2,68.1,2.45,0,4,0,6.5,2,3,0
2024-06-01,383,18,6.34,77.5,63.0,2.23,0,4,0,9.5,2,3,0
2023-01-01,384,1,6.23,64.9,76.3,2.88,1,0,1,12.9,0,0,0
2023-02-01,384,2,6.13,69.3,79.3,2.65,1,0,1,4.7,0,0,0
2023-03-01,384,3,6.09,68.2,86.4,2.74,1,0,1,9.5,0,0,0
2023-04-01,384,4,6.02,67.3,81.3,2.92,1,0,1,13.3,0,0,0
2023-05-01,384,5,6.11,73.2,86.1,2.86,1,0,2,7.6,0,0,0
2023-06-01,384,6,6.13,83.0,86.2,2.78,1,1,2,11.8,0,0,0
2023-07-01,384,7,6.16,66.3,89.2,2.75,1,1,2,9.9,0,0,0
2023-08-01,384,8,6.13,69.6,84.3,2.75,1,1,2,4.6,1,0,0
2023-09-01,384,9,6.55,67.5,84.3,2.66,1,1,2,11.0,2,0,0
2023-10-01,384,10,6.41,69.3,85.0,2.89,1,1,2,6.7,3,0,0
2023-11-01,384,11,6.45,68.4,90.2,2.83,1,1,2,10.4,3,0,0
2023-12-01,384,12,6.5,67.2,87.6,2.96,1,1,2,11.4,3,0,1
2024-01-01,384,13,6.32,72.6,87.6,2.75,1,1,2,5.7,3,0,1
2024-02-01,384,14,6.59,65.5,93.9,2.79,1,1,2,7.6,3,0,1
2024-03-01,384,15,6.62,69.8,90.9,2.97,1,1,2,11.8,3,0,1
2024-04-01,384,16,6.47,74.7,91.4,2.91,1,1,2,12.3,4,0,1
2024-05-01,384,17,6.84,77.2,88.9,3.07,1,1,2,9.2,4,0,1
2024-06-01,384,18,6.93,68.9,95.1,2.97,2,1,2,9.1,5,0,1
2023-01-01,385,1,5.52,98.0,56.0,3.44,0,0,0,11.3,0,0,0
2023-02-01,385,2,5.79,98.9,52.2,3.27,0,0,0,10.4,0,0,0
2023-03-01,385,3,5.83,97.5,56.7,3.21,0,0,0,7.8,1,0,0
2023-04-01,385,4,5.68,100.0,50.4,3.18,0,0,0,12.3,1,0,0
2023-05-01,385,5,6.0,88.6,58.4,3.25,0,0,0,10.3,1,0,0
2023-06-01,385,6,6.14,89.5,52.4,3.39,0,0,1,9.5,1,0,0
2023-07-01,385,7,5.81,100.0,54.4,3.34,0,0,1,12.7,1,0,0
2023-08-01,385,8,6.02,100.0,68.0,3.16,0,0,1,12.3,1,0,0
2023-09-01,385,9,6.22,93.1,60.4,3.28,0,0,1,10.4,2,0,0
2023-10-01,385,10,6.15,100.0,60.6,3.28,0,0,1,8.9,2,0,0
2023-11-01,385,11,6.35,92.3,61.8,3.31,0,0,1,11.5,2,0,0
2023-12-01,385,12,6.25,97.1,66.2,3.41,0,0,1,12.2,2,0,0
2024-01-01,385,13,6.24,94.8,65.5,3.33,0,0,1,11.3,3,0,0
2024-02-01,385,14,6.36,95.3,59.7,3.07,1,0,1,15.3,3,0,0
2024-03-01,385,15,6.47,90.9,64.8,2.88,1,1,1,12.7,4,0,0
2024-04-01,385,16,6.27,96.5,65.8,3.45,1,1,1,11.8,4,0,0
2024-05-01,385,17,6.62,100.0,63.0,3.43,1,1,1,11.9,4,0,0
2024-06-01,385,18,6.46,91.9,66.7,3.15,2,1,1,10.0,4,0,0
2023-01-01,386,1,6.35,87.1,25.9,2.67,1,1,0,2.9,0,1,0
2023-02-01,386,2,6.64,88.3,26.2,2.61,1,1,0,6.6,0,1,0
2023-03-01,386,3,6.23,89.0,25.1,2.83,1,1,0,5.2,0,1,0
2023-04-01,386,4,6.37,92.8,28.1,2.66,1,1,0,5.1,0,1,0
2023-05-01,386,5,6.3,86.0,21.4,3.14,1,1,0,1.7,0,0,0
2023-06-01,386,6,6.63,81.3,20.1,2.97,1,1,0,6.5,0,0,0
2023-07-01,386,7,6.48,79.8,28.2,2.86,1,1,0,4.7,0,0,0
2023-08-01,386,8,6.55,87.2,27.0,2.65,1,1,0,9.1,0,0,0
2023-09-01,386,9,6.62,79.8,34.7,2.76,1,1,0,8.8,0,0,0
2023-10-01,386,10,6.86,83.2,30.3,2.83,1,1,0,4.6,1,0,0
2023-11-01,386,11,6.64,90.7,27.4,2.69,1,1,0,4.6,1,0,0
2023-12-01,386,12,6.91,89.0,30.5,2.97,1,1,0,3.7,1,0,0
2024-01-01,386,13,6.91,81.5,32.5,2.87,1,1,1,2.9,1,0,0
2024-02-01,386,14,6.85,82.5,22.0,3.3,1,1,1,5.2,1,0,0
2024-03-01,386,15,6.74,82.8,25.5,2.93,1,1,1,5.5,1,0,0
2024-04-01,386,16,7.05,78.8,30.9,3.09,1,1,1,2.0,1,0,0
2024-05-01,386,17,6.75,83.5,35.3,2.75,1,1,1,0.6,1,0,0
2024-06-01,386,18,6.93,84.6,40.8,3.07,1,1,1,4.3,1,0,0
2023-01-01,387,1,7.31,80.8,70.6,3.65,0,0,1,10.5,0,0,0
2023-02-01,387,2,7.43,76.7,63.9,3.56,0,0,1,11.9,0,0,0
2023-03-01,387,3,7.31,86.3,63.6,3.55,0,0,1,11.0,0,0,0
2023-04-01,387,4,7.31,82.3,64.8,3.72,0,0,1,10.4,0,0,0
2023-05-01,387,5,7.38,79.8,68.0,3.66,0,0,1,4.7,0,0,0
2023-06-01,387,6,7.53,85.2,71.5,3.65,0,0,1,11.3,0,0,1
2023-07-01,387,7,7.58,82.2,70.6,3.77,0,0,1,13.7,0,0,1
2023-08-01,387,8,7.52,83.8,73.9,3.71,0,0,1,11.9,0,0,1
2023-09-01,387,9,7.81,80.8,69.8,3.39,0,0,1,16.8,0,0,1
2023-10-01,387,10,7.72,80.7,65.8,3.95,0,0,1,8.4,1,0,1
2023-11-01,387,11,7.77,84.0,76.8,3.87,0,0,1,14.8,1,0,1
2023-12-01,387,12,7.75,80.5,72.3,3.91,0,0,1,12.5,1,0,1
2024-01-01,387,13,7.64,78.7,70.2,3.78,0,0,1,13.4,1,0,1
2024-02-01,387,14,7.77,84.0,83.3,3.68,0,0,1,10.6,2,0,1
2024-03-01,387,15,7.83,86.9,74.2,3.85,0,0,1,10.8,3,0,1
2024-04-01,387,16,7.8,81.8,80.7,3.72,0,0,1,7.5,4,0,1
2024-05-01,387,17,7.89,84.3,78.6,3.73,0,0,1,11.0,4,0,1
2024-06-01,387,18,7.9,81.2,82.4,3.89,0,0,1,9.1,4,0,1
2023-01-01,388,1,7.35,75.3,50.8,3.23,0,1,0,1.2,0,1,0
2023-02-01,388,2,7.39,80.1,48.2,3.01,0,1,0,8.1,0,1,0
2023-03-01,388,3,7.49,71.9,47.0,2.78,0,1,0,7.3,0,1,0
2023-04-01,388,4,7.52,81.8,54.7,3.32,0,1,0,10.7,0,1,0
2023-05-01,388,5,7.4,81.6,45.6,2.93,0,1,0,8.4,0,1,0
2023-06-01,388,6,7.43,76.4,49.2,3.1,0,1,0,7.4,0,1,0
2023-07-01,388,7,7.54,68.8,48.8,2.99,1,1,0,5.1,0,1,0
2023-08-01,388,8,7.66,71.3,53.0,3.0,1,1,0,2.7,0,1,0
2023-09-01,388,9,7.69,75.2,54.7,3.26,1,1,0,4.5,0,1,0
2023-10-01,388,10,7.35,74.2,50.0,3.14,1,1,0,3.3,0,1,0
2023-11-01,388,11,7.65,82.5,48.1,3.09,1,2,0,7.0,0,1,0
2023-12-01,388,12,7.76,80.8,55.2,3.07,1,2,0,10.7,1,1,0
2024-01-01,388,13,7.68,80.8,42.4,3.09,1,2,0,5.3,2,1,0
2024-02-01,388,14,7.83,81.4,58.4,3.22,1,3,0,7.6,2,1,0
2024-03-01,388,15,7.64,72.8,54.1,3.09,1,3,0,2.4,2,1,0
2024-04-01,388,16,7.66,80.8,54.3,3.39,1,3,0,7.0,2,1,0
2024-05-01,388,17,7.96,81.4,50.7,3.23,1,3,0,1.8,2,1,0
2024-06-01,388,18,8.01,77.7,57.3,3.3,1,3,0,2.8,2,1,0
2023-01-01,389,1,7.27,89.6,52.2,2.51,0,1,1,3.8,0,0,0
2023-02-01,389,2,7.26,87.7,56.4,2.56,1,1,1,9.8,0,0,0
2023-03-01,389,3,7.23,85.2,60.9,2.59,1,1,1,8.3,0,0,0
2023-04-01,389,4,7.23,84.8,56.8,2.76,1,1,1,6.6,0,0,0
2023-05-01,389,5,7.24,88.2,69.9,2.72,1,2,1,10.6,1,0,0
2023-06-01,389,6,7.33,85.1,63.7,2.67,1,3,1,10.5,1,0,0
2023-07-01,389,7,7.28,89.1,62.2,2.73,1,3,1,10.2,1,0,0
2023-08-01,389,8,7.14,92.3,64.3,2.67,1,3,1,8.0,1,0,0
2023-09-01,389,9,7.32,90.5,74.1,2.78,1,3,1,0.9,1,0,0
2023-10-01,389,10,7.39,83.7,67.1,2.65,1,3,1,7.2,1,0,0
2023-11-01,389,11,7.61,86.1,68.8,2.59,2,3,1,12.9,1,0,0
2023-12-01,389,12,7.44,83.9,67.6,2.75,2,3,1,8.9,1,0,0
2024-01-01,389,13,7.47,76.4,66.9,2.61,2,3,1,12.9,1,0,0
2024-02-01,389,14,7.49,85.6,66.2,2.85,2,3,1,9.7,1,0,0
2024-03-01,389,15,7.46,85.2,73.3,2.78,2,3,1,6.8,1,0,0
2024-04-01,389,16,7.68,74.2,75.8,2.96,2,3,1,3.7,1,0,0
2024-05-01,389,17,7.85,84.9,75.5,2.59,2,3,2,5.2,1,0,0
2024-06-01,389,18,7.76,83.6,73.0,2.57,2,4,2,7.2,1,0,1
2023-01-01,390,1,5.84,99.4,56.7,2.98,0,1,1,6.6,0,0,0
2023-02-01,390,2,6.0,89.6,67.1,2.8,0,1,1,4.7,0,0,0
2023-03-01,390,3,5.81,93.9,60.5,3.16,0,1,1,0.0,0,0,0
2023-04-01,390,4,5.99,96.6,56.0,3.08,0,1,1,0.0,0,0,0
2023-05-01,390,5,5.9,89.5,60.4,3.06,0,1,1,7.6,0,0,0
2023-06-01,390,6,5.83,92.4,58.7,3.2,0,1,1,4.0,0,0,0
2023-07-01,390,7,6.14,89.2,60.7,3.03,0,1,1,6.3,0,0,1
2023-08-01,390,8,5.92,97.8,59.1,3.01,0,2,1,1.6,0,0,1
2023-09-01,390,9,6.0,94.4,61.2,3.06,0,2,1,2.4,0,0,1
2023-10-01,390,10,6.21,93.2,55.5,3.04,0,2,1,5.3,0,0,1
2023-11-01,390,11,5.86,86.7,62.8,3.17,0,2,1,2.7,0,0,1
2023-12-01,390,12,6.31,92.2,65.6,2.91,0,2,1,3.7,0,0,1
2024-01-01,390,13,6.02,91.5,60.3,3.2,0,2,1,4.6,1,0,1
2024-02-01,390,14,6.2,92.8,59.1,3.26,0,2,1,5.8,1,0,1
2024-03-01,390,15,6.16,96.4,61.7,2.86,0,2,1,2.5,1,0,1
2024-04-01,390,16,6.26,99.4,57.2,3.3,1,2,1,2.8,1,0,1
2024-05-01,390,17,6.46,96.1,64.7,3.32,1,2,1,5.4,1,0,1
2024-06-01,390,18,6.12,87.7,58.0,3.12,1,2,1,4.4,1,0,1
2023-01-01,391,1,5.2,77.7,62.7,3.55,0,0,0,5.0,0,0,0
2023-02-01,391,2,5.16,71.2,46.3,3.23,0,0,0,5.9,0,0,0
2023-03-01,391,3,5.16,68.7,54.9,3.51,0,0,0,6.1,0,0,0
2023-04-01,391,4,5.09,73.6,57.6,3.27,0,0,0,7.0,0,0,0
2023-05-01,391,5,5.22,80.3,53.5,3.65,0,0,0,8.1,0,0,0
2023-06-01,391,6,5.26,69.9,54.4,3.41,0,0,1,11.2,0,0,0
2023-07-01,391,7,5.35,72.9,53.6,3.46,0,0,1,13.2,0,0,0
2023-08-01,391,8,5.43,77.0,53.9,3.38,0,0,2,4.6,0,0,0
2023-09-01,391,9,5.47,68.5,62.9,3.56,0,1,2,12.3,0,0,0
2023-10-01,391,10,5.4,73.6,62.7,3.82,0,1,3,6.6,0,0,0
2023-11-01,391,11,5.24,74.4,58.3,3.83,0,1,3,4.8,0,0,0
2023-12-01,391,12,5.64,66.2,61.2,3.16,1,1,3,9.8,0,0,0
2024-01-01,391,13,5.32,75.9,58.0,3.44,1,1,3,12.5,1,0,0
2024-02-01,391,14,5.49,76.4,60.9,3.55,1,1,3,5.8,1,0,0
2024-03-01,391,15,5.4,77.2,60.2,3.47,1,1,3,7.7,1,0,0
2024-04-01,391,16,5.57,72.4,60.9,3.67,1,1,3,12.9,1,0,0
2024-05-01,391,17,5.4,70.8,66.7,3.49,1,1,3,5.4,1,0,0
2024-06-01,391,18,5.63,69.0,58.8,3.52,1,2,3,9.1,1,0,1
2023-01-01,392,1,7.25,73.2,63.1,3.41,1,1,0,11.4,0,0,0
2023-02-01,392,2,7.21,79.0,69.3,3.29,1,2,1,11.0,0,0,0
2023-03-01,392,3,6.93,77.7,69.0,3.38,1,2,1,9.4,0,0,0
2023-04-01,392,4,6.98,86.4,61.5,3.63,1,2,1,7.5,0,0,0
2023-05-01,392,5,6.93,83.5,72.6,3.37,1,2,1,9.2,0,0,0
2023-06-01,392,6,6.88,76.7,77.5,3.26,1,2,1,11.1,0,0,1
2023-07-01,392,7,7.28,75.2,76.6,3.27,1,2,1,10.3,0,0,1
2023-08-01,392,8,7.13,82.4,78.0,3.62,1,2,1,10.4,1,0,1
2023-09-01,392,9,7.16,77.3,73.6,3.44,1,2,1,9.0,1,0,1
2023-10-01,392,10,7.22,90.6,77.7,3.46,1,3,1,6.3,1,0,1
2023-11-01,392,11,7.19,75.4,77.4,3.7,1,3,1,3.6,1,0,1
2023-12-01,392,12,7.31,76.5,69.2,3.31,1,3,1,10.0,2,0,1
2024-01-01,392,13,7.23,78.1,75.3,3.46,1,3,1,7.8,2,0,1
2024-02-01,392,14,7.09,82.4,72.6,3.57,1,3,1,10.3,2,0,1
2024-03-01,392,15,7.2,81.6,81.9,3.79,1,3,1,8.7,2,0,1
2024-04-01,392,16,7.36,83.7,80.0,3.69,1,3,1,7.3,3,0,1
2024-05-01,392,17,7.05,74.9,73.8,3.77,1,3,1,7.2,4,0,1
2024-06-01,392,18,7.24,80.6,81.1,3.39,1,3,2,9.6,4,0,1
2023-01-01,393,1,6.65,90.1,39.9,4.25,0,1,0,5.8,0,0,0
2023-02-01,393,2,6.82,89.8,36.4,4.53,0,1,0,8.5,0,0,0
2023-03-01,393,3,6.73,87.6,39.7,4.47,0,1,0,10.7,0,0,0
2023-04-01,393,4,6.51,89.8,42.9,4.58,0,1,0,6.2,0,0,0
2023-05-01,393,5,6.53,93.3,28.9,4.46,0,2,0,6.0,0,0,0
2023-06-01,393,6,6.65,93.6,35.5,4.5,0,2,0,6.5,0,0,0
2023-07-01,393,7,6.65,93.6,38.5,4.74,0,2,0,7.7,0,0,0
2023-08-01,393,8,6.62,92.7,50.0,4.44,0,2,0,8.6,0,0,0
2023-09-01,393,9,6.69,95.4,41.9,4.61,0,2,0,9.4,0,0,0
2023-10-01,393,10,6.61,86.8,39.0,4.46,0,2,0,9.4,0,0,0
2023-11-01,393,11,6.79,87.0,36.1,4.78,0,3,0,6.7,0,0,0
2023-12-01,393,12,6.61,94.2,43.4,4.67,0,3,0,7.6,0,0,0
2024-01-01,393,13,6.71,88.4,42.2,4.88,0,3,0,8.9,0,0,0
2024-02-01,393,14,6.69,85.3,35.7,4.53,0,3,0,0.6,0,0,0
2024-03-01,393,15,6.91,95.2,39.2,4.44,0,3,0,6.9,1,0,0
2024-04-01,393,16,6.87,91.3,40.2,4.59,0,3,0,5.2,1,0,0
2024-05-01,393,17,6.87,86.4,40.9,4.54,0,3,0,7.7,2,0,0
2024-06-01,393,18,6.92,87.9,43.6,4.94,0,4,0,6.6,2,0,0
2023-01-01,394,1,7.23,60.4,51.9,2.66,0,1,0,4.9,0,2,0
2023-02-01,394,2,7.5,63.9,50.2,2.78,0,1,0,0.0,0,1,0
2023-03-01,394,3,7.61,55.6,52.8,2.63,0,1,0,2.3,0,1,0
2023-04-01,394,4,7.73,61.0,54.6,2.79,0,1,0,5.5,0,1,0
2023-05-01,394,5,7.55,55.2,51.2,2.91,0,2,0,4.8,0,1,0
2023-06-01,394,6,7.48,58.2,46.2,2.62,0,2,0,2.7,0,0,0
2023-07-01,394,7,7.77,62.6,51.7,2.97,0,2,0,4.7,0,0,0
2023-08-01,394,8,7.74,58.5,44.8,2.78,0,2,0,7.7,0,0,0
2023-09-01,394,9,7.62,64.1,56.7,2.78,0,2,0,7.2,0,0,0
2023-10-01,394,10,7.75,60.5,46.0,2.9,0,2,0,4.3,0,0,0
2023-11-01,394,11,7.77,65.8,57.7,2.77,0,2,0,4.5,0,0,0
2023-12-01,394,12,7.66,53.5,57.0,2.7,0,2,0,7.0,0,0,0
2024-01-01,394,13,7.99,64.9,54.8,2.94,1,2,0,1.9,1,0,0
2024-02-01,394,14,7.87,68.6,48.0,2.67,2,2,0,5.5,1,0,0
2024-03-01,394,15,7.91,65.6,52.4,3.07,2,2,1,7.6,1,0,0
2024-04-01,394,16,7.98,59.3,61.5,2.73,3,2,1,3.1,1,0,0
2024-05-01,394,17,7.96,63.8,58.4,3.28,3,2,1,8.8,2,0,0
2024-06-01,394,18,8.17,66.1,61.9,2.92,3,2,1,3.8,2,0,0
2023-01-01,395,1,7.55,80.9,64.8,3.28,0,2,1,9.7,0,0,0
2023-02-01,395,2,7.61,78.3,69.3,3.26,0,2,1,9.6,0,0,0
2023-03-01,395,3,7.86,82.4,66.5,3.24,0,2,1,10.0,0,0,0
2023-04-01,395,4,7.81,83.7,76.6,3.43,1,2,1,13.3,0,0,0
2023-05-01,395,5,7.77,81.6,71.6,3.29,2,2,1,4.0,0,0,1
2023-06-01,395,6,7.63,82.5,78.6,3.27,2,3,1,12.3,0,0,1
2023-07-01,395,7,7.94,82.0,78.2,3.16,2,3,1,11.8,0,0,1
2023-08-01,395,8,7.85,83.8,74.5,3.33,2,3,1,6.9,0,0,1
2023-09-01,395,9,7.59,74.1,73.4,2.96,2,3,1,7.1,0,0,1
2023-10-01,395,10,7.92,82.9,75.2,3.55,2,4,1,11.3,0,0,1
2023-11-01,395,11,8.0,86.5,75.9,3.31,3,4,1,7.1,0,0,1
2023-12-01,395,12,7.76,82.8,75.2,3.08,3,4,1,9.7,1,0,1
2024-01-01,395,13,7.95,89.8,77.1,3.23,3,4,1,8.8,1,0,1
2024-02-01,395,14,8.0,77.6,79.8,3.28,3,4,1,10.9,1,0,1
2024-03-01,395,15,7.92,77.3,76.4,3.51,4,4,2,11.2,1,0,1
2024-04-01,395,16,7.84,83.5,87.5,3.27,4,4,2,13.0,1,0,1
2024-05-01,395,17,8.01,85.3,81.1,3.3,4,4,2,10.9,1,0,1
2024-06-01,395,18,8.18,85.2,84.9,3.13,4,4,2,9.1,1,0,1
2023-01-01,396,1,7.08,83.0,50.4,3.53,0,1,0,12.3,0,0,0
2023-02-01,396,2,7.11,70.2,47.6,3.26,0,2,0,13.6,0,0,1
2023-03-01,396,3,7.2,77.3,49.0,3.4,0,2,0,7.6,0,0,1
2023-04-01,396,4,7.23,80.0,55.8,3.47,0,2,0,14.5,0,0,1
2023-05-01,396,5,7.44,85.3,51.5,3.33,0,2,0,10.3,0,0,1
2023-06-01,396,6,7.38,77.2,50.5,3.75,0,2,0,10.6,0,0,1
2023-07-01,396,7,7.51,76.9,53.1,3.68,0,3,0,11.4,0,0,1
2023-08-01,396,8,7.3,77.5,57.3,3.56,0,3,0,15.2,0,0,1
2023-09-01,396,9,7.44,77.1,57.2,3.46,0,3,0,15.0,0,0,1
2023-10-01,396,10,7.62,77.6,60.5,3.48,0,3,1,12.8,0,0,1
2023-11-01,396,11,7.68,78.5,56.8,3.64,1,3,1,12.3,0,0,1
2023-12-01,396,12,7.62,86.2,57.7,3.38,1,3,1,11.5,0,0,1
2024-01-01,396,13,7.72,83.6,59.6,3.42,1,3,1,10.5,0,0,1
2024-02-01,396,14,7.55,80.6,57.7,3.59,1,3,1,15.8,0,0,1
2024-03-01,396,15,7.84,76.5,64.2,3.73,1,3,1,11.0,1,0,1
2024-04-01,396,16,7.82,72.1,65.3,3.61,1,3,1,12.7,2,0,1
2024-05-01,396,17,8.04,78.9,58.9,3.74,1,3,1,8.8,2,0,1
2024-06-01,396,18,7.92,71.3,60.9,3.86,1,3,1,11.5,2,0,1
2023-01-01,397,1,7.63,77.8,37.2,3.22,0,2,0,5.6,0,0,0
2023-02-01,397,2,7.56,80.4,34.6,3.42,0,2,0,6.2,0,0,0
2023-03-01,397,3,7.72,76.0,35.2,3.25,0,2,0,7.9,0,0,0
2023-04-01,397,4,7.85,85.6,44.4,3.19,0,2,0,4.2,0,0,0
2023-05-01,397,5,7.75,78.1,35.8,3.08,0,2,0,5.4,0,0,0
2023-06-01,397,6,7.8,85.2,39.8,3.32,0,2,0,9.8,0,0,0
2023-07-01,397,7,7.61,77.2,43.6,2.95,0,2,0,6.8,1,0,0
2023-08-01,397,8,7.76,81.9,39.2,3.27,0,3,0,7.8,1,0,0
2023-09-01,397,9,7.99,78.3,47.8,3.19,0,3,0,6.0,1,0,0
2023-10-01,397,10,7.88,79.9,46.6,3.23,1,3,0,6.3,1,0,0
2023-11-01,397,11,8.15,79.3,40.8,3.1,1,3,0,5.2,1,0,0
2023-12-01,397,12,8.12,79.9,37.2,3.17,1,3,0,4.5,1,0,0
2024-01-01,397,13,8.3,82.1,40.0,3.23,1,3,0,6.3,1,0,0
2024-02-01,397,14,7.88,81.5,39.7,3.5,1,3,0,6.7,1,0,0
2024-03-01,397,15,8.05,83.2,49.6,3.17,1,3,0,5.1,1,0,0
2024-04-01,397,16,8.23,80.9,42.4,3.45,1,3,0,9.2,1,0,0
2024-05-01,397,17,8.12,81.8,42.1,3.22,1,4,0,4.9,1,0,0
2024-06-01,397,18,8.01,75.9,37.2,3.49,1,4,0,6.4,2,0,1
2023-01-01,398,1,6.98,75.0,60.3,2.99,1,1,0,4.6,0,1,0
2023-02-01,398,2,7.37,84.7,63.8,2.71,1,1,0,6.9,0,1,0
2023-03-01,398,3,7.13,71.9,68.7,2.82,1,1,0,9.9,0,1,0
2023-04-01,398,4,7.25,75.9,68.7,3.11,1,1,0,6.4,0,1,0
2023-05-01,398,5,7.38,74.0,65.8,2.82,2,1,0,10.6,0,1,0
2023-06-01,398,6,7.2,67.4,72.5,2.65,2,1,1,11.9,0,1,0
2023-07-01,398,7,7.16,75.6,71.3,2.83,2,1,1,6.3,0,1,0
2023-08-01,398,8,7.26,72.4,72.6,2.94,2,1,1,9.5,0,1,1
2023-09-01,398,9,7.26,73.0,72.4,2.79,2,1,1,4.9,0,1,1
2023-10-01,398,10,7.21,82.4,70.2,3.12,2,1,1,8.8,0,1,1
2023-11-01,398,11,7.19,79.8,76.1,2.75,2,1,1,11.6,0,1,1
2023-12-01,398,12,7.33,72.0,81.0,2.95,2,1,1,10.7,0,1,1
2024-01-01,398,13,7.54,76.9,75.5,2.82,2,2,1,11.0,0,0,1
2024-02-01,398,14,7.35,79.3,72.8,2.98,2,2,1,13.9,0,0,1
2024-03-01,398,15,7.33,74.9,80.2,2.66,2,2,1,15.0,0,0,1
2024-04-01,398,16,7.36,75.0,79.5,2.97,2,2,1,10.1,1,0,1
2024-05-01,398,17,7.31,72.9,79.5,3.06,3,2,1,9.0,2,0,1
2024-06-01,398,18,7.36,74.4,76.7,3.16,3,2,1,8.5,2,0,1
2023-01-01,399,1,7.39,80.2,75.3,2.0,0,1,0,9.4,0,0,0
2023-02-01,399,2,7.44,92.2,76.0,2.08,0,1,0,13.3,0,0,0
2023-03-01,399,3,7.45,83.9,80.1,2.2,0,1,1,9.7,0,0,0
2023-04-01,399,4,7.54,82.0,79.9,2.36,0,1,1,8.5,0,0,0
2023-05-01,399,5,7.57,88.3,71.4,2.01,0,2,1,12.4,0,0,0
2023-06-01,399,6,7.61,92.2,74.2,2.09,0,2,1,9.9,0,0,0
2023-07-01,399,7,7.52,84.2,75.4,2.18,0,3,1,8.0,0,0,0
2023-08-01,399,8,7.32,79.1,76.1,2.47,0,3,1,12.8,1,0,0
2023-09-01,399,9,7.63,78.9,87.0,2.15,0,3,1,10.9,1,0,1
2023-10-01,399,10,7.69,82.8,82.0,2.07,0,3,1,12.7,1,0,1
2023-11-01,399,11,7.4,79.7,78.2,2.53,0,4,2,11.0,2,0,1
2023-12-01,399,12,7.7,82.1,82.4,2.02,0,4,2,9.1,2,0,1
2024-01-01,399,13,7.39,80.7,78.9,2.3,0,4,2,7.0,2,0,1
2024-02-01,399,14,7.64,77.1,82.3,2.19,0,4,2,6.8,2,0,1
2024-03-01,399,15,7.88,84.6,81.8,2.14,1,4,2,8.9,3,0,1
2024-04-01,399,16,7.72,79.9,88.0,2.06,1,4,3,9.8,3,0,1
2024-05-01,399,17,7.63,83.1,84.4,2.15,1,4,3,6.3,3,0,1
2024-06-01,399,18,7.72,83.3,85.1,2.56,1,4,3,12.6,3,0,1
2023-01-01,400,1,6.52,100.0,68.2,2.86,0,0,1,0.6,0,2,0
2023-02-01,400,2,6.22,100.0,50.3,2.74,0,0,1,9.4,0,1,0
2023-03-01,400,3,6.36,99.1,67.2,2.97,0,0,1,4.4,0,1,0
2023-04-01,400,4,6.61,100.0,49.1,2.68,0,0,1,5.0,0,1,0
2023-05-01,400,5,6.7,99.1,63.9,2.87,0,0,1,3.4,0,1,0
2023-06-01,400,6,6.4,100.0,60.0,3.07,0,0,1,7.6,0,1,0
2023-07-01,400,7,6.63,96.8,59.8,2.84,0,0,1,2.9,0,1,0
2023-08-01,400,8,6.64,100.0,60.5,2.82,0,0,1,6.2,0,1,0
2023-09-01,400,9,6.51,100.0,57.2,2.98,0,0,1,3.5,0,1,0
2023-10-01,400,10,6.43,100.0,60.8,2.92,0,0,1,5.1,0,1,0
2023-11-01,400,11,6.62,100.0,57.8,3.01,0,0,1,7.0,0,1,0
2023-12-01,400,12,6.63,100.0,60.1,2.82,0,0,1,8.9,1,1,0
2024-01-01,400,13,6.59,96.5,59.3,2.62,0,0,1,4.9,1,1,0
2024-02-01,400,14,6.74,92.7,66.3,3.15,0,0,1,4.6,1,1,0
2024-03-01,400,15,6.71,96.5,68.4,3.07,1,0,1,5.8,1,1,0
2024-04-01,400,16,6.71,100.0,70.6,3.01,1,0,1,6.4,2,1,0
2024-05-01,400,17,6.98,97.9,62.0,2.92,1,0,1,1.9,2,0,0
2024-06-01,400,18,6.76,97.9,61.1,2.79,1,0,1,7.0,2,0,0
2023-01-01,401,1,6.91,81.6,27.7,2.26,1,2,1,10.3,0,0,0
2023-02-01,401,2,6.98,84.5,28.9,2.49,1,2,1,9.7,0,0,0
2023-03-01,401,3,7.07,87.2,33.8,2.18,1,2,1,16.7,0,0,0
2023-04-01,401,4,6.92,75.8,29.8,2.55,1,2,1,14.4,0,0,0
2023-05-01,401,5,6.89,76.3,29.9,2.45,1,3,1,10.8,0,0,1
2023-06-01,401,6,7.1,78.2,30.5,2.42,1,3,1,6.1,0,0,1
2023-07-01,401,7,7.32,75.6,32.3,2.64,2,4,1,7.1,0,0,1
2023-08-01,401,8,7.23,72.4,37.5,2.79,2,5,1,8.4,0,0,1
2023-09-01,401,9,7.14,83.8,31.9,2.42,2,5,1,10.1,0,0,1
2023-10-01,401,10,7.37,81.2,34.2,2.53,2,5,1,11.7,0,0,1
2023-11-01,401,11,7.47,76.8,37.9,2.59,2,6,1,16.2,0,0,1
2023-12-01,401,12,7.32,81.7,34.3,2.59,2,6,1,12.5,0,0,1
2024-01-01,401,13,7.31,79.3,30.8,2.59,2,6,1,11.8,0,0,1
2024-02-01,401,14,7.47,83.4,45.6,2.17,2,7,1,8.7,0,0,1
2024-03-01,401,15,7.44,78.6,43.2,2.85,2,7,1,13.4,0,0,1
2024-04-01,401,16,7.5,80.7,42.7,2.6,2,7,1,13.3,0,0,1
2024-05-01,401,17,7.87,81.5,41.5,2.61,3,7,1,10.6,1,0,1
2024-06-01,401,18,7.58,81.7,44.5,2.83,3,8,1,12.6,1,0,1
2023-01-01,402,1,7.1,88.6,64.5,1.96,0,1,0,3.2,0,0,0
2023-02-01,402,2,7.29,81.1,67.4,2.2,0,1,0,7.5,0,0,0
2023-03-01,402,3,7.25,85.1,63.1,1.94,0,1,0,8.6,0,0,0
2023-04-01,402,4,7.18,86.1,79.5,2.04,0,1,0,3.6,0,0,0
2023-05-01,402,5,7.39,85.4,66.9,2.2,0,2,0,6.6,0,0,0
2023-06-01,402,6,7.4,82.9,68.1,2.05,0,2,0,7.6,0,0,0
2023-07-01,402,7,7.31,79.7,74.9,2.4,0,2,0,3.3,0,0,0
2023-08-01,402,8,7.58,87.2,68.0,1.93,0,2,0,3.8,0,0,0
2023-09-01,402,9,7.17,86.6,67.3,2.2,1,3,0,5.7,0,0,0
2023-10-01,402,10,7.39,87.6,69.3,2.16,1,3,0,3.7,0,0,0
2023-11-01,402,11,7.21,82.4,77.7,2.19,1,3,0,5.7,0,0,0
2023-12-01,402,12,7.58,90.0,74.7,2.22,1,3,0,4.6,0,0,0
2024-01-01,402,13,7.41,78.4,70.3,1.99,1,4,0,5.2,0,0,0
2024-02-01,402,14,7.49,82.6,74.7,2.18,1,4,0,5.7,0,0,0
2024-03-01,402,15,7.46,84.5,74.0,2.12,1,4,1,3.8,0,0,0
2024-04-01,402,16,7.48,89.8,75.5,2.24,2,4,1,2.7,0,0,0
2024-05-01,402,17,7.27,86.2,73.4,2.29,2,4,1,3.7,0,0,0
2024-06-01,402,18,7.73,85.3,70.0,1.81,2,4,1,7.9,0,0,0
2023-01-01,403,1,7.64,96.0,32.9,2.28,0,1,0,9.9,0,0,0
2023-02-01,403,2,7.64,99.0,41.7,2.53,0,2,0,8.4,0,0,0
2023-03-01,403,3,7.57,100.0,38.2,2.62,0,2,0,13.2,0,0,0
2023-04-01,403,4,7.59,100.0,36.2,2.39,0,2,0,14.8,0,0,0
2023-05-01,403,5,7.97,100.0,36.5,2.84,0,2,0,14.2,0,0,0
2023-06-01,403,6,7.58,99.2,46.5,2.41,0,2,0,12.2,0,0,0
2023-07-01,403,7,8.11,100.0,35.2,2.76,0,2,0,8.4,0,0,0
2023-08-01,403,8,7.76,99.8,43.0,2.26,0,2,1,10.6,0,0,0
2023-09-01,403,9,7.68,98.2,40.5,2.65,0,3,1,7.5,1,0,0
2023-10-01,403,10,8.11,100.0,41.6,2.69,0,3,1,13.4,1,0,0
2023-11-01,403,11,7.92,100.0,35.1,2.78,0,3,1,8.1,1,0,0
2023-12-01,403,12,8.2,100.0,49.4,2.99,0,4,1,8.5,2,0,0
2024-01-01,403,13,8.04,100.0,38.1,2.92,0,4,1,12.0,2,0,0
2024-02-01,403,14,7.86,91.9,45.2,2.64,0,4,1,4.7,2,0,0
2024-03-01,403,15,8.18,100.0,46.4,3.04,0,4,1,10.1,2,0,0
2024-04-01,403,16,8.12,97.7,42.8,2.89,0,4,1,10.2,2,0,0
2024-05-01,403,17,8.2,100.0,43.8,2.89,0,4,2,12.5,3,0,0
2024-06-01,403,18,8.17,98.6,45.6,2.66,0,4,3,12.3,3,0,0
2023-01-01,404,1,6.74,80.0,55.6,2.36,1,1,1,2.0,0,0,0
2023-02-01,404,2,6.75,68.5,68.0,2.68,1,1,1,5.4,0,0,0
2023-03-01,404,3,6.76,80.2,69.1,2.55,1,1,1,7.0,0,0,0
2023-04-01,404,4,6.85,80.1,61.4,2.5,2,1,1,4.2,0,0,0
2023-05-01,404,5,7.01,72.6,69.8,2.37,2,1,1,6.4,0,0,0
2023-06-01,404,6,6.83,73.0,69.4,2.95,2,1,1,2.1,0,0,0
2023-07-01,404,7,6.67,77.5,67.7,2.6,2,1,1,3.4,0,0,1
2023-08-01,404,8,7.14,77.3,64.9,2.65,2,1,1,1.8,0,0,1
2023-09-01,404,9,7.18,78.0,64.4,2.37,2,1,1,2.7,1,0,1
2023-10-01,404,10,7.1,76.3,60.2,2.5,2,1,1,3.2,1,0,1
2023-11-01,404,11,7.08,75.7,62.2,2.58,2,1,1,1.8,1,0,1
2023-12-01,404,12,7.3,79.8,64.7,2.34,2,1,1,1.3,1,0,1
2024-01-01,404,13,7.36,69.3,63.1,2.41,2,1,1,2.6,1,0,1
2024-02-01,404,14,7.46,73.6,64.0,2.72,2,1,1,3.8,1,0,1
2024-03-01,404,15,7.34,68.0,65.7,2.61,2,1,1,3.0,1,0,1
2024-04-01,404,16,7.18,72.0,65.3,2.46,2,1,1,6.5,2,0,1
2024-05-01,404,17,7.21,82.4,73.2,2.37,2,1,1,0.0,2,0,1
2024-06-01,404,18,7.29,80.0,67.6,2.83,3,1,1,4.9,2,0,1
2023-01-01,405,1,7.44,98.8,54.3,3.6,1,1,0,1.7,0,0,0
2023-02-01,405,2,7.5,97.7,54.1,3.61,1,1,0,4.2,0,0,0
2023-03-01,405,3,7.52,100.0,43.5,3.57,1,1,0,5.0,0,0,0
2023-04-01,405,4,7.68,100.0,54.7,3.64,1,1,0,8.0,0,0,0
2023-05-01,405,5,7.62,96.3,44.8,3.68,1,1,0,0.0,0,0,0
2023-06-01,405,6,7.54,97.3,45.3,3.34,1,1,0,1.2,0,0,0
2023-07-01,405,7,7.69,96.4,50.2,3.57,1,1,0,4.2,0,0,0
2023-08-01,405,8,7.63,100.0,44.6,3.86,1,1,0,8.6,0,0,0
2023-09-01,405,9,7.52,98.8,45.4,3.62,1,1,0,2.0,0,0,0
2023-10-01,405,10,8.05,91.6,53.0,3.66,1,1,0,3.3,0,0,0
2023-11-01,405,11,7.69,93.1,47.1,3.75,1,1,0,7.0,0,0,0
2023-12-01,405,12,7.84,99.6,52.0,3.94,1,1,0,7.1,0,0,0
2024-01-01,405,13,8.09,98.6,51.5,3.53,1,1,0,8.1,0,0,0
2024-02-01,405,14,8.05,93.7,48.3,3.94,1,1,0,7.5,0,0,0
2024-03-01,405,15,8.16,96.8,53.9,3.84,1,1,0,6.1,0,0,0
2024-04-01,405,16,8.29,100.0,51.5,3.61,1,1,0,3.4,0,0,0
2024-05-01,405,17,8.24,100.0,45.7,4.11,1,1,0,6.8,1,0,0
2024-06-01,405,18,8.28,94.1,47.0,3.4,1,1,0,4.8,1,0,0
2023-01-01,406,1,6.74,77.1,35.5,3.55,1,1,1,6.1,0,0,0
2023-02-01,406,2,6.88,78.1,43.7,3.91,1,1,1,10.4,0,0,0
2023-03-01,406,3,6.75,81.9,48.5,3.66,1,1,1,2.3,0,0,0
2023-04-01,406,4,7.02,80.0,41.8,3.65,1,1,1,15.3,0,0,0
2023-05-01,406,5,6.87,81.0,50.9,3.75,1,1,1,10.6,0,0,0
2023-06-01,406,6,6.89,81.5,41.3,3.75,2,2,1,8.4,0,0,0
2023-07-01,406,7,6.95,74.8,43.1,3.74,2,2,1,4.0,0,0,0
2023-08-01,406,8,6.89,89.3,46.9,3.76,2,2,1,9.0,0,0,0
2023-09-01,406,9,6.93,75.1,40.5,3.49,2,2,1,5.7,1,0,1
2023-10-01,406,10,7.07,82.3,42.8,4.04,2,2,1,10.9,1,0,1
2023-11-01,406,11,6.98,83.3,47.3,3.81,2,2,1,7.7,1,0,1
2023-12-01,406,12,6.93,78.5,41.7,3.77,2,2,1,6.0,1,0,1
2024-01-01,406,13,7.06,76.0,53.2,3.47,2,2,1,9.8,1,0,1
2024-02-01,406,14,7.18,83.7,40.9,3.64,2,2,1,6.9,1,0,1
2024-03-01,406,15,7.04,84.5,38.9,4.03,2,2,1,7.6,1,0,1
2024-04-01,406,16,6.87,84.0,54.1,3.84,2,2,1,2.5,2,0,1
2024-05-01,406,17,7.22,80.3,55.1,3.81,2,2,1,9.9,2,0,1
2024-06-01,406,18,7.14,84.8,55.0,4.11,2,2,1,9.4,3,0,1
2023-01-01,407,1,6.93,99.3,44.9,2.75,0,1,2,10.5,0,1,0
2023-02-01,407,2,6.88,94.0,47.2,2.77,0,1,2,8.8,0,1,0
2023-03-01,407,3,6.97,100.0,55.1,2.58,0,1,2,8.3,0,1,0
2023-04-01,407,4,6.71,100.0,49.0,2.65,1,1,2,11.8,0,1,0
2023-05-01,407,5,7.03,100.0,52.2,2.79,1,1,2,6.2,0,0,0
2023-06-01,407,6,6.87,99.6,55.6,2.57,1,1,2,5.6,0,0,0
2023-07-01,407,7,7.04,100.0,60.2,2.3,1,1,2,8.9,0,0,0
2023-08-01,407,8,6.85,100.0,58.1,2.83,1,1,2,2.8,0,0,0
2023-09-01,407,9,7.2,95.9,50.7,2.61,1,1,2,16.8,1,0,0
2023-10-01,407,10,6.94,100.0,61.2,2.82,1,1,2,6.3,1,0,0
2023-11-01,407,11,6.91,100.0,63.1,2.55,1,2,2,4.3,1,0,0
2023-12-01,407,12,7.08,98.8,57.9,2.8,1,2,2,9.2,2,0,0
2024-01-01,407,13,6.88,99.9,58.9,2.8,1,2,2,4.5,2,0,0
2024-02-01,407,14,7.09,100.0,60.8,2.78,1,3,2,12.6,3,0,0
2024-03-01,407,15,7.19,99.4,58.6,2.57,1,4,2,8.6,3,0,0
2024-04-01,407,16,7.11,98.5,59.0,2.51,1,4,3,6.2,3,0,0
2024-05-01,407,17,7.31,100.0,57.9,2.8,1,4,3,7.7,3,0,0
2024-06-01,407,18,7.19,93.6,65.4,2.88,1,4,3,10.0,3,0,0
2023-01-01,408,1,7.42,89.8,55.7,2.95,0,1,1,13.2,0,0,0
2023-02-01,408,2,7.67,89.9,54.5,2.79,0,1,1,14.4,0,0,0
2023-03-01,408,3,7.65,90.5,60.9,3.25,0,2,1,11.6,0,0,0
2023-04-01,408,4,7.8,88.4,55.7,3.25,0,2,1,11.3,0,0,0
2023-05-01,408,5,7.77,88.7,60.8,2.92,0,2,1,11.1,0,0,0
2023-06-01,408,6,7.81,86.8,62.7,3.3,0,2,1,7.9,0,0,0
2023-07-01,408,7,7.73,88.6,55.6,3.2,0,2,1,9.2,0,0,0
2023-08-01,408,8,7.69,89.1,59.9,2.97,0,2,1,14.8,0,0,0
2023-09-01,408,9,7.95,85.8,61.5,3.09,0,2,1,11.3,0,0,0
2023-10-01,408,10,7.78,90.2,66.8,3.14,0,2,1,12.7,0,0,0
2023-11-01,408,11,7.91,93.6,55.0,3.0,0,2,2,10.6,1,0,0
2023-12-01,408,12,7.85,82.6,61.1,2.88,0,2,2,12.1,1,0,0
2024-01-01,408,13,7.91,82.7,65.6,2.96,0,2,2,12.1,2,0,0
2024-02-01,408,14,7.64,92.3,57.2,3.12,0,2,2,15.8,3,0,0
2024-03-01,408,15,7.84,86.3,68.3,3.27,0,2,2,10.9,4,0,0
2024-04-01,408,16,7.88,93.7,63.8,3.32,0,3,2,10.1,4,0,1
2024-05-01,408,17,8.25,83.7,68.3,3.13,0,3,2,11.8,4,0,1
2024-06-01,408,18,8.17,86.5,72.2,3.17,0,3,2,11.3,4,0,1
2023-01-01,409,1,5.36,83.9,51.7,1.99,1,0,0,10.7,0,0,0
2023-02-01,409,2,5.52,83.0,49.3,2.02,1,0,0,9.0,0,0,0
2023-03-01,409,3,5.38,87.2,52.4,1.9,1,0,0,9.3,0,0,0
2023-04-01,409,4,5.51,78.0,56.4,2.0,1,0,0,11.1,0,0,0
2023-05-01,409,5,5.58,83.0,47.8,1.93,1,1,0,13.4,0,0,0
2023-06-01,409,6,5.47,86.4,53.1,1.68,1,2,0,14.3,0,0,0
2023-07-01,409,7,5.6,78.1,46.5,2.12,1,2,0,11.5,0,0,0
2023-08-01,409,8,5.56,84.6,51.3,1.73,1,2,0,12.5,0,0,0
2023-09-01,409,9,5.6,83.0,57.8,1.84,1,3,0,13.6,1,0,0
2023-10-01,409,10,5.47,89.4,54.6,2.12,1,4,0,11.0,1,0,1
2023-11-01,409,11,5.54,82.8,56.3,1.92,1,5,0,12.3,1,0,1
2023-12-01,409,12,5.47,87.2,55.6,2.34,1,5,0,11.3,1,0,1
2024-01-01,409,13,5.64,89.1,67.3,2.13,1,5,0,12.1,1,0,1
2024-02-01,409,14,5.61,83.9,55.2,1.91,1,5,0,12.5,1,0,1
2024-03-01,409,15,5.68,89.2,60.9,2.28,1,5,0,14.8,2,0,1
2024-04-01,409,16,5.79,90.4,59.0,2.2,1,6,0,9.7,2,0,1
2024-05-01,409,17,5.57,86.5,70.1,2.2,1,6,0,13.3,2,0,1
2024-06-01,409,18,5.65,84.3,68.1,2.03,1,6,0,8.5,3,0,1
2023-01-01,410,1,5.99,84.6,65.4,3.04,0,2,0,3.1,0,1,0
2023-02-01,410,2,6.07,81.1,65.2,2.94,0,2,0,4.6,0,0,0
2023-03-01,410,3,5.98,79.9,66.5,2.87,0,2,0,8.1,0,0,0
2023-04-01,410,4,6.14,81.9,69.3,3.06,1,2,0,0.0,0,0,0
2023-05-01,410,5,5.98,81.3,61.3,2.85,1,3,0,2.3,0,0,0
2023-06-01,410,6,6.18,90.6,70.6,2.86,1,3,0,6.9,0,0,0
2023-07-01,410,7,6.08,80.8,66.1,2.78,1,3,0,2.1,0,0,0
2023-08-01,410,8,5.77,88.2,66.7,3.0,1,3,0,3.8,0,0,0
2023-09-01,410,9,6.02,85.2,69.1,2.93,1,3,0,3.2,0,0,0
2023-10-01,410,10,6.32,88.1,75.9,2.97,1,3,0,6.6,0,0,0
2023-11-01,410,11,6.13,80.4,67.1,2.9,1,3,0,3.7,0,0,0
2023-12-01,410,12,6.1,75.5,65.6,3.01,1,3,0,5.1,1,0,0
2024-01-01,410,13,5.99,82.0,72.4,2.77,1,3,0,1.4,1,0,0
2024-02-01,410,14,6.21,80.0,72.8,3.33,1,4,0,1.6,1,0,0
2024-03-01,410,15,6.12,79.6,70.0,3.02,1,4,0,4.0,1,0,0
2024-04-01,410,16,6.31,79.9,75.4,3.17,1,4,0,7.4,2,0,0
2024-05-01,410,17,6.25,77.3,67.5,3.08,1,4,0,6.4,2,0,1
2024-06-01,410,18,6.1,79.3,76.6,3.21,1,4,0,1.0,2,0,1
2023-01-01,411,1,5.92,77.4,51.7,3.65,0,1,0,6.7,0,0,0
2023-02-01,411,2,5.86,82.5,56.0,3.7,0,1,0,6.7,0,0,0
2023-03-01,411,3,5.73,74.8,49.4,3.85,0,1,0,3.8,0,0,0
2023-04-01,411,4,5.8,79.1,46.4,3.57,0,1,0,3.6,0,0,0
2023-05-01,411,5,5.83,79.3,54.3,3.34,0,1,0,5.3,0,0,0
2023-06-01,411,6,6.06,79.0,56.9,3.52,0,1,0,3.6,0,0,1
2023-07-01,411,7,6.03,62.2,53.6,3.5,0,1,0,10.1,0,0,1
2023-08-01,411,8,6.04,74.0,53.6,3.99,0,1,0,6.8,0,0,1
2023-09-01,411,9,5.85,79.9,51.2,3.58,0,1,0,3.9,0,0,1
2023-10-01,411,10,6.07,67.6,61.2,3.46,0,1,0,2.9,1,0,1
2023-11-01,411,11,6.04,75.5,54.7,3.73,0,1,0,7.6,1,0,1
2023-12-01,411,12,6.24,83.6,65.2,3.66,0,1,0,0.1,1,0,1
2024-01-01,411,13,6.05,78.3,52.3,3.62,0,1,0,10.3,1,0,1
2024-02-01,411,14,6.14,79.1,59.3,3.88,0,1,0,7.5,1,0,1
2024-03-01,411,15,6.5,79.7,57.9,3.74,0,1,0,6.7,1,0,1
2024-04-01,411,16,6.49,76.3,60.7,3.63,0,1,0,2.9,1,0,1
2024-05-01,411,17,6.29,80.5,56.9,3.48,0,1,0,4.5,2,0,1
2024-06-01,411,18,6.39,72.0,53.8,3.49,0,1,0,5.0,2,0,1
2023-01-01,412,1,4.91,80.1,74.0,3.67,0,0,0,3.7,0,0,0
2023-02-01,412,2,5.15,82.0,75.8,3.66,0,0,0,4.0,0,0,0
2023-03-01,412,3,5.18,83.5,75.3,3.83,0,0,0,8.6,0,0,0
2023-04-01,412,4,5.28,80.2,75.4,3.87,1,0,0,4.0,0,0,0
2023-05-01,412,5,5.56,82.0,85.6,3.65,1,0,1,7.7,0,0,0
2023-06-01,412,6,5.21,81.5,79.1,3.81,2,0,1,5.2,0,0,0
2023-07-01,412,7,5.28,77.6,81.9,3.71,2,0,1,5.2,0,0,0
2023-08-01,412,8,5.38,84.9,79.5,3.67,2,0,1,1.2,0,0,0
2023-09-01,412,9,5.43,82.2,70.7,4.21,2,0,1,1.9,0,0,0
2023-10-01,412,10,5.54,84.3,81.4,3.75,2,0,1,7.3,0,0,0
2023-11-01,412,11,5.49,73.6,73.5,3.8,2,0,1,7.1,0,0,0
2023-12-01,412,12,5.6,79.9,78.3,3.72,2,0,1,0.5,0,0,0
2024-01-01,412,13,5.68,86.2,77.4,3.75,2,0,1,5.1,0,0,0
2024-02-01,412,14,5.8,86.1,82.9,4.02,2,0,1,3.7,0,0,0
2024-03-01,412,15,5.68,85.0,77.1,3.98,2,0,1,6.4,1,0,0
2024-04-01,412,16,5.61,82.0,70.1,3.9,2,0,1,4.4,2,0,0
2024-05-01,412,17,5.75,82.4,81.9,4.49,2,0,1,9.4,2,0,0
2024-06-01,412,18,5.98,86.8,73.7,4.19,2,0,1,8.2,2,0,0
2023-01-01,413,1,6.37,96.9,68.7,2.65,1,1,1,10.6,0,0,0
2023-02-01,413,2,6.53,92.5,61.9,2.66,1,1,1,7.6,0,0,0
2023-03-01,413,3,6.57,92.4,65.9,2.67,1,1,1,7.6,1,0,0
2023-04-01,413,4,6.51,89.9,66.9,2.75,1,1,1,8.7,1,0,0
2023-05-01,413,5,6.41,84.7,60.6,2.8,1,1,1,7.9,1,0,0
2023-06-01,413,6,6.48,89.5,67.7,2.57,1,1,1,2.7,1,0,1
2023-07-01,413,7,6.64,90.8,61.2,2.94,1,1,1,5.8,1,0,1
2023-08-01,413,8,6.48,91.2,58.6,2.7,1,1,2,9.3,1,0,1
2023-09-01,413,9,6.67,95.0,66.0,2.83,1,1,3,5.2,1,0,1
2023-10-01,413,10,6.78,92.7,73.2,2.78,1,1,3,9.0,2,0,1
2023-11-01,413,11,6.48,88.0,62.2,2.57,1,1,3,5.5,2,0,1
2023-12-01,413,12,6.88,86.5,65.6,2.67,2,1,3,8.5,2,0,1
2024-01-01,413,13,6.67,87.5,66.4,2.75,2,1,3,6.9,2,0,1
2024-02-01,413,14,6.8,89.5,71.1,2.81,3,1,3,8.0,2,0,1
2024-03-01,413,15,7.05,88.9,71.2,2.75,3,1,3,8.9,2,0,1
2024-04-01,413,16,6.95,92.7,67.3,2.62,3,1,3,8.4,3,0,1
2024-05-01,413,17,6.86,86.0,70.3,2.83,3,1,3,4.4,3,0,1
2024-06-01,413,18,6.98,92.5,78.8,3.1,3,1,3,8.9,3,0,1
2023-01-01,414,1,7.53,82.1,46.6,3.83,1,1,0,6.8,0,3,0
2023-02-01,414,2,7.62,75.7,50.0,4.22,1,1,0,10.0,1,3,0
2023-03-01,414,3,7.63,82.9,48.4,3.88,1,1,0,7.0,1,3,0
2023-04-01,414,4,7.75,80.6,53.7,4.09,1,2,0,9.9,1,3,0
2023-05-01,414,5,7.6,73.6,44.2,3.91,1,2,0,5.9,1,3,0
2023-06-01,414,6,7.82,87.4,52.2,3.92,1,3,0,7.2,1,3,0
2023-07-01,414,7,7.86,79.1,42.1,3.85,1,3,0,5.5,1,3,0
2023-08-01,414,8,7.66,90.4,53.9,3.92,1,3,0,9.6,1,3,0
2023-09-01,414,9,7.89,77.0,53.9,4.02,1,3,1,9.0,1,3,0
2023-10-01,414,10,7.86,80.2,51.5,4.1,1,4,1,6.3,1,3,0
2023-11-01,414,11,7.99,84.0,51.2,3.95,1,4,1,4.4,1,3,0
2023-12-01,414,12,8.0,80.9,54.7,4.08,1,4,2,10.4,1,3,0
2024-01-01,414,13,7.92,83.6,53.7,4.2,1,4,2,6.4,1,3,0
2024-02-01,414,14,8.04,78.7,60.5,4.1,1,4,2,1.9,1,3,0
2024-03-01,414,15,7.95,78.4,49.9,3.79,1,4,2,1.0,1,3,0
2024-04-01,414,16,8.37,82.1,50.1,3.92,1,4,2,5.1,1,3,0
2024-05-01,414,17,8.19,84.6,46.9,3.83,1,4,2,3.6,1,3,0
2024-06-01,414,18,8.31,82.8,57.0,4.03,1,4,2,8.1,1,2,0
2023-01-01,415,1,6.86,81.2,35.4,2.09,1,0,1,8.4,0,0,0
2023-02-01,415,2,6.5,90.9,53.2,2.12,1,0,1,12.3,0,0,0
2023-03-01,415,3,6.81,77.2,54.4,2.32,1,0,1,8.8,0,0,0
2023-04-01,415,4,6.82,86.6,43.7,2.28,1,0,1,7.6,0,0,0
2023-05-01,415,5,6.82,74.1,44.2,1.98,1,0,1,13.5,0,0,0
2023-06-01,415,6,6.85,71.5,47.5,1.98,1,0,1,6.3,0,0,0
2023-07-01,415,7,6.96,77.9,52.6,2.32,1,1,1,6.8,0,0,0
2023-08-01,415,8,6.77,77.4,55.4,2.43,1,1,1,15.4,0,0,0
2023-09-01,415,9,7.14,75.4,52.3,2.31,1,1,1,16.0,1,0,0
2023-10-01,415,10,6.93,81.2,49.6,2.29,1,1,1,13.3,1,0,0
2023-11-01,415,11,6.89,82.4,54.9,2.53,1,1,1,10.4,1,0,0
2023-12-01,415,12,6.98,82.5,60.0,2.59,1,1,1,8.6,1,0,1
2024-01-01,415,13,7.04,76.1,54.8,2.03,1,1,1,8.1,1,0,1
2024-02-01,415,14,6.72,79.9,65.8,2.15,1,1,1,15.3,1,0,1
2024-03-01,415,15,6.78,80.8,56.6,2.18,1,1,1,9.5,2,0,1
2024-04-01,415,16,7.12,74.9,63.5,2.16,1,1,1,11.9,2,0,1
2024-05-01,415,17,6.95,83.9,59.6,2.22,1,1,1,13.5,2,0,1
2024-06-01,415,18,7.02,81.1,57.1,2.3,1,1,1,8.1,3,0,1
2023-01-01,416,1,7.25,75.2,28.8,2.24,0,0,0,5.6,0,0,0
2023-02-01,416,2,6.99,79.0,40.9,2.35,0,0,0,12.2,0,0,0
2023-03-01,416,3,7.24,78.2,29.8,2.45,0,0,0,10.1,0,0,0
2023-04-01,416,4,7.12,80.9,29.6,2.58,0,0,0,11.8,1,0,0
2023-05-01,416,5,7.28,78.6,32.4,2.2,0,1,0,8.6,1,0,0
2023-06-01,416,6,7.5,81.5,36.2,2.29,1,1,0,11.8,1,0,0
2023-07-01,416,7,7.33,77.0,38.0,2.43,1,1,0,12.6,1,0,0
2023-08-01,416,8,7.48,84.1,35.4,2.35,1,1,0,9.0,1,0,0
2023-09-01,416,9,7.72,86.8,46.2,2.34,1,1,0,12.5,1,0,0
2023-10-01,416,10,7.54,77.3,39.6,2.59,1,1,0,2.9,2,0,0
2023-11-01,416,11,7.63,75.0,33.1,2.24,1,1,0,9.4,2,0,0
2023-12-01,416,12,7.6,78.7,46.7,2.37,1,1,0,9.2,2,0,0
2024-01-01,416,13,7.51,83.9,42.1,2.66,1,1,0,12.0,2,0,0
2024-02-01,416,14,7.61,74.6,42.5,2.46,1,1,0,8.6,3,0,0
2024-03-01,416,15,7.8,82.6,38.5,2.4,2,1,0,5.8,3,0,0
2024-04-01,416,16,7.64,79.7,44.4,2.44,2,1,0,8.9,3,0,0
2024-05-01,416,17,7.95,79.1,44.4,2.58,2,1,0,14.3,3,0,0
2024-06-01,416,18,7.77,84.0,44.4,2.43,2,1,0,11.8,4,0,0
2023-01-01,417,1,7.75,90.2,69.0,3.73,0,0,0,5.9,0,0,0
2023-02-01,417,2,8.04,90.6,65.4,3.77,0,1,0,2.4,0,0,0
2023-03-01,417,3,8.07,93.2,65.7,3.69,0,1,0,2.4,0,0,0
2023-04-01,417,4,8.01,97.2,68.3,3.75,0,1,0,7.1,0,0,0
2023-05-01,417,5,7.89,87.8,61.6,3.65,0,1,0,0.0,0,0,0
2023-06-01,417,6,8.19,100.0,63.6,3.77,0,1,0,4.4,0,0,0
2023-07-01,417,7,7.82,91.6,63.6,3.72,0,1,0,5.4,0,0,0
2023-08-01,417,8,8.17,86.8,66.7,3.72,0,1,0,5.0,0,0,0
2023-09-01,417,9,8.18,90.5,67.2,3.83,0,1,0,3.9,0,0,0
2023-10-01,417,10,8.1,88.6,66.3,3.83,0,1,0,3.1,0,0,0
2023-11-01,417,11,8.1,90.6,67.9,3.89,0,1,0,4.3,0,0,0
2023-12-01,417,12,8.22,86.2,63.6,4.03,0,1,0,3.6,0,0,0
2024-01-01,417,13,8.11,95.7,71.4,4.04,0,1,0,4.4,0,0,0
2024-02-01,417,14,8.28,91.0,61.1,3.94,0,2,0,7.9,0,0,0
2024-03-01,417,15,8.11,100.0,66.9,3.78,0,2,0,1.5,0,0,0
2024-04-01,417,16,8.33,90.8,65.0,3.81,0,2,0,3.9,0,0,0
2024-05-01,417,17,8.46,96.2,67.2,3.67,0,2,0,0.0,0,0,0
2024-06-01,417,18,8.63,98.8,71.5,3.98,0,2,0,3.5,0,0,0
2023-01-01,418,1,8.19,98.9,55.0,4.15,1,1,0,8.6,0,0,0
2023-02-01,418,2,8.08,88.8,53.9,4.32,1,1,0,9.2,1,0,0
2023-03-01,418,3,8.32,96.4,50.4,4.33,1,1,0,8.1,1,0,0
2023-04-01,418,4,7.91,98.6,55.8,4.41,1,1,0,2.0,1,0,0
2023-05-01,418,5,8.36,96.6,53.8,4.57,1,1,1,4.2,1,0,1
2023-06-01,418,6,8.24,97.4,52.8,4.64,1,1,1,5.7,1,0,1
2023-07-01,418,7,8.11,100.0,66.8,4.51,1,1,1,8.7,1,0,1
2023-08-01,418,8,8.35,94.3,51.6,4.59,1,1,1,7.4,1,0,1
2023-09-01,418,9,8.32,94.3,55.6,4.51,1,1,1,6.7,2,0,1
2023-10-01,418,10,8.47,87.4,63.3,4.62,1,1,1,5.2,2,0,1
2023-11-01,418,11,8.34,93.7,60.7,4.47,1,1,1,5.6,3,0,1
2023-12-01,418,12,8.78,97.9,61.9,4.22,1,1,1,9.0,3,0,1
2024-01-01,418,13,8.74,91.3,54.5,4.17,1,1,1,3.0,3,0,1
2024-02-01,418,14,8.56,93.8,56.3,4.43,1,1,1,6.5,4,0,1
2024-03-01,418,15,8.67,92.8,64.2,4.61,1,1,1,7.0,4,0,1
2024-04-01,418,16,8.85,92.9,53.7,4.59,1,2,1,6.9,4,0,1
2024-05-01,418,17,8.57,96.7,61.4,4.41,1,2,1,5.8,4,0,1
2024-06-01,418,18,8.7,94.7,64.4,4.52,1,2,1,7.8,4,0,1
2023-01-01,419,1,6.72,78.2,27.0,3.5,1,2,0,9.5,0,2,0
2023-02-01,419,2,6.9,74.8,19.7,3.63,1,2,0,6.4,0,2,0
2023-03-01,419,3,7.06,74.6,25.2,3.67,1,2,0,5.4,0,2,0
2023-04-01,419,4,7.0,74.5,23.3,3.51,1,2,0,10.1,0,2,0
2023-05-01,419,5,7.27,73.1,31.6,3.57,1,2,0,8.0,0,2,0
2023-06-01,419,6,7.31,75.2,27.3,3.6,1,2,0,6.2,0,2,0
2023-07-01,419,7,7.21,64.5,29.0,3.63,2,2,0,6.7,0,2,0
2023-08-01,419,8,7.47,81.1,31.1,3.48,2,2,0,9.5,0,2,0
2023-09-01,419,9,7.38,74.7,25.1,3.79,2,2,0,13.1,0,2,0
2023-10-01,419,10,7.31,75.2,30.9,3.46,2,2,0,9.1,1,1,0
2023-11-01,419,11,7.39,74.8,29.3,3.68,2,2,0,12.3,1,0,0
2023-12-01,419,12,7.55,80.0,29.3,3.63,2,2,0,10.8,1,0,0
2024-01-01,419,13,7.48,69.1,30.9,3.75,3,2,0,9.0,1,0,0
2024-02-01,419,14,7.39,81.8,32.2,3.52,3,2,0,5.4,1,0,0
2024-03-01,419,15,7.53,74.0,36.3,3.96,3,2,0,9.0,1,0,0
2024-04-01,419,16,7.6,70.1,33.5,3.78,3,2,0,9.8,1,0,0
2024-05-01,419,17,7.65,69.9,39.8,3.75,3,2,0,6.2,1,0,0
2024-06-01,419,18,7.79,70.9,31.6,3.66,3,3,0,3.6,2,0,0
2023-01-01,420,1,8.31,71.5,51.2,3.25,0,1,1,9.3,0,0,0
2023-02-01,420,2,8.01,74.3,50.2,3.16,0,1,1,8.6,0,0,0
2023-03-01,420,3,8.14,74.5,58.0,3.24,0,1,1,8.9,0,0,0
2023-04-01,420,4,8.14,80.3,51.6,3.27,0,1,1,6.3,0,0,1
2023-05-01,420,5,8.2,70.3,53.2,2.91,0,1,1,3.4,1,0,1
2023-06-01,420,6,8.34,81.1,43.7,3.51,1,2,1,9.4,1,0,1
2023-07-01,420,7,8.27,77.6,56.2,2.94,1,2,1,6.5,1,0,1
2023-08-01,420,8,8.27,75.9,54.2,3.01,1,2,1,5.0,1,0,1
2023-09-01,420,9,8.24,83.7,54.7,3.46,1,2,1,5.4,1,0,1
2023-10-01,420,10,8.32,76.9,53.5,3.28,1,2,1,7.8,1,0,1
2023-11-01,420,11,8.51,72.0,53.3,3.24,1,2,1,6.1,1,0,1
2023-12-01,420,12,8.44,71.1,58.5,3.25,1,2,1,6.0,1,0,1
2024-01-01,420,13,8.43,73.2,58.1,3.43,1,2,2,7.6,2,0,1
2024-02-01,420,14,8.54,72.3,53.8,3.54,1,2,2,8.1,2,0,1
2024-03-01,420,15,8.49,75.4,63.9,3.33,1,2,2,2.4,2,0,1
2024-04-01,420,16,8.34,76.4,64.1,3.33,1,2,2,3.9,2,0,1
2024-05-01,420,17,8.4,78.5,63.9,3.36,1,3,2,4.8,2,0,1
2024-06-01,420,18,8.56,79.6,59.0,3.43,1,3,3,7.1,2,0,1
2023-01-01,421,1,6.83,88.4,50.2,1.58,0,0,0,3.6,0,0,0
2023-02-01,421,2,6.76,81.6,44.4,1.95,0,0,0,3.6,0,0,0
2023-03-01,421,3,7.19,87.0,44.6,1.77,0,0,0,4.0,0,0,0
2023-04-01,421,4,6.91,87.3,44.2,1.52,0,1,0,3.2,0,0,0
2023-05-01,421,5,6.91,79.9,51.1,1.73,0,2,0,7.0,0,0,0
2023-06-01,421,6,7.05,90.8,45.0,1.9,0,2,0,5.9,1,0,0
2023-07-01,421,7,7.14,93.9,54.8,1.63,0,2,0,4.9,1,0,0
2023-08-01,421,8,7.16,84.9,45.0,1.48,0,2,0,0.7,1,0,0
2023-09-01,421,9,6.92,86.5,49.3,1.94,0,2,0,4.9,1,0,0
2023-10-01,421,10,7.31,87.3,50.7,1.63,0,2,1,7.6,1,0,0
2023-11-01,421,11,7.25,81.7,55.9,1.77,0,2,1,3.2,1,0,0
2023-12-01,421,12,7.0,82.6,43.0,1.91,0,2,1,5.9,1,0,0
2024-01-01,421,13,7.33,92.8,46.5,1.99,0,2,2,2.8,1,0,0
2024-02-01,421,14,7.15,88.2,48.7,1.84,0,2,2,5.2,1,0,0
2024-03-01,421,15,7.25,83.1,51.1,1.81,0,3,2,1.9,1,0,0
2024-04-01,421,16,7.23,87.9,50.5,2.28,0,3,2,1.8,2,0,0
2024-05-01,421,17,7.25,92.3,47.6,1.35,0,3,2,2.7,2,0,0
2024-06-01,421,18,7.25,90.9,54.1,1.88,0,3,2,4.0,2,0,0
2023-01-01,422,1,6.13,100.0,81.5,1.68,0,0,1,6.3,0,0,0
2023-02-01,422,2,6.38,95.8,80.5,1.81,0,0,1,7.9,0,0,0
2023-03-01,422,3,6.46,87.9,85.3,2.18,0,0,1,6.8,0,0,0
2023-04-01,422,4,6.28,94.7,80.7,1.84,1,0,1,6.1,0,0,0
2023-05-01,422,5,6.36,100.0,89.6,1.73,1,0,1,5.5,1,0,0
2023-06-01,422,6,6.46,97.8,88.3,2.22,1,0,1,3.9,1,0,0
2023-07-01,422,7,6.55,92.3,90.3,1.97,1,0,1,4.9,1,0,0
2023-08-01,422,8,6.56,98.2,91.0,1.91,1,0,1,3.6,1,0,0
2023-09-01,422,9,6.63,98.9,83.9,1.66,2,0,1,8.2,1,0,0
2023-10-01,422,10,6.54,91.0,82.8,1.74,2,0,1,5.1,1,0,0
2023-11-01,422,11,6.5,95.6,90.7,1.84,3,0,1,10.2,2,0,0
2023-12-01,422,12,6.51,94.2,89.0,1.84,3,0,1,4.8,3,0,0
2024-01-01,422,13,6.47,97.3,85.4,1.82,3,0,1,9.1,3,0,1
2024-02-01,422,14,6.75,95.1,91.7,1.86,3,0,1,5.4,3,0,1
2024-03-01,422,15,6.47,100.0,95.5,1.47,3,0,1,10.7,3,0,1
2024-04-01,422,16,6.48,93.1,92.3,1.95,3,0,1,8.3,3,0,1
2024-05-01,422,17,6.42,100.0,82.6,2.03,3,0,2,4.2,4,0,1
2024-06-01,422,18,6.7,90.4,92.5,1.91,4,0,2,2.7,4,0,1
2023-01-01,423,1,6.65,98.0,30.1,3.21,0,1,0,8.3,0,0,0
2023-02-01,423,2,6.6,89.5,31.2,3.16,0,1,0,5.7,0,0,0
2023-03-01,423,3,6.52,89.9,35.1,3.26,0,1,0,8.5,1,0,0
2023-04-01,423,4,6.69,97.5,35.9,3.45,0,1,0,6.7,2,0,0
2023-05-01,423,5,6.66,97.3,29.9,3.35,0,1,0,7.0,3,0,0
2023-06-01,423,6,6.74,92.5,34.1,3.56,0,1,0,5.7,3,0,0
2023-07-01,423,7,6.66,94.9,39.7,3.26,0,1,0,8.2,3,0,0
2023-08-01,423,8,6.71,99.9,36.2,3.45,1,1,0,8.5,3,0,0
2023-09-01,423,9,6.73,100.0,29.7,3.19,1,1,0,4.3,3,0,0
2023-10-01,423,10,6.82,94.7,31.9,3.51,1,1,0,3.4,3,0,0
2023-11-01,423,11,7.03,95.8,43.4,3.25,1,1,0,2.8,3,0,0
2023-12-01,423,12,6.72,89.4,29.9,3.32,1,1,0,6.7,3,0,0
2024-01-01,423,13,6.68,87.2,36.0,3.35,1,2,0,7.2,3,0,0
2024-02-01,423,14,6.85,98.6,39.4,3.67,1,2,0,8.5,3,0,0
2024-03-01,423,15,6.81,91.7,41.0,3.46,1,2,0,7.1,3,0,0
2024-04-01,423,16,7.1,95.0,37.1,3.28,1,2,0,8.1,3,0,0
2024-05-01,423,17,6.71,83.6,39.8,3.72,1,2,0,4.5,4,0,0
2024-06-01,423,18,6.91,96.9,40.1,3.42,1,2,0,1.4,4,0,0
2023-01-01,424,1,5.74,64.7,32.0,2.89,0,0,0,3.0,0,0,0
2023-02-01,424,2,5.72,72.3,40.6,3.15,0,0,0,5.5,0,0,0
2023-03-01,424,3,6.19,69.0,37.3,3.02,0,0,0,6.2,0,0,0
2023-04-01,424,4,5.97,68.4,41.5,3.32,0,0,0,5.6,0,0,0
2023-05-01,424,5,6.24,72.1,38.0,2.79,0,0,0,6.7,0,0,0
2023-06-01,424,6,6.07,73.8,35.6,3.16,0,0,0,4.8,0,0,0
2023-07-01,424,7,6.14,70.9,39.8,2.9,1,0,0,5.9,0,0,0
2023-08-01,424,8,6.12,70.6,42.8,2.8,1,0,0,3.4,0,0,0
2023-09-01,424,9,6.27,68.3,39.3,3.04,1,0,0,3.9,0,0,0
2023-10-01,424,10,6.28,75.4,34.3,2.89,1,0,1,7.0,0,0,0
2023-11-01,424,11,6.32,66.0,37.9,2.88,1,0,1,6.3,0,0,0
2023-12-01,424,12,6.21,62.7,40.5,3.15,1,0,1,6.9,0,0,0
2024-01-01,424,13,6.42,77.6,46.8,3.01,1,0,1,1.6,0,0,0
2024-02-01,424,14,6.53,75.5,41.6,3.05,1,0,1,3.3,0,0,0
2024-03-01,424,15,6.51,62.8,44.1,2.81,1,0,1,9.2,0,0,0
2024-04-01,424,16,6.4,70.5,33.9,3.18,1,0,1,8.0,0,0,0
2024-05-01,424,17,6.53,69.9,40.1,3.12,2,0,1,7.2,0,0,0
2024-06-01,424,18,6.61,67.6,43.5,2.8,2,0,1,4.9,0,0,0
2023-01-01,425,1,6.29,75.5,69.3,2.51,0,0,1,7.6,0,3,0
2023-02-01,425,2,6.14,76.5,72.6,2.49,0,0,1,7.4,0,3,0
2023-03-01,425,3,6.55,86.0,74.2,2.46,1,0,1,9.5,0,3,0
2023-04-01,425,4,6.28,76.1,75.1,2.67,1,0,1,10.8,0,3,0
2023-05-01,425,5,6.42,79.7,75.1,2.52,1,0,1,9.4,1,3,0
2023-06-01,425,6,6.39,74.3,77.0,2.56,1,0,1,11.3,1,3,0
2023-07-01,425,7,6.54,72.2,76.7,2.28,1,0,1,13.1,2,2,0
2023-08-01,425,8,6.42,73.3,78.1,2.43,1,0,1,11.4,3,2,0
2023-09-01,425,9,6.52,77.3,85.5,2.43,1,0,1,9.6,3,2,0
2023-10-01,425,10,6.67,74.0,78.6,2.55,1,0,1,9.8,3,1,0
2023-11-01,425,11,6.45,79.4,80.0,2.61,2,0,1,10.9,4,1,0
2023-12-01,425,12,6.56,78.6,89.3,2.29,2,0,1,12.9,4,1,0
2024-01-01,425,13,6.5,85.5,85.9,2.6,2,0,1,12.4,4,1,0
2024-02-01,425,14,6.44,80.8,89.7,2.37,2,0,1,10.0,4,1,0
2024-03-01,425,15,6.46,85.1,86.7,2.51,2,0,1,8.6,4,1,0
2024-04-01,425,16,6.56,83.0,85.0,2.63,2,0,1,8.3,4,1,0
2024-05-01,425,17,6.57,74.9,80.6,2.48,3,1,1,14.2,5,0,0
2024-06-01,425,18,6.82,86.9,90.6,2.48,3,1,1,9.8,5,0,1
2023-01-01,426,1,6.87,76.1,73.8,2.97,1,1,0,6.0,0,0,0
2023-02-01,426,2,6.84,69.3,81.3,3.59,1,1,0,8.8,0,0,0
2023-03-01,426,3,6.78,74.8,73.5,3.27,1,1,0,9.8,0,0,0
2023-04-01,426,4,6.84,66.4,87.3,3.32,1,1,0,5.4,0,0,0
2023-05-01,426,5,6.87,72.3,86.7,3.33,1,1,0,6.8,0,0,0
2023-06-01,426,6,7.05,78.3,85.1,3.31,1,1,0,3.6,0,0,0
2023-07-01,426,7,6.79,70.1,80.2,3.41,1,1,0,8.3,0,0,0
2023-08-01,426,8,6.93,69.7,70.7,3.15,1,1,0,3.2,0,0,0
2023-09-01,426,9,6.93,69.1,75.8,3.49,2,1,0,3.1,1,0,0
2023-10-01,426,10,7.26,74.6,79.7,3.36,2,1,0,4.4,1,0,1
2023-11-01,426,11,7.19,76.2,81.0,3.02,2,1,0,7.6,1,0,1
2023-12-01,426,12,7.11,78.5,80.3,3.56,2,1,1,11.3,1,0,1
2024-01-01,426,13,7.34,70.7,80.5,3.32,2,1,1,6.4,1,0,1
2024-02-01,426,14,7.0,71.0,78.9,3.39,2,2,1,2.7,2,0,1
2024-03-01,426,15,7.28,72.9,82.2,3.35,2,2,1,4.6,2,0,1
2024-04-01,426,16,7.32,74.9,88.6,3.3,3,2,1,2.3,2,0,1
2024-05-01,426,17,7.38,72.5,81.8,3.55,3,2,1,3.9,2,0,1
2024-06-01,426,18,7.24,72.9,92.5,3.36,3,2,1,2.4,2,0,1
2023-01-01,427,1,7.66,78.2,44.4,3.41,0,0,0,10.3,0,0,0
2023-02-01,427,2,7.76,82.4,44.3,3.38,0,0,0,8.9,0,0,0
2023-03-01,427,3,7.69,76.2,49.1,3.25,0,0,0,7.5,0,0,0
2023-04-01,427,4,7.83,76.2,49.8,3.31,0,0,0,13.8,1,0,0
2023-05-01,427,5,7.76,72.6,49.3,3.33,0,0,1,10.1,1,0,0
2023-06-01,427,6,7.87,72.8,50.0,3.18,0,0,1,3.3,1,0,0
2023-07-01,427,7,7.87,77.8,51.6,3.23,0,1,1,5.5,1,0,0
2023-08-01,427,8,7.79,67.2,48.9,3.46,0,1,1,10.7,1,0,0
2023-09-01,427,9,8.06,77.3,46.0,3.24,0,1,1,14.2,1,0,0
2023-10-01,427,10,8.01,73.9,55.1,3.19,0,1,1,7.4,1,0,0
2023-11-01,427,11,7.95,79.9,53.6,3.36,0,1,1,11.1,1,0,0
2023-12-01,427,12,8.06,84.1,55.5,3.38,0,1,1,6.7,2,0,0
2024-01-01,427,13,7.96,77.6,59.3,3.31,0,1,1,1.2,2,0,0
2024-02-01,427,14,8.02,78.2,54.2,3.49,0,1,1,12.0,3,0,1
2024-03-01,427,15,7.99,77.8,54.1,3.53,0,1,1,7.5,3,0,1
2024-04-01,427,16,8.11,80.1,54.9,3.2,0,1,1,6.9,4,0,1
2024-05-01,427,17,7.9,70.1,58.2,3.38,0,1,1,5.0,4,0,1
2024-06-01,427,18,8.11,78.3,61.9,3.6,0,1,1,7.6,4,0,1
2023-01-01,428,1,8.55,95.0,51.3,4.01,0,1,0,7.5,0,0,0
2023-02-01,428,2,8.45,100.0,53.7,3.7,0,1,0,11.6,0,0,0
2023-03-01,428,3,8.41,100.0,49.7,3.68,0,1,0,6.7,1,0,0
2023-04-01,428,4,8.37,100.0,48.7,3.9,0,1,0,7.4,1,0,0
2023-05-01,428,5,8.66,99.7,56.1,3.84,0,1,0,9.0,1,0,0
2023-06-01,428,6,8.42,90.7,52.1,3.85,0,1,0,9.8,1,0,0
2023-07-01,428,7,8.57,99.3,49.8,4.13,0,1,0,8.5,1,0,0
2023-08-01,428,8,8.43,97.3,54.2,3.84,0,1,0,5.1,1,0,0
2023-09-01,428,9,8.5,93.6,46.8,4.14,0,2,1,9.4,1,0,1
2023-10-01,428,10,8.5,100.0,56.0,3.99,0,2,1,5.1,1,0,1
2023-11-01,428,11,8.51,96.2,54.1,3.98,0,2,2,10.9,1,0,1
2023-12-01,428,12,8.78,100.0,60.2,4.04,0,2,2,7.8,1,0,1
2024-01-01,428,13,8.42,100.0,57.8,4.01,0,2,2,9.6,2,0,1
2024-02-01,428,14,8.5,96.0,54.6,4.01,0,2,2,9.3,2,0,1
2024-03-01,428,15,8.37,93.9,54.0,3.93,0,2,2,3.9,2,0,1
2024-04-01,428,16,8.66,96.8,57.1,4.06,0,2,2,8.2,2,0,1
2024-05-01,428,17,8.51,100.0,59.3,3.85,0,2,2,4.2,2,0,1
2024-06-01,428,18,8.64,94.5,60.8,4.14,0,2,3,5.1,2,0,1
2023-01-01,429,1,5.81,60.9,68.6,3.16,0,0,0,9.0,0,0,0
2023-02-01,429,2,6.06,70.5,63.2,3.38,0,0,0,10.6,0,0,0
2023-03-01,429,3,5.88,66.1,70.2,2.89,0,0,0,12.1,0,0,0
2023-04-01,429,4,5.93,63.4,69.8,3.37,1,1,0,11.4,0,0,0
2023-05-01,429,5,6.2,73.5,72.9,3.49,1,2,0,11.5,0,0,0
2023-06-01,429,6,6.06,63.9,70.4,3.22,1,3,0,13.7,0,0,1
2023-07-01,429,7,5.97,66.3,62.2,3.49,1,3,0,7.8,0,0,1
2023-08-01,429,8,6.16,57.1,76.3,3.03,1,3,0,9.9,0,0,1
2023-09-01,429,9,5.97,63.5,72.9,3.62,1,3,0,12.9,0,0,1
2023-10-01,429,10,6.15,70.7,76.4,3.43,1,3,0,8.7,0,0,1
2023-11-01,429,11,6.25,64.6,74.7,3.31,1,3,0,11.3,0,0,1
2023-12-01,429,12,6.18,71.2,70.2,3.3,1,3,0,8.7,0,0,1
2024-01-01,429,13,6.24,74.1,77.2,3.04,1,3,0,9.7,0,0,1
2024-02-01,429,14,6.02,69.1,74.6,3.23,1,3,0,10.8,0,0,1
2024-03-01,429,15,6.28,65.0,83.2,3.74,1,3,1,8.1,0,0,1
2024-04-01,429,16,6.31,70.0,79.2,3.43,1,3,1,9.6,0,0,1
2024-05-01,429,17,6.1,67.0,76.6,3.35,1,3,2,8.9,0,0,1
2024-06-01,429,18,6.13,70.6,81.4,3.38,1,3,2,10.7,1,0,1
2023-01-01,430,1,7.17,65.1,21.5,4.27,0,1,0,2.4,0,0,0
2023-02-01,430,2,7.23,70.2,28.8,4.15,0,1,0,6.2,0,0,0
2023-03-01,430,3,7.28,69.0,29.2,4.02,0,1,0,8.3,0,0,0
2023-04-01,430,4,7.38,68.2,23.4,4.1,0,1,0,4.7,0,0,0
2023-05-01,430,5,7.34,65.5,30.2,4.0,0,1,0,4.3,0,0,0
2023-06-01,430,6,7.4,66.9,28.8,3.93,0,1,0,5.8,0,0,0
2023-07-01,430,7,7.56,66.2,21.0,4.45,0,1,0,1.4,0,0,0
2023-08-01,430,8,7.6,63.9,34.5,3.94,1,1,0,2.9,0,0,0
2023-09-01,430,9,7.4,67.8,25.8,3.98,1,1,0,5.5,0,0,0
2023-10-01,430,10,7.55,66.7,27.1,4.22,1,1,0,4.6,0,0,0
2023-11-01,430,11,7.82,67.6,20.4,4.1,1,1,0,4.1,0,0,0
2023-12-01,430,12,7.81,69.0,28.3,4.08,1,1,0,9.2,0,0,0
2024-01-01,430,13,7.56,68.2,26.6,3.83,1,2,0,6.4,0,0,0
2024-02-01,430,14,7.88,62.1,29.3,4.21,2,2,0,7.1,0,0,0
2024-03-01,430,15,7.85,67.5,32.4,4.18,2,2,0,0.0,0,0,0
2024-04-01,430,16,7.88,67.0,24.1,3.94,2,2,0,0.0,0,0,0
2024-05-01,430,17,8.08,63.3,30.3,4.16,2,2,0,3.5,0,0,0
2024-06-01,430,18,7.8,67.1,34.0,4.35,2,2,0,0.0,0,0,0
2023-01-01,431,1,6.26,71.6,28.2,3.21,0,1,0,5.7,0,0,0
2023-02-01,431,2,6.21,79.0,31.1,3.18,0,1,0,1.4,0,0,0
2023-03-01,431,3,6.52,78.5,29.9,3.05,0,1,0,1.4,0,0,0
2023-04-01,431,4,6.22,79.4,34.3,3.02,0,1,0,0.0,0,0,0
2023-05-01,431,5,6.31,75.9,30.2,3.18,0,1,0,6.6,0,0,0
2023-06-01,431,6,6.35,75.7,34.9,3.46,0,1,0,3.4,0,0,0
2023-07-01,431,7,6.19,69.5,29.9,3.46,0,1,0,1.9,0,0,0
2023-08-01,431,8,6.38,70.4,31.1,3.33,0,1,0,2.3,0,0,0
2023-09-01,431,9,6.55,69.5,38.6,3.37,0,1,0,5.7,0,0,0
2023-10-01,431,10,6.65,76.7,28.0,3.54,0,2,0,2.7,0,0,0
2023-11-01,431,11,6.44,66.4,27.8,3.45,0,3,0,0.2,0,0,0
2023-12-01,431,12,6.53,76.4,34.7,3.16,0,3,0,3.7,1,0,0
2024-01-01,431,13,6.46,69.0,26.7,3.62,0,3,0,3.9,1,0,0
2024-02-01,431,14,6.63,66.5,39.2,3.41,0,3,0,3.5,1,0,0
2024-03-01,431,15,6.53,78.5,27.6,3.46,0,3,0,7.5,1,0,0
2024-04-01,431,16,6.73,69.6,34.4,3.31,0,3,0,8.7,1,0,0
2024-05-01,431,17,6.75,76.7,31.3,3.35,0,3,0,7.7,2,0,0
2024-06-01,431,18,6.75,73.0,36.3,3.75,0,3,0,4.5,2,0,0
2023-01-01,432,1,7.63,80.0,53.2,3.16,0,1,0,6.7,0,0,0
2023-02-01,432,2,7.55,81.5,55.6,3.15,0,1,0,12.1,0,0,0
2023-03-01,432,3,7.26,86.2,55.5,3.23,1,1,0,7.6,0,0,0
2023-04-01,432,4,7.47,80.0,54.7,3.1,1,1,0,6.1,0,0,0
2023-05-01,432,5,7.47,85.6,49.0,3.1,1,1,0,6.3,0,0,0
2023-06-01,432,6,7.54,85.4,57.9,3.49,1,1,1,7.2,0,0,0
2023-07-01,432,7,7.51,88.5,58.9,3.06,1,1,1,3.4,0,0,0
2023-08-01,432,8,7.71,93.1,58.7,3.14,1,1,1,8.8,0,0,0
2023-09-01,432,9,7.74,87.3,57.7,3.24,1,1,1,13.6,0,0,0
2023-10-01,432,10,7.9,80.6,55.6,3.04,1,1,1,6.1,0,0,0
2023-11-01,432,11,7.88,87.0,57.2,3.35,2,1,1,5.3,0,0,0
2023-12-01,432,12,7.71,85.3,57.6,3.25,2,1,1,4.9,0,0,0
2024-01-01,432,13,7.67,89.1,58.5,3.13,2,1,1,0.8,0,0,0
2024-02-01,432,14,7.93,85.1,57.4,3.31,2,1,1,7.4,0,0,1
2024-03-01,432,15,7.61,80.6,58.9,3.21,2,1,1,4.5,0,0,1
2024-04-01,432,16,7.76,82.3,61.7,3.31,2,1,1,3.5,0,0,1
2024-05-01,432,17,7.86,79.5,68.6,3.08,2,1,1,3.1,0,0,1
2024-06-01,432,18,7.86,83.2,60.1,3.33,2,1,1,5.4,0,0,1
2023-01-01,433,1,6.78,88.3,82.4,3.82,0,0,0,6.0,0,1,0
2023-02-01,433,2,6.76,93.6,80.3,4.0,0,0,0,8.6,0,1,0
2023-03-01,433,3,6.82,84.8,75.5,3.93,0,0,0,9.6,0,0,0
2023-04-01,433,4,6.95,87.0,90.0,4.06,1,0,0,5.2,0,0,0
2023-05-01,433,5,7.17,92.4,81.8,4.01,1,0,0,10.5,0,0,0
2023-06-01,433,6,7.26,93.3,84.9,3.71,1,0,0,7.9,0,0,0
2023-07-01,433,7,6.98,88.9,84.2,4.12,1,0,0,8.4,0,0,0
2023-08-01,433,8,7.17,91.1,86.7,3.91,1,1,0,6.4,0,0,0
2023-09-01,433,9,7.03,87.4,79.4,4.07,1,2,0,10.2,0,0,0
2023-10-01,433,10,6.95,96.1,94.2,3.87,1,2,0,3.8,1,0,0
2023-11-01,433,11,7.05,88.7,80.5,3.95,1,2,1,4.3,2,0,0
2023-12-01,433,12,7.18,92.1,89.5,4.08,1,2,1,8.9,3,0,0
2024-01-01,433,13,7.44,91.9,88.9,3.77,1,2,1,5.8,3,0,0
2024-02-01,433,14,7.12,80.9,93.1,4.2,1,2,1,3.8,3,0,0
2024-03-01,433,15,7.05,89.0,81.7,4.02,1,2,1,7.5,4,0,0
2024-04-01,433,16,7.28,85.6,88.4,4.03,1,2,1,11.0,5,0,0
2024-05-01,433,17,7.15,88.5,93.9,4.06,1,2,2,3.6,5,0,1
2024-06-01,433,18,7.21,90.7,89.1,4.02,1,2,2,3.0,5,0,1
2023-01-01,434,1,5.59,81.7,52.1,2.41,0,1,0,1.8,0,2,0
2023-02-01,434,2,5.42,79.7,47.4,2.69,0,1,0,0.0,0,1,0
2023-03-01,434,3,5.7,94.0,43.2,2.42,0,1,0,4.9,0,1,0
2023-04-01,434,4,5.78,85.5,54.9,2.2,0,1,0,0.4,0,1,0
2023-05-01,434,5,5.65,81.3,57.1,2.63,0,1,0,4.2,0,1,0
2023-06-01,434,6,5.76,84.1,49.4,2.56,0,1,0,5.0,0,1,0
2023-07-01,434,7,6.03,85.5,49.9,2.81,0,1,0,10.2,0,0,0
2023-08-01,434,8,5.84,85.8,56.8,2.67,0,1,0,8.0,0,0,0
2023-09-01,434,9,5.87,87.4,54.5,2.85,0,1,0,6.5,0,0,0
2023-10-01,434,10,6.14,87.7,50.0,2.57,0,1,0,2.7,0,0,0
2023-11-01,434,11,6.1,79.0,60.0,2.71,0,2,0,6.6,0,0,1
2023-12-01,434,12,6.16,85.9,54.6,2.78,0,2,0,4.9,0,0,1
2024-01-01,434,13,5.88,82.4,53.2,2.8,0,2,0,5.8,0,0,1
2024-02-01,434,14,5.83,84.0,53.8,2.46,0,2,0,6.0,0,0,1
2024-03-01,434,15,6.29,88.4,62.0,2.44,0,2,0,1.7,0,0,1
2024-04-01,434,16,6.17,81.7,54.5,2.65,0,2,0,2.5,0,0,1
2024-05-01,434,17,6.23,82.3,52.9,2.69,0,2,0,3.4,0,0,1
2024-06-01,434,18,6.15,90.9,66.8,2.82,1,2,0,6.3,1,0,1
2023-01-01,435,1,7.82,90.8,62.4,4.94,0,1,0,6.6,0,0,0
2023-02-01,435,2,7.64,92.1,56.4,5.0,1,1,0,13.6,0,0,0
2023-03-01,435,3,7.6,94.8,60.3,4.98,1,1,0,9.5,0,0,0
2023-04-01,435,4,7.78,95.1,56.1,4.83,1,1,0,9.6,0,0,0
2023-05-01,435,5,7.84,96.6,58.2,5.0,1,1,1,15.1,0,0,0
2023-06-01,435,6,7.67,93.1,70.3,5.0,1,1,1,5.3,0,0,0
2023-07-01,435,7,7.92,93.3,64.7,5.0,1,1,1,10.3,0,0,0
2023-08-01,435,8,8.01,98.0,65.3,4.93,1,1,2,9.1,0,0,0
2023-09-01,435,9,7.97,96.3,61.5,4.99,1,1,2,10.9,1,0,0
2023-10-01,435,10,7.76,86.7,62.7,4.98,1,1,2,13.2,1,0,0
2023-11-01,435,11,7.86,94.6,66.2,5.0,1,1,2,7.9,1,0,1
2023-12-01,435,12,7.73,92.8,75.2,5.0,1,1,2,8.2,1,0,1
2024-01-01,435,13,7.92,93.6,67.4,5.0,1,1,2,6.2,1,0,1
2024-02-01,435,14,7.86,97.0,63.8,5.0,1,1,2,11.6,2,0,1
2024-03-01,435,15,7.91,92.4,70.6,5.0,1,1,2,11.1,2,0,1
2024-04-01,435,16,8.03,92.6,70.4,5.0,1,1,3,7.7,2,0,1
2024-05-01,435,17,7.98,100.0,67.9,5.0,1,1,3,12.9,3,0,1
2024-06-01,435,18,7.86,92.2,77.7,4.98,1,1,3,5.8,4,0,1
2023-01-01,436,1,6.58,68.2,74.9,3.37,0,1,0,1.5,0,2,0
2023-02-01,436,2,6.5,64.1,80.9,3.49,0,2,0,2.1,0,2,0
2023-03-01,436,3,6.81,60.2,78.3,3.55,0,2,0,6.7,0,2,0
2023-04-01,436,4,6.86,62.4,77.9,3.43,0,3,0,2.9,0,2,0
2023-05-01,436,5,6.77,60.6,71.8,3.79,0,3,0,5.1,0,2,0
2023-06-01,436,6,6.7,62.1,79.8,3.68,0,3,0,5.2,0,2,0
2023-07-01,436,7,6.93,64.3,75.6,3.79,0,3,0,7.3,0,2,0
2023-08-01,436,8,6.63,67.7,76.4,3.51,0,3,0,8.2,0,1,0
2023-09-01,436,9,6.83,63.5,71.8,3.44,0,3,0,6.3,0,0,0
2023-10-01,436,10,6.97,65.1,74.4,3.74,0,3,0,3.2,0,0,0
2023-11-01,436,11,6.89,67.0,76.4,3.41,1,3,0,4.6,1,0,0
2023-12-01,436,12,6.97,63.1,79.9,3.68,1,3,0,5.6,1,0,0
2024-01-01,436,13,6.98,59.1,78.7,3.48,1,3,0,6.0,1,0,0
2024-02-01,436,14,7.17,61.5,79.5,3.59,1,4,0,0.0,1,0,1
2024-03-01,436,15,7.3,67.2,83.3,3.76,1,4,0,6.0,2,0,1
2024-04-01,436,16,7.31,62.3,79.8,3.64,2,4,0,8.8,2,0,1
2024-05-01,436,17,7.16,69.9,81.3,3.61,2,4,0,6.8,2,0,1
2024-06-01,436,18,7.41,72.4,79.1,3.69,2,5,0,7.1,2,0,1
2023-01-01,437,1,6.36,91.0,90.6,3.29,1,0,0,2.6,0,0,0
2023-02-01,437,2,6.4,90.4,89.0,3.55,1,0,0,5.5,0,0,0
2023-03-01,437,3,6.51,99.3,89.4,3.31,1,0,0,1.6,0,0,0
2023-04-01,437,4,6.55,91.3,90.4,3.62,1,0,0,3.8,0,0,0
2023-05-01,437,5,6.67,92.2,86.7,3.48,1,0,0,4.3,0,0,0
2023-06-01,437,6,6.49,90.6,97.3,3.49,1,0,0,3.9,0,0,0
2023-07-01,437,7,6.91,91.2,84.9,3.45,1,0,0,0.0,0,0,0
2023-08-01,437,8,6.62,99.9,91.6,3.57,1,0,0,4.5,0,0,0
2023-09-01,437,9,6.73,92.2,94.4,3.74,1,0,0,2.4,0,0,0
2023-10-01,437,10,6.65,97.3,92.8,3.82,1,0,0,3.7,0,0,0
2023-11-01,437,11,6.69,88.2,100.0,3.48,2,0,0,0.2,1,0,0
2023-12-01,437,12,6.89,97.6,94.4,3.8,2,1,0,3.2,1,0,0
2024-01-01,437,13,6.95,99.9,89.2,3.48,2,1,0,0.0,1,0,0
2024-02-01,437,14,6.94,94.4,93.9,3.6,2,1,0,3.4,1,0,1
2024-03-01,437,15,6.75,94.9,93.1,3.67,2,1,0,4.6,1,0,1
2024-04-01,437,16,6.93,96.8,91.9,3.57,2,1,0,0.4,1,0,1
2024-05-01,437,17,6.91,93.0,98.9,3.55,2,1,0,1.4,1,0,1
2024-06-01,437,18,6.78,94.3,94.8,3.64,2,1,0,6.1,1,0,1
2023-01-01,438,1,6.07,83.9,52.6,3.48,0,1,0,10.8,0,0,0
2023-02-01,438,2,6.12,76.7,49.9,3.79,0,1,0,7.2,0,0,0
2023-03-01,438,3,6.12,82.6,52.4,3.67,0,1,0,7.6,0,0,0
2023-04-01,438,4,6.23,73.4,48.4,3.71,0,1,0,5.5,0,0,0
2023-05-01,438,5,6.25,75.7,53.4,3.77,0,1,0,3.9,0,0,0
2023-06-01,438,6,6.28,80.2,54.2,3.95,0,1,0,3.7,0,0,0
2023-07-01,438,7,6.45,86.7,49.4,3.61,0,1,0,9.8,0,0,0
2023-08-01,438,8,6.53,77.7,56.2,3.6,0,1,0,7.3,1,0,1
2023-09-01,438,9,6.01,80.9,51.6,3.56,0,1,0,4.6,1,0,1
2023-10-01,438,10,6.1,76.3,54.7,3.76,0,1,0,4.2,1,0,1
2023-11-01,438,11,6.39,82.0,56.9,3.6,0,1,0,5.5,1,0,1
2023-12-01,438,12,6.52,73.8,51.0,3.57,0,1,0,8.1,1,0,1
2024-01-01,438,13,6.52,81.7,57.6,3.59,0,1,0,4.1,1,0,1
2024-02-01,438,14,6.3,74.9,57.3,3.57,0,1,0,4.5,1,0,1
2024-03-01,438,15,6.44,78.4,57.5,3.51,0,1,0,8.0,1,0,1
2024-04-01,438,16,6.44,72.0,50.3,3.87,0,1,0,9.0,1,0,1
2024-05-01,438,17,6.33,72.5,56.9,3.61,0,1,0,9.9,2,0,1
2024-06-01,438,18,6.29,78.7,56.4,3.61,0,1,0,7.4,2,0,1
2023-01-01,439,1,6.32,91.2,55.1,4.56,0,1,1,12.6,0,1,0
2023-02-01,439,2,6.45,84.2,53.9,4.62,0,1,1,10.1,0,1,0
2023-03-01,439,3,6.42,80.8,57.2,4.61,0,2,1,12.0,0,1,0
2023-04-01,439,4,6.6,94.3,59.2,4.51,0,2,1,10.8,0,1,0
2023-05-01,439,5,6.61,95.8,62.5,4.46,0,2,1,14.2,0,1,0
2023-06-01,439,6,6.77,86.3,66.1,4.56,0,2,1,9.2,0,1,0
2023-07-01,439,7,6.86,88.6,60.0,4.41,0,3,1,10.1,0,1,0
2023-08-01,439,8,6.72,85.2,67.3,4.9,0,3,1,10.3,0,1,0
2023-09-01,439,9,6.59,88.5,64.1,4.59,0,3,1,7.2,0,0,0
2023-10-01,439,10,6.96,88.8,57.0,4.55,0,4,1,9.2,0,0,0
2023-11-01,439,11,6.73,88.4,64.4,4.52,0,4,1,11.1,1,0,0
2023-12-01,439,12,6.85,84.4,63.3,4.69,0,4,1,7.8,2,0,0
2024-01-01,439,13,6.8,88.4,62.2,4.72,0,5,1,8.2,2,0,0
2024-02-01,439,14,6.88,86.6,64.0,4.58,0,5,1,11.4,2,0,0
2024-03-01,439,15,6.79,88.5,58.1,4.7,0,6,1,7.6,3,0,0
2024-04-01,439,16,6.86,86.4,71.2,4.68,0,7,1,5.4,4,0,0
2024-05-01,439,17,7.0,86.3,70.0,4.7,0,7,1,5.7,4,0,0
2024-06-01,439,18,7.03,82.5,67.2,4.51,0,7,1,12.0,5,0,0
2023-01-01,440,1,7.48,68.0,84.6,3.91,0,0,0,12.5,0,0,0
2023-02-01,440,2,7.33,73.7,83.5,3.74,0,0,0,10.0,1,0,0
2023-03-01,440,3,7.33,63.5,81.6,3.66,0,0,0,8.6,1,0,0
2023-04-01,440,4,7.33,67.1,88.8,3.84,0,0,0,12.8,1,0,0
2023-05-01,440,5,7.35,63.2,83.9,3.6,0,0,0,14.8,1,0,0
2023-06-01,440,6,7.7,69.2,94.9,3.84,0,0,0,14.2,1,0,0
2023-07-01,440,7,7.47,71.9,85.8,3.66,0,0,0,8.9,1,0,0
2023-08-01,440,8,7.7,67.3,91.0,3.83,0,0,1,12.7,2,0,0
2023-09-01,440,9,7.56,62.3,92.1,3.85,1,0,1,14.2,2,0,0
2023-10-01,440,10,7.53,67.3,92.6,3.62,1,0,1,6.9,2,0,0
2023-11-01,440,11,7.54,59.5,92.5,3.83,1,0,1,11.8,2,0,0
2023-12-01,440,12,7.59,74.0,96.4,3.97,1,0,1,11.5,2,0,0
2024-01-01,440,13,7.62,71.5,97.5,3.72,1,0,1,11.9,2,0,0
2024-02-01,440,14,7.76,70.4,96.0,3.76,1,0,1,11.5,2,0,0
2024-03-01,440,15,7.7,71.1,93.0,4.09,1,1,1,13.8,2,0,0
2024-04-01,440,16,7.74,72.7,96.9,4.04,1,2,1,8.7,2,0,0
2024-05-01,440,17,7.74,67.1,98.5,4.21,1,2,2,12.6,2,0,0
2024-06-01,440,18,7.91,70.6,99.1,3.98,1,3,2,12.1,2,0,0
2023-01-01,441,1,6.84,82.3,30.0,2.29,0,1,1,10.5,0,0,0
2023-02-01,441,2,6.98,80.4,28.8,2.08,0,1,1,9.1,1,0,0
2023-03-01,441,3,6.95,84.7,26.7,2.23,1,1,1,9.8,1,0,0
2023-04-01,441,4,6.9,86.5,35.1,2.23,1,1,1,6.9,1,0,0
2023-05-01,441,5,7.05,79.9,36.1,2.01,1,1,1,7.9,1,0,0
2023-06-01,441,6,7.04,86.5,34.7,2.31,1,1,1,6.8,1,0,0
2023-07-01,441,7,6.95,75.1,41.9,2.19,2,1,1,11.8,1,0,0
2023-08-01,441,8,7.07,82.4,39.9,2.16,2,1,1,8.2,1,0,0
2023-09-01,441,9,7.09,82.3,41.7,1.87,2,1,1,8.7,1,0,0
2023-10-01,441,10,7.14,81.8,45.2,1.98,2,2,1,10.4,1,0,0
2023-11-01,441,11,7.09,80.8,51.1,2.18,2,2,1,8.2,1,0,0
2023-12-01,441,12,7.17,81.4,49.6,2.25,2,3,1,8.6,1,0,0
2024-01-01,441,13,7.29,83.7,44.1,2.33,2,3,1,13.5,2,0,0
2024-02-01,441,14,7.23,86.1,43.7,2.27,2,3,1,13.4,2,0,0
2024-03-01,441,15,7.38,82.9,47.2,2.28,2,3,1,12.6,2,0,0
2024-04-01,441,16,7.35,87.7,49.9,2.22,3,3,1,17.1,2,0,0
2024-05-01,441,17,7.15,82.8,45.3,2.52,3,3,1,6.7,2,0,0
2024-06-01,441,18,7.31,78.0,41.3,2.13,3,3,1,5.6,2,0,0
2023-01-01,442,1,7.27,79.0,81.0,4.43,0,0,1,1.5,0,1,0
2023-02-01,442,2,7.51,83.9,67.5,4.15,0,0,1,7.2,0,1,0
2023-03-01,442,3,7.41,78.1,74.1,4.24,0,0,1,9.6,0,1,0
2023-04-01,442,4,7.21,82.5,79.5,4.14,0,0,1,7.8,0,1,0
2023-05-01,442,5,7.41,82.7,69.2,4.01,0,0,1,6.3,0,1,0
2023-06-01,442,6,7.52,83.2,75.0,4.17,1,1,1,7.2,0,0,0
2023-07-01,442,7,7.48,83.6,83.3,4.45,1,2,1,6.2,0,0,0
2023-08-01,442,8,7.48,84.7,77.4,4.55,1,3,1,7.5,1,0,0
2023-09-01,442,9,7.7,82.4,82.1,4.03,1,3,1,9.9,1,0,0
2023-10-01,442,10,7.52,83.9,76.1,4.13,1,3,1,9.7,1,0,0
2023-11-01,442,11,7.62,84.1,80.1,4.46,1,3,1,6.6,1,0,0
2023-12-01,442,12,7.6,81.2,79.1,4.14,1,3,1,5.9,2,0,0
2024-01-01,442,13,7.68,80.2,79.9,4.4,1,3,2,9.5,2,0,0
2024-02-01,442,14,7.55,88.6,84.0,4.25,1,3,2,6.5,2,0,0
2024-03-01,442,15,7.64,83.8,91.0,4.58,1,3,3,8.7,2,0,0
2024-04-01,442,16,7.88,85.5,85.4,4.62,1,3,3,9.2,3,0,1
2024-05-01,442,17,7.52,76.3,82.7,4.3,1,3,3,12.4,3,0,1
2024-06-01,442,18,7.76,82.1,82.8,4.49,1,3,3,7.3,4,0,1
2023-01-01,443,1,7.26,82.5,52.5,2.73,0,0,0,14.5,0,0,0
2023-02-01,443,2,7.45,95.6,39.9,3.06,0,0,0,9.3,0,0,0
2023-03-01,443,3,7.61,93.4,43.9,3.02,0,0,0,9.4,0,0,0
2023-04-01,443,4,7.44,87.8,49.3,2.97,0,0,0,3.5,0,0,0
2023-05-01,443,5,7.44,97.2,46.9,2.92,1,0,0,12.3,0,0,0
2023-06-01,443,6,7.72,86.1,47.0,2.93,1,0,0,8.9,0,0,0
2023-07-01,443,7,7.66,98.5,41.7,2.96,1,0,0,10.2,0,0,0
2023-08-01,443,8,7.5,95.5,47.5,3.01,1,0,0,11.3,0,0,0
2023-09-01,443,9,7.56,92.9,55.7,3.08,1,0,0,7.2,0,0,0
2023-10-01,443,10,7.61,87.4,47.8,3.27,1,0,0,4.9,0,0,0
2023-11-01,443,11,7.78,92.8,52.6,2.92,1,0,0,11.1,0,0,0
2023-12-01,443,12,7.83,100.0,51.1,2.96,1,0,0,5.6,0,0,0
2024-01-01,443,13,7.88,87.8,49.1,3.14,1,0,0,9.3,0,0,0
2024-02-01,443,14,8.23,97.6,51.5,3.0,1,0,0,13.8,0,0,0
2024-03-01,443,15,7.98,88.8,52.0,3.32,2,0,0,14.0,0,0,0
2024-04-01,443,16,8.16,97.7,55.8,3.2,2,0,1,6.9,0,0,0
2024-05-01,443,17,8.08,93.4,54.7,3.13,2,0,2,11.1,0,0,0
2024-06-01,443,18,7.93,94.0,53.2,3.13,2,0,2,8.3,0,0,0
2023-01-01,444,1,8.01,52.6,63.5,3.15,0,1,0,9.9,0,1,0
2023-02-01,444,2,8.25,65.7,59.5,3.39,0,1,0,11.7,0,1,0
2023-03-01,444,3,8.02,59.4,64.2,3.32,0,1,0,9.7,0,1,0
2023-04-01,444,4,8.2,74.2,62.7,3.44,0,1,0,11.5,0,1,0
2023-05-01,444,5,8.3,67.9,63.5,3.28,0,2,0,9.6,1,1,0
2023-06-01,444,6,8.26,71.4,60.3,3.23,0,2,0,11.6,1,1,0
2023-07-01,444,7,8.14,70.9,57.5,3.42,0,3,0,9.2,2,0,0
2023-08-01,444,8,8.37,73.8,66.7,3.36,0,3,0,10.7,2,0,0
2023-09-01,444,9,8.22,62.0,64.1,3.37,0,3,0,10.8,2,0,0
2023-10-01,444,10,8.35,63.8,59.9,3.24,0,3,0,6.1,3,0,0
2023-11-01,444,11,8.38,68.4,63.3,3.24,0,3,0,8.3,3,0,0
2023-12-01,444,12,8.37,68.1,65.1,3.17,0,4,0,10.4,3,0,0
2024-01-01,444,13,8.41,63.8,68.8,3.44,0,4,1,8.7,3,0,0
2024-02-01,444,14,8.65,64.6,63.1,3.41,0,4,1,8.2,4,0,0
2024-03-01,444,15,8.46,62.5,67.4,3.46,0,4,1,10.1,4,0,0
2024-04-01,444,16,8.39,65.4,77.2,3.49,0,4,1,11.1,4,0,1
2024-05-01,444,17,8.67,63.5,73.3,3.54,0,4,1,11.7,5,0,1
2024-06-01,444,18,8.35,64.4,67.4,3.47,0,4,1,6.3,5,0,1
2023-01-01,445,1,6.6,80.9,57.5,2.1,0,1,1,4.4,0,0,0
2023-02-01,445,2,6.66,86.3,53.4,2.35,0,1,1,0.5,0,0,0
2023-03-01,445,3,6.76,83.0,58.7,2.31,0,1,1,2.5,0,0,0
2023-04-01,445,4,6.89,86.2,53.1,2.33,0,1,1,1.7,0,0,0
2023-05-01,445,5,6.72,82.4,54.3,2.5,0,1,1,7.1,0,0,0
2023-06-01,445,6,6.92,89.3,56.1,2.54,0,1,1,7.6,0,0,0
2023-07-01,445,7,7.12,82.1,53.4,2.55,0,1,1,5.9,0,0,0
2023-08-01,445,8,6.84,77.8,58.9,2.39,0,2,1,1.8,0,0,0
2023-09-01,445,9,6.93,79.3,51.1,2.07,0,2,1,2.2,0,0,0
2023-10-01,445,10,6.9,83.4,57.3,2.33,0,2,1,6.5,0,0,0
2023-11-01,445,11,6.99,80.4,55.7,2.38,0,2,1,7.7,1,0,0
2023-12-01,445,12,6.89,82.4,59.4,2.36,1,2,1,5.2,1,0,0
2024-01-01,445,13,6.94,82.6,60.1,2.54,1,2,1,9.5,1,0,0
2024-02-01,445,14,6.96,81.2,60.6,2.75,1,2,1,3.3,1,0,0
2024-03-01,445,15,7.05,77.8,65.5,2.42,1,2,1,2.1,2,0,0
2024-04-01,445,16,7.11,81.3,65.6,2.63,2,2,1,6.7,3,0,0
2024-05-01,445,17,7.15,82.7,56.2,2.57,2,2,1,3.0,3,0,0
2024-06-01,445,18,7.12,83.1,59.8,2.39,2,2,1,7.9,3,0,1
2023-01-01,446,1,5.52,67.8,46.5,3.64,0,1,1,9.2,0,1,0
2023-02-01,446,2,5.84,71.1,44.5,3.55,0,1,1,10.7,0,1,0
2023-03-01,446,3,5.69,81.1,43.7,3.45,0,1,1,4.1,0,1,0
2023-04-01,446,4,6.01,71.8,49.5,3.61,0,1,1,10.2,0,1,0
2023-05-01,446,5,5.84,64.6,38.5,3.53,0,1,1,8.7,1,1,0
2023-06-01,446,6,5.85,68.6,48.2,3.29,0,1,1,11.4,1,1,0
2023-07-01,446,7,5.73,75.8,45.8,3.77,1,1,1,8.6,1,1,0
2023-08-01,446,8,5.9,75.1,51.1,3.39,1,1,2,9.9,1,1,0
2023-09-01,446,9,6.11,73.1,46.5,3.75,1,1,2,4.8,1,1,0
2023-10-01,446,10,5.94,66.9,50.2,3.71,1,1,2,5.4,1,0,0
2023-11-01,446,11,6.17,70.4,46.4,3.61,1,2,2,7.2,1,0,0
2023-12-01,446,12,5.97,70.0,49.5,3.66,1,2,2,13.2,1,0,0
2024-01-01,446,13,6.28,68.4,44.9,3.67,1,2,2,8.9,2,0,0
2024-02-01,446,14,6.0,75.5,48.5,3.33,1,2,2,7.3,2,0,0
2024-03-01,446,15,6.14,74.1,49.4,3.71,1,2,2,6.5,2,0,0
2024-04-01,446,16,6.15,72.8,57.6,3.52,1,2,2,4.9,3,0,0
2024-05-01,446,17,6.42,70.1,47.9,3.57,1,2,2,7.9,3,0,1
2024-06-01,446,18,6.4,66.5,53.6,3.5,1,2,2,9.5,3,0,1
2023-01-01,447,1,7.99,84.3,44.4,2.81,1,1,0,11.5,0,0,0
2023-02-01,447,2,7.97,84.0,51.7,2.5,1,1,0,10.8,0,0,0
2023-03-01,447,3,7.74,85.3,44.8,2.73,1,1,0,7.4,0,0,0
2023-04-01,447,4,7.76,85.4,43.9,2.93,1,1,0,10.2,0,0,0
2023-05-01,447,5,7.96,85.5,47.2,2.56,1,1,0,8.2,0,0,0
2023-06-01,447,6,7.84,84.9,46.9,2.93,1,1,0,9.7,0,0,0
2023-07-01,447,7,8.02,86.2,55.4,2.72,1,1,0,5.3,0,0,0
2023-08-01,447,8,8.03,91.2,52.3,2.75,2,2,0,14.4,0,0,1
2023-09-01,447,9,7.76,88.2,45.6,2.72,2,2,0,10.5,0,0,1
2023-10-01,447,10,7.91,90.0,49.1,2.98,2,2,0,9.8,0,0,1
2023-11-01,447,11,7.74,85.8,52.9,2.96,2,3,0,11.6,1,0,1
2023-12-01,447,12,7.92,93.0,55.1,2.99,3,3,0,9.9,1,0,1
2024-01-01,447,13,8.11,92.0,56.8,3.05,3,3,0,10.9,1,0,1
2024-02-01,447,14,7.89,89.7,59.5,2.75,3,3,0,5.9,1,0,1
2024-03-01,447,15,8.07,94.3,57.6,2.76,3,3,0,11.1,2,0,1
2024-04-01,447,16,8.02,86.2,55.8,2.47,3,3,0,7.1,3,0,1
2024-05-01,447,17,7.97,91.0,54.2,2.6,3,3,0,11.6,3,0,1
2024-06-01,447,18,8.16,87.2,59.5,2.74,3,3,0,9.8,3,0,1
2023-01-01,448,1,6.75,82.7,59.2,3.5,1,2,0,5.3,0,0,0
2023-02-01,448,2,6.88,82.5,60.4,3.6,1,2,0,8.1,0,0,0
2023-03-01,448,3,6.63,95.8,63.4,3.36,1,2,0,4.1,0,0,0
2023-04-01,448,4,6.66,93.5,67.6,3.25,1,2,0,4.3,0,0,0
2023-05-01,448,5,6.75,91.9,65.2,3.12,1,2,0,4.9,1,0,0
2023-06-01,448,6,6.99,84.5,60.9,3.49,1,2,0,7.3,2,0,0
2023-07-01,448,7,7.0,89.2,53.8,3.26,1,2,0,3.1,2,0,0
2023-08-01,448,8,6.93,88.0,71.5,3.35,1,2,0,9.5,2,0,0
2023-09-01,448,9,6.94,89.0,66.4,3.12,1,2,0,6.9,2,0,0
2023-10-01,448,10,7.05,87.5,66.5,3.79,1,2,0,7.3,3,0,0
2023-11-01,448,11,7.11,94.0,72.6,3.25,1,2,0,9.6,3,0,0
2023-12-01,448,12,7.14,93.1,69.3,3.3,1,3,0,2.7,3,0,0
2024-01-01,448,13,7.01,93.4,63.0,3.41,1,3,0,9.0,3,0,0
2024-02-01,448,14,6.94,96.1,74.8,3.44,1,3,0,3.8,3,0,0
2024-03-01,448,15,7.18,90.4,77.4,3.53,1,3,0,6.2,3,0,0
2024-04-01,448,16,7.22,95.4,64.2,3.28,1,3,0,2.0,3,0,0
2024-05-01,448,17,7.3,94.9,65.1,3.15,1,3,0,3.3,4,0,0
2024-06-01,448,18,7.22,93.7,70.2,3.24,1,3,0,5.6,4,0,0
2023-01-01,449,1,7.7,96.9,70.7,3.18,0,1,0,11.5,0,0,0
2023-02-01,449,2,7.96,95.0,73.1,2.92,1,1,0,5.0,0,0,0
2023-03-01,449,3,7.75,98.0,71.6,2.95,1,1,0,7.6,0,0,0
2023-04-01,449,4,7.95,97.5,72.6,3.24,1,1,1,8.2,0,0,0
2023-05-01,449,5,7.94,91.3,73.9,2.78,1,1,1,9.6,0,0,0
2023-06-01,449,6,7.84,95.1,81.3,3.28,1,1,1,5.1,1,0,0
2023-07-01,449,7,7.59,93.3,76.6,2.99,1,1,1,9.2,1,0,0
2023-08-01,449,8,7.94,92.9,81.1,3.05,1,1,1,14.2,1,0,0
2023-09-01,449,9,7.88,91.8,80.5,3.15,1,1,1,4.8,1,0,0
2023-10-01,449,10,8.2,100.0,77.3,3.08,1,1,1,10.6,1,0,0
2023-11-01,449,11,8.19,97.7,88.9,2.83,1,1,1,10.6,2,0,1
2023-12-01,449,12,8.01,92.9,74.4,2.69,1,2,1,8.9,2,0,1
2024-01-01,449,13,8.13,94.4,80.9,3.35,1,3,1,9.9,2,0,1
2024-02-01,449,14,8.08,94.1,83.8,3.19,1,3,1,8.6,2,0,1
2024-03-01,449,15,7.87,89.9,86.7,3.11,1,3,2,11.5,2,0,1
2024-04-01,449,16,8.28,100.0,82.1,3.14,1,3,2,7.6,2,0,1
2024-05-01,449,17,8.14,99.3,82.4,3.11,1,3,2,10.8,2,0,1
2024-06-01,449,18,8.27,86.1,83.0,3.08,1,3,2,5.9,3,0,1
2023-01-01,450,1,7.21,81.1,55.2,4.42,1,1,0,9.1,0,1,0
2023-02-01,450,2,7.34,68.0,51.5,4.63,1,1,0,13.9,0,0,1
2023-03-01,450,3,7.4,77.5,58.8,4.66,1,1,0,8.3,0,0,1
2023-04-01,450,4,7.59,71.5,61.7,4.35,1,1,0,9.0,0,0,1
2023-05-01,450,5,7.45,76.4,57.3,4.74,1,1,0,5.0,0,0,1
2023-06-01,450,6,7.73,73.6,58.6,4.28,1,2,0,5.8,0,0,1
2023-07-01,450,7,7.64,70.4,62.8,4.56,1,2,0,6.2,0,0,1
2023-08-01,450,8,7.68,78.8,56.5,4.77,1,2,0,8.4,0,0,1
2023-09-01,450,9,7.39,67.2,61.7,4.61,1,2,0,6.5,0,0,1
2023-10-01,450,10,7.57,77.5,62.9,4.55,1,2,0,6.1,1,0,1
2023-11-01,450,11,7.72,77.7,56.0,4.7,1,2,0,9.5,1,0,1
2023-12-01,450,12,7.72,72.3,63.8,4.59,1,2,0,4.9,1,0,1
2024-01-01,450,13,7.89,68.5,62.2,4.35,1,2,0,8.5,1,0,1
2024-02-01,450,14,7.77,79.8,65.2,4.81,1,2,0,8.7,1,0,1
2024-03-01,450,15,7.86,70.9,66.9,4.65,1,2,0,7.0,2,0,1
2024-04-01,450,16,7.81,79.7,62.3,4.58,1,2,0,8.1,2,0,1
2024-05-01,450,17,8.05,74.8,62.5,4.62,1,2,0,10.4,3,0,1
2024-06-01,450,18,7.81,77.3,64.0,4.56,1,2,0,8.2,4,0,1
2023-01-01,451,1,6.92,89.7,60.9,4.48,0,1,0,8.0,0,0,0
2023-02-01,451,2,6.88,93.8,62.3,4.5,0,1,0,10.0,0,0,0
2023-03-01,451,3,7.05,96.5,62.5,4.57,0,1,0,8.5,0,0,0
2023-04-01,451,4,6.87,88.8,62.8,4.62,1,1,0,9.1,0,0,0
2023-05-01,451,5,6.84,93.0,54.8,4.34,1,1,0,9.2,0,0,0
2023-06-01,451,6,6.95,87.2,61.4,4.78,1,1,0,7.8,0,0,0
2023-07-01,451,7,6.8,89.1,63.2,4.68,1,1,0,9.2,0,0,0
2023-08-01,451,8,6.94,95.8,70.1,4.41,1,1,0,8.8,0,0,0
2023-09-01,451,9,6.8,88.5,66.2,4.63,1,1,0,8.4,0,0,0
2023-10-01,451,10,6.93,92.8,60.9,4.68,1,1,0,6.0,0,0,0
2023-11-01,451,11,7.1,93.7,64.4,4.79,1,1,0,6.5,0,0,0
2023-12-01,451,12,7.02,95.9,62.1,4.75,1,1,0,8.7,0,0,0
2024-01-01,451,13,7.03,95.2,75.6,4.71,1,1,0,7.6,0,0,0
2024-02-01,451,14,6.86,90.1,73.1,4.59,1,1,0,6.0,0,0,0
2024-03-01,451,15,6.98,90.8,66.5,4.7,1,1,0,13.2,0,0,0
2024-04-01,451,16,7.2,90.2,68.2,4.65,2,1,0,9.9,1,0,0
2024-05-01,451,17,7.08,90.9,67.3,4.92,2,2,0,15.0,1,0,1
2024-06-01,451,18,7.02,94.8,62.2,4.84,2,2,0,6.1,1,0,1
2023-01-01,452,1,7.44,97.2,61.5,3.01,0,1,0,5.0,0,1,0
2023-02-01,452,2,7.46,91.7,59.5,3.37,0,1,0,3.3,0,1,0
2023-03-01,452,3,7.53,95.9,73.9,3.06,0,1,0,6.2,0,1,0
2023-04-01,452,4,7.41,100.0,69.1,3.11,0,1,0,1.8,0,0,0
2023-05-01,452,5,7.3,100.0,65.5,3.19,0,1,0,2.4,0,0,0
2023-06-01,452,6,7.59,90.8,73.2,3.28,0,1,0,5.2,0,0,0
2023-07-01,452,7,7.54,99.7,72.5,3.04,0,1,0,3.9,0,0,0
2023-08-01,452,8,7.58,91.0,62.5,3.05,0,1,0,1.6,0,0,0
2023-09-01,452,9,7.62,100.0,73.0,3.27,0,1,0,3.7,0,0,0
2023-10-01,452,10,7.98,94.4,70.7,3.39,1,1,0,4.8,0,0,0
2023-11-01,452,11,7.84,97.9,70.3,3.34,1,1,1,3.6,0,0,0
2023-12-01,452,12,7.7,100.0,69.2,3.13,1,1,1,1.3,0,0,0
2024-01-01,452,13,7.84,95.7,73.0,3.13,1,1,1,0.6,0,0,0
2024-02-01,452,14,7.98,98.2,71.6,3.49,1,1,1,6.7,0,0,0
2024-03-01,452,15,7.8,97.7,68.6,3.35,1,1,1,7.8,1,0,0
2024-04-01,452,16,7.9,95.8,69.5,3.24,1,1,1,0.6,1,0,0
2024-05-01,452,17,8.03,95.4,73.2,3.19,1,1,1,3.2,1,0,0
2024-06-01,452,18,8.25,92.0,75.5,3.58,1,1,1,2.8,1,0,0
2023-01-01,453,1,8.55,70.6,47.7,3.37,0,0,0,8.5,0,0,0
2023-02-01,453,2,8.56,62.4,41.8,3.31,0,0,0,6.1,0,0,0
2023-03-01,453,3,8.42,63.8,45.9,3.28,0,0,0,8.9,0,0,0
2023-04-01,453,4,8.61,69.4,42.8,3.44,0,1,0,9.3,0,0,0
2023-05-01,453,5,8.62,68.7,36.6,3.16,0,1,0,11.6,0,0,0
2023-06-01,453,6,8.91,69.6,45.6,3.3,0,1,0,11.1,0,0,0
2023-07-01,453,7,8.93,66.4,45.4,3.16,0,1,0,8.0,0,0,0
2023-08-01,453,8,8.79,69.1,46.9,2.96,0,1,0,5.9,0,0,0
2023-09-01,453,9,8.76,69.7,41.8,3.6,0,2,0,11.9,0,0,0
2023-10-01,453,10,8.9,68.2,50.2,3.41,0,2,0,12.8,0,0,0
2023-11-01,453,11,8.92,65.7,51.7,3.37,0,2,1,8.1,0,0,0
2023-12-01,453,12,8.81,67.2,50.3,3.25,0,2,1,11.7,0,0,0
2024-01-01,453,13,8.87,65.3,52.1,3.37,0,2,1,8.8,0,0,0
2024-02-01,453,14,8.67,66.3,59.0,3.36,0,2,1,9.4,1,0,0
2024-03-01,453,15,8.81,76.9,52.2,3.26,0,3,1,10.2,1,0,0
2024-04-01,453,16,8.88,66.9,51.1,3.53,0,3,1,8.9,2,0,0
2024-05-01,453,17,9.07,58.8,52.4,3.39,0,3,1,5.8,3,0,0
2024-06-01,453,18,9.1,64.6,59.4,3.52,0,3,1,5.9,4,0,0
2023-01-01,454,1,8.89,88.1,68.7,2.85,0,1,0,15.4,0,0,0
2023-02-01,454,2,8.57,92.7,67.7,2.77,0,1,0,14.5,0,0,0
2023-03-01,454,3,8.8,85.0,65.3,3.23,1,1,0,14.5,0,0,0
2023-04-01,454,4,8.59,89.6,77.6,2.91,2,1,0,8.2,0,0,0
2023-05-01,454,5,8.64,88.5,67.8,3.06,2,1,0,12.0,0,0,0
2023-06-01,454,6,8.86,87.5,74.4,3.18,2,1,0,11.4,0,0,0
2023-07-01,454,7,8.98,91.4,73.3,3.02,2,2,0,11.1,0,0,1
2023-08-01,454,8,8.92,78.4,81.0,2.89,2,2,0,6.6,0,0,1
2023-09-01,454,9,9.11,85.7,85.6,3.26,2,3,0,12.2,0,0,1
2023-10-01,454,10,9.22,88.1,77.3,2.79,2,3,0,11.2,1,0,1
2023-11-01,454,11,9.24,88.5,77.6,3.04,2,3,1,11.6,1,0,1
2023-12-01,454,12,9.31,84.2,71.6,2.85,2,3,1,11.5,1,0,1
2024-01-01,454,13,9.22,79.8,75.5,2.75,2,4,1,9.6,1,0,1
2024-02-01,454,14,9.22,91.2,82.7,3.13,2,4,1,17.6,2,0,1
2024-03-01,454,15,9.37,84.3,80.7,3.27,2,4,1,11.1,3,0,1
2024-04-01,454,16,9.21,90.1,78.3,2.75,2,4,1,9.0,3,0,1
2024-05-01,454,17,9.35,90.8,76.5,3.28,2,5,1,9.2,3,0,1
2024-06-01,454,18,9.5,89.8,81.8,3.28,2,5,1,11.0,3,0,1
2023-01-01,455,1,7.06,91.6,64.4,3.94,1,2,0,4.8,0,0,0
2023-02-01,455,2,7.06,85.3,65.6,4.02,1,2,0,7.5,0,0,0
2023-03-01,455,3,7.33,84.6,72.5,4.24,1,2,0,5.3,0,0,0
2023-04-01,455,4,7.12,84.1,73.7,4.37,1,2,0,4.4,0,0,0
2023-05-01,455,5,7.09,92.1,73.5,4.23,1,2,0,4.5,0,0,1
2023-06-01,455,6,6.95,91.0,70.1,4.11,1,2,0,2.0,0,0,1
2023-07-01,455,7,6.97,87.5,74.6,3.8,1,2,0,1.5,0,0,1
2023-08-01,455,8,7.27,94.2,68.2,3.94,1,2,0,6.8,0,0,1
2023-09-01,455,9,7.15,88.7,71.1,3.71,1,3,0,5.4,0,0,1
2023-10-01,455,10,7.1,98.3,64.9,4.18,1,4,0,7.7,0,0,1
2023-11-01,455,11,7.51,91.9,72.7,4.08,1,4,0,2.4,0,0,1
2023-12-01,455,12,7.41,98.1,75.6,3.87,1,4,0,2.7,0,0,1
2024-01-01,455,13,7.6,84.4,66.9,4.1,1,4,0,3.6,0,0,1
2024-02-01,455,14,7.55,90.8,79.2,4.23,1,4,0,4.4,0,0,1
2024-03-01,455,15,7.58,97.1,76.3,4.18,1,4,0,5.9,0,0,1
2024-04-01,455,16,7.31,91.2,76.8,3.89,1,4,0,5.7,0,0,1
2024-05-01,455,17,7.53,85.1,75.0,3.88,2,4,0,3.4,0,0,1
2024-06-01,455,18,7.43,95.8,76.4,4.13,2,4,0,5.5,1,0,1
2023-01-01,456,1,7.03,72.9,96.7,3.1,0,0,0,8.8,0,0,0
2023-02-01,456,2,7.0,80.1,96.3,2.75,0,0,0,11.1,0,0,0
2023-03-01,456,3,7.2,78.8,95.6,3.2,0,0,0,3.5,0,0,0
2023-04-01,456,4,7.32,79.7,96.2,2.93,0,0,0,2.5,0,0,0
2023-05-01,456,5,7.2,83.6,90.4,3.25,0,0,0,0.9,0,0,0
2023-06-01,456,6,7.26,83.3,98.4,3.1,0,0,0,8.8,0,0,0
2023-07-01,456,7,7.29,80.4,96.0,3.2,0,0,0,5.0,0,0,0
2023-08-01,456,8,7.27,71.8,95.3,3.21,1,0,0,9.2,0,0,0
2023-09-01,456,9,7.28,70.1,99.1,3.11,1,0,0,6.3,0,0,0
2023-10-01,456,10,7.17,83.9,100.0,3.23,1,0,0,8.1,0,0,0
2023-11-01,456,11,7.32,76.7,98.6,2.66,1,0,1,6.1,0,0,0
2023-12-01,456,12,7.38,78.1,94.9,2.97,1,0,1,6.8,0,0,0
2024-01-01,456,13,7.35,72.5,89.9,3.21,1,0,1,7.2,0,0,1
2024-02-01,456,14,7.31,84.7,100.0,2.93,1,0,1,10.6,0,0,1
2024-03-01,456,15,7.1,81.1,100.0,3.12,1,0,1,3.7,0,0,1
2024-04-01,456,16,7.34,81.3,98.3,2.95,1,0,1,7.9,1,0,1
2024-05-01,456,17,7.2,72.5,100.0,3.32,1,0,1,8.8,2,0,1
2024-06-01,456,18,7.66,81.8,100.0,3.12,1,0,1,6.9,3,0,1
2023-01-01,457,1,7.69,74.7,46.8,2.95,1,1,0,0.9,0,2,0
2023-02-01,457,2,8.02,79.2,57.8,2.73,1,1,0,8.6,1,2,0
2023-03-01,457,3,8.26,61.0,57.1,2.74,1,1,0,2.3,1,2,0
2023-04-01,457,4,8.03,67.4,50.1,3.01,1,1,0,6.8,1,2,0
2023-05-01,457,5,8.26,74.6,57.0,3.19,1,1,0,5.2,1,2,0
2023-06-01,457,6,8.04,73.4,53.1,3.15,1,1,0,2.3,2,2,0
2023-07-01,457,7,8.12,73.4,60.0,3.03,1,1,0,0.6,2,2,0
2023-08-01,457,8,8.12,70.5,48.2,2.93,1,1,0,4.2,2,2,0
2023-09-01,457,9,8.26,67.0,45.4,3.11,1,1,0,4.0,2,2,0
2023-10-01,457,10,8.12,64.2,54.6,3.07,1,1,0,3.5,2,2,0
2023-11-01,457,11,8.3,68.2,57.7,3.12,1,1,0,3.2,2,2,0
2023-12-01,457,12,8.03,72.6,54.8,3.09,2,2,0,5.9,2,2,0
2024-01-01,457,13,8.43,66.1,56.9,2.96,2,2,0,9.0,2,2,0
2024-02-01,457,14,8.47,74.5,54.9,3.12,2,2,0,8.2,2,2,0
2024-03-01,457,15,8.34,67.4,54.4,3.23,2,2,0,5.4,2,2,0
2024-04-01,457,16,8.56,70.4,55.2,3.24,2,2,0,0.7,2,2,0
2024-05-01,457,17,8.61,67.7,49.9,3.21,2,2,0,1.1,2,2,0
2024-06-01,457,18,8.48,73.6,57.9,2.97,2,2,0,4.0,2,2,0
2023-01-01,458,1,6.53,88.8,58.6,4.39,0,0,0,3.9,0,0,0
2023-02-01,458,2,6.41,93.0,53.1,3.75,0,0,0,5.6,0,0,0
2023-03-01,458,3,6.53,93.1,55.8,4.07,0,0,0,5.1,0,0,0
2023-04-01,458,4,6.64,93.6,53.8,3.85,1,0,0,4.0,0,0,0
2023-05-01,458,5,6.38,87.0,51.1,3.88,1,0,0,5.7,1,0,0
2023-06-01,458,6,6.55,88.6,56.5,4.22,1,0,0,0.0,1,0,0
2023-07-01,458,7,6.66,95.6,52.1,4.07,1,0,0,3.0,2,0,0
2023-08-01,458,8,6.46,91.1,47.0,3.89,1,0,0,0.0,2,0,0
2023-09-01,458,9,6.54,93.3,57.9,3.74,1,0,0,4.2,2,0,0
2023-10-01,458,10,6.48,89.8,47.0,3.79,1,0,0,1.5,2,0,0
2023-11-01,458,11,6.56,88.8,54.6,4.2,1,0,0,0.6,2,0,0
2023-12-01,458,12,6.68,92.5,48.6,3.69,1,0,0,2.5,2,0,0
2024-01-01,458,13,6.84,96.8,54.5,3.82,1,0,0,5.8,2,0,0
2024-02-01,458,14,6.63,89.6,57.8,3.99,1,0,0,1.8,2,0,0
2024-03-01,458,15,6.7,97.6,56.8,3.88,1,0,0,4.7,3,0,0
2024-04-01,458,16,6.83,93.5,55.8,4.15,1,0,0,4.8,3,0,0
2024-05-01,458,17,7.1,94.6,59.2,3.92,1,0,0,0.0,4,0,1
2024-06-01,458,18,7.05,92.6,54.7,4.26,1,1,0,7.0,4,0,1
2023-01-01,459,1,7.28,69.0,72.6,2.78,0,1,2,10.1,0,0,0
2023-02-01,459,2,7.14,71.0,65.9,2.88,0,2,2,8.6,0,0,0
2023-03-01,459,3,7.08,72.3,69.4,2.95,0,2,2,10.9,0,0,0
2023-04-01,459,4,7.32,67.5,68.4,2.93,0,2,2,14.7,0,0,0
2023-05-01,459,5,7.33,70.3,69.0,2.94,0,2,2,10.8,0,0,0
2023-06-01,459,6,7.49,68.3,75.3,2.58,1,2,2,6.9,0,0,0
2023-07-01,459,7,7.49,72.6,72.9,2.87,1,2,2,10.6,0,0,0
2023-08-01,459,8,7.59,67.3,80.0,2.96,1,2,2,12.3,0,0,0
2023-09-01,459,9,7.65,72.7,72.2,2.9,1,2,2,11.3,0,0,0
2023-10-01,459,10,7.5,75.3,70.7,2.94,1,2,2,10.3,0,0,0
2023-11-01,459,11,7.61,66.9,80.0,3.04,1,2,2,7.2,1,0,0
2023-12-01,459,12,7.87,67.8,82.1,2.86,1,2,2,11.1,1,0,1
2024-01-01,459,13,7.85,68.4,76.4,3.06,1,2,2,10.7,1,0,1
2024-02-01,459,14,7.93,69.4,81.3,3.2,1,2,2,12.9,1,0,1
2024-03-01,459,15,7.73,76.6,75.4,2.96,1,2,2,10.4,1,0,1
2024-04-01,459,16,8.09,69.7,81.7,2.94,1,3,2,8.2,1,0,1
2024-05-01,459,17,7.63,73.4,88.9,3.04,1,4,2,9.3,1,0,1
2024-06-01,459,18,7.86,70.7,89.4,3.08,1,4,2,9.7,1,0,1
2023-01-01,460,1,7.13,86.1,70.0,3.04,0,0,0,6.9,0,0,0
2023-02-01,460,2,7.03,86.9,64.3,3.16,0,0,0,7.2,0,0,0
2023-03-01,460,3,6.86,84.5,72.0,3.28,0,0,0,10.2,0,0,0
2023-04-01,460,4,6.96,83.8,66.2,3.11,0,0,0,5.8,0,0,0
2023-05-01,460,5,7.11,77.5,76.8,3.45,0,0,0,11.0,0,0,0
2023-06-01,460,6,6.97,85.5,74.0,3.17,0,0,0,4.7,0,0,0
2023-07-01,460,7,7.13,79.2,70.9,3.24,0,0,0,5.2,0,0,0
2023-08-01,460,8,7.07,84.7,70.7,3.06,0,0,0,10.1,0,0,0
2023-09-01,460,9,7.15,81.0,75.2,3.33,0,0,0,2.5,0,0,0
2023-10-01,460,10,7.18,82.5,68.9,3.3,0,0,0,6.2,0,0,0
2023-11-01,460,11,7.16,84.9,74.9,3.17,0,1,0,5.0,0,0,0
2023-12-01,460,12,7.23,79.5,75.9,3.31,0,1,0,7.5,0,0,0
2024-01-01,460,13,7.4,85.6,82.7,3.43,0,1,0,6.9,0,0,0
2024-02-01,460,14,7.28,79.3,73.2,3.4,0,1,0,6.9,0,0,0
2024-03-01,460,15,7.39,83.3,81.5,3.07,0,1,0,10.3,1,0,1
2024-04-01,460,16,7.25,73.2,81.5,3.41,0,1,0,5.7,1,0,1
2024-05-01,460,17,7.44,73.4,74.5,3.28,0,1,0,9.2,1,0,1
2024-06-01,460,18,7.44,74.5,79.5,3.39,0,1,0,16.6,1,0,1
2023-01-01,461,1,7.3,79.6,49.9,1.93,0,1,0,8.9,0,0,0
2023-02-01,461,2,7.25,81.4,48.4,2.15,0,1,0,9.4,0,0,0
2023-03-01,461,3,7.14,85.7,44.3,1.99,0,1,0,1.8,1,0,0
2023-04-01,461,4,7.36,76.6,50.1,2.06,0,1,0,4.7,1,0,0
2023-05-01,461,5,7.59,82.7,47.7,2.45,0,1,0,6.1,2,0,0
2023-06-01,461,6,7.41,86.7,46.7,2.3,0,1,0,8.1,2,0,0
2023-07-01,461,7,7.5,77.6,55.0,2.13,0,1,0,6.2,2,0,0
2023-08-01,461,8,7.47,82.2,48.4,2.28,0,1,0,3.4,2,0,0
2023-09-01,461,9,7.51,81.5,55.2,2.32,0,1,0,8.3,2,0,0
2023-10-01,461,10,7.35,78.9,46.2,2.2,0,1,0,3.1,2,0,0
2023-11-01,461,11,7.55,81.8,57.7,2.08,0,1,0,1.3,2,0,0
2023-12-01,461,12,7.62,76.9,56.6,2.29,0,1,0,2.0,3,0,0
2024-01-01,461,13,7.61,83.0,57.4,2.18,0,1,0,3.5,4,0,0
2024-02-01,461,14,7.7,85.7,54.6,2.36,0,1,0,4.8,4,0,0
2024-03-01,461,15,7.87,88.8,57.7,2.44,0,1,0,6.7,4,0,0
2024-04-01,461,16,7.67,75.9,56.4,2.17,0,1,0,5.2,4,0,0
2024-05-01,461,17,7.91,82.7,61.1,2.33,0,1,0,6.1,4,0,0
2024-06-01,461,18,7.72,84.2,50.1,2.33,0,1,0,6.3,4,0,0
2023-01-01,462,1,6.14,87.0,49.5,3.77,2,0,0,2.6,0,0,0
2023-02-01,462,2,6.4,93.0,56.1,3.53,2,0,0,5.1,0,0,0
2023-03-01,462,3,6.6,91.7,51.6,3.51,2,0,0,4.8,0,0,0
2023-04-01,462,4,6.39,95.5,55.3,3.78,2,0,0,6.7,0,0,0
2023-05-01,462,5,6.39,92.0,56.0,3.68,2,0,0,6.1,0,0,0
2023-06-01,462,6,6.4,84.5,52.2,3.68,2,0,0,1.5,0,0,0
2023-07-01,462,7,6.68,83.3,51.1,3.73,2,0,0,7.6,0,0,0
2023-08-01,462,8,6.65,91.0,55.9,3.82,2,0,1,4.0,1,0,0
2023-09-01,462,9,6.58,88.8,59.4,3.77,3,0,1,5.9,2,0,1
2023-10-01,462,10,6.75,92.4,58.3,3.99,3,0,1,5.5,2,0,1
2023-11-01,462,11,6.8,84.9,61.4,3.83,3,0,1,8.6,2,0,1
2023-12-01,462,12,6.84,87.4,52.3,3.89,3,0,1,6.7,2,0,1
2024-01-01,462,13,6.98,89.1,53.8,3.81,3,0,1,4.7,2,0,1
2024-02-01,462,14,7.03,89.7,53.2,3.36,3,0,1,2.6,2,0,1
2024-03-01,462,15,6.66,89.2,60.0,3.71,3,0,1,7.9,2,0,1
2024-04-01,462,16,7.03,93.0,57.6,3.97,3,0,1,5.8,2,0,1
2024-05-01,462,17,7.0,90.7,54.9,4.03,3,0,1,6.3,2,0,1
2024-06-01,462,18,6.96,82.9,59.7,3.91,3,0,1,4.9,2,0,1
2023-01-01,463,1,5.75,78.1,66.0,4.82,0,1,0,13.9,0,2,0
2023-02-01,463,2,5.66,76.7,62.9,4.53,0,1,0,14.1,0,2,0
2023-03-01,463,3,5.8,79.8,70.2,4.69,0,1,1,13.1,0,2,0
2023-04-01,463,4,5.77,77.6,68.9,4.53,0,2,2,13.8,0,2,0
2023-05-01,463,5,5.85,82.9,66.2,4.51,0,3,2,13.2,0,2,0
2023-06-01,463,6,5.96,76.2,71.6,4.7,0,3,2,8.9,0,2,0
2023-07-01,463,7,6.13,75.2,68.6,4.69,0,3,2,15.1,0,2,0
2023-08-01,463,8,5.87,77.8,74.1,4.68,0,3,2,9.1,0,2,0
2023-09-01,463,9,6.18,73.3,78.6,4.46,0,3,2,15.5,0,2,0
2023-10-01,463,10,6.12,71.6,72.3,4.5,0,3,2,11.0,0,2,0
2023-11-01,463,11,6.11,78.5,72.8,4.85,0,3,2,7.8,1,1,0
2023-12-01,463,12,6.2,76.3,73.9,4.7,1,3,2,15.0,1,1,0
2024-01-01,463,13,6.25,78.4,75.5,4.6,1,3,2,12.6,1,1,0
2024-02-01,463,14,6.06,74.6,81.5,4.75,1,3,2,9.4,1,1,0
2024-03-01,463,15,6.1,80.3,84.1,4.42,1,3,2,13.7,1,1,0
2024-04-01,463,16,6.43,77.6,78.0,4.64,1,4,2,10.4,2,1,1
2024-05-01,463,17,6.51,81.6,79.1,4.79,1,4,2,11.7,2,0,1
2024-06-01,463,18,6.31,74.0,80.1,4.7,1,4,2,12.5,2,0,1
2023-01-01,464,1,5.4,75.6,52.6,3.61,0,1,1,3.2,0,0,0
2023-02-01,464,2,5.17,76.2,37.3,3.7,0,1,1,7.1,0,0,0
2023-03-01,464,3,5.41,75.1,46.1,3.81,0,1,1,3.1,0,0,0
2023-04-01,464,4,5.28,80.0,45.7,3.85,1,1,1,7.3,0,0,0
2023-05-01,464,5,5.42,66.8,45.3,3.67,1,1,1,4.4,0,0,0
2023-06-01,464,6,5.47,72.8,46.9,3.81,1,1,1,5.7,0,0,0
2023-07-01,464,7,5.33,80.2,53.1,3.61,1,1,1,9.6,0,0,0
2023-08-01,464,8,5.23,70.5,49.0,3.74,1,1,1,9.0,0,0,0
2023-09-01,464,9,5.47,66.4,50.6,3.68,1,2,1,4.3,1,0,0
2023-10-01,464,10,5.46,80.2,49.4,3.72,1,2,1,3.0,1,0,0
2023-11-01,464,11,5.42,71.2,46.9,3.6,1,2,1,6.6,2,0,0
2023-12-01,464,12,5.56,79.5,49.3,3.8,1,2,1,2.2,2,0,0
2024-01-01,464,13,5.63,65.9,47.4,3.72,1,2,1,3.5,2,0,0
2024-02-01,464,14,5.36,83.1,55.0,3.77,1,2,1,6.0,2,0,0
2024-03-01,464,15,5.75,73.9,56.1,3.69,1,2,1,4.4,2,0,0
2024-04-01,464,16,5.81,70.4,48.8,3.69,1,2,1,8.8,2,0,0
2024-05-01,464,17,5.74,81.7,52.1,3.93,1,2,1,3.7,2,0,0
2024-06-01,464,18,5.51,80.9,45.7,4.14,1,2,1,5.5,2,0,0
2023-01-01,465,1,6.29,77.4,52.2,4.0,1,0,0,12.5,0,0,0
2023-02-01,465,2,6.04,83.6,56.3,4.24,1,0,0,9.4,0,0,0
2023-03-01,465,3,6.36,76.7,55.1,4.35,1,0,0,8.5,0,0,0
2023-04-01,465,4,6.03,82.6,56.6,4.17,1,0,0,8.8,0,0,0
2023-05-01,465,5,6.28,74.5,52.7,4.16,1,0,0,7.4,0,0,0
2023-06-01,465,6,6.2,85.0,47.2,4.35,2,0,0,5.7,0,0,1
2023-07-01,465,7,6.23,80.1,65.8,4.21,2,0,0,10.8,0,0,1
2023-08-01,465,8,6.14,88.8,57.4,4.14,2,0,0,12.0,0,0,1
2023-09-01,465,9,6.25,77.4,58.2,4.23,2,0,0,11.2,0,0,1
2023-10-01,465,10,6.31,73.4,59.7,4.19,2,0,0,10.1,0,0,1
2023-11-01,465,11,6.26,79.3,64.9,4.37,2,1,0,12.0,0,0,1
2023-12-01,465,12,6.62,87.0,61.8,4.33,2,1,0,9.8,1,0,1
2024-01-01,465,13,6.51,84.5,57.5,4.12,3,1,0,7.5,1,0,1
2024-02-01,465,14,6.66,81.1,62.5,4.18,3,1,0,5.5,1,0,1
2024-03-01,465,15,6.58,88.9,63.8,4.53,3,1,0,10.0,1,0,1
2024-04-01,465,16,6.67,85.8,63.9,4.36,3,1,0,13.8,1,0,1
2024-05-01,465,17,6.64,82.6,65.4,4.22,4,1,0,11.0,1,0,1
2024-06-01,465,18,6.86,90.4,64.4,4.35,4,1,0,9.3,1,0,1
2023-01-01,466,1,6.81,95.9,55.6,2.45,1,2,0,6.4,0,0,0
2023-02-01,466,2,6.46,89.0,63.4,2.88,1,2,0,8.4,1,0,0
2023-03-01,466,3,6.77,88.9,57.3,2.72,1,2,0,6.0,1,0,0
2023-04-01,466,4,6.65,95.8,67.1,2.67,1,2,0,1.5,1,0,0
2023-05-01,466,5,6.65,88.7,59.4,2.77,1,2,0,6.1,1,0,0
2023-06-01,466,6,6.98,93.9,59.6,2.61,1,2,0,7.9,1,0,0
2023-07-01,466,7,6.95,86.7,62.2,2.67,1,2,1,1.4,1,0,0
2023-08-01,466,8,6.71,95.5,70.2,2.56,1,2,1,3.1,1,0,0
2023-09-01,466,9,6.91,92.6,64.0,2.27,1,2,1,3.7,1,0,0
2023-10-01,466,10,6.85,86.1,58.6,2.63,1,2,1,5.3,1,0,0
2023-11-01,466,11,7.11,84.7,66.7,2.62,1,2,1,4.4,1,0,0
2023-12-01,466,12,7.01,91.0,57.0,2.98,1,2,1,4.9,1,0,0
2024-01-01,466,13,7.22,89.0,62.9,2.7,1,2,1,2.5,1,0,0
2024-02-01,466,14,7.23,86.9,69.8,3.04,1,2,1,1.7,1,0,0
2024-03-01,466,15,7.18,85.1,61.7,2.93,1,2,1,5.6,1,0,0
2024-04-01,466,16,7.05,96.3,66.4,2.92,1,2,1,4.6,1,0,0
2024-05-01,466,17,6.98,95.2,65.5,2.58,1,2,1,9.7,1,0,0
2024-06-01,466,18,7.27,94.3,66.3,2.88,1,2,1,2.3,1,0,0
2023-01-01,467,1,6.73,98.5,69.3,3.41,0,0,0,1.0,0,0,0
2023-02-01,467,2,6.9,100.0,70.8,3.55,0,0,0,1.0,0,0,0
2023-03-01,467,3,6.95,93.2,69.7,3.51,0,0,0,0.0,0,0,0
2023-04-01,467,4,6.84,98.3,82.1,3.19,0,0,0,1.7,0,0,0
2023-05-01,467,5,6.83,100.0,70.7,3.43,0,0,0,4.4,0,0,0
2023-06-01,467,6,7.05,100.0,76.2,3.38,0,1,0,11.3,0,0,0
2023-07-01,467,7,7.05,100.0,74.4,3.34,0,1,0,5.2,0,0,0
2023-08-01,467,8,7.16,100.0,76.3,3.19,0,2,0,4.3,0,0,1
2023-09-01,467,9,7.19,98.5,79.0,3.66,0,2,0,3.6,0,0,1
2023-10-01,467,10,7.11,100.0,77.8,3.44,0,2,0,4.3,0,0,1
2023-11-01,467,11,7.25,98.1,74.5,3.57,0,2,0,0.0,0,0,1
2023-12-01,467,12,7.2,98.0,65.6,3.48,0,2,0,1.9,0,0,1
2024-01-01,467,13,7.68,98.4,76.9,3.48,1,2,0,1.7,0,0,1
2024-02-01,467,14,7.4,93.5,69.5,3.75,1,2,0,3.9,0,0,1
2024-03-01,467,15,7.42,91.3,77.4,3.64,1,2,0,0.1,0,0,1
2024-04-01,467,16,7.49,100.0,79.9,3.49,1,2,0,7.5,0,0,1
2024-05-01,467,17,7.51,88.5,75.6,3.71,1,2,0,2.4,0,0,1
2024-06-01,467,18,7.66,100.0,83.3,3.56,1,2,0,3.1,0,0,1
2023-01-01,468,1,8.42,64.2,52.3,2.56,0,1,1,6.1,0,0,0
2023-02-01,468,2,8.55,72.1,54.8,2.78,0,1,1,7.9,0,0,0
2023-03-01,468,3,8.58,65.9,53.5,2.67,0,1,1,4.0,0,0,0
2023-04-01,468,4,8.59,63.5,51.4,2.67,0,1,1,8.6,1,0,0
2023-05-01,468,5,8.65,68.9,48.4,2.68,0,1,1,12.7,1,0,0
2023-06-01,468,6,8.58,67.5,52.3,2.38,0,1,1,7.7,1,0,0
2023-07-01,468,7,8.67,72.7,51.3,2.55,1,1,1,11.9,1,0,0
2023-08-01,468,8,8.76,68.2,55.9,2.76,1,1,1,9.4,1,0,0
2023-09-01,468,9,8.64,73.8,53.2,2.78,1,1,1,6.7,1,0,0
2023-10-01,468,10,8.79,65.6,54.1,2.45,1,1,1,11.3,1,0,0
2023-11-01,468,11,8.81,64.9,58.3,2.87,1,2,1,12.4,1,0,1
2023-12-01,468,12,8.77,66.3,59.2,2.77,1,2,2,8.4,1,0,1
2024-01-01,468,13,8.66,65.0,55.9,2.64,1,2,2,14.8,1,0,1
2024-02-01,468,14,8.96,67.9,58.2,2.31,1,2,2,10.9,1,0,1
2024-03-01,468,15,8.76,66.4,52.6,2.74,1,2,2,8.1,1,0,1
2024-04-01,468,16,8.81,61.8,61.1,2.73,1,2,2,8.1,1,0,1
2024-05-01,468,17,8.87,61.7,69.7,2.75,1,2,2,9.2,2,0,1
2024-06-01,468,18,9.1,68.0,54.4,2.45,2,2,2,11.7,2,0,1
2023-01-01,469,1,7.83,84.3,33.0,3.17,1,0,0,5.7,0,0,0
2023-02-01,469,2,8.02,81.8,38.4,3.24,1,0,0,0.0,0,0,0
2023-03-01,469,3,7.88,85.8,25.7,2.98,1,0,0,2.6,0,0,0
2023-04-01,469,4,7.97,88.9,28.2,3.11,1,0,0,1.5,0,0,0
2023-05-01,469,5,7.91,87.0,29.4,3.2,1,0,0,0.0,0,0,0
2023-06-01,469,6,8.22,79.1,32.3,3.08,1,0,0,3.3,0,0,0
2023-07-01,469,7,7.91,81.2,32.3,3.2,1,0,0,5.4,0,0,0
2023-08-01,469,8,7.99,84.0,37.3,3.15,1,0,0,4.4,0,0,0
2023-09-01,469,9,8.09,84.9,31.8,3.01,1,0,1,0.0,0,0,0
2023-10-01,469,10,8.12,86.7,27.5,3.0,1,0,1,7.1,0,0,0
2023-11-01,469,11,8.09,83.0,37.0,3.26,1,0,1,1.8,0,0,0
2023-12-01,469,12,8.16,85.7,35.3,3.06,1,0,2,0.8,1,0,0
2024-01-01,469,13,8.07,89.3,39.3,2.94,1,0,2,4.4,1,0,0
2024-02-01,469,14,8.09,92.1,35.0,3.02,1,0,2,1.6,1,0,0
2024-03-01,469,15,8.12,87.0,41.2,3.21,1,1,2,2.7,1,0,0
2024-04-01,469,16,8.17,88.9,24.9,2.99,1,1,2,3.0,1,0,0
2024-05-01,469,17,8.26,80.4,36.8,3.44,1,1,2,2.0,1,0,0
2024-06-01,469,18,8.19,81.3,37.4,3.08,1,1,2,6.4,2,0,0
2023-01-01,470,1,6.25,75.8,26.8,3.42,0,1,0,2.7,0,0,0
2023-02-01,470,2,6.42,70.9,28.7,3.61,0,1,0,10.4,1,0,0
2023-03-01,470,3,6.54,64.8,29.5,3.72,0,1,0,9.6,1,0,0
2023-04-01,470,4,6.26,64.8,32.1,3.81,0,1,0,7.9,2,0,0
2023-05-01,470,5,6.33,71.8,32.2,3.61,0,1,0,7.9,2,0,0
2023-06-01,470,6,6.43,70.4,27.1,3.9,0,1,0,13.9,2,0,0
2023-07-01,470,7,6.43,71.2,34.7,3.91,0,1,0,10.2,2,0,0
2023-08-01,470,8,6.48,69.6,37.7,3.88,1,1,0,9.0,2,0,0
2023-09-01,470,9,6.58,75.5,40.9,3.86,1,1,0,7.0,2,0,0
2023-10-01,470,10,6.47,70.3,34.1,3.58,1,1,0,8.5,2,0,0
2023-11-01,470,11,6.87,77.4,39.1,3.9,1,1,0,6.9,3,0,0
2023-12-01,470,12,6.92,76.1,34.9,3.97,1,1,0,5.2,3,0,0
2024-01-01,470,13,6.88,68.5,37.2,3.94,1,1,0,10.8,3,0,0
2024-02-01,470,14,6.82,68.5,40.7,3.97,1,1,0,5.6,3,0,0
2024-03-01,470,15,6.82,65.5,44.5,4.1,1,1,0,10.3,4,0,0
2024-04-01,470,16,6.61,74.0,40.4,4.02,1,1,0,8.0,4,0,0
2024-05-01,470,17,7.08,72.4,39.3,4.04,1,1,0,9.9,4,0,0
2024-06-01,470,18,7.18,74.8,35.4,3.88,1,1,0,11.1,4,0,0
2023-01-01,471,1,7.12,92.9,33.1,3.28,0,1,1,9.5,0,1,0
2023-02-01,471,2,7.28,92.4,36.8,3.36,0,1,1,9.2,0,1,0
2023-03-01,471,3,7.26,86.6,32.2,3.39,0,1,1,1.8,1,1,0
2023-04-01,471,4,7.55,95.2,38.9,3.27,0,1,1,5.5,1,0,0
2023-05-01,471,5,7.41,90.5,37.4,3.31,0,1,1,7.6,1,0,0
2023-06-01,471,6,7.42,90.7,41.9,3.31,0,1,1,3.3,1,0,0
2023-07-01,471,7,7.5,88.3,45.7,3.5,0,1,1,5.8,1,0,0
2023-08-01,471,8,7.31,95.5,48.5,3.26,0,1,1,5.2,2,0,0
2023-09-01,471,9,7.82,100.0,44.7,3.49,0,1,1,7.1,2,0,0
2023-10-01,471,10,7.71,95.1,37.9,3.19,0,1,1,2.0,2,0,0
2023-11-01,471,11,7.54,93.9,42.8,3.14,0,1,1,8.7,2,0,0
2023-12-01,471,12,7.5,90.0,48.7,3.47,0,1,1,3.0,2,0,1
2024-01-01,471,13,7.78,92.1,52.9,3.4,0,1,1,2.9,2,0,1
2024-02-01,471,14,7.7,90.4,45.5,3.38,0,1,1,7.6,2,0,1
2024-03-01,471,15,7.63,85.0,38.5,3.38,0,1,1,5.4,2,0,1
2024-04-01,471,16,7.72,95.0,47.5,3.58,0,1,1,3.0,2,0,1
2024-05-01,471,17,7.78,87.3,42.6,3.19,0,1,1,3.2,2,0,1
2024-06-01,471,18,7.72,89.1,51.0,3.38,1,1,1,4.4,2,0,1
2023-01-01,472,1,6.71,82.2,36.0,2.2,0,1,0,13.7,0,3,0
2023-02-01,472,2,6.67,64.6,44.3,2.23,0,1,0,11.3,0,3,0
2023-03-01,472,3,6.63,69.9,42.2,2.28,0,1,1,4.8,0,3,0
2023-04-01,472,4,6.91,79.5,45.6,2.28,0,1,1,9.5,0,3,0
2023-05-01,472,5,6.91,70.2,40.8,2.22,0,1,1,11.3,0,3,0
2023-06-01,472,6,6.86,78.0,44.1,2.24,0,1,1,8.8,0,3,0
2023-07-01,472,7,6.95,67.8,41.6,2.22,1,2,1,8.2,1,3,0
2023-08-01,472,8,7.02,73.5,40.1,2.38,1,2,1,9.8,1,3,0
2023-09-01,472,9,7.02,69.5,40.0,2.41,1,2,1,8.3,1,3,0
2023-10-01,472,10,6.82,67.7,41.4,2.32,1,2,1,12.5,1,3,0
2023-11-01,472,11,6.97,76.4,44.1,2.19,1,2,1,11.2,1,3,0
2023-12-01,472,12,7.14,71.8,42.5,2.48,1,2,1,6.7,1,3,0
2024-01-01,472,13,7.12,70.6,56.5,2.32,1,2,2,16.8,1,3,0
2024-02-01,472,14,6.89,68.1,46.8,2.26,1,3,2,7.9,1,3,0
2024-03-01,472,15,7.04,75.1,54.9,2.46,1,3,2,5.7,1,2,0
2024-04-01,472,16,7.4,71.9,43.5,2.29,1,3,2,8.3,2,2,0
2024-05-01,472,17,7.37,70.2,45.6,2.48,1,3,2,9.7,2,2,0
2024-06-01,472,18,7.63,78.7,47.7,2.26,1,3,2,6.5,2,2,0
2023-01-01,473,1,6.6,76.0,52.5,2.2,0,1,0,10.0,0,3,0
2023-02-01,473,2,6.61,71.9,62.8,2.34,0,1,0,12.2,0,2,0
2023-03-01,473,3,6.66,72.5,58.8,2.07,0,1,0,12.6,0,2,0
2023-04-01,473,4,6.9,81.1,56.8,2.08,0,1,0,5.5,0,2,0
2023-05-01,473,5,6.73,75.8,58.3,2.5,1,1,0,11.7,0,2,0
2023-06-01,473,6,6.99,70.0,58.3,2.55,1,1,1,13.1,0,2,0
2023-07-01,473,7,6.78,78.9,58.4,2.18,1,1,1,9.8,0,2,0
2023-08-01,473,8,6.97,69.8,57.7,2.23,1,1,1,11.1,0,2,0
2023-09-01,473,9,7.19,73.2,70.6,2.26,1,2,1,11.7,0,2,0
2023-10-01,473,10,6.94,69.4,59.6,2.39,1,2,1,10.1,0,2,0
2023-11-01,473,11,6.89,73.9,65.2,2.47,1,2,1,7.0,0,2,0
2023-12-01,473,12,6.88,76.9,66.8,2.43,1,2,1,12.5,0,2,0
2024-01-01,473,13,7.16,70.2,73.9,2.54,1,2,1,10.8,0,2,0
2024-02-01,473,14,7.14,78.5,67.8,2.34,2,2,1,7.2,0,2,0
2024-03-01,473,15,6.95,75.8,69.3,2.43,2,2,1,11.0,1,2,0
2024-04-01,473,16,7.17,73.4,59.1,2.19,2,2,1,8.7,2,2,0
2024-05-01,473,17,7.31,69.0,77.2,2.71,2,2,1,7.9,2,2,0
2024-06-01,473,18,7.08,75.7,64.4,2.49,2,2,1,10.7,3,2,0
2023-01-01,474,1,7.12,69.6,48.5,2.03,1,1,0,12.6,0,1,0
2023-02-01,474,2,7.15,80.6,40.9,2.1,1,1,0,16.4,0,1,0
2023-03-01,474,3,7.27,79.5,49.9,2.41,1,1,0,8.4,0,1,0
2023-04-01,474,4,7.23,73.9,44.8,1.86,1,1,0,11.9,0,1,0
2023-05-01,474,5,7.03,76.9,47.8,2.3,1,1,0,8.3,0,1,0
2023-06-01,474,6,7.17,80.7,37.6,2.29,1,1,0,8.2,0,1,0
2023-07-01,474,7,7.21,73.0,43.9,2.0,1,1,0,9.7,0,1,0
2023-08-01,474,8,7.18,72.2,51.3,2.52,1,1,0,8.2,0,1,0
2023-09-01,474,9,7.29,74.3,40.9,2.46,1,1,0,9.9,0,1,1
2023-10-01,474,10,7.33,77.3,50.6,2.87,1,1,0,5.5,0,1,1
2023-11-01,474,11,7.4,76.0,50.6,2.52,1,1,0,8.6,0,1,1
2023-12-01,474,12,7.23,73.1,46.6,2.63,1,1,0,13.6,1,1,1
2024-01-01,474,13,7.36,75.2,43.7,2.48,1,1,0,7.2,1,0,1
2024-02-01,474,14,7.39,75.5,44.3,2.28,1,1,0,9.7,2,0,1
2024-03-01,474,15,7.47,71.3,57.7,2.38,2,1,0,9.3,2,0,1
2024-04-01,474,16,7.3,65.7,54.2,2.53,2,1,0,6.5,2,0,1
2024-05-01,474,17,7.46,76.1,49.2,2.25,2,1,0,5.6,2,0,1
2024-06-01,474,18,7.3,79.6,56.9,2.47,2,1,0,6.3,2,0,1
2023-01-01,475,1,7.49,78.0,49.3,3.63,0,1,0,3.1,0,0,0
2023-02-01,475,2,7.5,81.8,49.7,3.69,0,1,0,3.0,0,0,0
2023-03-01,475,3,7.63,82.8,48.7,3.62,0,1,0,2.6,0,0,0
2023-04-01,475,4,7.6,86.8,39.7,3.66,0,1,0,3.6,0,0,0
2023-05-01,475,5,7.62,85.8,51.5,3.77,0,1,0,2.4,0,0,0
2023-06-01,475,6,7.68,77.2,49.3,3.68,0,1,0,3.5,0,0,0
2023-07-01,475,7,7.79,84.7,52.8,3.53,0,1,0,0.0,0,0,1
2023-08-01,475,8,8.0,84.4,53.4,3.59,0,1,0,1.1,0,0,1
2023-09-01,475,9,7.61,83.7,53.3,3.4,0,1,0,8.1,0,0,1
2023-10-01,475,10,7.89,81.8,46.0,3.51,0,1,1,3.3,0,0,1
2023-11-01,475,11,7.93,81.9,48.9,3.58,1,1,1,3.7,0,0,1
2023-12-01,475,12,8.02,80.4,45.6,3.49,1,1,1,4.6,0,0,1
2024-01-01,475,13,7.97,78.2,43.6,3.56,1,1,2,3.6,0,0,1
2024-02-01,475,14,8.02,79.1,47.5,3.74,1,1,2,3.8,0,0,1
2024-03-01,475,15,8.13,80.1,46.4,3.83,1,1,2,3.2,0,0,1
2024-04-01,475,16,8.07,82.6,55.2,3.47,1,1,2,0.0,0,0,1
2024-05-01,475,17,8.13,85.7,51.7,3.76,1,1,2,8.6,0,0,1
2024-06-01,475,18,8.11,82.4,53.0,3.81,1,1,2,2.7,0,0,1
2023-01-01,476,1,6.6,85.9,42.8,4.69,0,0,1,11.9,0,1,0
2023-02-01,476,2,6.74,84.0,41.9,4.8,0,0,1,10.1,0,1,0
2023-03-01,476,3,6.8,82.7,48.7,4.64,0,0,1,10.1,0,1,0
2023-04-01,476,4,6.79,82.6,43.7,4.6,0,1,1,7.6,0,1,0
2023-05-01,476,5,6.81,84.5,50.7,4.75,0,1,1,6.2,0,1,0
2023-06-01,476,6,6.6,88.3,46.7,4.61,0,1,1,7.5,0,1,0
2023-07-01,476,7,6.8,78.4,52.8,4.98,0,1,1,13.7,0,1,0
2023-08-01,476,8,6.91,78.7,49.8,4.86,0,1,1,5.3,0,1,0
2023-09-01,476,9,6.98,91.9,53.3,4.74,0,1,1,11.3,0,1,0
2023-10-01,476,10,7.02,87.6,52.5,4.83,0,1,1,9.4,0,1,0
2023-11-01,476,11,6.94,85.6,54.5,4.71,0,2,2,9.4,0,1,0
2023-12-01,476,12,6.83,87.4,58.2,4.79,0,2,2,9.4,1,0,0
2024-01-01,476,13,6.97,82.7,50.4,4.78,0,2,2,12.8,1,0,0
2024-02-01,476,14,6.86,87.0,56.5,4.77,0,2,2,8.5,1,0,0
2024-03-01,476,15,6.97,85.6,53.8,4.71,0,2,2,9.9,2,0,0
2024-04-01,476,16,6.82,91.2,52.3,4.65,0,2,2,6.7,2,0,0
2024-05-01,476,17,7.33,84.7,55.2,4.88,0,2,2,7.1,2,0,0
2024-06-01,476,18,6.99,75.7,58.3,4.87,0,2,2,9.3,2,0,0
2023-01-01,477,1,8.04,83.7,47.9,3.86,1,1,1,11.3,0,0,0
2023-02-01,477,2,7.86,88.3,57.1,4.24,1,1,1,13.2,0,0,0
2023-03-01,477,3,7.96,85.8,54.9,4.46,1,1,1,12.2,0,0,0
2023-04-01,477,4,8.02,86.5,61.2,4.15,1,1,1,14.1,0,0,0
2023-05-01,477,5,7.93,92.3,53.5,4.05,1,1,2,16.6,0,0,0
2023-06-01,477,6,8.2,85.9,57.3,4.21,1,1,2,5.8,0,0,1
2023-07-01,477,7,7.93,92.1,66.7,4.22,1,1,2,11.9,0,0,1
2023-08-01,477,8,7.9,82.1,50.2,4.21,1,2,2,16.7,1,0,1
2023-09-01,477,9,7.69,82.7,56.8,4.27,1,2,3,10.4,1,0,1
2023-10-01,477,10,8.11,89.0,57.0,4.12,1,2,3,15.2,1,0,1
2023-11-01,477,11,7.99,85.5,57.1,4.3,1,2,3,12.8,1,0,1
2023-12-01,477,12,8.02,81.6,63.9,4.2,1,2,3,10.8,1,0,1
2024-01-01,477,13,8.07,88.1,65.3,4.25,1,2,3,14.5,1,0,1
2024-02-01,477,14,8.08,85.6,62.2,4.1,1,2,3,10.0,1,0,1
2024-03-01,477,15,8.33,87.9,63.2,4.47,1,2,3,9.2,1,0,1
2024-04-01,477,16,8.05,84.0,58.7,4.39,1,2,3,12.8,2,0,1
2024-05-01,477,17,8.14,85.6,60.7,4.27,1,3,3,8.2,2,0,1
2024-06-01,477,18,8.08,85.8,67.2,4.39,1,3,3,15.3,2,0,1
2023-01-01,478,1,6.16,81.1,79.1,1.84,0,2,0,0.2,0,0,0
2023-02-01,478,2,6.12,87.1,79.1,1.92,0,2,0,3.9,0,0,0
2023-03-01,478,3,6.1,84.7,84.6,1.88,0,2,0,9.1,0,0,0
2023-04-01,478,4,6.13,87.3,80.2,2.13,0,2,0,3.6,0,0,0
2023-05-01,478,5,6.26,80.6,75.3,1.59,0,2,0,4.4,0,0,0
2023-06-01,478,6,6.16,88.7,77.2,1.65,0,2,0,11.6,0,0,0
2023-07-01,478,7,6.04,81.2,83.7,1.85,0,2,0,7.0,0,0,0
2023-08-01,478,8,6.2,83.1,72.2,1.67,0,2,0,6.5,0,0,1
2023-09-01,478,9,6.34,83.4,79.9,2.09,0,3,0,4.6,0,0,1
2023-10-01,478,10,6.19,85.4,71.7,1.72,0,3,0,3.2,0,0,1
2023-11-01,478,11,6.44,85.6,88.5,1.81,0,3,0,4.7,0,0,1
2023-12-01,478,12,6.59,80.9,81.4,2.07,0,3,0,1.8,0,0,1
2024-01-01,478,13,6.44,82.6,78.7,1.92,0,3,0,5.1,0,0,1
2024-02-01,478,14,6.57,87.8,91.6,2.28,0,3,0,7.8,0,0,1
2024-03-01,478,15,6.74,85.3,93.7,2.14,0,3,0,8.9,0,0,1
2024-04-01,478,16,6.5,80.1,87.3,2.21,0,4,0,3.2,1,0,1
2024-05-01,478,17,6.53,77.7,80.6,2.04,0,4,0,2.1,1,0,1
2024-06-01,478,18,6.77,79.7,90.1,2.11,0,4,0,3.1,2,0,1
2023-01-01,479,1,7.08,73.4,72.6,4.18,0,0,0,3.9,0,0,0
2023-02-01,479,2,7.06,71.1,68.2,4.29,0,0,0,1.2,0,0,0
2023-03-01,479,3,7.2,77.3,70.5,4.06,1,0,0,3.6,0,0,0
2023-04-01,479,4,6.99,69.2,69.0,4.23,1,0,0,7.9,0,0,0
2023-05-01,479,5,7.39,69.6,71.9,4.17,1,0,0,6.8,0,0,0
2023-06-01,479,6,7.32,69.7,67.8,4.17,2,0,0,5.5,0,0,0
2023-07-01,479,7,7.42,72.2,71.2,4.1,2,0,0,5.1,1,0,0
2023-08-01,479,8,7.57,65.4,76.4,4.37,2,0,0,6.4,2,0,0
2023-09-01,479,9,7.24,60.3,69.3,4.42,2,0,0,8.9,2,0,0
2023-10-01,479,10,7.58,66.2,74.8,3.83,2,0,0,4.6,2,0,0
2023-11-01,479,11,7.33,71.0,73.5,4.17,2,0,0,5.3,2,0,0
2023-12-01,479,12,7.26,67.9,83.0,4.5,2,0,0,11.0,2,0,0
2024-01-01,479,13,7.43,66.2,69.4,4.3,2,0,0,7.1,2,0,0
2024-02-01,479,14,7.66,76.0,81.9,4.16,2,0,0,7.9,2,0,0
2024-03-01,479,15,7.63,71.7,78.6,4.42,2,0,0,5.4,2,0,1
2024-04-01,479,16,7.72,69.6,67.7,4.1,2,0,0,0.9,3,0,1
2024-05-01,479,17,7.62,72.6,71.2,4.37,2,0,0,0.0,3,0,1
2024-06-01,479,18,7.89,71.5,75.4,4.47,2,0,0,4.2,3,0,1
2023-01-01,480,1,8.97,90.1,59.0,4.15,0,2,1,8.0,0,0,0
2023-02-01,480,2,9.17,87.8,59.1,3.79,0,2,1,10.5,0,0,0
2023-03-01,480,3,9.24,88.6,58.5,3.99,0,3,1,13.6,0,0,0
2023-04-01,480,4,9.17,89.0,61.5,3.93,0,4,1,11.0,0,0,0
2023-05-01,480,5,9.28,91.8,64.5,3.77,0,4,1,5.6,1,0,0
2023-06-01,480,6,9.52,86.7,56.5,3.93,0,4,1,8.9,1,0,0
2023-07-01,480,7,9.32,90.8,56.2,3.98,0,4,1,9.1,2,0,0
2023-08-01,480,8,9.41,89.9,63.1,4.14,0,4,1,7.3,2,0,0
2023-09-01,480,9,9.55,90.7,67.6,3.85,0,4,1,10.1,2,0,0
2023-10-01,480,10,9.29,87.0,55.9,3.65,0,5,1,7.9,2,0,0
2023-11-01,480,11,9.51,88.4,68.0,3.79,0,5,1,10.8,3,0,0
2023-12-01,480,12,9.53,85.6,63.0,4.06,0,5,1,12.7,3,0,0
2024-01-01,480,13,9.55,90.1,70.8,3.96,0,6,1,13.9,3,0,1
2024-02-01,480,14,9.85,85.2,59.1,3.95,0,6,1,11.3,3,0,1
2024-03-01,480,15,9.65,91.2,70.3,4.01,0,6,1,13.5,3,0,1
2024-04-01,480,16,10.0,88.3,67.3,4.0,0,6,1,7.5,4,0,1
2024-05-01,480,17,9.89,89.9,67.8,4.49,0,6,1,6.8,4,0,1
2024-06-01,480,18,9.9,86.4,76.0,4.06,0,6,1,9.9,5,0,1
2023-01-01,481,1,7.16,78.0,54.0,2.12,0,1,0,1.6,0,3,0
2023-02-01,481,2,7.36,82.8,56.8,2.34,0,1,0,3.6,0,3,0
2023-03-01,481,3,7.22,74.9,60.0,2.04,1,1,0,4.6,0,3,0
2023-04-01,481,4,7.2,87.7,47.8,1.95,1,1,0,4.9,0,3,0
2023-05-01,481,5,7.44,86.3,47.4,2.0,1,1,0,0.0,1,3,0
2023-06-01,481,6,7.44,73.0,57.2,1.87,1,1,0,3.7,1,3,0
2023-07-01,481,7,7.27,84.1,53.4,2.11,1,1,0,6.7,1,3,0
2023-08-01,481,8,7.23,82.5,65.1,2.19,1,1,0,4.0,1,3,0
2023-09-01,481,9,7.4,84.0,47.2,2.04,1,1,0,5.0,1,2,0
2023-10-01,481,10,7.45,86.1,53.9,2.24,1,1,0,2.7,1,2,0
2023-11-01,481,11,7.36,72.9,58.1,2.16,1,1,0,3.4,1,2,0
2023-12-01,481,12,7.49,78.2,55.7,2.17,1,1,0,5.3,1,2,0
2024-01-01,481,13,7.44,87.1,56.5,2.48,1,1,0,6.4,1,2,0
2024-02-01,481,14,7.45,79.3,56.1,1.88,1,1,0,4.5,2,1,0
2024-03-01,481,15,7.33,77.2,51.9,2.47,1,1,0,1.8,3,1,0
2024-04-01,481,16,7.47,84.5,49.7,2.2,1,1,1,6.5,4,1,0
2024-05-01,481,17,7.69,83.3,63.7,2.19,1,1,1,1.0,4,1,0
2024-06-01,481,18,7.54,79.4,59.2,2.03,1,1,1,0.0,5,1,0
2023-01-01,482,1,8.12,89.2,46.6,2.95,1,0,0,11.6,0,1,0
2023-02-01,482,2,8.09,92.1,53.5,2.91,1,0,0,11.2,0,1,0
2023-03-01,482,3,7.86,91.1,42.7,3.12,1,0,0,8.9,0,1,0
2023-04-01,482,4,8.32,94.9,59.0,3.24,1,0,0,7.5,1,1,0
2023-05-01,482,5,8.09,87.4,44.6,2.77,1,0,0,5.9,1,1,0
2023-06-01,482,6,8.36,91.5,61.7,2.84,1,1,0,8.3,1,0,0
2023-07-01,482,7,8.39,90.2,61.3,3.05,1,1,0,6.3,1,0,0
2023-08-01,482,8,8.14,87.2,56.5,3.08,1,1,0,6.9,1,0,0
2023-09-01,482,9,8.32,88.6,65.4,3.19,1,1,0,7.9,1,0,0
2023-10-01,482,10,8.44,95.1,55.7,2.82,1,1,0,8.3,1,0,0
2023-11-01,482,11,8.24,100.0,60.0,2.99,1,1,0,6.3,1,0,0
2023-12-01,482,12,8.31,92.1,60.2,3.04,2,1,0,7.3,1,0,0
2024-01-01,482,13,8.27,93.3,62.1,2.99,2,2,0,13.0,1,0,0
2024-02-01,482,14,8.35,93.8,63.5,3.27,2,2,0,8.9,1,0,0
2024-03-01,482,15,8.35,96.7,60.7,2.97,2,3,0,11.4,1,0,0
2024-04-01,482,16,8.47,92.5,55.8,3.18,2,3,0,6.8,1,0,0
2024-05-01,482,17,8.56,88.7,65.9,3.26,2,3,0,11.4,1,0,0
2024-06-01,482,18,8.52,96.1,65.7,3.31,2,4,0,13.2,1,0,0
2023-01-01,483,1,7.02,68.9,65.5,3.95,1,1,0,4.5,0,0,0
2023-02-01,483,2,7.18,71.4,60.3,4.0,1,1,0,10.4,1,0,0
2023-03-01,483,3,7.25,75.5,66.9,4.18,1,1,0,6.5,2,0,0
2023-04-01,483,4,7.46,73.8,66.1,3.99,1,1,0,13.1,2,0,0
2023-05-01,483,5,7.45,75.5,59.9,3.82,1,1,1,11.3,2,0,0
2023-06-01,483,6,7.19,76.0,71.6,4.0,1,1,1,7.6,2,0,0
2023-07-01,483,7,7.24,76.9,70.5,4.19,1,1,2,7.2,3,0,0
2023-08-01,483,8,7.54,69.6,67.1,4.02,1,1,2,13.3,3,0,0
2023-09-01,483,9,7.37,75.9,62.4,3.88,1,1,2,8.7,3,0,0
2023-10-01,483,10,7.36,74.2,68.8,4.06,1,1,2,6.3,3,0,0
2023-11-01,483,11,7.75,76.6,67.1,3.89,2,1,2,10.7,3,0,0
2023-12-01,483,12,7.5,76.2,67.9,4.07,2,1,2,5.9,4,0,0
2024-01-01,483,13,7.86,75.2,73.9,4.14,2,1,2,12.2,4,0,0
2024-02-01,483,14,7.62,76.4,75.5,4.18,2,1,2,8.5,5,0,0
2024-03-01,483,15,7.71,78.7,77.3,4.04,2,1,2,9.8,5,0,0
2024-04-01,483,16,7.72,70.8,66.4,4.14,2,1,2,10.4,6,0,0
2024-05-01,483,17,7.85,72.4,72.9,4.1,2,2,2,11.0,6,0,0
2024-06-01,483,18,7.97,74.7,75.2,4.16,3,2,2,11.3,6,0,0
2023-01-01,484,1,7.67,68.7,69.2,3.35,0,0,1,4.6,0,0,0
2023-02-01,484,2,7.72,66.0,66.3,3.51,0,0,1,2.4,0,0,0
2023-03-01,484,3,7.52,68.8,71.3,3.55,0,0,1,4.0,0,0,0
2023-04-01,484,4,7.52,63.0,71.0,3.87,0,0,1,4.1,0,0,0
2023-05-01,484,5,7.66,62.5,64.7,3.8,0,0,1,6.2,0,0,0
2023-06-01,484,6,7.41,67.9,68.9,3.38,0,0,1,2.3,1,0,0
2023-07-01,484,7,7.39,67.0,68.8,3.67,1,0,1,4.1,1,0,0
2023-08-01,484,8,7.78,67.9,63.2,3.43,1,0,1,7.0,1,0,0
2023-09-01,484,9,7.78,68.6,72.0,3.8,1,0,1,2.4,1,0,1
2023-10-01,484,10,7.57,66.0,68.9,3.88,1,0,1,6.4,1,0,1
2023-11-01,484,11,7.87,67.5,76.3,3.83,1,0,1,4.8,1,0,1
2023-12-01,484,12,7.76,64.4,72.2,3.38,1,0,1,5.6,1,0,1
2024-01-01,484,13,7.76,58.9,69.1,3.86,1,0,1,1.5,1,0,1
2024-02-01,484,14,7.68,74.5,69.6,3.79,1,0,1,1.1,1,0,1
2024-03-01,484,15,7.7,67.6,62.5,4.05,1,0,1,4.2,1,0,1
2024-04-01,484,16,7.56,62.2,74.0,3.72,1,0,2,2.2,1,0,1
2024-05-01,484,17,7.56,72.0,69.1,3.73,1,1,2,0.9,1,0,1
2024-06-01,484,18,7.72,57.6,68.7,3.91,1,1,2,7.1,1,0,1
2023-01-01,485,1,6.92,80.5,42.2,2.32,0,1,1,9.8,0,0,0
2023-02-01,485,2,7.05,83.6,47.7,2.27,0,2,1,7.1,0,0,0
2023-03-01,485,3,7.06,76.2,46.7,2.21,0,2,1,4.9,0,0,0
2023-04-01,485,4,7.07,76.6,48.6,2.39,0,2,1,6.9,0,0,0
2023-05-01,485,5,7.09,79.4,44.9,2.19,0,2,1,7.2,0,0,0
2023-06-01,485,6,6.96,77.9,46.9,2.44,0,2,1,7.8,0,0,0
2023-07-01,485,7,7.34,80.2,51.2,2.47,0,2,1,9.6,0,0,0
2023-08-01,485,8,6.91,86.6,49.8,2.18,0,2,1,11.0,1,0,0
2023-09-01,485,9,6.86,78.0,54.7,2.25,0,2,1,5.2,2,0,0
2023-10-01,485,10,7.21,75.8,54.9,2.42,0,2,2,6.1,2,0,0
2023-11-01,485,11,7.2,75.1,60.4,2.61,0,2,2,7.9,2,0,0
2023-12-01,485,12,7.31,88.5,49.9,2.61,0,2,2,6.7,3,0,0
2024-01-01,485,13,6.9,80.5,50.6,2.31,0,2,2,6.4,3,0,0
2024-02-01,485,14,7.3,83.8,45.0,2.39,1,2,2,14.3,4,0,0
2024-03-01,485,15,6.99,84.5,51.6,2.58,1,2,2,8.8,4,0,0
2024-04-01,485,16,7.2,78.2,57.1,2.4,1,3,2,8.6,4,0,0
2024-05-01,485,17,7.49,83.1,52.2,2.37,1,3,2,11.5,4,0,0
2024-06-01,485,18,7.28,83.4,48.5,2.44,1,3,2,4.8,4,0,0
2023-01-01,486,1,6.8,99.5,53.3,3.66,1,1,0,6.1,0,0,0
2023-02-01,486,2,6.78,97.4,58.9,3.6,1,1,0,9.0,0,0,0
2023-03-01,486,3,6.84,97.0,58.1,3.89,1,1,0,11.8,0,0,0
2023-04-01,486,4,6.83,98.6,60.7,3.6,1,1,0,7.3,0,0,0
2023-05-01,486,5,6.75,93.4,51.8,3.35,1,1,0,10.6,1,0,0
2023-06-01,486,6,7.05,87.7,61.2,3.6,2,1,0,11.6,1,0,1
2023-07-01,486,7,7.15,95.0,59.7,3.57,2,1,0,10.1,1,0,1
2023-08-01,486,8,7.15,93.9,58.9,3.93,2,1,0,7.5,1,0,1
2023-09-01,486,9,6.95,92.7,66.4,3.92,2,1,0,10.3,1,0,1
2023-10-01,486,10,7.16,93.9,56.5,3.51,3,1,0,11.4,1,0,1
2023-11-01,486,11,7.07,91.7,58.9,3.45,3,2,0,12.1,1,0,1
2023-12-01,486,12,7.26,95.9,68.8,4.08,3,2,0,6.2,1,0,1
2024-01-01,486,13,6.96,100.0,58.6,3.73,3,2,0,9.4,1,0,1
2024-02-01,486,14,7.29,85.1,67.5,4.0,3,2,0,8.4,1,0,1
2024-03-01,486,15,7.1,100.0,63.8,3.65,3,2,0,12.2,1,0,1
2024-04-01,486,16,7.23,94.8,66.4,3.75,4,2,0,6.2,1,0,1
2024-05-01,486,17,7.36,92.3,67.5,3.53,4,2,0,9.7,1,0,1
2024-06-01,486,18,7.09,94.3,67.0,3.88,4,2,0,7.2,1,0,1
2023-01-01,487,1,6.25,84.2,24.1,1.92,0,0,0,3.5,0,1,0
2023-02-01,487,2,6.39,90.7,23.8,1.71,0,0,0,4.9,0,1,0
2023-03-01,487,3,6.49,76.4,26.9,1.68,0,0,0,2.8,0,0,0
2023-04-01,487,4,6.52,81.6,21.4,1.66,0,0,0,3.0,0,0,0
2023-05-01,487,5,6.4,88.2,36.3,1.74,0,0,0,6.5,0,0,0
2023-06-01,487,6,6.58,77.3,31.7,1.56,0,0,0,4.2,1,0,0
2023-07-01,487,7,6.46,85.5,27.1,1.77,0,0,0,8.1,1,0,0
2023-08-01,487,8,6.59,80.1,30.0,1.99,0,0,0,4.2,1,0,0
2023-09-01,487,9,6.86,77.0,34.5,1.79,0,0,0,8.2,1,0,0
2023-10-01,487,10,6.6,84.4,24.7,2.02,0,0,0,4.2,1,0,0
2023-11-01,487,11,6.73,88.3,33.2,1.67,0,0,0,11.7,1,0,0
2023-12-01,487,12,6.64,85.9,27.1,2.0,0,0,0,11.6,1,0,0
2024-01-01,487,13,6.59,84.2,30.8,1.74,0,0,0,2.2,1,0,0
2024-02-01,487,14,6.89,85.1,34.4,1.77,0,0,0,2.4,1,0,0
2024-03-01,487,15,6.76,83.5,28.4,2.01,0,0,0,2.5,2,0,0
2024-04-01,487,16,6.81,73.6,28.6,1.95,0,0,0,11.1,3,0,0
2024-05-01,487,17,7.03,84.9,31.6,1.79,0,0,0,2.6,3,0,0
2024-06-01,487,18,6.89,83.3,40.7,2.05,0,0,0,7.1,3,0,0
2023-01-01,488,1,7.37,78.7,52.5,2.98,0,1,0,11.4,0,3,0
2023-02-01,488,2,7.18,76.6,63.4,3.32,0,1,0,10.8,1,3,0
2023-03-01,488,3,7.44,79.8,62.9,3.22,0,1,0,11.9,1,3,0
2023-04-01,488,4,7.66,83.5,62.9,3.21,0,1,0,9.7,1,3,0
2023-05-01,488,5,7.28,78.7,65.5,2.87,0,2,0,11.8,2,3,0
2023-06-01,488,6,7.65,78.2,64.3,2.88,0,3,0,13.0,2,3,0
2023-07-01,488,7,7.51,71.4,70.6,3.11,0,3,0,10.3,2,3,0
2023-08-01,488,8,7.62,80.2,67.4,3.05,0,3,0,15.8,2,3,0
2023-09-01,488,9,7.64,78.3,64.7,3.07,0,3,0,10.8,2,3,0
2023-10-01,488,10,7.84,77.1,65.7,3.02,0,3,0,7.6,2,3,0
2023-11-01,488,11,7.71,73.9,67.6,3.19,1,3,0,12.9,2,3,0
2023-12-01,488,12,7.68,75.8,69.6,3.01,1,3,0,11.8,2,3,0
2024-01-01,488,13,8.06,83.6,69.9,3.34,1,3,0,14.6,2,3,0
2024-02-01,488,14,7.98,80.2,73.8,3.26,1,3,0,14.1,3,3,0
2024-03-01,488,15,8.1,74.5,77.0,3.42,1,3,0,8.1,3,3,0
2024-04-01,488,16,8.02,74.7,77.6,3.22,1,3,0,8.9,4,3,0
2024-05-01,488,17,7.95,80.5,75.3,3.21,1,3,0,9.5,4,3,0
2024-06-01,488,18,8.08,84.2,70.0,3.47,1,3,0,11.2,4,3,0
2023-01-01,489,1,6.35,72.6,71.6,3.99,0,1,0,3.8,0,0,0
2023-02-01,489,2,6.32,67.5,70.8,3.98,1,1,0,2.9,0,0,0
2023-03-01,489,3,6.17,74.2,69.9,3.91,1,1,0,3.0,0,0,0
2023-04-01,489,4,6.51,72.6,80.0,3.9,2,2,0,8.9,0,0,0
2023-05-01,489,5,6.43,70.4,74.3,3.87,2,2,0,2.6,0,0,1
2023-06-01,489,6,6.47,81.8,76.0,4.12,2,2,0,5.1,0,0,1
2023-07-01,489,7,6.59,73.4,62.7,4.09,2,3,0,5.6,0,0,1
2023-08-01,489,8,6.54,70.8,73.7,4.2,2,3,0,5.4,0,0,1
2023-09-01,489,9,6.57,75.4,74.5,4.17,2,3,0,3.4,1,0,1
2023-10-01,489,10,6.61,72.2,74.8,3.96,2,3,0,8.6,1,0,1
2023-11-01,489,11,6.77,75.9,72.2,3.93,2,3,0,4.4,1,0,1
2023-12-01,489,12,6.63,70.8,69.0,4.31,2,4,0,2.1,1,0,1
2024-01-01,489,13,6.89,75.6,74.4,4.25,2,4,0,10.1,1,0,1
2024-02-01,489,14,6.83,67.2,74.4,4.18,2,4,1,4.1,1,0,1
2024-03-01,489,15,6.93,71.9,72.2,4.28,2,4,1,4.3,2,0,1
2024-04-01,489,16,6.78,79.9,72.2,3.86,2,4,1,2.1,3,0,1
2024-05-01,489,17,7.06,72.3,81.8,4.22,2,4,1,5.4,3,0,1
2024-06-01,489,18,6.95,75.3,75.7,3.98,2,4,1,8.2,4,0,1
2023-01-01,490,1,7.47,93.5,53.9,3.22,0,1,0,8.7,0,0,0
2023-02-01,490,2,7.81,100.0,53.5,3.34,0,1,1,10.1,0,0,0
2023-03-01,490,3,7.36,96.2,57.6,3.16,0,1,1,7.7,0,0,0
2023-04-01,490,4,7.52,97.9,53.8,3.13,0,1,1,7.8,0,0,0
2023-05-01,490,5,7.7,96.2,59.3,3.01,0,1,1,5.9,1,0,0
2023-06-01,490,6,7.79,96.7,55.3,3.31,0,1,1,6.9,1,0,0
2023-07-01,490,7,7.81,94.8,54.5,3.24,0,1,1,6.0,1,0,0
2023-08-01,490,8,7.71,99.9,54.7,3.34,0,1,1,5.5,1,0,0
2023-09-01,490,9,8.05,99.0,56.5,2.91,0,1,1,2.9,1,0,0
2023-10-01,490,10,7.49,98.2,66.1,3.46,0,1,1,7.3,1,0,0
2023-11-01,490,11,8.06,93.8,58.9,3.45,0,1,1,4.7,1,0,0
2023-12-01,490,12,7.88,100.0,55.9,3.45,0,1,1,6.1,1,0,0
2024-01-01,490,13,8.08,99.9,57.6,3.19,0,1,1,4.8,1,0,0
2024-02-01,490,14,7.84,100.0,68.2,3.34,0,1,1,8.6,1,0,0
2024-03-01,490,15,8.24,99.4,59.8,3.3,0,1,1,5.2,1,0,1
2024-04-01,490,16,7.99,100.0,61.6,3.5,1,1,1,2.8,1,0,1
2024-05-01,490,17,7.88,100.0,63.2,3.27,1,1,1,7.2,1,0,1
2024-06-01,490,18,8.08,100.0,62.2,3.4,1,1,1,9.0,1,0,1
2023-01-01,491,1,7.96,73.1,84.4,3.1,1,0,0,9.9,0,0,0
2023-02-01,491,2,8.02,66.3,86.6,2.69,1,0,0,7.9,0,0,0
2023-03-01,491,3,7.65,64.9,85.2,2.87,1,0,0,13.1,0,0,0
2023-04-01,491,4,7.92,75.1,83.4,2.89,1,1,0,8.9,0,0,0
2023-05-01,491,5,8.11,71.2,89.4,3.02,1,1,0,10.2,0,0,0
2023-06-01,491,6,7.85,70.0,91.5,2.62,1,1,1,8.7,0,0,0
2023-07-01,491,7,8.23,73.6,89.3,3.13,1,1,1,8.7,0,0,1
2023-08-01,491,8,7.76,76.7,90.7,2.86,1,1,1,12.7,1,0,1
2023-09-01,491,9,7.93,65.3,97.3,2.72,1,2,1,12.8,1,0,1
2023-10-01,491,10,8.03,72.6,92.1,3.07,1,3,1,9.0,1,0,1
2023-11-01,491,11,7.96,79.7,95.7,3.24,1,4,1,9.8,1,0,1
2023-12-01,491,12,8.21,69.5,98.5,3.02,1,4,1,13.1,2,0,1
2024-01-01,491,13,8.23,69.1,96.6,3.04,1,4,2,6.3,2,0,1
2024-02-01,491,14,8.18,77.2,95.9,3.03,1,4,2,8.5,3,0,1
2024-03-01,491,15,8.27,74.1,99.7,3.02,1,4,2,10.4,3,0,1
2024-04-01,491,16,7.88,67.6,99.6,3.11,2,4,2,6.6,3,0,1
2024-05-01,491,17,8.17,70.9,100.0,3.18,2,4,3,9.3,4,0,1
2024-06-01,491,18,8.26,66.6,96.4,2.92,2,4,3,8.5,4,0,1
2023-01-01,492,1,7.33,71.9,46.6,3.91,0,1,0,3.1,0,0,0
2023-02-01,492,2,7.3,72.2,47.0,3.71,0,1,0,3.2,0,0,0
2023-03-01,492,3,7.19,68.1,43.0,4.0,0,1,0,6.3,0,0,0
2023-04-01,492,4,7.32,79.0,45.0,4.23,0,1,0,5.3,0,0,0
2023-05-01,492,5,7.36,72.2,49.2,3.78,0,1,0,9.7,0,0,0
2023-06-01,492,6,7.34,73.3,47.0,3.79,0,1,0,9.6,0,0,0
2023-07-01,492,7,7.3,74.2,44.9,4.09,0,1,0,1.6,0,0,0
2023-08-01,492,8,7.48,74.8,50.5,3.96,0,1,0,8.8,0,0,0
2023-09-01,492,9,7.53,67.7,48.4,3.99,0,1,0,6.2,0,0,0
2023-10-01,492,10,7.52,72.9,54.7,3.86,0,1,0,4.5,0,0,0
2023-11-01,492,11,7.62,69.9,45.9,3.99,0,1,0,3.9,0,0,0
2023-12-01,492,12,7.68,77.3,51.9,3.68,0,1,0,4.0,0,0,0
2024-01-01,492,13,7.35,73.8,47.1,3.79,0,1,0,5.0,0,0,0
2024-02-01,492,14,7.62,76.3,54.5,3.9,0,1,0,5.0,0,0,0
2024-03-01,492,15,7.58,71.7,46.1,3.99,0,1,0,8.2,0,0,0
2024-04-01,492,16,7.64,78.3,49.9,4.23,0,1,1,7.9,0,0,0
2024-05-01,492,17,7.73,72.3,44.6,3.91,0,1,1,1.8,0,0,0
2024-06-01,492,18,7.9,76.3,53.6,4.08,0,1,1,0.0,0,0,0
2023-01-01,493,1,6.67,82.2,56.0,3.82,0,0,0,10.8,0,0,0
2023-02-01,493,2,6.89,90.0,56.4,3.8,0,0,0,12.9,0,0,0
2023-03-01,493,3,6.81,92.4,62.1,3.85,0,0,0,16.5,1,0,0
2023-04-01,493,4,6.73,88.7,63.4,4.09,0,0,0,12.2,1,0,0
2023-05-01,493,5,6.94,83.8,58.8,3.97,0,0,0,7.4,1,0,0
2023-06-01,493,6,7.1,84.5,66.4,3.77,0,0,0,8.3,1,0,0
2023-07-01,493,7,6.97,80.6,64.4,4.01,0,0,0,8.0,2,0,0
2023-08-01,493,8,7.21,85.0,63.0,4.13,0,0,0,10.0,2,0,0
2023-09-01,493,9,6.95,79.0,70.1,3.85,0,0,0,7.3,2,0,0
2023-10-01,493,10,7.13,88.4,74.7,4.23,0,0,0,12.1,2,0,0
2023-11-01,493,11,7.03,94.8,64.5,4.02,0,0,0,8.7,2,0,0
2023-12-01,493,12,7.18,88.6,75.8,3.84,0,1,0,10.8,3,0,0
2024-01-01,493,13,7.26,94.0,66.0,4.09,0,1,0,18.7,4,0,0
2024-02-01,493,14,7.03,92.4,71.2,3.99,1,1,0,9.7,4,0,1
2024-03-01,493,15,7.06,84.1,74.8,3.82,2,1,0,10.8,4,0,1
2024-04-01,493,16,7.04,87.9,76.3,3.98,2,1,0,10.1,4,0,1
2024-05-01,493,17,7.33,83.6,70.8,3.99,2,2,0,10.7,4,0,1
2024-06-01,493,18,7.27,77.7,74.6,3.95,2,2,0,8.8,5,0,1
2023-01-01,494,1,7.14,60.0,48.8,4.05,0,1,0,3.9,0,0,0
2023-02-01,494,2,7.63,58.3,54.0,4.06,0,1,0,4.0,0,0,0
2023-03-01,494,3,7.35,62.1,58.6,4.21,0,1,0,4.4,0,0,0
2023-04-01,494,4,7.42,61.2,59.6,4.33,0,1,0,5.0,0,0,0
2023-05-01,494,5,7.45,58.3,59.1,4.14,0,1,0,5.4,0,0,0
2023-06-01,494,6,7.18,62.9,53.0,4.37,0,1,0,2.2,0,0,0
2023-07-01,494,7,7.28,60.3,53.7,4.08,0,1,0,2.7,0,0,0
2023-08-01,494,8,7.47,69.9,54.9,4.16,0,1,0,7.2,0,0,0
2023-09-01,494,9,7.44,60.6,63.4,4.26,0,1,0,6.5,0,0,0
2023-10-01,494,10,7.29,68.3,68.3,4.16,0,2,0,2.9,0,0,1
2023-11-01,494,11,7.56,60.9,62.0,4.24,0,2,0,6.5,0,0,1
2023-12-01,494,12,7.45,71.7,63.2,4.02,0,2,0,3.1,1,0,1
2024-01-01,494,13,7.39,64.1,62.1,4.25,0,2,0,0.0,1,0,1
2024-02-01,494,14,7.54,56.9,59.5,4.3,0,2,0,1.3,1,0,1
2024-03-01,494,15,7.77,67.9,65.5,4.46,0,2,0,1.3,1,0,1
2024-04-01,494,16,7.63,59.6,50.3,4.32,0,2,0,6.2,1,0,1
2024-05-01,494,17,7.6,58.6,66.0,3.93,0,2,0,3.0,1,0,1
2024-06-01,494,18,7.65,65.7,57.2,4.18,0,3,0,4.5,1,0,1
2023-01-01,495,1,6.62,93.6,57.2,4.11,0,1,0,11.9,0,0,0
2023-02-01,495,2,6.71,96.7,58.5,3.66,0,1,0,7.1,0,0,0
2023-03-01,495,3,6.74,100.0,56.2,3.73,0,1,0,13.1,0,0,0
2023-04-01,495,4,7.02,92.1,56.3,4.26,1,1,0,8.6,0,0,0
2023-05-01,495,5,6.82,96.8,49.9,3.64,1,1,0,7.3,0,0,0
2023-06-01,495,6,7.0,90.6,59.0,3.78,1,1,0,10.6,0,0,0
2023-07-01,495,7,6.83,85.8,59.8,3.61,1,1,0,6.2,0,0,0
2023-08-01,495,8,6.87,96.9,58.4,3.88,1,1,0,10.2,0,0,0
2023-09-01,495,9,6.94,100.0,57.9,3.79,1,2,0,6.2,0,0,0
2023-10-01,495,10,6.98,100.0,62.1,4.05,1,2,0,10.7,0,0,0
2023-11-01,495,11,6.93,95.7,68.5,3.67,1,2,0,3.6,0,0,1
2023-12-01,495,12,6.92,94.8,55.7,4.03,1,2,0,7.4,0,0,1
2024-01-01,495,13,7.08,94.0,66.5,4.09,1,2,0,10.9,0,0,1
2024-02-01,495,14,7.12,95.6,66.2,4.13,1,2,0,5.2,0,0,1
2024-03-01,495,15,7.16,94.8,69.0,4.08,1,3,0,5.6,0,0,1
2024-04-01,495,16,7.12,93.8,68.2,3.99,1,3,0,10.6,0,0,1
2024-05-01,495,17,7.11,96.5,63.3,4.0,1,4,0,6.0,0,0,1
2024-06-01,495,18,7.18,97.5,69.1,3.83,1,4,0,13.1,0,0,1
2023-01-01,496,1,7.69,78.0,53.1,3.68,0,2,1,2.0,0,0,0
2023-02-01,496,2,7.9,91.0,53.9,3.92,0,2,1,8.6,0,0,0
2023-03-01,496,3,7.87,89.2,53.9,4.06,0,2,1,4.0,0,0,0
2023-04-01,496,4,7.87,84.9,55.2,4.0,0,2,1,3.5,0,0,0
2023-05-01,496,5,8.01,86.4,59.3,3.84,0,2,1,7.1,0,0,1
2023-06-01,496,6,8.03,89.4,54.9,4.14,0,2,1,0.0,0,0,1
2023-07-01,496,7,7.82,90.3,60.9,3.89,0,2,1,5.5,0,0,1
2023-08-01,496,8,7.93,76.1,55.4,3.97,0,2,1,3.1,0,0,1
2023-09-01,496,9,7.85,93.2,57.5,3.94,0,2,1,5.7,0,0,1
2023-10-01,496,10,7.68,86.4,62.8,4.01,0,2,1,6.4,0,0,1
2023-11-01,496,11,7.92,85.7,55.5,4.27,0,2,1,2.0,0,0,1
2023-12-01,496,12,7.93,90.5,64.0,4.02,0,2,1,6.2,0,0,1
2024-01-01,496,13,7.96,91.9,61.9,4.36,0,2,1,6.2,0,0,1
2024-02-01,496,14,8.17,86.8,54.6,3.89,0,2,1,0.9,0,0,1
2024-03-01,496,15,8.02,87.8,58.3,4.15,0,2,1,3.4,0,0,1
2024-04-01,496,16,7.93,82.5,57.9,4.08,0,2,1,2.5,0,0,1
2024-05-01,496,17,8.28,84.3,59.3,4.09,0,2,1,2.5,0,0,1
2024-06-01,496,18,8.19,89.2,62.1,3.75,0,2,1,3.2,0,0,1
2023-01-01,497,1,5.68,94.6,56.8,3.74,0,1,0,11.6,0,0,0
2023-02-01,497,2,5.47,93.4,57.9,3.56,0,1,0,11.5,0,0,0
2023-03-01,497,3,5.37,92.2,62.7,3.84,0,1,0,4.7,0,0,0
2023-04-01,497,4,5.4,92.4,66.3,3.82,0,1,0,13.0,0,0,0
2023-05-01,497,5,5.68,86.8,64.8,3.69,0,1,0,10.2,0,0,0
2023-06-01,497,6,5.54,87.0,60.2,3.88,0,1,0,13.0,0,0,0
2023-07-01,497,7,5.7,91.3,65.8,3.91,0,2,0,6.4,0,0,0
2023-08-01,497,8,5.66,93.4,61.6,3.7,0,2,0,7.6,0,0,0
2023-09-01,497,9,5.69,84.7,70.4,3.78,0,2,0,9.6,0,0,0
2023-10-01,497,10,5.66,97.0,57.3,3.76,0,2,0,10.7,0,0,0
2023-11-01,497,11,5.71,92.8,63.4,3.84,0,2,0,7.1,0,0,0
2023-12-01,497,12,5.98,84.5,59.9,3.69,0,3,0,9.1,1,0,0
2024-01-01,497,13,5.68,89.0,69.3,3.64,0,3,0,7.1,1,0,0
2024-02-01,497,14,5.74,90.2,58.9,4.01,0,4,0,9.9,1,0,0
2024-03-01,497,15,5.69,89.3,65.4,3.52,0,4,1,10.2,1,0,0
2024-04-01,497,16,6.07,92.9,72.2,4.2,0,4,1,9.6,1,0,0
2024-05-01,497,17,5.74,92.6,77.9,3.86,0,4,1,7.0,1,0,0
2024-06-01,497,18,5.8,89.4,70.5,3.76,0,4,1,10.0,1,0,0
2023-01-01,498,1,6.73,85.8,74.1,3.35,0,0,0,12.8,0,1,0
2023-02-01,498,2,6.7,87.6,70.4,3.26,0,0,0,13.2,1,0,0
2023-03-01,498,3,6.63,89.3,74.0,3.48,0,1,0,7.8,1,0,0
2023-04-01,498,4,6.7,84.3,79.3,3.32,0,1,0,12.3,1,0,0
2023-05-01,498,5,6.89,85.4,66.0,3.48,1,1,0,9.8,2,0,0
2023-06-01,498,6,7.05,84.2,66.5,3.58,1,1,1,11.7,2,0,0
2023-07-01,498,7,6.9,92.7,71.4,3.35,1,2,1,14.1,2,0,0
2023-08-01,498,8,6.96,91.2,77.6,3.62,1,3,1,8.0,2,0,0
2023-09-01,498,9,6.91,80.7,82.4,3.24,1,3,1,15.8,2,0,0
2023-10-01,498,10,7.12,87.3,81.5,3.69,1,3,1,8.9,2,0,0
2023-11-01,498,11,7.09,90.7,76.2,3.42,1,3,1,13.2,2,0,1
2023-12-01,498,12,6.84,84.5,75.1,3.51,2,3,2,5.5,2,0,1
2024-01-01,498,13,7.11,85.7,74.7,3.39,2,4,2,13.5,2,0,1
2024-02-01,498,14,7.1,91.4,80.4,3.62,2,4,2,9.0,2,0,1
2024-03-01,498,15,7.12,95.0,77.8,3.62,2,4,2,14.4,2,0,1
2024-04-01,498,16,7.25,87.8,82.7,3.23,2,5,2,12.4,2,0,1
2024-05-01,498,17,7.4,87.1,81.7,3.65,2,5,2,7.9,3,0,1
2024-06-01,498,18,7.4,90.3,84.1,3.75,2,5,2,8.6,4,0,1
2023-01-01,499,1,5.41,87.5,72.0,2.9,0,0,0,6.9,0,0,0
2023-02-01,499,2,5.31,72.6,83.4,3.47,0,0,0,11.3,0,0,0
2023-03-01,499,3,5.42,81.0,85.1,3.64,0,1,0,13.1,0,0,0
2023-04-01,499,4,5.65,87.6,76.5,3.0,0,2,0,8.7,0,0,0
2023-05-01,499,5,5.56,78.0,85.7,3.73,0,2,0,11.8,1,0,0
2023-06-01,499,6,5.49,78.0,85.5,3.2,0,2,0,6.3,1,0,0
2023-07-01,499,7,5.45,81.7,80.0,3.33,0,2,0,8.5,1,0,0
2023-08-01,499,8,5.79,80.0,89.7,3.29,0,2,0,15.4,2,0,0
2023-09-01,499,9,5.72,83.8,81.8,3.3,0,3,0,12.3,2,0,0
2023-10-01,499,10,5.71,79.4,86.6,3.48,0,3,0,10.8,2,0,0
2023-11-01,499,11,5.87,75.1,95.7,3.22,0,3,0,4.1,2,0,1
2023-12-01,499,12,5.65,85.3,85.8,3.48,0,3,0,13.0,2,0,1
2024-01-01,499,13,5.92,80.1,90.9,3.14,0,3,0,12.5,3,0,1
2024-02-01,499,14,5.86,77.4,92.8,3.44,0,3,0,11.3,3,0,1
2024-03-01,499,15,6.1,77.9,86.0,3.39,0,3,0,10.7,4,0,1
2024-04-01,499,16,5.91,84.0,90.5,3.51,0,3,0,11.5,4,0,1
2024-05-01,499,17,6.19,84.0,87.5,3.42,0,3,0,12.9,4,0,1
2024-06-01,499,18,6.13,80.4,91.4,3.08,0,3,0,13.3,4,0,1
2023-01-01,500,1,5.88,67.6,55.4,3.04,0,1,0,13.4,0,1,0
2023-02-01,500,2,5.81,64.2,56.5,3.05,0,1,0,11.5,0,1,0
2023-03-01,500,3,5.72,74.2,55.6,3.09,0,1,0,8.2,0,1,0
2023-04-01,500,4,5.99,71.9,62.5,3.12,0,1,0,14.1,0,1,0
2023-05-01,500,5,5.77,74.0,57.2,3.19,1,1,0,11.7,0,1,0
2023-06-01,500,6,5.71,68.3,71.7,3.25,1,1,0,14.3,0,1,0
2023-07-01,500,7,5.96,71.2,70.3,3.01,1,1,0,13.5,0,0,0
2023-08-01,500,8,5.85,70.7,68.3,3.34,1,1,0,15.2,0,0,0
2023-09-01,500,9,5.88,63.9,68.7,2.98,1,1,0,9.7,0,0,0
2023-10-01,500,10,6.04,74.7,62.1,3.09,1,2,0,13.4,0,0,0
2023-11-01,500,11,5.98,76.6,62.7,2.98,1,2,0,10.2,0,0,0
2023-12-01,500,12,5.93,77.8,71.5,3.07,1,3,1,16.1,0,0,0
2024-01-01,500,13,6.23,66.3,64.7,3.19,1,4,1,15.0,0,0,0
2024-02-01,500,14,6.23,72.1,65.5,3.33,1,4,1,6.0,0,0,0
2024-03-01,500,15,5.96,68.1,65.9,3.41,1,4,1,9.2,0,0,0
2024-04-01,500,16,5.96,72.4,79.7,3.22,1,4,1,10.6,0,0,0
2024-05-01,500,17,5.87,72.7,71.2,3.36,1,4,1,11.4,0,0,0
2024-06-01,500,18,5.91,77.6,74.6,3.21,1,4,2,14.3,1,0,0
2023-01-01,501,1,7.88,75.7,68.9,2.11,0,0,0,8.1,0,0,0
2023-02-01,501,2,8.2,84.3,68.9,2.58,0,0,0,9.6,0,0,0
2023-03-01,501,3,8.0,86.8,70.2,2.19,1,0,0,7.0,0,0,0
2023-04-01,501,4,8.26,76.4,75.0,2.46,1,0,0,7.9,0,0,0
2023-05-01,501,5,8.4,81.5,81.9,2.61,1,0,0,13.6,0,0,0
2023-06-01,501,6,8.22,75.2,76.2,2.39,1,0,0,10.7,0,0,0
2023-07-01,501,7,8.33,85.2,82.5,2.18,1,0,0,8.3,0,0,0
2023-08-01,501,8,8.61,84.3,74.6,2.31,1,0,0,11.5,0,0,0
2023-09-01,501,9,8.31,88.0,79.1,2.39,1,0,1,11.2,0,0,0
2023-10-01,501,10,8.49,85.0,72.6,2.7,1,0,1,10.4,1,0,0
2023-11-01,501,11,8.45,77.9,74.5,2.47,1,1,1,7.0,1,0,0
2023-12-01,501,12,8.41,81.0,84.7,2.53,1,1,1,6.8,1,0,1
2024-01-01,501,13,8.6,79.0,75.0,2.32,1,2,1,10.3,1,0,1
2024-02-01,501,14,8.21,80.8,82.6,2.73,1,2,1,11.1,1,0,1
2024-03-01,501,15,8.44,80.3,75.3,2.54,1,2,1,8.0,1,0,1
2024-04-01,501,16,8.45,79.9,78.7,2.5,1,2,1,8.4,1,0,1
2024-05-01,501,17,8.41,82.2,81.2,2.49,1,3,1,15.0,1,0,1
2024-06-01,501,18,8.68,76.1,78.5,2.48,1,3,1,8.0,2,0,1
2023-01-01,502,1,7.62,75.0,44.9,2.47,1,1,0,9.2,0,0,0
2023-02-01,502,2,7.7,72.2,47.5,2.48,1,1,0,10.3,0,0,0
2023-03-01,502,3,7.75,67.1,49.8,2.64,1,1,0,14.8,0,0,0
2023-04-01,502,4,7.85,72.5,51.1,2.81,1,1,0,13.3,0,0,0
2023-05-01,502,5,7.89,77.4,45.6,2.35,1,1,0,6.3,0,0,0
2023-06-01,502,6,7.93,64.2,47.3,2.66,1,1,0,11.4,0,0,0
2023-07-01,502,7,7.84,66.9,52.7,2.71,1,1,0,14.1,0,0,0
2023-08-01,502,8,8.13,72.3,55.4,2.74,1,2,0,6.4,0,0,0
2023-09-01,502,9,8.22,77.9,57.0,2.87,1,3,0,9.5,0,0,1
2023-10-01,502,10,8.07,67.0,49.4,2.77,1,3,0,6.3,0,0,1
2023-11-01,502,11,8.2,73.3,56.0,2.79,1,3,1,7.8,0,0,1
2023-12-01,502,12,8.05,76.7,53.2,2.6,1,3,1,12.4,0,0,1
2024-01-01,502,13,8.18,70.7,56.7,2.54,1,3,1,7.9,0,0,1
2024-02-01,502,14,8.23,82.5,56.2,2.49,1,3,1,11.9,0,0,1
2024-03-01,502,15,8.36,69.7,52.8,2.57,1,3,2,12.4,0,0,1
2024-04-01,502,16,8.29,70.8,58.4,2.62,1,3,2,8.5,0,0,1
2024-05-01,502,17,8.26,74.6,52.1,2.58,1,3,2,12.4,0,0,1
2024-06-01,502,18,8.38,70.7,58.3,2.68,1,3,2,10.8,0,0,1
2023-01-01,503,1,6.51,94.1,70.8,2.89,0,0,0,7.4,0,0,0
2023-02-01,503,2,6.55,83.7,72.2,2.99,0,0,0,6.8,0,0,0
2023-03-01,503,3,6.66,92.9,67.1,2.88,0,0,0,6.1,0,0,1
2023-04-01,503,4,6.59,95.1,69.3,3.07,0,0,0,6.4,0,0,1
2023-05-01,503,5,6.7,87.1,72.9,3.02,0,0,0,6.2,0,0,1
2023-06-01,503,6,6.45,88.4,70.5,3.13,0,0,1,13.1,0,0,1
2023-07-01,503,7,6.68,83.2,79.6,3.11,0,0,1,4.4,0,0,1
2023-08-01,503,8,6.73,95.5,69.1,3.13,0,0,1,4.6,1,0,1
2023-09-01,503,9,6.67,83.5,74.1,3.36,0,0,1,10.1,1,0,1
2023-10-01,503,10,6.78,82.8,71.1,3.44,0,0,1,6.2,1,0,1
2023-11-01,503,11,6.94,85.7,82.8,3.15,0,0,1,8.1,1,0,1
2023-12-01,503,12,6.83,85.5,82.5,3.14,0,0,1,8.2,1,0,1
2024-01-01,503,13,6.89,80.2,79.3,3.19,0,0,1,4.5,1,0,1
2024-02-01,503,14,7.06,91.7,72.9,3.6,0,0,2,8.4,1,0,1
2024-03-01,503,15,6.94,83.7,70.8,3.18,0,0,2,9.9,1,0,1
2024-04-01,503,16,6.76,87.2,76.2,2.99,0,0,3,7.6,1,0,1
2024-05-01,503,17,7.1,89.7,75.4,3.44,0,0,4,7.0,2,0,1
2024-06-01,503,18,7.17,92.2,75.2,3.05,0,0,4,7.8,2,0,1
2023-01-01,504,1,5.88,86.9,41.2,3.46,1,1,0,11.3,0,1,0
2023-02-01,504,2,5.85,89.5,47.6,3.2,2,1,1,8.9,0,1,0
2023-03-01,504,3,5.89,85.9,41.7,3.4,2,2,1,9.6,0,0,0
2023-04-01,504,4,5.71,86.9,54.5,3.3,2,2,1,11.6,0,0,0
2023-05-01,504,5,6.04,81.6,50.0,3.69,3,2,1,6.5,0,0,0
2023-06-01,504,6,5.86,98.6,46.2,3.47,3,2,2,8.6,1,0,0
2023-07-01,504,7,5.92,87.0,55.3,3.31,3,2,2,12.9,1,0,0
2023-08-01,504,8,6.09,90.1,55.1,3.26,3,2,2,9.5,1,0,0
2023-09-01,504,9,6.08,91.7,48.7,3.23,3,2,2,10.3,1,0,0
2023-10-01,504,10,6.25,96.6,55.1,3.36,3,2,2,12.8,1,0,0
2023-11-01,504,11,6.18,89.6,51.7,3.37,3,2,2,18.5,1,0,0
2023-12-01,504,12,6.44,90.5,51.2,3.51,3,2,2,9.0,1,0,0
2024-01-01,504,13,6.11,89.8,44.8,3.53,3,2,2,13.3,1,0,0
2024-02-01,504,14,6.37,95.1,59.6,3.61,3,2,2,10.5,2,0,0
2024-03-01,504,15,6.5,84.0,56.4,3.23,3,2,2,12.2,3,0,0
2024-04-01,504,16,6.68,92.8,56.2,3.42,3,2,2,12.1,3,0,0
2024-05-01,504,17,6.47,94.2,59.5,3.58,3,2,2,11.6,4,0,0
2024-06-01,504,18,6.53,91.8,64.9,3.22,3,2,2,10.9,4,0,0
2023-01-01,505,1,5.13,94.1,71.9,4.24,0,1,0,11.7,0,0,0
2023-02-01,505,2,5.16,97.5,75.6,4.41,0,2,0,9.2,0,0,0
2023-03-01,505,3,5.34,96.0,73.4,3.98,0,2,0,7.0,0,0,0
2023-04-01,505,4,5.09,100.0,72.5,4.53,1,2,0,9.0,0,0,0
2023-05-01,505,5,5.39,97.5,77.5,4.22,1,2,0,8.7,0,0,0
2023-06-01,505,6,5.23,99.6,71.7,4.22,1,2,0,7.3,0,0,0
2023-07-01,505,7,5.14,98.6,73.6,4.34,1,2,0,6.7,0,0,0
2023-08-01,505,8,5.23,91.2,75.1,4.12,1,2,0,10.3,0,0,0
2023-09-01,505,9,5.29,93.2,79.8,4.15,1,2,0,11.0,0,0,1
2023-10-01,505,10,5.18,95.0,73.3,4.22,1,2,0,11.1,0,0,1
2023-11-01,505,11,5.23,98.5,84.0,4.4,1,2,0,7.9,0,0,1
2023-12-01,505,12,5.28,100.0,82.7,4.48,1,2,0,6.9,0,0,1
2024-01-01,505,13,5.32,98.7,80.4,4.45,1,2,0,8.5,1,0,1
2024-02-01,505,14,5.45,96.6,85.3,4.56,1,2,0,10.6,1,0,1
2024-03-01,505,15,5.31,94.7,80.0,4.46,1,3,0,9.3,1,0,1
2024-04-01,505,16,5.51,95.1,85.3,4.28,1,3,0,8.2,1,0,1
2024-05-01,505,17,5.57,100.0,87.1,4.23,1,3,0,9.5,2,0,1
2024-06-01,505,18,5.44,94.6,89.6,4.18,1,3,0,14.3,2,0,1
2023-01-01,506,1,6.57,83.9,90.4,3.2,1,0,0,14.1,1,0,0
2023-02-01,506,2,6.75,85.0,86.8,2.98,1,0,0,12.7,1,0,0
2023-03-01,506,3,6.63,84.5,91.6,3.23,1,0,0,13.9,1,0,0
2023-04-01,506,4,6.64,82.1,98.1,3.03,1,0,0,8.2,1,0,0
2023-05-01,506,5,6.79,82.7,86.0,3.19,1,0,0,12.1,1,0,0
2023-06-01,506,6,6.64,81.8,98.1,3.06,1,0,0,8.7,1,0,1
2023-07-01,506,7,6.83,92.6,98.6,3.22,1,0,0,15.0,1,0,1
2023-08-01,506,8,6.98,90.6,93.1,3.36,1,0,0,10.4,1,0,1
2023-09-01,506,9,6.93,89.1,100.0,3.15,1,0,0,16.4,1,0,1
2023-10-01,506,10,6.91,95.4,96.7,3.55,1,0,0,14.1,1,0,1
2023-11-01,506,11,6.94,85.1,94.0,3.39,1,0,0,9.5,1,0,1
2023-12-01,506,12,7.21,85.6,100.0,3.43,1,0,0,4.9,1,0,1
2024-01-01,506,13,7.13,88.6,96.8,3.43,2,0,0,9.0,1,0,1
2024-02-01,506,14,7.09,86.5,100.0,3.22,2,0,0,12.7,1,0,1
2024-03-01,506,15,7.26,85.2,100.0,3.25,2,0,0,12.5,2,0,1
2024-04-01,506,16,7.26,81.1,100.0,3.18,2,1,0,10.3,3,0,1
2024-05-01,506,17,7.15,85.6,100.0,3.46,2,1,0,10.6,4,0,1
2024-06-01,506,18,7.32,86.2,100.0,3.58,2,1,0,12.4,4,0,1
2023-01-01,507,1,9.04,90.6,53.4,4.12,0,2,0,8.0,0,0,0
2023-02-01,507,2,8.85,92.5,53.7,4.0,0,2,0,6.6,0,0,0
2023-03-01,507,3,9.03,88.2,57.7,3.9,0,2,0,4.4,0,0,0
2023-04-01,507,4,8.81,86.0,53.8,3.8,0,2,0,2.7,0,0,0
2023-05-01,507,5,9.2,91.0,62.8,3.91,0,2,0,3.6,0,0,0
2023-06-01,507,6,9.01,86.4,59.7,3.88,0,2,0,6.9,0,0,0
2023-07-01,507,7,8.81,89.6,55.7,4.1,0,2,0,3.5,0,0,0
2023-08-01,507,8,9.12,97.7,55.4,3.8,0,2,0,6.8,0,0,0
2023-09-01,507,9,8.94,89.9,58.2,3.6,0,2,0,3.9,0,0,0
2023-10-01,507,10,9.13,86.6,56.0,4.15,0,2,0,10.9,0,0,0
2023-11-01,507,11,9.09,86.5,58.2,4.06,0,2,0,5.6,0,0,0
2023-12-01,507,12,9.15,85.3,61.3,3.77,0,2,0,6.9,0,0,1
2024-01-01,507,13,8.97,89.4,60.0,3.94,0,2,0,6.4,0,0,1
2024-02-01,507,14,9.1,97.0,61.5,3.91,0,2,0,4.8,0,0,1
2024-03-01,507,15,9.23,85.0,56.2,3.92,0,2,0,2.6,0,0,1
2024-04-01,507,16,9.37,94.8,60.7,3.98,0,2,0,8.9,1,0,1
2024-05-01,507,17,9.28,89.5,62.3,3.72,0,2,0,4.1,1,0,1
2024-06-01,507,18,9.09,92.2,61.5,4.15,0,2,0,6.9,1,0,1
2023-01-01,508,1,7.28,78.8,25.5,3.98,0,1,0,2.1,0,3,0
2023-02-01,508,2,7.47,84.8,37.3,4.02,0,1,0,8.2,0,3,0
2023-03-01,508,3,7.43,80.6,29.9,4.17,0,1,0,5.0,0,2,0
2023-04-01,508,4,7.25,84.8,22.1,4.03,0,2,0,7.2,0,2,0
2023-05-01,508,5,7.47,81.7,32.6,3.88,0,2,0,6.4,0,2,0
2023-06-01,508,6,7.57,78.8,31.8,3.94,0,2,0,7.7,0,2,0
2023-07-01,508,7,7.44,79.6,32.2,3.91,0,2,0,14.4,0,2,0
2023-08-01,508,8,7.41,82.9,24.1,4.07,0,2,0,8.4,0,2,0
2023-09-01,508,9,7.53,81.4,25.4,4.0,0,2,0,11.7,0,1,0
2023-10-01,508,10,7.65,73.5,33.4,4.06,0,3,0,4.8,1,1,0
2023-11-01,508,11,7.58,81.2,29.0,3.62,0,3,0,7.7,1,1,0
2023-12-01,508,12,7.45,80.1,31.0,4.4,0,3,0,9.2,1,1,0
2024-01-01,508,13,7.53,78.6,29.4,4.13,0,3,0,6.5,2,1,0
2024-02-01,508,14,7.74,78.8,33.5,4.04,0,3,0,5.0,2,1,0
2024-03-01,508,15,7.61,77.1,38.8,4.07,0,3,1,9.3,3,1,0
2024-04-01,508,16,7.72,84.1,34.1,4.12,0,3,1,12.9,3,1,0
2024-05-01,508,17,7.83,79.5,31.0,4.0,0,3,1,4.8,3,0,0
2024-06-01,508,18,7.84,81.1,30.2,3.85,0,3,1,7.5,4,0,0
2023-01-01,509,1,6.61,75.2,48.2,3.02,0,1,0,8.9,0,0,0
2023-02-01,509,2,6.31,76.1,51.4,2.97,0,1,0,7.1,0,0,0
2023-03-01,509,3,6.5,77.1,46.3,2.91,0,1,0,10.3,0,0,0
2023-04-01,509,4,6.55,73.4,56.9,3.36,0,1,0,9.6,0,0,0
2023-05-01,509,5,6.58,78.7,57.4,3.14,0,1,0,11.0,0,0,0
2023-06-01,509,6,6.92,70.9,56.9,3.02,0,1,0,5.5,0,0,0
2023-07-01,509,7,6.61,78.1,61.9,3.24,1,2,0,11.2,0,0,0
2023-08-01,509,8,6.79,76.3,51.4,2.92,1,2,0,11.4,0,0,0
2023-09-01,509,9,6.73,75.4,54.4,2.95,1,2,0,7.9,1,0,0
2023-10-01,509,10,6.75,74.1,56.0,3.33,1,2,0,10.6,1,0,0
2023-11-01,509,11,6.9,73.3,66.4,3.03,1,3,0,11.2,1,0,0
2023-12-01,509,12,6.71,75.0,55.1,3.12,1,3,0,8.7,1,0,0
2024-01-01,509,13,6.77,84.9,59.0,3.25,1,3,0,6.9,1,0,0
2024-02-01,509,14,6.85,80.2,65.5,3.04,1,3,0,9.2,2,0,0
2024-03-01,509,15,6.62,81.9,58.8,3.15,1,3,0,11.6,2,0,0
2024-04-01,509,16,6.82,78.6,55.2,3.16,1,3,0,10.1,2,0,0
2024-05-01,509,17,6.76,76.4,62.8,3.14,1,3,0,10.8,2,0,0
2024-06-01,509,18,7.08,76.4,71.5,3.13,1,3,0,12.2,2,0,0
2023-01-01,510,1,7.32,85.8,71.6,3.57,0,1,0,5.5,0,0,0
2023-02-01,510,2,7.39,85.0,74.0,3.72,0,1,0,3.3,0,0,0
2023-03-01,510,3,7.46,86.8,80.4,3.38,0,1,0,1.6,1,0,0
2023-04-01,510,4,7.66,84.9,69.6,3.59,0,1,0,2.8,1,0,0
2023-05-01,510,5,7.46,90.1,69.5,3.65,0,1,0,7.4,1,0,0
2023-06-01,510,6,7.56,96.6,75.1,3.55,0,1,0,4.5,1,0,0
2023-07-01,510,7,7.38,91.6,69.3,3.72,0,1,0,4.0,2,0,0
2023-08-01,510,8,7.66,86.4,80.3,3.79,0,1,0,3.0,2,0,0
2023-09-01,510,9,7.69,84.0,82.4,3.62,0,1,0,6.1,2,0,0
2023-10-01,510,10,7.64,87.6,80.5,3.25,0,1,0,5.2,2,0,0
2023-11-01,510,11,7.56,81.4,84.7,3.55,0,1,0,1.8,2,0,0
2023-12-01,510,12,7.59,88.1,73.1,3.51,0,1,0,2.7,2,0,0
2024-01-01,510,13,7.62,84.2,82.8,3.9,0,1,0,7.8,2,0,0
2024-02-01,510,14,7.76,92.6,76.7,3.69,0,1,0,4.9,2,0,0
2024-03-01,510,15,7.73,87.0,82.8,3.93,0,1,0,7.5,2,0,1
2024-04-01,510,16,7.94,78.0,84.7,3.82,0,2,0,3.2,2,0,1
2024-05-01,510,17,7.94,86.5,83.5,3.63,0,2,0,5.1,2,0,1
2024-06-01,510,18,7.92,84.4,83.4,3.81,0,2,0,6.6,2,0,1
2023-01-01,511,1,5.85,73.3,67.0,3.1,0,2,0,2.2,0,1,0
2023-02-01,511,2,5.68,81.0,70.0,3.12,0,2,0,6.8,0,1,0
2023-03-01,511,3,5.84,74.7,62.3,3.26,0,2,0,7.8,0,1,0
2023-04-01,511,4,5.79,80.0,72.4,2.9,0,2,0,4.5,0,1,0
2023-05-01,511,5,5.82,78.3,67.6,2.95,0,2,0,7.1,0,1,0
2023-06-01,511,6,5.89,75.0,71.7,3.3,0,2,0,5.7,0,1,0
2023-07-01,511,7,5.88,77.4,70.8,3.3,0,2,1,6.5,0,1,0
2023-08-01,511,8,5.91,77.0,65.9,2.73,0,2,1,5.0,0,0,0
2023-09-01,511,9,5.86,82.6,59.9,3.03,0,2,1,7.4,0,0,0
2023-10-01,511,10,6.12,81.1,67.2,2.83,0,2,1,2.5,0,0,0
2023-11-01,511,11,5.85,79.3,68.0,3.08,0,2,1,4.7,0,0,0
2023-12-01,511,12,6.06,79.5,72.8,3.28,0,2,1,1.4,0,0,0
2024-01-01,511,13,6.09,72.7,74.5,3.16,0,2,1,5.1,0,0,0
2024-02-01,511,14,6.01,82.6,69.5,2.97,0,2,1,5.3,0,0,0
2024-03-01,511,15,6.14,80.2,68.7,3.05,0,2,1,9.0,0,0,0
2024-04-01,511,16,5.99,75.3,72.1,2.92,0,2,1,5.8,1,0,0
2024-05-01,511,17,6.05,80.2,69.9,3.3,0,2,1,3.9,1,0,0
2024-06-01,511,18,6.27,83.3,82.9,3.18,0,2,1,4.6,1,0,0
2023-01-01,512,1,6.73,83.8,64.8,4.1,1,1,0,9.8,0,0,0
2023-02-01,512,2,6.99,76.4,58.8,3.86,1,1,0,11.5,0,0,0
2023-03-01,512,3,6.69,90.9,66.6,4.09,1,1,0,11.9,0,0,0
2023-04-01,512,4,6.9,80.7,60.0,3.97,2,2,0,14.2,1,0,0
2023-05-01,512,5,6.92,81.5,63.0,4.19,2,2,0,11.8,1,0,0
2023-06-01,512,6,7.08,83.9,66.1,4.21,2,2,0,11.8,2,0,0
2023-07-01,512,7,7.04,91.7,68.8,4.1,2,2,0,12.0,2,0,0
2023-08-01,512,8,6.76,79.2,66.2,4.47,2,2,0,15.3,2,0,0
2023-09-01,512,9,6.77,84.8,65.6,4.13,2,2,1,13.0,2,0,0
2023-10-01,512,10,6.91,81.7,72.8,3.96,2,2,1,8.2,3,0,0
2023-11-01,512,11,6.91,84.9,68.3,4.19,2,2,2,9.3,3,0,0
2023-12-01,512,12,7.13,85.9,69.6,4.35,2,2,2,15.1,4,0,1
2024-01-01,512,13,6.88,92.3,69.0,4.29,2,2,2,11.4,5,0,1
2024-02-01,512,14,7.1,84.5,74.2,4.53,2,2,2,11.3,6,0,1
2024-03-01,512,15,6.98,81.0,72.7,4.22,2,2,2,11.6,7,0,1
2024-04-01,512,16,7.2,78.9,75.0,4.41,2,2,3,9.7,8,0,1
2024-05-01,512,17,7.1,83.3,78.5,4.35,2,2,3,10.6,8,0,1
2024-06-01,512,18,7.07,83.4,70.3,4.5,2,2,3,13.2,8,0,1
2023-01-01,513,1,6.92,78.6,74.4,3.81,0,1,0,4.7,0,0,0
2023-02-01,513,2,7.16,69.7,77.3,3.55,0,1,0,5.4,0,0,0
2023-03-01,513,3,7.06,70.8,75.6,3.68,0,1,0,4.8,0,0,0
2023-04-01,513,4,7.23,64.7,71.4,3.7,0,1,0,4.4,0,0,0
2023-05-01,513,5,7.13,65.2,77.7,3.68,0,1,0,7.1,0,0,0
2023-06-01,513,6,7.11,83.1,70.8,3.42,0,1,0,11.3,0,0,0
2023-07-01,513,7,7.54,66.7,77.4,3.65,0,1,0,3.9,0,0,0
2023-08-01,513,8,7.43,80.8,70.3,3.62,0,1,0,6.4,0,0,0
2023-09-01,513,9,7.43,75.5,66.6,3.68,0,1,0,4.5,0,0,0
2023-10-01,513,10,7.63,68.8,83.1,3.67,0,1,0,5.5,0,0,0
2023-11-01,513,11,7.42,77.3,81.1,3.48,0,2,0,6.2,0,0,0
2023-12-01,513,12,7.62,70.9,75.4,3.85,0,2,0,6.0,0,0,0
2024-01-01,513,13,7.65,72.6,78.8,3.68,0,2,0,7.1,0,0,0
2024-02-01,513,14,7.53,69.5,80.7,3.57,0,2,0,5.9,0,0,0
2024-03-01,513,15,7.71,75.2,87.7,3.81,0,2,0,4.7,0,0,0
2024-04-01,513,16,7.55,80.8,87.3,3.64,0,2,0,6.1,0,0,0
2024-05-01,513,17,7.67,69.7,82.2,4.02,0,2,0,6.0,0,0,0
2024-06-01,513,18,7.73,66.9,81.9,3.6,0,2,0,4.9,1,0,0
2023-01-01,514,1,6.66,73.8,62.5,2.24,1,3,0,3.8,0,1,0
2023-02-01,514,2,7.03,70.7,64.5,2.15,1,3,0,3.0,0,1,0
2023-03-01,514,3,6.68,70.0,72.6,2.4,1,3,0,6.0,0,1,0
2023-04-01,514,4,7.13,75.2,69.6,2.59,1,3,0,4.6,0,1,0
2023-05-01,514,5,6.84,65.8,65.7,2.48,1,3,0,4.4,0,1,0
2023-06-01,514,6,7.03,68.1,71.1,2.6,1,3,0,5.0,0,1,0
2023-07-01,514,7,7.05,73.8,61.6,2.28,1,3,0,3.1,0,0,0
2023-08-01,514,8,7.08,72.0,71.3,2.62,1,3,0,3.2,0,0,0
2023-09-01,514,9,6.96,79.6,62.8,2.45,1,3,0,0.0,0,0,0
2023-10-01,514,10,7.2,63.3,66.6,2.45,1,4,0,4.6,0,0,0
2023-11-01,514,11,7.2,73.0,59.5,2.69,1,4,0,2.1,1,0,1
2023-12-01,514,12,7.06,73.6,73.8,2.46,1,4,0,1.0,1,0,1
2024-01-01,514,13,7.17,70.7,71.4,2.37,1,4,0,0.3,1,0,1
2024-02-01,514,14,7.33,75.1,72.3,2.63,1,4,0,3.3,1,0,1
2024-03-01,514,15,7.38,77.5,73.4,2.51,1,4,0,3.5,1,0,1
2024-04-01,514,16,7.4,76.4,64.5,2.63,1,4,0,4.4,1,0,1
2024-05-01,514,17,7.23,75.1,67.6,2.44,1,5,0,7.5,1,0,1
2024-06-01,514,18,7.33,71.6,70.2,2.69,1,5,0,6.3,1,0,1
2023-01-01,515,1,7.74,87.8,74.5,3.16,0,0,0,10.5,0,0,0
2023-02-01,515,2,7.87,83.5,77.5,3.46,0,0,0,3.0,0,0,0
2023-03-01,515,3,7.76,84.9,77.2,3.3,0,0,0,3.7,0,0,0
2023-04-01,515,4,7.52,94.4,81.3,3.1,0,0,0,6.1,0,0,0
2023-05-01,515,5,7.69,82.7,76.1,3.38,0,0,0,7.8,0,0,0
2023-06-01,515,6,7.95,81.4,82.5,3.17,0,0,0,5.3,0,0,0
2023-07-01,515,7,7.54,81.8,79.5,3.44,0,0,0,6.6,0,0,0
2023-08-01,515,8,7.84,86.9,80.6,3.36,0,0,0,2.4,0,0,0
2023-09-01,515,9,7.87,83.9,79.7,3.06,0,0,0,6.1,0,0,0
2023-10-01,515,10,7.68,89.6,81.4,3.07,0,0,0,10.5,0,0,0
2023-11-01,515,11,7.83,92.4,83.9,3.38,0,0,0,8.7,0,0,0
2023-12-01,515,12,7.89,87.4,79.6,3.21,0,0,0,7.8,0,0,1
2024-01-01,515,13,7.94,81.0,82.2,3.2,0,0,0,4.9,0,0,1
2024-02-01,515,14,8.03,98.1,82.4,3.33,0,0,0,5.0,0,0,1
2024-03-01,515,15,8.03,89.0,88.9,3.6,0,0,0,8.8,0,0,1
2024-04-01,515,16,7.89,89.8,83.2,3.37,0,0,0,1.9,0,0,1
2024-05-01,515,17,8.11,92.0,84.2,3.47,0,0,0,3.7,0,0,1
2024-06-01,515,18,8.15,86.2,82.3,3.51,1,0,0,7.7,0,0,1
2023-01-01,516,1,7.12,92.2,71.5,4.21,0,0,0,5.5,0,0,0
2023-02-01,516,2,7.38,93.6,76.6,4.32,0,0,0,4.8,0,0,0
2023-03-01,516,3,7.4,85.2,77.6,4.39,0,0,0,7.0,0,0,0
2023-04-01,516,4,7.34,92.5,79.3,4.42,0,0,1,1.9,0,0,0
2023-05-01,516,5,7.36,91.8,70.4,4.74,0,0,1,9.9,0,0,1
2023-06-01,516,6,7.35,90.9,75.1,4.21,0,0,1,8.2,0,0,1
2023-07-01,516,7,7.23,89.2,78.9,4.26,0,0,1,6.1,0,0,1
2023-08-01,516,8,7.25,91.3,72.8,4.55,0,0,1,5.0,0,0,1
2023-09-01,516,9,7.51,89.6,78.8,4.51,0,0,1,9.0,0,0,1
2023-10-01,516,10,7.33,89.7,76.3,4.53,0,0,1,5.9,0,0,1
2023-11-01,516,11,7.27,86.9,84.0,4.47,0,0,2,6.7,1,0,1
2023-12-01,516,12,7.44,91.7,79.3,4.44,0,0,2,6.7,2,0,1
2024-01-01,516,13,7.31,89.8,76.8,4.24,0,0,2,11.2,2,0,1
2024-02-01,516,14,7.33,100.0,83.2,4.52,0,0,2,5.2,2,0,1
2024-03-01,516,15,7.42,87.4,83.4,4.58,0,0,2,5.2,3,0,1
2024-04-01,516,16,7.4,90.5,76.1,4.53,0,0,2,6.5,3,0,1
2024-05-01,516,17,7.67,95.7,85.0,4.53,0,0,2,9.4,3,0,1
2024-06-01,516,18,7.48,80.5,79.9,4.4,0,0,2,2.6,3,0,1
2023-01-01,517,1,7.44,76.4,80.9,3.1,0,0,0,7.6,0,0,0
2023-02-01,517,2,7.63,75.5,85.3,3.23,0,0,0,6.0,0,0,0
2023-03-01,517,3,7.63,71.4,78.6,3.19,0,0,0,12.7,0,0,0
2023-04-01,517,4,7.7,73.6,84.5,2.99,0,0,0,6.1,0,0,0
2023-05-01,517,5,7.5,76.6,88.8,3.35,0,0,0,7.9,0,0,0
2023-06-01,517,6,7.8,72.5,79.2,3.06,0,0,0,6.4,0,0,0
2023-07-01,517,7,7.67,72.2,84.8,3.18,0,0,0,9.4,0,0,0
2023-08-01,517,8,7.96,59.8,88.7,3.29,0,0,0,8.4,0,0,0
2023-09-01,517,9,7.68,63.5,86.1,3.21,0,0,0,8.1,0,0,0
2023-10-01,517,10,7.97,70.8,84.1,3.3,0,0,0,11.6,0,0,0
2023-11-01,517,11,7.64,69.3,84.8,3.3,0,0,0,7.5,0,0,0
2023-12-01,517,12,7.83,65.0,84.8,3.3,0,0,0,8.1,1,0,0
2024-01-01,517,13,7.92,71.2,88.3,3.24,0,0,0,5.0,2,0,0
2024-02-01,517,14,8.0,77.2,88.4,3.0,0,0,1,11.2,2,0,0
2024-03-01,517,15,8.06,74.2,90.3,3.16,0,0,1,6.2,2,0,0
2024-04-01,517,16,8.08,77.0,91.2,3.19,0,0,1,11.1,2,0,0
2024-05-01,517,17,8.24,72.1,94.3,3.19,0,0,1,12.1,3,0,0
2024-06-01,517,18,7.9,59.5,82.9,3.29,0,0,1,5.5,3,0,0
2023-01-01,518,1,6.61,94.1,63.9,3.1,0,1,0,13.6,1,0,0
2023-02-01,518,2,6.55,81.9,65.2,3.68,0,1,0,10.3,1,0,0
2023-03-01,518,3,6.37,82.5,63.2,3.71,0,1,0,12.0,1,0,0
2023-04-01,518,4,6.33,82.1,67.5,3.21,0,1,0,11.6,1,0,0
2023-05-01,518,5,6.55,88.3,71.7,3.72,0,1,0,8.5,1,0,0
2023-06-01,518,6,6.56,87.7,69.4,3.55,1,1,0,9.1,1,0,0
2023-07-01,518,7,6.51,90.6,73.0,3.7,1,1,0,15.8,1,0,1
2023-08-01,518,8,6.56,90.8,69.1,3.64,1,1,0,9.8,2,0,1
2023-09-01,518,9,6.67,87.5,67.3,3.85,1,1,0,8.0,2,0,1
2023-10-01,518,10,6.73,86.1,61.7,3.72,1,1,1,8.7,2,0,1
2023-11-01,518,11,6.57,87.9,72.9,3.45,1,2,1,12.9,2,0,1
2023-12-01,518,12,6.99,96.1,67.2,3.75,1,2,1,8.0,2,0,1
2024-01-01,518,13,6.69,97.7,71.6,3.53,1,2,2,15.2,2,0,1
2024-02-01,518,14,6.77,89.0,75.2,3.75,1,2,2,7.7,2,0,1
2024-03-01,518,15,6.69,92.1,73.9,3.41,1,2,2,9.7,2,0,1
2024-04-01,518,16,6.83,91.0,81.4,3.58,1,2,2,8.6,3,0,1
2024-05-01,518,17,6.87,90.8,75.8,4.02,1,2,2,8.0,4,0,1
2024-06-01,518,18,6.83,99.9,71.3,3.63,1,2,2,12.9,4,0,1
2023-01-01,519,1,7.79,73.3,75.2,3.56,0,1,1,18.2,0,2,0
2023-02-01,519,2,7.86,74.7,69.1,3.74,0,1,1,9.3,1,2,0
2023-03-01,519,3,7.53,88.3,67.8,3.5,0,1,2,10.7,2,2,0
2023-04-01,519,4,7.9,75.3,76.9,3.64,0,1,2,13.8,2,1,0
2023-05-01,519,5,7.77,82.0,73.6,3.59,0,1,2,8.1,2,1,0
2023-06-01,519,6,7.9,74.2,71.8,3.38,0,1,3,15.5,2,1,0
2023-07-01,519,7,7.96,73.5,77.3,3.46,0,1,3,12.2,2,1,0
2023-08-01,519,8,8.01,73.8,77.7,3.77,0,1,3,12.6,3,1,0
2023-09-01,519,9,7.82,72.9,74.2,3.63,0,1,3,10.6,3,0,0
2023-10-01,519,10,8.09,73.2,82.7,3.3,0,1,3,10.1,3,0,1
2023-11-01,519,11,8.02,80.9,84.4,3.68,0,1,3,11.1,4,0,1
2023-12-01,519,12,8.03,76.3,73.3,3.75,1,1,3,11.5,4,0,1
2024-01-01,519,13,8.01,81.3,85.6,3.68,2,2,3,13.0,5,0,1
2024-02-01,519,14,8.1,79.1,82.1,3.81,2,2,3,16.8,6,0,1
2024-03-01,519,15,8.12,69.5,80.0,3.57,2,2,3,13.5,6,0,1
2024-04-01,519,16,7.99,75.6,82.8,3.59,2,2,4,9.9,6,0,1
2024-05-01,519,17,7.92,74.7,84.2,3.65,2,2,5,11.9,6,0,1
2024-06-01,519,18,8.13,75.4,90.2,3.81,2,2,5,9.1,6,0,1
2023-01-01,520,1,8.4,83.7,53.4,2.55,0,2,0,5.0,0,0,0
2023-02-01,520,2,8.4,78.0,55.1,2.64,1,2,0,1.1,0,0,0
2023-03-01,520,3,8.39,79.9,55.4,2.49,1,2,0,9.4,0,0,1
2023-04-01,520,4,8.45,82.1,57.9,2.57,2,2,1,4.6,0,0,1
2023-05-01,520,5,8.29,83.4,59.3,2.21,2,3,1,7.8,0,0,1
2023-06-01,520,6,8.39,83.3,56.1,2.56,2,3,1,7.0,0,0,1
2023-07-01,520,7,8.38,81.1,56.1,2.24,2,3,1,12.0,0,0,1
2023-08-01,520,8,8.25,88.3,63.4,2.6,2,3,1,10.9,0,0,1
2023-09-01,520,9,8.71,78.5,57.4,2.56,2,3,1,10.1,0,0,1
2023-10-01,520,10,8.43,82.5,62.6,2.51,2,3,1,5.5,0,0,1
2023-11-01,520,11,8.6,83.1,62.9,2.77,2,3,1,10.6,1,0,1
2023-12-01,520,12,8.64,86.5,62.0,2.31,2,4,2,12.3,2,0,1
2024-01-01,520,13,8.56,94.2,65.0,2.46,2,4,2,11.9,2,0,1
2024-02-01,520,14,8.55,77.9,55.4,2.46,3,4,2,7.5,3,0,1
2024-03-01,520,15,8.48,79.5,62.2,2.58,3,4,2,6.0,3,0,1
2024-04-01,520,16,8.6,77.0,61.5,2.9,3,4,2,9.7,3,0,1
2024-05-01,520,17,8.52,78.6,66.2,2.79,3,4,3,5.2,4,0,1
2024-06-01,520,18,8.64,85.3,59.0,2.67,3,4,3,9.9,4,0,1
2023-01-01,521,1,6.19,88.3,44.3,3.48,0,0,1,9.8,0,0,0
2023-02-01,521,2,6.19,96.8,44.2,3.58,0,1,1,7.9,0,0,0
2023-03-01,521,3,6.27,98.6,50.6,3.53,0,1,1,11.1,0,0,0
2023-04-01,521,4,6.18,97.5,44.4,3.5,1,1,1,9.1,0,0,0
2023-05-01,521,5,6.67,93.3,48.2,3.4,1,1,1,10.5,0,0,0
2023-06-01,521,6,6.4,87.9,54.2,3.56,1,1,1,11.1,0,0,0
2023-07-01,521,7,6.66,95.2,62.1,3.55,1,1,2,10.4,0,0,0
2023-08-01,521,8,6.4,88.1,55.2,3.47,1,1,2,11.1,1,0,0
2023-09-01,521,9,6.41,96.1,52.9,3.88,2,1,2,4.2,1,0,0
2023-10-01,521,10,6.4,100.0,54.6,3.49,2,1,3,11.1,1,0,0
2023-11-01,521,11,6.5,91.8,58.8,3.58,2,1,3,15.4,1,0,0
2023-12-01,521,12,6.77,92.7,54.7,3.8,2,1,4,12.7,1,0,0
2024-01-01,521,13,6.79,98.7,59.2,3.58,2,1,4,7.5,1,0,0
2024-02-01,521,14,6.73,97.3,54.0,3.51,2,1,5,10.7,1,0,0
2024-03-01,521,15,6.7,86.4,66.7,3.5,3,1,5,11.9,1,0,1
2024-04-01,521,16,6.57,100.0,59.8,3.7,4,1,5,8.7,1,0,1
2024-05-01,521,17,6.86,98.1,63.0,3.82,5,2,5,10.7,1,0,1
2024-06-01,521,18,7.01,94.2,64.8,3.94,5,2,6,14.8,1,0,1
2023-01-01,522,1,6.17,94.3,76.2,2.22,0,1,0,4.6,0,0,0
2023-02-01,522,2,6.38,92.2,77.7,2.15,0,1,0,4.7,0,0,0
2023-03-01,522,3,6.37,87.4,79.9,2.09,1,1,0,3.0,0,0,0
2023-04-01,522,4,6.45,90.4,88.8,2.48,1,1,0,7.0,0,0,0
2023-05-01,522,5,6.54,87.4,91.5,2.04,1,1,0,3.3,1,0,0
2023-06-01,522,6,6.58,94.4,87.6,2.66,1,1,0,8.7,1,0,0
2023-07-01,522,7,6.48,87.2,85.7,2.24,1,1,0,13.7,1,0,0
2023-08-01,522,8,6.6,89.1,90.8,2.5,1,1,0,7.5,1,0,1
2023-09-01,522,9,6.65,82.3,92.0,2.14,1,1,0,8.9,1,0,1
2023-10-01,522,10,6.65,90.6,87.4,2.1,1,1,0,9.3,1,0,1
2023-11-01,522,11,6.68,86.3,87.2,2.35,1,1,0,8.5,1,0,1
2023-12-01,522,12,6.68,92.8,97.9,2.48,1,2,1,6.8,1,0,1
2024-01-01,522,13,6.88,85.8,83.8,2.33,1,2,1,4.2,1,0,1
2024-02-01,522,14,6.82,87.3,88.5,2.11,1,2,1,3.7,1,0,1
2024-03-01,522,15,6.92,91.6,87.3,2.45,1,2,1,5.5,1,0,1
2024-04-01,522,16,7.1,90.7,91.0,2.45,1,2,1,8.8,1,0,1
2024-05-01,522,17,7.17,86.1,88.1,2.65,1,2,1,11.9,1,0,1
2024-06-01,522,18,7.15,85.2,93.7,2.3,1,2,1,3.6,1,0,1
2023-01-01,523,1,8.09,86.2,57.3,3.03,0,2,0,12.9,0,0,0
2023-02-01,523,2,8.01,95.6,61.0,2.77,0,2,0,14.3,0,0,0
2023-03-01,523,3,7.98,88.1,63.5,2.63,0,2,0,11.7,0,0,0
2023-04-01,523,4,8.3,86.0,67.4,2.93,0,2,0,11.1,0,0,0
2023-05-01,523,5,8.27,90.2,67.7,2.61,0,2,0,3.8,0,0,0
2023-06-01,523,6,8.31,81.8,65.7,2.72,0,3,0,8.5,1,0,0
2023-07-01,523,7,8.34,87.1,68.0,3.13,0,3,0,10.8,1,0,0
2023-08-01,523,8,8.2,87.5,68.7,2.78,0,3,0,9.8,1,0,0
2023-09-01,523,9,8.4,97.4,63.2,2.87,0,3,0,13.1,1,0,0
2023-10-01,523,10,8.27,94.8,70.4,2.59,0,3,0,12.3,2,0,0
2023-11-01,523,11,8.12,87.6,70.0,2.84,0,3,0,5.9,2,0,0
2023-12-01,523,12,8.41,84.6,74.4,3.05,0,4,0,11.7,2,0,0
2024-01-01,523,13,8.61,95.2,60.4,2.96,0,4,0,11.1,2,0,0
2024-02-01,523,14,8.39,85.9,68.8,2.79,0,4,0,12.4,3,0,0
2024-03-01,523,15,8.69,78.9,70.5,3.17,0,4,0,6.7,3,0,0
2024-04-01,523,16,8.4,88.0,66.6,3.02,0,5,0,5.9,3,0,0
2024-05-01,523,17,8.67,87.8,77.0,3.04,0,5,0,10.9,4,0,0
2024-06-01,523,18,8.49,87.3,75.9,2.95,0,6,0,9.2,4,0,0
2023-01-01,524,1,6.89,100.0,65.4,3.93,1,1,0,5.1,0,0,0
2023-02-01,524,2,6.91,96.5,69.0,3.96,1,1,1,6.5,0,0,0
2023-03-01,524,3,6.93,100.0,66.0,3.96,1,1,1,6.6,1,0,0
2023-04-01,524,4,7.09,100.0,66.2,4.29,1,1,1,7.0,1,0,0
2023-05-01,524,5,7.1,93.5,70.9,3.94,1,1,1,3.7,2,0,0
2023-06-01,524,6,7.11,100.0,69.6,4.17,1,1,1,3.0,3,0,0
2023-07-01,524,7,7.06,100.0,70.7,4.17,1,2,2,10.2,3,0,1
2023-08-01,524,8,7.04,97.0,73.0,4.39,1,2,2,6.1,3,0,1
2023-09-01,524,9,7.19,96.2,71.6,4.01,1,2,2,4.3,3,0,1
2023-10-01,524,10,7.34,98.6,68.1,4.08,1,2,2,4.2,3,0,1
2023-11-01,524,11,7.25,99.0,77.8,4.44,1,2,2,4.2,3,0,1
2023-12-01,524,12,7.31,99.6,72.9,4.21,1,2,2,7.7,3,0,1
2024-01-01,524,13,7.28,100.0,74.6,3.75,1,2,2,7.2,3,0,1
2024-02-01,524,14,7.55,99.1,73.5,4.08,1,2,2,6.4,3,0,1
2024-03-01,524,15,7.41,97.1,76.4,3.94,1,2,2,5.3,3,0,1
2024-04-01,524,16,7.41,98.7,87.3,3.87,1,2,2,5.0,3,0,1
2024-05-01,524,17,7.43,91.6,79.7,3.96,1,2,2,8.1,3,0,1
2024-06-01,524,18,7.43,95.5,72.1,4.1,2,2,2,5.3,3,0,1
2023-01-01,525,1,8.19,79.9,62.2,3.56,0,1,0,6.4,0,0,0
2023-02-01,525,2,8.19,68.9,66.0,3.61,0,1,0,4.5,0,0,0
2023-03-01,525,3,8.05,67.2,55.4,3.35,0,1,0,7.1,0,0,0
2023-04-01,525,4,8.34,63.8,68.9,3.62,0,1,0,2.2,0,0,0
2023-05-01,525,5,8.16,79.6,63.1,3.58,0,1,0,4.8,0,0,0
2023-06-01,525,6,8.32,82.5,59.2,3.43,0,1,0,1.5,0,0,0
2023-07-01,525,7,8.42,69.8,61.2,3.54,0,1,0,3.4,0,0,0
2023-08-01,525,8,8.52,66.7,57.1,3.57,0,1,0,9.4,0,0,0
2023-09-01,525,9,8.43,72.3,57.9,3.56,0,1,0,7.9,0,0,0
2023-10-01,525,10,8.68,68.6,58.1,3.66,0,1,0,7.2,0,0,0
2023-11-01,525,11,8.46,73.6,63.2,3.66,0,1,0,3.8,1,0,0
2023-12-01,525,12,8.53,74.4,66.3,3.61,0,1,0,2.2,1,0,0
2024-01-01,525,13,8.62,72.4,62.1,3.62,0,2,0,5.1,1,0,0
2024-02-01,525,14,8.76,75.8,65.8,3.78,0,2,0,2.4,1,0,0
2024-03-01,525,15,8.79,74.6,63.6,3.53,0,2,0,3.3,1,0,0
2024-04-01,525,16,8.61,69.6,61.3,3.69,0,2,0,1.7,1,0,0
2024-05-01,525,17,8.86,77.8,75.1,3.62,0,2,0,4.1,1,0,0
2024-06-01,525,18,8.9,77.9,64.6,3.6,0,2,0,0.7,1,0,0
2023-01-01,526,1,6.45,70.8,49.4,3.04,1,2,0,11.9,0,2,0
2023-02-01,526,2,6.93,71.6,49.4,3.13,1,2,0,12.1,0,2,0
2023-03-01,526,3,6.7,64.2,49.8,3.07,2,2,0,15.9,0,2,0
2023-04-01,526,4,6.62,71.7,52.6,2.84,2,2,0,9.4,0,2,0
2023-05-01,526,5,6.72,67.1,45.6,2.89,3,2,0,13.3,0,1,0
2023-06-01,526,6,6.75,75.8,53.4,2.83,3,2,0,9.1,0,1,1
2023-07-01,526,7,7.16,75.2,50.9,3.15,4,2,1,9.8,0,0,1
2023-08-01,526,8,7.09,75.1,58.9,3.16,4,2,1,17.1,1,0,1
2023-09-01,526,9,6.99,70.2,63.0,2.95,5,3,2,8.8,1,0,1
2023-10-01,526,10,6.88,66.2,57.4,3.01,5,3,2,11.5,1,0,1
2023-11-01,526,11,7.23,70.7,55.9,2.77,5,3,3,13.8,1,0,1
2023-12-01,526,12,7.07,77.4,57.5,3.07,6,3,3,8.0,1,0,1
2024-01-01,526,13,7.31,77.9,61.6,2.95,6,4,3,8.5,1,0,1
2024-02-01,526,14,7.28,70.0,60.4,2.84,6,4,4,11.7,2,0,1
2024-03-01,526,15,7.16,72.7,69.3,3.16,7,5,4,14.5,2,0,1
2024-04-01,526,16,7.56,68.7,63.7,2.84,7,6,4,9.0,2,0,1
2024-05-01,526,17,7.52,74.6,61.9,3.36,7,6,4,7.8,2,0,1
2024-06-01,526,18,7.52,64.2,64.3,3.2,7,6,4,9.8,2,0,1
2023-01-01,527,1,8.27,80.9,55.7,3.47,0,2,0,11.4,0,0,0
2023-02-01,527,2,8.14,84.4,57.7,3.54,0,2,1,12.7,0,0,0
2023-03-01,527,3,8.14,73.1,62.9,3.7,0,2,1,13.9,0,0,0
2023-04-01,527,4,8.14,66.2,61.2,3.45,0,2,1,9.2,0,0,0
2023-05-01,527,5,8.33,77.1,61.8,3.68,0,2,1,7.9,0,0,0
2023-06-01,527,6,8.25,76.1,53.9,3.91,0,3,1,8.6,0,0,0
2023-07-01,527,7,8.38,74.3,64.6,3.82,0,3,2,9.7,0,0,0
2023-08-01,527,8,8.57,78.5,64.8,3.53,0,3,2,6.4,0,0,0
2023-09-01,527,9,8.22,68.7,65.7,3.98,0,3,2,14.0,0,0,0
2023-10-01,527,10,8.57,75.0,66.4,3.6,0,3,2,10.8,1,0,0
2023-11-01,527,11,8.27,76.5,62.0,3.64,0,3,2,13.7,1,0,0
2023-12-01,527,12,8.51,75.9,74.0,3.66,0,3,2,12.0,1,0,0
2024-01-01,527,13,8.45,77.5,75.0,3.64,0,3,2,8.8,1,0,0
2024-02-01,527,14,8.7,74.6,70.3,3.62,0,3,2,10.3,2,0,1
2024-03-01,527,15,8.8,72.3,71.7,3.74,0,3,2,11.2,2,0,1
2024-04-01,527,16,8.83,77.4,79.9,3.75,0,3,2,9.6,2,0,1
2024-05-01,527,17,8.54,74.9,68.5,4.02,0,3,2,13.9,2,0,1
2024-06-01,527,18,8.74,72.2,67.8,3.87,0,3,2,9.4,3,0,1
2023-01-01,528,1,6.93,77.8,75.1,3.04,0,2,1,9.2,0,1,0
2023-02-01,528,2,7.28,80.5,81.7,3.26,0,2,1,5.2,0,1,1
2023-03-01,528,3,7.15,76.6,81.6,3.09,0,2,1,5.0,0,1,1
2023-04-01,528,4,7.24,78.0,73.8,3.2,0,2,1,7.0,0,1,1
2023-05-01,528,5,7.35,82.9,79.3,3.35,1,2,1,8.7,0,1,1
2023-06-01,528,6,7.28,82.6,79.1,2.92,1,2,1,4.4,1,1,1
2023-07-01,528,7,7.47,75.7,81.6,3.23,1,2,1,5.0,2,1,1
2023-08-01,528,8,7.53,74.2,80.0,3.26,2,2,1,4.9,2,1,1
2023-09-01,528,9,7.64,86.9,82.0,3.09,2,2,1,5.8,2,1,1
2023-10-01,528,10,7.45,81.5,87.7,3.14,3,2,1,6.1,2,1,1
2023-11-01,528,11,7.55,76.8,78.6,3.43,3,3,1,7.5,2,1,1
2023-12-01,528,12,7.36,78.5,87.3,3.29,3,3,1,7.5,2,1,1
2024-01-01,528,13,7.73,83.4,80.7,3.32,3,3,1,3.0,2,1,1
2024-02-01,528,14,7.75,77.2,90.1,3.4,3,3,2,7.0,2,1,1
2024-03-01,528,15,7.57,85.4,81.0,3.07,3,3,2,6.9,2,1,1
2024-04-01,528,16,7.9,80.7,85.1,3.27,4,3,2,5.0,2,1,1
2024-05-01,528,17,7.86,81.6,98.2,3.5,4,3,2,8.6,2,1,1
2024-06-01,528,18,7.7,73.9,86.1,3.37,4,3,2,5.8,2,1,1
2023-01-01,529,1,7.43,63.0,67.5,3.18,0,0,0,3.7,0,0,0
2023-02-01,529,2,7.53,53.5,69.9,3.2,0,1,1,8.3,0,0,0
2023-03-01,529,3,7.32,56.4,73.2,2.97,0,1,1,10.3,0,0,0
2023-04-01,529,4,7.26,52.5,71.1,3.4,0,1,1,7.4,0,0,0
2023-05-01,529,5,7.53,58.9,62.3,3.42,0,1,2,5.1,0,0,0
2023-06-01,529,6,7.44,53.1,75.1,3.24,0,1,2,6.5,0,0,0
2023-07-01,529,7,7.31,59.0,68.4,3.06,0,2,2,8.2,1,0,0
2023-08-01,529,8,7.51,59.5,75.9,3.46,0,2,2,8.1,1,0,0
2023-09-01,529,9,7.34,59.1,68.4,2.94,0,2,2,11.4,1,0,0
2023-10-01,529,10,7.56,62.3,74.1,3.53,0,2,2,10.1,1,0,0
2023-11-01,529,11,7.68,52.2,74.7,3.51,0,2,2,9.3,2,0,0
2023-12-01,529,12,7.48,58.1,77.0,3.08,0,2,2,14.6,2,0,0
2024-01-01,529,13,7.78,60.8,73.4,3.29,0,2,2,6.2,2,0,0
2024-02-01,529,14,7.79,58.9,72.5,3.57,0,2,2,10.7,2,0,0
2024-03-01,529,15,8.0,58.8,72.3,3.42,0,2,2,10.7,2,0,0
2024-04-01,529,16,7.91,63.0,69.5,3.33,0,2,2,7.3,3,0,0
2024-05-01,529,17,7.98,57.6,73.3,3.42,0,2,2,7.0,4,0,0
2024-06-01,529,18,8.1,62.1,82.7,3.44,1,2,2,9.3,4,0,0
2023-01-01,530,1,8.2,73.1,37.1,3.77,0,0,0,10.3,0,0,0
2023-02-01,530,2,8.36,78.2,35.7,3.6,0,0,0,6.6,0,0,0
2023-03-01,530,3,8.64,77.6,26.8,3.84,1,0,0,9.4,0,0,0
2023-04-01,530,4,8.15,77.7,32.1,3.68,1,0,0,7.3,0,0,0
2023-05-01,530,5,8.75,75.6,38.2,3.75,1,0,1,6.4,0,0,0
2023-06-01,530,6,8.74,76.3,37.8,3.88,1,0,1,8.4,0,0,0
2023-07-01,530,7,8.37,81.5,33.6,3.8,1,0,1,11.9,0,0,0
2023-08-01,530,8,8.66,78.7,38.3,3.79,1,0,1,8.4,0,0,0
2023-09-01,530,9,8.52,83.9,38.5,3.61,1,0,1,8.1,1,0,0
2023-10-01,530,10,8.64,76.5,39.5,3.68,1,0,1,6.4,1,0,0
2023-11-01,530,11,8.73,80.7,45.5,3.85,1,0,1,5.0,1,0,0
2023-12-01,530,12,8.66,75.1,43.1,3.78,1,0,1,0.0,1,0,0
2024-01-01,530,13,8.8,81.2,37.2,3.92,1,0,1,2.2,1,0,0
2024-02-01,530,14,8.89,74.8,42.4,3.76,1,0,2,10.6,1,0,0
2024-03-01,530,15,8.77,85.3,34.8,3.62,1,0,2,5.7,1,0,0
2024-04-01,530,16,8.93,75.0,35.2,3.81,1,0,2,7.8,2,0,1
2024-05-01,530,17,9.04,78.3,37.6,3.94,1,0,2,7.4,3,0,1
2024-06-01,530,18,9.06,88.4,47.4,4.09,1,0,2,6.8,3,0,1
2023-01-01,531,1,6.61,73.1,54.6,2.72,0,2,0,4.4,0,0,0
2023-02-01,531,2,6.64,78.9,57.5,2.88,1,2,0,8.2,0,0,0
2023-03-01,531,3,6.6,73.7,53.0,2.64,1,2,0,10.2,0,0,0
2023-04-01,531,4,6.92,78.0,60.0,2.89,1,2,0,3.9,0,0,0
2023-05-01,531,5,6.8,79.2,59.1,2.55,1,2,0,3.3,0,0,0
2023-06-01,531,6,6.68,81.4,59.6,2.66,1,2,0,6.5,0,0,0
2023-07-01,531,7,7.03,75.8,60.4,2.82,1,2,0,4.5,0,0,0
2023-08-01,531,8,7.16,68.3,65.5,2.74,1,2,0,6.2,0,0,0
2023-09-01,531,9,6.72,76.0,58.8,2.88,1,2,0,6.5,0,0,0
2023-10-01,531,10,7.07,81.4,56.4,3.02,1,2,0,8.4,0,0,0
2023-11-01,531,11,7.12,77.6,57.1,2.76,1,2,0,9.3,0,0,0
2023-12-01,531,12,6.9,78.7,56.1,2.81,2,2,0,1.1,0,0,0
2024-01-01,531,13,6.89,82.9,58.7,3.01,2,2,0,3.5,0,0,0
2024-02-01,531,14,7.06,79.7,67.6,3.27,2,2,0,6.5,0,0,0
2024-03-01,531,15,7.16,78.0,55.5,2.72,2,2,0,3.4,0,0,0
2024-04-01,531,16,7.14,70.7,65.0,2.85,2,2,0,10.0,0,0,0
2024-05-01,531,17,7.16,79.9,63.0,2.88,2,2,0,2.6,0,0,0
2024-06-01,531,18,7.26,74.3,70.3,2.87,2,2,0,4.3,0,0,0
2023-01-01,532,1,6.35,91.0,84.3,3.22,0,1,0,6.4,0,1,0
2023-02-01,532,2,6.61,89.2,89.0,3.26,0,1,0,0.1,0,1,0
2023-03-01,532,3,6.27,87.5,76.2,3.36,1,1,0,8.4,0,1,0
2023-04-01,532,4,6.2,94.7,83.8,3.23,1,1,0,5.5,0,1,0
2023-05-01,532,5,6.25,80.6,88.1,3.36,1,1,0,8.1,0,1,0
2023-06-01,532,6,6.25,89.0,82.8,3.3,1,1,0,8.2,0,1,0
2023-07-01,532,7,6.34,94.3,85.5,3.3,1,1,0,5.4,0,1,0
2023-08-01,532,8,6.4,95.2,96.7,3.33,1,1,0,7.2,0,1,0
2023-09-01,532,9,6.38,88.2,89.0,3.14,1,1,0,9.2,0,1,0
2023-10-01,532,10,6.36,88.7,92.5,3.35,1,1,0,5.3,0,1,0
2023-11-01,532,11,6.3,89.2,85.7,3.26,1,1,0,7.6,0,1,0
2023-12-01,532,12,6.39,92.0,93.2,3.7,1,1,0,3.7,0,0,0
2024-01-01,532,13,6.49,87.5,88.8,3.29,1,2,0,7.8,0,0,0
2024-02-01,532,14,6.28,92.0,90.3,3.33,2,2,0,6.3,0,0,0
2024-03-01,532,15,6.46,85.8,89.3,2.9,2,2,0,6.5,0,0,1
2024-04-01,532,16,6.41,90.5,93.3,3.18,2,2,0,7.0,0,0,1
2024-05-01,532,17,6.45,84.4,93.3,3.55,2,2,0,2.7,0,0,1
2024-06-01,532,18,6.49,88.3,89.2,3.22,2,2,0,3.2,0,0,1
2023-01-01,533,1,6.59,85.6,54.5,3.17,0,0,0,3.1,0,0,0
2023-02-01,533,2,6.64,82.2,45.5,3.19,0,0,0,5.9,0,0,0
2023-03-01,533,3,6.62,81.1,56.4,2.96,0,0,0,4.9,0,0,0
2023-04-01,533,4,6.68,78.9,63.4,3.04,0,0,0,6.7,0,0,0
2023-05-01,533,5,6.67,85.9,55.5,2.97,0,0,0,2.8,0,0,0
2023-06-01,533,6,6.61,86.0,54.8,3.04,0,0,0,5.7,0,0,0
2023-07-01,533,7,6.75,85.0,60.9,3.36,0,0,0,6.8,0,0,0
2023-08-01,533,8,6.69,84.5,58.8,3.13,0,0,0,4.7,0,0,0
2023-09-01,533,9,6.84,82.8,52.7,3.23,0,0,0,9.5,0,0,0
2023-10-01,533,10,6.71,85.2,51.6,2.94,0,0,0,4.3,0,0,0
2023-11-01,533,11,6.66,89.9,60.2,3.31,0,1,0,0.8,0,0,0
2023-12-01,533,12,6.74,85.4,59.7,2.94,0,2,0,4.3,0,0,0
2024-01-01,533,13,6.93,82.4,58.8,3.22,0,2,0,5.2,0,0,0
2024-02-01,533,14,6.74,85.1,57.7,3.31,0,2,0,5.2,0,0,0
2024-03-01,533,15,6.96,82.9,64.2,3.16,0,2,0,3.7,0,0,0
2024-04-01,533,16,6.65,83.7,57.9,2.93,0,2,0,7.2,0,0,0
2024-05-01,533,17,7.02,85.4,57.4,3.25,0,3,0,2.3,0,0,0
2024-06-01,533,18,6.79,86.4,58.4,3.08,0,3,0,7.7,0,0,0
2023-01-01,534,1,7.12,79.8,31.8,1.87,1,0,0,10.7,0,0,0
2023-02-01,534,2,7.34,78.7,34.6,2.37,1,1,0,9.2,0,0,0
2023-03-01,534,3,7.52,79.4,41.0,2.26,1,1,0,4.3,0,0,0
2023-04-01,534,4,7.38,70.8,34.1,2.3,1,1,0,7.4,0,0,0
2023-05-01,534,5,7.38,72.2,36.6,2.14,1,1,0,9.8,0,0,0
2023-06-01,534,6,7.47,74.5,32.9,2.2,1,1,0,3.6,0,0,1
2023-07-01,534,7,7.7,69.0,40.4,2.48,1,1,0,10.1,0,0,1
2023-08-01,534,8,7.44,81.9,37.8,2.23,2,1,1,10.6,0,0,1
2023-09-01,534,9,7.61,76.7,35.0,1.9,2,1,1,11.2,0,0,1
2023-10-01,534,10,7.58,72.1,41.6,2.29,2,1,1,9.1,0,0,1
2023-11-01,534,11,7.72,73.5,28.7,2.12,2,2,1,6.8,0,0,1
2023-12-01,534,12,7.67,76.1,38.1,2.1,2,2,1,7.5,1,0,1
2024-01-01,534,13,7.73,81.4,37.3,2.3,2,2,1,7.5,1,0,1
2024-02-01,534,14,8.0,77.6,47.3,2.27,2,2,1,8.7,1,0,1
2024-03-01,534,15,7.78,75.2,37.7,2.01,2,2,1,4.8,2,0,1
2024-04-01,534,16,7.65,75.8,43.3,2.39,2,2,1,7.6,2,0,1
2024-05-01,534,17,7.78,75.1,47.1,2.1,2,2,1,13.1,2,0,1
2024-06-01,534,18,7.84,74.7,47.6,2.21,2,2,1,3.3,2,0,1
2023-01-01,535,1,5.49,83.5,85.1,2.66,0,0,0,7.9,0,1,0
2023-02-01,535,2,5.59,91.3,87.2,2.66,0,0,0,1.5,0,0,0
2023-03-01,535,3,5.81,85.8,89.5,2.57,0,0,1,6.0,0,0,0
2023-04-01,535,4,5.76,88.5,84.2,2.53,0,0,1,6.6,0,0,0
2023-05-01,535,5,5.88,92.3,89.9,2.42,1,1,2,12.1,0,0,0
2023-06-01,535,6,5.9,93.5,86.4,2.58,1,1,2,9.3,0,0,0
2023-07-01,535,7,5.85,91.0,87.8,2.56,1,1,2,7.6,0,0,0
2023-08-01,535,8,6.01,89.4,87.8,2.68,1,1,2,0.9,0,0,0
2023-09-01,535,9,6.15,90.0,87.8,2.46,1,1,2,1.0,0,0,0
2023-10-01,535,10,6.02,88.0,90.6,2.9,1,2,2,11.8,0,0,0
2023-11-01,535,11,6.18,87.7,90.4,2.51,1,2,3,7.0,1,0,0
2023-12-01,535,12,6.06,86.1,90.3,2.61,1,2,3,7.7,1,0,0
2024-01-01,535,13,6.3,89.1,92.2,2.79,1,2,3,11.0,1,0,0
2024-02-01,535,14,6.0,82.6,96.0,2.8,1,2,3,10.5,1,0,1
2024-03-01,535,15,6.13,86.5,98.4,2.75,1,3,3,6.1,1,0,1
2024-04-01,535,16,6.23,85.4,95.0,2.68,1,3,3,4.4,2,0,1
2024-05-01,535,17,6.23,84.9,94.1,3.04,1,3,3,8.2,2,0,1
2024-06-01,535,18,6.17,90.9,94.5,2.51,1,3,3,9.7,2,0,1
2023-01-01,536,1,7.32,87.1,72.5,4.21,0,1,1,6.6,0,0,0
2023-02-01,536,2,7.31,86.8,75.9,4.26,0,2,1,11.9,0,0,0
2023-03-01,536,3,7.45,94.0,66.5,4.47,0,2,1,7.2,0,0,0
2023-04-01,536,4,7.38,88.5,68.9,4.56,0,2,1,11.0,0,0,0
2023-05-01,536,5,7.7,87.2,63.4,4.52,0,2,1,7.4,1,0,0
2023-06-01,536,6,7.92,91.6,77.1,4.39,0,2,1,11.2,1,0,0
2023-07-01,536,7,7.74,87.3,67.3,4.49,0,2,1,9.2,1,0,0
2023-08-01,536,8,7.57,94.7,65.5,4.51,0,2,1,10.4,1,0,0
2023-09-01,536,9,7.7,86.7,73.6,4.32,0,2,1,8.4,1,0,1
2023-10-01,536,10,7.87,91.5,73.9,4.57,0,2,1,1.4,1,0,1
2023-11-01,536,11,7.61,91.2,71.8,4.44,0,2,1,7.7,1,0,1
2023-12-01,536,12,7.84,93.1,81.5,4.32,0,2,1,15.9,2,0,1
2024-01-01,536,13,7.89,90.2,82.1,4.63,0,2,1,6.4,3,0,1
2024-02-01,536,14,7.85,96.8,79.1,4.5,0,2,1,5.8,4,0,1
2024-03-01,536,15,7.91,87.8,73.5,4.71,0,2,1,4.5,4,0,1
2024-04-01,536,16,7.77,95.0,78.0,4.3,0,2,1,5.7,4,0,1
2024-05-01,536,17,7.85,85.8,87.6,4.61,0,3,2,4.4,4,0,1
2024-06-01,536,18,8.12,89.8,74.2,4.47,0,3,2,9.6,4,0,1
2023-01-01,537,1,6.65,73.7,59.8,3.14,0,1,0,0.0,0,0,0
2023-02-01,537,2,6.64,74.0,56.1,3.33,0,1,0,4.2,0,0,0
2023-03-01,537,3,6.68,74.1,55.3,3.61,0,1,0,4.1,0,0,0
2023-04-01,537,4,6.48,78.5,56.5,3.49,0,1,0,3.4,0,0,0
2023-05-01,537,5,6.56,72.5,56.8,3.66,0,1,0,9.0,0,0,0
2023-06-01,537,6,6.71,77.2,57.4,3.53,0,1,0,7.3,0,0,0
2023-07-01,537,7,6.66,77.9,53.8,3.62,0,1,0,5.6,0,0,0
2023-08-01,537,8,6.61,79.7,63.6,3.79,0,1,0,3.7,0,0,0
2023-09-01,537,9,6.84,78.2,61.9,3.55,0,1,0,1.4,0,0,0
2023-10-01,537,10,6.85,69.0,56.3,3.74,0,1,0,6.4,0,0,0
2023-11-01,537,11,6.74,78.4,53.7,3.96,0,1,0,0.1,0,0,0
2023-12-01,537,12,6.97,75.6,63.2,3.6,0,1,0,7.7,0,0,0
2024-01-01,537,13,6.76,72.7,58.5,3.69,0,1,0,7.9,0,0,0
2024-02-01,537,14,7.05,72.2,68.0,3.27,0,1,0,0.0,0,0,0
2024-03-01,537,15,7.15,68.1,67.9,3.43,0,1,0,1.7,0,0,0
2024-04-01,537,16,7.1,74.4,60.9,3.59,0,1,0,5.0,0,0,0
2024-05-01,537,17,7.16,79.9,62.8,3.73,0,1,0,4.8,1,0,0
2024-06-01,537,18,7.08,72.7,61.0,3.58,0,1,0,3.2,1,0,0
2023-01-01,538,1,8.0,73.8,57.5,2.22,0,1,1,15.6,0,0,0
2023-02-01,538,2,8.06,76.0,49.0,2.49,0,1,1,14.3,0,0,0
2023-03-01,538,3,7.96,73.8,49.9,2.25,0,1,1,18.3,0,0,0
2023-04-01,538,4,7.9,72.2,51.5,2.3,0,1,1,14.9,0,0,0
2023-05-01,538,5,7.96,75.9,55.0,2.33,0,1,1,10.5,0,0,0
2023-06-01,538,6,8.17,78.6,54.5,2.5,0,1,1,14.1,1,0,0
2023-07-01,538,7,8.3,85.1,53.3,2.55,0,1,2,7.3,1,0,0
2023-08-01,538,8,8.16,77.0,54.0,2.36,0,1,2,15.1,1,0,0
2023-09-01,538,9,8.08,78.3,52.3,2.24,0,1,2,7.8,1,0,0
2023-10-01,538,10,8.32,79.7,62.8,2.27,0,1,2,7.4,1,0,0
2023-11-01,538,11,8.01,80.0,61.6,2.44,0,1,2,11.7,1,0,0
2023-12-01,538,12,8.17,83.0,62.4,2.44,0,1,2,12.7,2,0,0
2024-01-01,538,13,8.46,84.2,63.3,2.51,0,1,2,10.5,2,0,1
2024-02-01,538,14,8.33,81.4,67.5,2.55,0,1,3,11.9,3,0,1
2024-03-01,538,15,8.41,76.5,67.3,2.4,0,1,3,11.0,4,0,1
2024-04-01,538,16,8.36,75.3,63.2,2.41,0,1,3,11.5,4,0,1
2024-05-01,538,17,8.45,71.3,62.7,2.28,0,1,3,9.2,5,0,1
2024-06-01,538,18,8.58,77.5,70.4,2.43,0,1,3,14.8,5,0,1
2023-01-01,539,1,5.21,69.4,72.3,2.07,0,0,0,4.9,0,0,0
2023-02-01,539,2,5.06,58.5,69.0,2.34,0,0,0,8.1,0,0,0
2023-03-01,539,3,5.36,56.6,67.0,2.12,0,0,0,8.2,0,0,0
2023-04-01,539,4,5.13,68.1,80.4,2.44,0,0,0,10.9,0,0,0
2023-05-01,539,5,5.35,67.6,71.5,1.92,0,0,0,8.1,0,0,0
2023-06-01,539,6,5.4,60.6,85.1,2.12,0,0,0,6.5,0,0,0
2023-07-01,539,7,5.3,59.6,78.5,2.28,0,0,0,11.4,1,0,0
2023-08-01,539,8,5.37,66.3,81.5,2.35,0,0,0,9.5,1,0,0
2023-09-01,539,9,5.43,63.4,84.5,2.21,0,0,0,12.2,1,0,0
2023-10-01,539,10,5.63,61.5,77.2,2.05,0,0,0,10.0,1,0,0
2023-11-01,539,11,5.51,58.3,79.4,2.21,0,0,0,8.8,1,0,0
2023-12-01,539,12,5.63,54.4,86.6,2.32,0,0,0,8.9,1,0,0
2024-01-01,539,13,5.7,55.9,82.3,2.25,0,0,0,8.9,1,0,0
2024-02-01,539,14,5.57,67.0,78.6,2.39,0,0,0,6.2,2,0,0
2024-03-01,539,15,5.67,67.5,78.4,2.23,0,1,0,8.5,3,0,0
2024-04-01,539,16,5.77,57.5,88.5,2.32,0,1,0,9.4,4,0,0
2024-05-01,539,17,5.6,60.1,80.7,2.13,0,1,0,10.9,5,0,1
2024-06-01,539,18,5.74,62.8,82.6,2.14,0,2,0,9.3,5,0,1
2023-01-01,540,1,6.41,68.6,52.7,2.79,0,1,0,14.1,1,0,0
2023-02-01,540,2,6.36,77.5,52.1,3.09,0,1,0,13.2,1,0,0
2023-03-01,540,3,6.34,67.9,55.7,3.17,0,1,1,11.3,1,0,0
2023-04-01,540,4,6.35,68.2,52.4,3.17,0,1,1,11.6,1,0,0
2023-05-01,540,5,6.43,80.2,50.3,3.08,0,1,1,10.3,1,0,0
2023-06-01,540,6,6.41,75.3,53.5,3.23,1,1,1,6.2,1,0,0
2023-07-01,540,7,6.58,69.2,49.6,3.25,1,1,1,11.5,1,0,0
2023-08-01,540,8,6.51,75.9,59.0,3.31,1,1,1,16.8,1,0,0
2023-09-01,540,9,6.64,74.5,59.8,3.1,2,1,1,8.9,1,0,0
2023-10-01,540,10,6.36,78.4,59.4,3.07,2,1,1,9.2,1,0,0
2023-11-01,540,11,6.71,61.0,58.6,3.1,2,1,1,7.5,1,0,0
2023-12-01,540,12,6.47,65.9,63.8,3.38,3,1,2,12.0,1,0,0
2024-01-01,540,13,6.47,75.3,65.0,3.33,3,1,3,11.5,2,0,0
2024-02-01,540,14,6.51,67.5,56.0,3.14,3,1,3,10.8,3,0,0
2024-03-01,540,15,6.56,72.1,63.0,3.3,3,2,3,15.6,3,0,0
2024-04-01,540,16,6.45,65.1,64.7,3.38,3,2,4,4.2,4,0,0
2024-05-01,540,17,6.81,64.5,65.3,3.23,3,2,4,9.8,5,0,1
2024-06-01,540,18,6.68,68.5,62.1,3.3,3,2,4,13.3,6,0,1
2023-01-01,541,1,5.57,82.3,82.7,4.5,0,2,0,2.1,0,0,0
2023-02-01,541,2,5.69,68.4,76.6,4.3,0,2,0,1.4,0,0,0
2023-03-01,541,3,5.52,74.1,72.9,4.3,0,2,0,3.6,0,0,0
2023-04-01,541,4,5.56,80.4,79.8,4.49,0,2,0,7.6,0,0,0
2023-05-01,541,5,5.94,69.9,78.5,4.34,0,2,0,5.2,0,0,0
2023-06-01,541,6,5.89,71.1,80.4,4.56,0,2,0,2.2,0,0,0
2023-07-01,541,7,5.85,78.6,80.0,4.57,0,2,0,6.0,0,0,0
2023-08-01,541,8,5.83,78.1,81.1,4.01,0,2,0,7.0,0,0,0
2023-09-01,541,9,5.74,83.7,79.9,4.53,0,2,0,3.4,0,0,0
2023-10-01,541,10,5.99,75.1,70.7,4.76,0,2,0,4.9,0,0,0
2023-11-01,541,11,5.94,80.7,79.2,4.41,0,2,0,4.8,0,0,0
2023-12-01,541,12,5.95,77.4,70.4,4.17,0,2,0,6.3,0,0,0
2024-01-01,541,13,5.87,76.9,83.7,4.16,0,2,0,4.3,0,0,0
2024-02-01,541,14,5.96,81.6,80.3,4.42,0,2,0,1.0,0,0,0
2024-03-01,541,15,5.88,72.5,77.1,4.7,0,2,0,1.2,0,0,0
2024-04-01,541,16,5.82,69.7,78.6,4.42,0,3,0,7.6,0,0,0
2024-05-01,541,17,5.93,67.6,82.7,4.63,0,3,0,4.8,0,0,0
2024-06-01,541,18,5.88,78.3,78.7,4.45,0,3,0,5.1,0,0,0
2023-01-01,542,1,6.43,83.5,58.5,2.94,1,2,1,5.6,0,2,0
2023-02-01,542,2,6.48,83.3,81.7,3.06,1,2,2,6.5,0,2,0
2023-03-01,542,3,6.51,86.3,71.6,2.88,1,2,2,9.7,0,1,1
2023-04-01,542,4,6.41,83.5,68.9,3.19,1,2,2,6.2,0,1,1
2023-05-01,542,5,6.38,84.4,66.4,3.26,1,2,3,6.6,0,1,1
2023-06-01,542,6,6.7,77.7,59.9,3.18,1,2,3,10.0,0,1,1
2023-07-01,542,7,6.81,83.2,69.2,3.04,1,2,3,5.3,0,1,1
2023-08-01,542,8,6.76,80.2,78.2,3.11,1,2,3,8.9,0,0,1
2023-09-01,542,9,6.78,79.5,72.1,3.48,1,2,3,7.6,0,0,1
2023-10-01,542,10,6.76,81.7,70.9,3.12,1,2,3,9.0,0,0,1
2023-11-01,542,11,6.79,77.8,66.8,3.28,1,2,3,2.7,0,0,1
2023-12-01,542,12,6.7,84.7,69.3,3.51,2,2,3,6.2,0,0,1
2024-01-01,542,13,6.81,76.5,73.5,3.24,2,2,3,7.3,0,0,1
2024-02-01,542,14,6.75,84.6,66.7,3.08,2,2,3,10.8,1,0,1
2024-03-01,542,15,6.84,89.5,74.8,3.29,2,2,3,8.9,1,0,1
2024-04-01,542,16,7.1,86.3,78.0,3.34,2,2,3,7.0,1,0,1
2024-05-01,542,17,7.06,72.9,71.6,3.22,2,2,3,11.5,2,0,1
2024-06-01,542,18,7.02,82.8,68.4,3.09,2,2,3,6.1,2,0,1
2023-01-01,543,1,7.19,74.5,57.6,4.33,0,1,0,8.5,0,0,0
2023-02-01,543,2,7.37,64.7,64.7,4.15,0,1,0,8.0,0,0,0
2023-03-01,543,3,7.26,66.1,72.5,4.29,0,1,1,12.9,0,0,0
2023-04-01,543,4,7.35,71.2,61.4,4.01,0,1,1,9.5,0,0,0
2023-05-01,543,5,7.36,79.7,61.1,3.94,0,2,1,12.9,0,0,0
2023-06-01,543,6,7.58,68.2,73.1,4.1,0,2,1,11.7,0,0,0
2023-07-01,543,7,7.36,76.0,65.2,3.93,0,2,1,12.9,0,0,0
2023-08-01,543,8,7.54,76.0,62.3,3.83,0,2,1,6.7,0,0,1
2023-09-01,543,9,7.51,70.2,68.0,4.1,0,2,1,14.2,1,0,1
2023-10-01,543,10,7.53,81.0,66.9,4.03,0,2,1,13.4,2,0,1
2023-11-01,543,11,7.85,75.3,68.4,4.15,0,2,1,11.4,2,0,1
2023-12-01,543,12,7.55,74.4,66.8,4.34,0,2,1,12.6,2,0,1
2024-01-01,543,13,7.82,75.2,74.1,4.34,0,2,1,15.1,2,0,1
2024-02-01,543,14,7.77,72.5,71.4,3.93,1,2,1,8.2,2,0,1
2024-03-01,543,15,7.73,78.5,71.8,4.5,1,2,1,9.8,2,0,1
2024-04-01,543,16,7.78,72.2,72.1,4.01,1,3,1,9.7,2,0,1
2024-05-01,543,17,7.94,77.5,62.0,4.47,1,3,1,12.1,2,0,1
2024-06-01,543,18,8.05,73.9,80.9,4.34,1,3,1,14.9,3,0,1
2023-01-01,544,1,6.88,80.4,56.2,3.39,0,2,0,6.5,0,0,0
2023-02-01,544,2,6.77,78.5,54.3,3.25,0,2,0,4.3,0,0,0
2023-03-01,544,3,6.85,78.4,57.5,3.61,0,2,0,4.9,0,0,0
2023-04-01,544,4,6.94,79.1,59.1,3.6,0,3,0,9.0,1,0,0
2023-05-01,544,5,7.14,78.3,66.4,3.49,0,3,0,3.4,2,0,0
2023-06-01,544,6,6.92,74.6,56.5,3.57,0,3,0,6.4,2,0,0
2023-07-01,544,7,7.27,74.9,60.8,3.32,0,4,0,5.1,2,0,0
2023-08-01,544,8,7.23,83.8,63.4,3.38,0,4,0,5.4,2,0,0
2023-09-01,544,9,7.24,69.5,59.0,3.57,0,4,0,12.0,2,0,0
2023-10-01,544,10,7.3,74.1,67.8,3.23,0,4,0,3.5,2,0,0
2023-11-01,544,11,7.39,78.7,62.7,3.56,0,4,0,2.5,2,0,0
2023-12-01,544,12,7.27,80.3,67.5,3.7,0,4,0,5.5,3,0,0
2024-01-01,544,13,7.48,77.2,58.8,3.68,0,4,0,8.8,3,0,0
2024-02-01,544,14,7.6,78.9,68.5,3.62,0,4,0,8.5,3,0,0
2024-03-01,544,15,7.42,82.6,62.4,3.59,0,4,0,7.0,3,0,0
2024-04-01,544,16,7.74,78.1,60.5,3.51,0,4,0,4.3,3,0,0
2024-05-01,544,17,7.39,84.4,69.7,3.69,0,4,0,7.4,3,0,0
2024-06-01,544,18,7.73,71.4,72.6,3.62,0,4,0,8.8,4,0,0
2023-01-01,545,1,6.81,67.9,59.9,3.58,0,0,1,1.0,0,2,0
2023-02-01,545,2,6.85,70.6,62.6,3.63,0,0,1,0.0,0,2,0
2023-03-01,545,3,6.84,69.8,55.1,3.61,0,0,1,8.9,0,2,0
2023-04-01,545,4,6.86,68.3,52.5,3.6,0,0,1,1.5,1,2,0
2023-05-01,545,5,6.9,71.8,53.7,3.62,0,0,1,7.9,1,2,0
2023-06-01,545,6,6.82,72.2,53.5,3.54,0,0,1,3.9,2,2,0
2023-07-01,545,7,7.11,68.0,60.9,3.56,0,0,1,6.1,2,2,0
2023-08-01,545,8,7.2,67.4,54.4,3.48,0,0,1,6.7,2,2,0
2023-09-01,545,9,6.93,72.1,59.0,3.62,0,0,1,2.3,3,2,0
2023-10-01,545,10,7.17,69.6,51.5,3.52,0,0,1,5.0,3,2,0
2023-11-01,545,11,7.04,67.7,50.8,3.64,0,0,1,7.3,3,2,0
2023-12-01,545,12,7.04,65.3,56.7,3.39,0,0,2,4.3,3,2,0
2024-01-01,545,13,7.37,65.2,59.1,3.67,0,0,3,7.4,3,1,0
2024-02-01,545,14,7.39,62.5,66.2,3.53,0,0,3,6.7,3,1,0
2024-03-01,545,15,7.23,64.8,68.3,3.6,0,0,3,5.3,4,1,0
2024-04-01,545,16,7.53,68.0,57.2,3.57,0,0,3,7.8,4,1,0
2024-05-01,545,17,7.49,66.7,57.8,3.87,0,0,3,6.6,4,1,0
2024-06-01,545,18,7.26,63.0,63.7,3.73,0,0,3,1.0,4,1,0
2023-01-01,546,1,7.05,88.0,73.0,2.13,0,1,1,0.9,0,0,0
2023-02-01,546,2,7.13,75.0,74.0,2.16,0,1,1,7.6,0,0,0
2023-03-01,546,3,6.91,86.2,78.6,2.23,0,1,1,9.5,1,0,0
2023-04-01,546,4,6.84,87.7,72.3,2.4,0,1,1,8.9,1,0,0
2023-05-01,546,5,7.1,86.4,72.7,2.25,0,1,2,6.3,1,0,0
2023-06-01,546,6,7.08,83.6,77.7,2.41,0,1,2,5.3,1,0,0
2023-07-01,546,7,7.07,87.9,71.9,2.37,0,1,2,8.3,1,0,0
2023-08-01,546,8,6.91,85.9,74.8,2.34,0,1,2,11.2,1,0,0
2023-09-01,546,9,7.35,81.8,76.4,2.3,0,1,2,3.0,1,0,0
2023-10-01,546,10,7.29,78.3,78.2,2.35,0,1,2,4.9,1,0,0
2023-11-01,546,11,7.14,80.3,76.5,2.47,0,1,2,6.4,1,0,0
2023-12-01,546,12,7.32,86.4,80.4,2.48,0,1,2,0.4,1,0,0
2024-01-01,546,13,7.27,84.3,85.8,2.5,0,1,2,8.0,1,0,0
2024-02-01,546,14,7.51,86.8,78.2,2.41,0,1,2,1.4,1,0,0
2024-03-01,546,15,7.33,80.8,78.0,2.1,0,1,2,6.2,1,0,0
2024-04-01,546,16,7.57,85.9,76.4,2.41,0,1,2,4.0,1,0,0
2024-05-01,546,17,7.32,87.1,76.1,2.55,0,1,2,7.4,1,0,0
2024-06-01,546,18,7.52,86.4,90.7,2.45,0,1,2,8.1,1,0,0
2023-01-01,547,1,7.16,83.5,40.5,3.66,0,0,0,10.7,0,0,0
2023-02-01,547,2,7.18,82.3,46.4,3.74,0,0,0,5.6,0,0,0
2023-03-01,547,3,7.22,80.0,46.5,3.81,0,1,0,8.7,0,0,0
2023-04-01,547,4,7.24,84.9,47.4,3.96,0,1,0,5.7,0,0,0
2023-05-01,547,5,7.37,90.4,50.0,4.08,0,1,0,3.1,1,0,0
2023-06-01,547,6,7.22,85.4,45.1,3.74,1,1,0,6.3,1,0,0
2023-07-01,547,7,7.4,82.9,53.4,3.81,1,1,0,4.8,1,0,0
2023-08-01,547,8,7.49,90.6,50.4,3.9,1,1,0,2.2,1,0,0
2023-09-01,547,9,7.33,89.5,48.2,3.73,2,1,0,11.4,1,0,1
2023-10-01,547,10,7.53,88.8,46.3,4.02,2,1,0,9.3,1,0,1
2023-11-01,547,11,7.4,94.7,43.6,3.91,2,1,0,7.3,1,0,1
2023-12-01,547,12,7.76,83.0,51.0,3.93,2,1,0,1.2,1,0,1
2024-01-01,547,13,7.36,88.8,51.8,4.0,2,1,0,7.9,1,0,1
2024-02-01,547,14,7.33,87.8,50.9,4.24,2,1,0,7.6,1,0,1
2024-03-01,547,15,7.38,86.7,47.1,4.13,2,2,0,7.7,2,0,1
2024-04-01,547,16,7.43,89.5,53.2,4.12,2,2,0,6.0,2,0,1
2024-05-01,547,17,7.36,83.2,51.6,4.14,2,2,0,9.3,3,0,1
2024-06-01,547,18,7.69,92.4,57.5,4.15,3,2,0,5.4,3,0,1
2023-01-01,548,1,6.25,86.5,36.8,2.95,0,1,1,9.6,0,0,0
2023-02-01,548,2,6.3,93.0,30.9,3.13,0,1,1,11.3,0,0,0
2023-03-01,548,3,6.09,86.5,35.8,3.0,0,1,1,4.8,0,0,0
2023-04-01,548,4,6.35,83.0,37.5,2.95,0,2,2,6.5,0,0,0
2023-05-01,548,5,6.29,92.5,37.4,3.09,0,2,2,5.7,0,0,0
2023-06-01,548,6,6.22,94.1,33.8,2.95,0,2,2,10.4,0,0,0
2023-07-01,548,7,6.52,88.4,38.1,2.92,0,2,2,6.1,0,0,0
2023-08-01,548,8,6.57,92.6,38.6,2.89,0,2,2,8.1,0,0,0
2023-09-01,548,9,6.64,86.0,43.1,3.28,0,2,2,9.3,0,0,0
2023-10-01,548,10,6.38,80.2,40.9,2.73,0,2,2,6.4,0,0,0
2023-11-01,548,11,6.32,85.5,32.7,3.08,0,2,2,2.6,0,0,1
2023-12-01,548,12,6.6,91.6,43.5,3.28,0,2,2,9.7,0,0,1
2024-01-01,548,13,6.57,92.7,43.5,3.06,0,2,2,10.0,0,0,1
2024-02-01,548,14,6.56,86.0,44.6,2.95,0,2,2,14.1,0,0,1
2024-03-01,548,15,6.48,89.9,43.1,3.06,0,2,2,9.0,1,0,1
2024-04-01,548,16,6.52,82.5,45.2,3.0,0,2,2,10.8,1,0,1
2024-05-01,548,17,6.86,79.6,33.4,2.9,0,2,2,3.1,1,0,1
2024-06-01,548,18,6.64,89.1,40.7,3.09,0,2,2,9.4,1,0,1
2023-01-01,549,1,7.56,80.1,64.1,3.84,0,0,0,8.3,0,0,0
2023-02-01,549,2,7.54,90.0,65.7,3.71,0,0,0,11.1,0,0,0
2023-03-01,549,3,7.59,77.3,72.8,3.72,0,0,0,6.9,0,0,0
2023-04-01,549,4,7.5,75.4,63.2,3.88,0,1,0,7.9,0,0,0
2023-05-01,549,5,7.56,82.9,69.5,3.84,0,1,0,5.7,0,0,0
2023-06-01,549,6,7.8,80.2,69.8,3.82,1,1,0,7.6,0,0,0
2023-07-01,549,7,7.88,82.1,75.2,3.7,1,1,0,6.5,0,0,0
2023-08-01,549,8,8.05,81.4,65.2,3.76,1,1,0,5.8,0,0,0
2023-09-01,549,9,7.85,93.2,71.1,3.75,1,1,0,5.1,1,0,0
2023-10-01,549,10,7.86,80.1,81.5,3.75,1,1,1,3.4,2,0,1
2023-11-01,549,11,7.78,83.4,70.6,4.28,1,1,1,4.7,2,0,1
2023-12-01,549,12,7.72,78.4,73.2,3.94,1,1,1,6.8,2,0,1
2024-01-01,549,13,7.91,83.4,75.3,3.78,1,1,1,8.0,2,0,1
2024-02-01,549,14,8.03,86.0,69.8,3.88,1,1,1,6.5,2,0,1
2024-03-01,549,15,7.85,84.0,74.6,3.89,1,1,1,4.5,2,0,1
2024-04-01,549,16,7.91,79.5,76.5,3.67,1,1,1,7.0,2,0,1
2024-05-01,549,17,7.92,76.5,81.1,3.78,1,1,1,4.9,2,0,1
2024-06-01,549,18,7.82,84.7,78.6,3.93,1,1,2,5.6,2,0,1
2023-01-01,550,1,7.4,68.1,67.7,2.52,0,0,0,6.2,0,0,0
2023-02-01,550,2,7.62,61.4,66.0,2.85,0,0,0,1.7,0,0,0
2023-03-01,550,3,7.71,66.1,75.9,2.66,0,0,0,8.8,0,0,0
2023-04-01,550,4,7.86,61.9,73.4,2.61,1,0,0,8.7,0,0,0
2023-05-01,550,5,7.53,65.9,68.3,2.74,1,1,0,6.2,1,0,0
2023-06-01,550,6,7.51,72.9,65.3,2.51,2,1,1,9.1,1,0,0
2023-07-01,550,7,7.79,70.1,72.2,2.58,2,1,1,5.9,1,0,0
2023-08-01,550,8,7.95,63.6,75.1,2.68,2,2,1,1.9,1,0,1
2023-09-01,550,9,7.77,65.3,68.4,2.66,2,2,1,8.7,1,0,1
2023-10-01,550,10,7.66,63.3,73.7,2.45,2,2,1,6.4,1,0,1
2023-11-01,550,11,7.77,64.9,69.1,2.7,2,2,1,5.0,1,0,1
2023-12-01,550,12,7.96,63.0,69.2,2.57,2,2,1,5.0,1,0,1
2024-01-01,550,13,8.0,68.2,72.9,2.75,2,2,1,6.4,1,0,1
2024-02-01,550,14,8.01,73.2,75.9,3.08,2,2,1,4.9,1,0,1
2024-03-01,550,15,8.1,63.0,72.5,2.92,2,2,1,5.1,1,0,1
2024-04-01,550,16,7.83,62.5,71.7,2.92,2,2,1,6.0,2,0,1
2024-05-01,550,17,7.99,63.0,66.9,2.63,2,2,1,9.1,2,0,1
2024-06-01,550,18,8.15,57.1,67.6,2.7,2,2,1,5.6,2,0,1
2023-01-01,551,1,7.35,75.6,63.7,3.32,1,1,1,13.3,0,3,0
2023-02-01,551,2,7.42,75.3,69.4,3.37,1,1,1,6.3,0,3,0
2023-03-01,551,3,7.41,66.4,70.5,3.36,1,1,1,8.2,0,3,0
2023-04-01,551,4,7.36,76.1,58.1,3.16,1,1,1,9.4,0,3,0
2023-05-01,551,5,7.34,79.9,70.0,3.45,1,1,1,13.3,0,3,0
2023-06-01,551,6,7.48,74.2,64.7,3.5,1,1,1,12.8,0,3,0
2023-07-01,551,7,7.59,75.1,72.2,3.43,1,1,1,7.7,0,3,0
2023-08-01,551,8,7.92,81.7,70.2,3.47,1,1,2,7.9,0,3,1
2023-09-01,551,9,7.66,76.0,70.6,3.23,2,1,3,3.2,0,3,1
2023-10-01,551,10,7.79,80.8,71.5,3.66,2,1,3,10.6,0,3,1
2023-11-01,551,11,7.88,75.0,69.4,3.43,2,1,3,7.9,0,3,1
2023-12-01,551,12,7.86,74.2,71.3,3.29,2,1,3,6.3,0,3,1
2024-01-01,551,13,7.83,81.3,68.5,3.47,2,1,3,5.1,0,3,1
2024-02-01,551,14,7.91,76.3,72.8,3.54,2,1,3,12.9,0,3,1
2024-03-01,551,15,8.05,78.2,75.7,3.43,2,1,3,14.5,0,3,1
2024-04-01,551,16,8.0,71.3,82.3,3.48,2,1,3,8.0,1,3,1
2024-05-01,551,17,8.09,69.6,73.8,3.5,2,1,4,7.7,1,2,1
2024-06-01,551,18,8.05,78.2,76.6,3.26,2,1,4,13.9,2,2,1
2023-01-01,552,1,7.53,80.7,61.3,3.5,0,1,0,0.0,0,1,0
2023-02-01,552,2,7.51,84.0,63.0,3.37,0,1,0,6.8,0,0,0
2023-03-01,552,3,7.63,79.0,63.3,3.4,1,2,0,4.6,0,0,0
2023-04-01,552,4,7.43,77.5,65.0,3.6,1,2,0,5.6,0,0,0
2023-05-01,552,5,7.44,80.3,64.8,3.62,1,2,0,3.8,0,0,1
2023-06-01,552,6,7.58,81.8,62.3,3.6,1,2,0,4.5,0,0,1
2023-07-01,552,7,7.78,78.7,64.8,3.7,1,2,0,5.1,0,0,1
2023-08-01,552,8,7.51,78.8,68.1,3.39,1,2,0,5.3,0,0,1
2023-09-01,552,9,7.5,77.2,58.3,3.37,1,2,0,5.5,0,0,1
2023-10-01,552,10,7.61,80.3,70.2,3.59,1,2,0,3.4,0,0,1
2023-11-01,552,11,7.89,85.2,67.5,3.27,1,3,0,0.6,0,0,1
2023-12-01,552,12,7.65,79.5,66.3,3.33,1,4,0,6.8,0,0,1
2024-01-01,552,13,7.67,82.7,67.5,3.41,1,4,0,2.5,0,0,1
2024-02-01,552,14,7.64,72.3,66.1,3.64,2,4,0,2.0,0,0,1
2024-03-01,552,15,7.91,84.3,72.4,3.46,2,4,0,1.5,0,0,1
2024-04-01,552,16,7.94,78.9,68.6,3.53,2,4,1,1.2,0,0,1
2024-05-01,552,17,7.74,75.4,67.7,3.33,2,4,1,4.8,0,0,1
2024-06-01,552,18,7.86,77.6,69.8,3.58,2,4,1,6.0,0,0,1
2023-01-01,553,1,7.25,89.2,53.6,3.29,1,2,0,5.9,0,0,0
2023-02-01,553,2,7.14,81.3,41.3,3.19,1,2,0,5.3,0,0,0
2023-03-01,553,3,7.41,78.6,58.6,3.02,1,2,0,4.5,0,0,0
2023-04-01,553,4,7.33,80.2,60.6,3.26,1,2,0,5.5,1,0,0
2023-05-01,553,5,7.51,76.5,51.8,3.32,1,2,0,4.1,1,0,0
2023-06-01,553,6,7.45,82.7,55.3,3.25,1,2,0,5.3,1,0,0
2023-07-01,553,7,7.3,80.3,56.6,3.21,1,2,0,6.1,1,0,1
2023-08-01,553,8,7.33,81.6,53.5,3.05,1,2,0,8.1,1,0,1
2023-09-01,553,9,7.46,73.1,57.4,3.54,1,2,0,5.0,1,0,1
2023-10-01,553,10,7.59,79.3,57.2,3.46,1,2,0,8.6,2,0,1
2023-11-01,553,11,7.77,74.7,59.1,3.03,1,2,0,9.9,2,0,1
2023-12-01,553,12,7.61,81.4,52.9,3.39,1,2,0,6.9,2,0,1
2024-01-01,553,13,7.54,80.5,60.9,3.34,1,3,0,7.8,2,0,1
2024-02-01,553,14,7.61,80.9,58.6,3.17,1,3,0,9.5,2,0,1
2024-03-01,553,15,7.76,75.4,61.4,3.12,1,3,1,2.8,2,0,1
2024-04-01,553,16,7.66,72.8,57.3,3.07,1,3,1,3.4,2,0,1
2024-05-01,553,17,7.74,70.0,61.7,3.36,1,3,1,3.6,2,0,1
2024-06-01,553,18,7.7,75.9,60.3,3.08,1,3,1,0.0,3,0,1
2023-01-01,554,1,8.57,78.5,73.0,3.52,0,1,0,9.0,0,0,0
2023-02-01,554,2,8.81,87.8,71.7,3.54,0,1,0,8.5,0,0,0
2023-03-01,554,3,8.58,82.7,77.0,3.58,1,1,0,8.9,0,0,0
2023-04-01,554,4,8.82,80.9,76.2,3.85,2,1,0,14.9,1,0,0
2023-05-01,554,5,8.71,83.3,76.4,3.5,2,1,0,7.8,1,0,0
2023-06-01,554,6,8.57,77.4,68.4,3.35,2,1,0,10.2,1,0,0
2023-07-01,554,7,8.67,84.8,75.4,3.7,2,1,0,4.1,1,0,0
2023-08-01,554,8,8.87,80.7,81.0,3.4,2,1,0,4.4,1,0,0
2023-09-01,554,9,8.76,87.9,73.3,3.63,2,1,0,9.7,1,0,1
2023-10-01,554,10,8.87,83.0,76.8,3.3,2,1,0,6.5,1,0,1
2023-11-01,554,11,8.92,80.7,77.8,3.3,2,1,0,14.3,1,0,1
2023-12-01,554,12,8.89,79.9,79.7,3.63,2,1,0,9.6,1,0,1
2024-01-01,554,13,8.84,80.6,81.7,3.86,2,2,0,6.1,1,0,1
2024-02-01,554,14,8.82,87.8,75.6,3.82,2,2,0,10.7,1,0,1
2024-03-01,554,15,8.9,81.6,79.0,3.66,2,2,0,8.5,1,0,1
2024-04-01,554,16,8.68,90.2,79.1,3.75,2,2,0,8.6,1,0,1
2024-05-01,554,17,8.89,83.6,78.8,3.81,2,2,1,6.4,1,0,1
2024-06-01,554,18,9.09,85.6,81.6,3.51,2,2,1,9.9,2,0,1
2023-01-01,555,1,7.12,93.9,52.3,3.08,0,1,0,7.9,0,2,0
2023-02-01,555,2,7.1,97.8,60.5,3.0,0,1,0,2.3,0,2,0
2023-03-01,555,3,6.93,96.5,57.5,3.1,0,1,0,0.0,0,2,0
2023-04-01,555,4,6.98,98.5,57.2,2.75,1,1,0,8.0,0,2,0
2023-05-01,555,5,7.04,97.9,53.4,3.12,1,1,0,5.2,0,2,0
2023-06-01,555,6,7.06,97.7,58.7,2.9,1,1,0,1.5,1,2,0
2023-07-01,555,7,6.89,98.5,62.5,3.23,1,1,0,3.5,1,2,0
2023-08-01,555,8,7.02,94.1,60.7,2.98,1,1,0,2.1,1,2,0
2023-09-01,555,9,7.06,95.3,54.6,3.22,1,1,0,1.2,1,2,0
2023-10-01,555,10,7.22,95.0,57.1,3.12,1,1,0,5.7,1,2,0
2023-11-01,555,11,7.13,96.7,58.3,3.13,1,1,0,8.8,1,2,0
2023-12-01,555,12,7.07,100.0,68.5,3.25,1,2,0,3.5,1,2,0
2024-01-01,555,13,7.14,93.8,58.1,3.3,1,3,1,3.3,1,2,0
2024-02-01,555,14,7.04,91.0,63.3,3.24,1,4,2,5.2,2,2,0
2024-03-01,555,15,7.27,93.6,66.5,3.43,1,4,2,4.5,2,1,0
2024-04-01,555,16,7.01,88.4,65.2,3.49,1,4,2,8.1,2,0,1
2024-05-01,555,17,7.34,100.0,68.6,2.98,1,4,2,3.9,2,0,1
2024-06-01,555,18,7.11,92.9,58.7,3.14,1,4,2,8.9,2,0,1
2023-01-01,556,1,6.88,84.2,51.8,2.69,0,1,0,0.9,0,0,0
2023-02-01,556,2,6.69,94.2,53.8,2.89,0,1,0,4.2,1,0,0
2023-03-01,556,3,6.69,90.3,48.0,2.79,0,1,0,1.3,1,0,0
2023-04-01,556,4,6.7,92.4,48.1,2.93,0,1,0,6.2,1,0,0
2023-05-01,556,5,6.85,87.9,53.0,2.95,0,1,0,9.4,1,0,0
2023-06-01,556,6,6.94,90.4,50.2,2.83,0,1,0,4.9,1,0,0
2023-07-01,556,7,6.82,86.4,56.3,2.82,0,1,0,2.8,1,0,0
2023-08-01,556,8,6.87,92.0,57.1,2.78,0,1,1,6.8,1,0,0
2023-09-01,556,9,6.76,91.1,56.6,2.97,0,1,1,5.7,1,0,0
2023-10-01,556,10,6.93,89.7,49.4,3.19,0,1,1,2.2,1,0,0
2023-11-01,556,11,7.12,97.5,56.9,2.74,1,2,1,6.1,1,0,0
2023-12-01,556,12,6.9,90.9,49.0,3.09,1,2,1,1.8,2,0,0
2024-01-01,556,13,6.76,90.6,59.4,2.79,1,2,1,8.3,2,0,0
2024-02-01,556,14,7.22,88.0,56.0,3.15,1,2,1,7.4,2,0,0
2024-03-01,556,15,7.13,87.4,59.2,3.04,1,2,1,3.7,2,0,0
2024-04-01,556,16,7.01,85.7,58.6,2.73,1,2,1,3.0,2,0,0
2024-05-01,556,17,6.93,85.2,53.5,2.96,1,3,1,0.9,2,0,0
2024-06-01,556,18,7.0,88.2,51.2,3.13,1,3,1,1.9,2,0,0
2023-01-01,557,1,6.19,65.2,57.2,4.33,0,0,0,5.2,0,1,0
2023-02-01,557,2,6.35,72.9,58.6,4.62,0,0,0,8.1,0,1,0
2023-03-01,557,3,6.29,70.9,56.5,4.22,0,0,0,0.4,0,1,0
2023-04-01,557,4,6.23,76.5,54.6,4.23,0,0,0,5.8,0,1,0
2023-05-01,557,5,6.3,68.8,48.8,4.63,0,0,0,4.9,0,1,0
2023-06-01,557,6,6.64,71.3,48.4,3.93,0,0,0,1.0,0,1,0
2023-07-01,557,7,6.57,78.4,60.9,4.18,0,0,0,5.2,0,1,0
2023-08-01,557,8,6.34,74.7,54.8,4.27,0,0,0,1.5,0,1,0
2023-09-01,557,9,6.68,68.2,59.3,4.26,0,0,0,4.0,0,1,0
2023-10-01,557,10,6.52,69.9,49.6,4.27,0,0,0,4.2,0,1,0
2023-11-01,557,11,6.56,73.8,53.2,4.44,0,0,0,3.8,0,1,0
2023-12-01,557,12,6.53,76.4,62.7,4.41,0,0,0,4.6,0,1,0
2024-01-01,557,13,6.63,77.8,50.0,4.64,0,0,0,6.7,0,0,0
2024-02-01,557,14,6.46,70.0,60.0,4.36,0,0,0,4.0,0,0,0
2024-03-01,557,15,6.46,75.8,56.8,4.45,0,0,0,0.8,0,0,0
2024-04-01,557,16,6.56,64.3,53.2,4.67,0,0,0,6.4,0,0,0
2024-05-01,557,17,6.44,70.4,62.3,4.8,0,0,0,8.1,0,0,0
2024-06-01,557,18,6.71,72.9,59.0,4.28,0,0,0,5.6,0,0,0
2023-01-01,558,1,6.34,84.1,83.3,3.93,0,0,0,4.9,0,0,0
2023-02-01,558,2,6.3,86.8,86.6,3.93,0,0,0,5.6,0,0,0
2023-03-01,558,3,6.4,78.0,85.6,3.95,0,0,0,1.7,0,0,0
2023-04-01,558,4,6.45,83.7,84.1,3.95,0,0,0,4.1,0,0,0
2023-05-01,558,5,6.48,88.6,90.5,4.02,0,0,0,3.5,0,0,0
2023-06-01,558,6,6.33,90.9,83.3,3.88,0,0,0,3.7,1,0,0
2023-07-01,558,7,6.42,92.1,91.3,3.91,0,0,0,6.4,1,0,0
2023-08-01,558,8,6.7,94.7,91.0,3.59,0,0,0,0.0,1,0,0
2023-09-01,558,9,6.57,90.0,92.8,3.77,0,0,0,0.0,2,0,0
2023-10-01,558,10,6.67,86.4,91.7,3.87,0,0,0,4.7,2,0,0
2023-11-01,558,11,6.66,88.4,88.1,4.17,1,0,0,6.8,2,0,1
2023-12-01,558,12,6.68,88.0,90.7,3.95,1,0,0,5.0,2,0,1
2024-01-01,558,13,6.7,85.3,88.6,4.03,1,0,0,2.4,2,0,1
2024-02-01,558,14,6.75,89.8,91.3,3.78,1,0,0,4.9,2,0,1
2024-03-01,558,15,6.55,92.5,99.6,3.79,1,0,0,1.4,2,0,1
2024-04-01,558,16,6.98,92.0,96.1,4.16,1,0,0,5.2,2,0,1
2024-05-01,558,17,6.85,86.8,94.6,4.13,1,0,0,0.8,2,0,1
2024-06-01,558,18,6.89,89.3,88.1,4.0,1,0,0,3.8,2,0,1
2023-01-01,559,1,6.0,88.2,24.4,2.72,0,1,0,13.2,0,0,0
2023-02-01,559,2,6.07,88.1,28.7,2.53,0,1,0,10.1,0,0,0
2023-03-01,559,3,6.05,86.3,31.0,2.66,0,1,0,11.0,1,0,0
2023-04-01,559,4,6.2,87.5,30.9,2.68,1,1,0,9.8,1,0,0
2023-05-01,559,5,6.01,85.8,33.5,2.78,1,2,0,7.4,1,0,0
2023-06-01,559,6,6.34,87.2,36.9,2.49,1,2,0,3.7,1,0,0
2023-07-01,559,7,6.2,84.6,39.5,2.58,1,2,0,5.0,1,0,0
2023-08-01,559,8,6.19,84.1,33.5,2.5,1,3,0,3.5,1,0,0
2023-09-01,559,9,6.14,86.5,32.5,2.77,1,4,0,6.6,1,0,0
2023-10-01,559,10,6.42,91.1,29.8,2.67,1,4,0,12.0,2,0,0
2023-11-01,559,11,6.33,88.1,38.8,2.73,1,4,0,8.6,2,0,0
2023-12-01,559,12,6.28,91.9,35.1,2.54,2,4,0,5.1,2,0,1
2024-01-01,559,13,6.51,89.8,39.1,2.96,2,4,0,8.4,3,0,1
2024-02-01,559,14,6.38,84.5,39.0,2.92,2,4,0,4.2,3,0,1
2024-03-01,559,15,6.25,85.7,31.5,2.89,2,4,0,4.8,3,0,1
2024-04-01,559,16,6.34,80.2,50.2,2.66,2,4,0,7.4,3,0,1
2024-05-01,559,17,6.45,87.4,42.1,2.83,2,4,0,9.7,3,0,1
2024-06-01,559,18,6.56,87.1,42.9,2.66,2,4,0,4.8,3,0,1
2023-01-01,560,1,6.36,75.2,74.0,3.48,1,0,0,4.3,0,1,0
2023-02-01,560,2,6.46,75.2,69.0,3.45,1,0,1,4.0,0,0,0
2023-03-01,560,3,6.26,72.9,71.0,3.74,1,0,1,3.7,0,0,0
2023-04-01,560,4,6.46,75.7,63.9,3.65,1,0,1,4.6,0,0,0
2023-05-01,560,5,6.54,73.1,65.6,3.66,1,0,1,1.3,0,0,1
2023-06-01,560,6,6.68,74.9,64.5,3.61,1,0,1,0.0,0,0,1
2023-07-01,560,7,6.74,65.0,69.3,3.71,1,0,1,4.7,0,0,1
2023-08-01,560,8,6.67,77.8,70.2,3.43,1,0,1,0.0,0,0,1
2023-09-01,560,9,6.62,69.1,58.1,3.69,1,0,1,9.5,0,0,1
2023-10-01,560,10,6.57,78.8,65.1,3.7,1,0,1,7.6,0,0,1
2023-11-01,560,11,6.69,71.5,61.8,3.14,1,0,1,1.0,0,0,1
2023-12-01,560,12,6.7,77.4,67.7,3.64,1,0,1,7.0,0,0,1
2024-01-01,560,13,6.88,74.4,65.0,4.02,1,0,1,1.1,0,0,1
2024-02-01,560,14,6.88,75.8,67.7,3.77,1,0,1,1.5,0,0,1
2024-03-01,560,15,7.08,67.9,64.9,3.67,1,0,1,4.1,0,0,1
2024-04-01,560,16,6.95,74.7,70.1,3.74,1,0,1,7.4,0,0,1
2024-05-01,560,17,7.19,79.9,67.3,3.82,1,0,1,2.5,0,0,1
2024-06-01,560,18,6.98,78.2,66.3,3.68,1,0,1,1.7,0,0,1
2023-01-01,561,1,6.9,84.7,31.1,2.64,0,2,0,3.0,0,0,0
2023-02-01,561,2,6.88,89.7,38.3,2.69,0,2,0,4.0,0,0,0
2023-03-01,561,3,7.01,93.4,44.2,2.26,0,2,0,5.3,0,0,0
2023-04-01,561,4,6.84,91.5,35.6,2.95,0,2,0,2.3,0,0,0
2023-05-01,561,5,6.99,86.2,35.7,2.53,0,2,0,6.4,0,0,0
2023-06-01,561,6,7.07,91.9,35.1,2.67,0,2,0,3.7,0,0,0
2023-07-01,561,7,7.08,88.9,42.6,2.59,0,2,0,8.5,0,0,0
2023-08-01,561,8,7.13,91.6,35.7,2.49,0,2,0,2.8,0,0,0
2023-09-01,561,9,7.3,86.5,37.7,2.89,0,2,0,4.7,0,0,0
2023-10-01,561,10,7.06,96.1,33.3,2.84,0,2,1,4.0,1,0,0
2023-11-01,561,11,7.38,84.2,38.6,2.79,0,2,1,1.3,1,0,0
2023-12-01,561,12,7.51,86.0,37.3,3.18,0,2,1,7.1,1,0,0
2024-01-01,561,13,7.42,87.5,38.9,2.9,0,2,1,6.3,1,0,0
2024-02-01,561,14,7.22,83.9,31.3,2.57,0,2,1,6.5,1,0,0
2024-03-01,561,15,7.59,92.9,35.0,2.86,0,2,1,10.1,1,0,0
2024-04-01,561,16,7.44,90.7,34.0,2.66,0,2,1,5.0,1,0,0
2024-05-01,561,17,7.51,94.4,37.7,2.64,0,2,1,3.5,1,0,0
2024-06-01,561,18,7.47,93.5,43.8,2.99,0,2,1,2.2,1,0,0
2023-01-01,562,1,7.26,80.5,47.5,2.19,0,0,0,14.8,0,0,0
2023-02-01,562,2,7.2,74.4,59.7,2.28,0,1,0,15.1,0,0,0
2023-03-01,562,3,7.28,77.9,55.4,2.16,1,1,0,13.3,1,0,0
2023-04-01,562,4,7.17,85.2,50.2,2.24,1,1,0,13.6,1,0,0
2023-05-01,562,5,7.41,76.9,59.8,2.17,1,1,0,11.2,1,0,0
2023-06-01,562,6,7.61,79.4,63.3,2.25,1,1,1,10.6,1,0,0
2023-07-01,562,7,7.46,76.8,66.9,2.53,1,2,1,11.0,1,0,0
2023-08-01,562,8,7.49,81.2,57.2,2.42,1,2,1,13.7,1,0,0
2023-09-01,562,9,7.52,81.4,72.7,2.44,1,2,1,14.0,1,0,0
2023-10-01,562,10,7.43,73.5,67.8,2.45,1,2,1,13.1,2,0,0
2023-11-01,562,11,7.47,79.3,63.6,2.56,1,2,1,9.3,3,0,0
2023-12-01,562,12,7.38,82.2,61.9,2.64,2,2,1,14.3,4,0,0
2024-01-01,562,13,7.45,81.4,61.8,2.57,2,2,1,15.8,5,0,0
2024-02-01,562,14,7.3,83.1,72.7,2.24,3,2,1,13.3,6,0,0
2024-03-01,562,15,7.41,88.1,69.3,2.48,3,3,1,10.3,6,0,0
2024-04-01,562,16,7.68,75.7,68.2,2.79,3,4,1,12.2,6,0,1
2024-05-01,562,17,7.68,74.3,71.0,2.52,3,4,1,13.3,6,0,1
2024-06-01,562,18,7.6,79.6,68.4,2.65,3,4,1,12.7,6,0,1
2023-01-01,563,1,6.85,68.5,52.4,3.9,2,1,0,10.7,0,1,0
2023-02-01,563,2,7.16,63.4,45.5,4.13,2,1,0,15.1,0,1,0
2023-03-01,563,3,6.87,68.8,46.9,3.82,2,1,0,12.4,0,1,0
2023-04-01,563,4,7.2,75.1,53.4,4.24,2,1,0,12.9,0,1,0
2023-05-01,563,5,6.98,65.9,60.3,3.89,2,1,0,8.1,0,1,0
2023-06-01,563,6,7.18,69.2,56.5,3.84,2,1,0,8.4,0,1,0
2023-07-01,563,7,7.11,67.1,63.0,4.08,2,1,0,9.6,1,1,0
2023-08-01,563,8,7.18,62.4,51.2,4.02,2,1,0,14.2,1,0,0
2023-09-01,563,9,7.19,58.6,63.6,4.12,2,1,0,10.7,1,0,0
2023-10-01,563,10,7.31,72.8,55.7,3.97,2,1,0,14.5,1,0,0
2023-11-01,563,11,7.49,68.4,59.2,3.78,2,1,0,7.9,1,0,0
2023-12-01,563,12,7.1,67.4,63.3,4.18,2,1,0,12.4,1,0,0
2024-01-01,563,13,7.21,66.1,68.4,4.12,2,1,1,10.8,1,0,0
2024-02-01,563,14,7.22,77.6,56.1,3.89,2,1,1,13.4,1,0,0
2024-03-01,563,15,7.17,63.0,62.1,3.98,2,1,2,12.7,1,0,0
2024-04-01,563,16,7.1,69.6,58.6,4.13,2,1,3,14.6,1,0,0
2024-05-01,563,17,7.5,67.0,65.1,4.08,2,1,4,17.7,1,0,1
2024-06-01,563,18,7.2,66.7,70.9,4.1,3,1,4,6.4,1,0,1
2023-01-01,564,1,6.57,87.1,29.0,2.04,0,2,0,3.2,0,0,0
2023-02-01,564,2,6.64,82.2,28.4,1.84,0,2,0,6.0,0,0,0
2023-03-01,564,3,6.34,86.8,28.6,2.09,0,2,0,5.1,0,0,0
2023-04-01,564,4,6.72,87.4,22.7,1.79,0,2,0,5.1,1,0,0
2023-05-01,564,5,6.75,90.0,27.7,1.84,0,2,0,6.2,1,0,0
2023-06-01,564,6,6.41,87.9,35.3,1.89,0,2,1,0.6,1,0,0
2023-07-01,564,7,6.82,85.6,27.1,2.09,0,2,1,5.9,1,0,0
2023-08-01,564,8,6.75,94.4,27.2,2.24,0,2,1,10.0,2,0,0
2023-09-01,564,9,6.96,86.0,26.7,2.27,0,2,1,3.7,3,0,0
2023-10-01,564,10,6.78,81.4,31.5,2.24,0,2,1,6.4,3,0,0
2023-11-01,564,11,6.72,87.6,25.1,2.14,0,2,1,6.6,3,0,0
2023-12-01,564,12,6.81,81.8,33.9,2.14,0,2,1,7.5,4,0,0
2024-01-01,564,13,6.9,82.3,28.8,1.98,0,2,1,0.0,4,0,0
2024-02-01,564,14,7.0,88.7,31.4,2.2,0,2,1,5.5,4,0,0
2024-03-01,564,15,7.09,87.4,36.3,1.97,0,2,1,7.6,5,0,0
2024-04-01,564,16,7.06,88.8,39.6,2.38,0,2,1,3.9,5,0,0
2024-05-01,564,17,7.0,81.6,33.8,2.03,0,2,1,10.6,5,0,0
2024-06-01,564,18,6.98,80.8,30.6,2.02,0,2,1,5.4,5,0,0
2023-01-01,565,1,7.9,77.6,52.1,4.02,0,0,1,2.1,0,0,0
2023-02-01,565,2,7.74,90.2,61.7,3.72,0,0,1,5.4,0,0,0
2023-03-01,565,3,7.76,75.7,62.3,3.71,0,0,1,5.1,0,0,0
2023-04-01,565,4,7.78,79.8,64.8,3.67,0,0,1,3.3,0,0,0
2023-05-01,565,5,7.94,76.4,64.1,3.85,1,0,1,5.7,0,0,0
2023-06-01,565,6,7.93,81.6,61.0,3.83,1,0,1,5.9,0,0,0
2023-07-01,565,7,7.85,80.8,66.5,4.05,1,0,1,6.4,0,0,0
2023-08-01,565,8,7.85,84.1,65.3,3.93,1,0,1,0.8,1,0,0
2023-09-01,565,9,7.93,89.3,63.5,3.97,1,0,2,8.5,1,0,0
2023-10-01,565,10,7.89,81.6,72.1,4.03,1,1,2,7.5,1,0,0
2023-11-01,565,11,7.85,81.0,68.7,3.8,1,1,2,7.0,1,0,0
2023-12-01,565,12,8.07,91.0,62.4,4.06,1,1,2,6.3,1,0,0
2024-01-01,565,13,8.12,87.9,75.6,4.06,1,1,2,13.0,1,0,0
2024-02-01,565,14,7.92,93.1,75.5,3.76,1,1,2,1.8,1,0,1
2024-03-01,565,15,8.17,74.8,68.0,3.78,1,1,2,11.8,1,0,1
2024-04-01,565,16,7.96,88.1,60.3,4.38,1,2,2,7.7,1,0,1
2024-05-01,565,17,8.09,83.7,70.6,3.95,1,2,3,5.5,1,0,1
2024-06-01,565,18,7.99,77.3,70.9,4.16,1,2,3,7.1,1,0,1
2023-01-01,566,1,7.59,78.7,46.7,2.88,0,1,1,6.3,0,0,1
2023-02-01,566,2,7.62,79.6,54.0,3.21,0,1,1,5.4,0,0,1
2023-03-01,566,3,7.67,79.6,55.0,3.14,0,1,1,13.4,0,0,1
2023-04-01,566,4,7.69,79.5,53.8,3.23,0,1,1,10.4,0,0,1
2023-05-01,566,5,7.75,80.4,55.9,3.29,0,1,1,2.5,0,0,1
2023-06-01,566,6,7.76,87.9,51.2,3.1,0,1,1,8.4,0,0,1
2023-07-01,566,7,7.89,77.6,45.6,2.76,0,1,1,4.9,0,0,1
2023-08-01,566,8,8.06,79.2,59.7,2.97,0,1,1,6.4,0,0,1
2023-09-01,566,9,7.82,76.0,55.1,3.3,0,1,2,9.5,0,0,1
2023-10-01,566,10,7.94,76.3,61.8,3.37,0,1,2,7.1,0,0,1
2023-11-01,566,11,8.17,79.4,58.0,3.35,0,1,2,6.4,0,0,1
2023-12-01,566,12,7.9,85.5,61.9,2.87,0,1,2,9.6,0,0,1
2024-01-01,566,13,7.97,84.2,48.9,3.1,0,1,2,4.7,1,0,1
2024-02-01,566,14,8.16,84.9,62.2,3.05,0,2,2,3.7,1,0,1
2024-03-01,566,15,8.51,85.1,56.6,3.17,0,2,2,8.1,1,0,1
2024-04-01,566,16,8.31,76.2,60.6,3.08,0,2,2,8.9,1,0,1
2024-05-01,566,17,8.45,73.8,62.1,3.43,1,2,2,4.9,1,0,1
2024-06-01,566,18,8.31,83.3,61.0,3.45,1,2,2,9.3,2,0,1
2023-01-01,567,1,6.92,82.4,28.6,2.96,0,1,0,6.9,0,0,0
2023-02-01,567,2,6.78,83.5,27.4,3.08,0,1,0,11.6,0,0,0
2023-03-01,567,3,6.94,84.6,31.6,3.58,0,1,0,10.8,0,0,0
2023-04-01,567,4,7.13,84.1,28.8,3.09,0,1,0,11.5,1,0,0
2023-05-01,567,5,6.84,85.3,27.4,2.9,0,1,0,16.2,1,0,0
2023-06-01,567,6,7.12,84.9,24.8,2.9,1,1,0,12.0,1,0,0
2023-07-01,567,7,6.92,81.0,33.5,3.33,1,1,0,9.2,1,0,0
2023-08-01,567,8,6.92,81.4,35.6,2.91,1,1,0,10.1,1,0,0
2023-09-01,567,9,7.0,79.9,37.9,3.13,1,1,0,10.6,1,0,0
2023-10-01,567,10,7.04,92.8,32.6,3.25,1,1,0,12.1,2,0,0
2023-11-01,567,11,7.26,84.6,33.0,3.13,1,1,0,12.8,3,0,0
2023-12-01,567,12,7.31,79.3,37.6,3.38,1,1,0,11.8,3,0,0
2024-01-01,567,13,6.96,81.1,33.8,2.81,1,1,0,9.9,3,0,0
2024-02-01,567,14,7.01,77.1,43.2,3.12,2,1,0,8.1,3,0,0
2024-03-01,567,15,7.16,82.0,38.7,2.98,2,1,0,10.5,3,0,0
2024-04-01,567,16,7.25,89.7,38.4,3.42,2,1,0,10.9,3,0,0
2024-05-01,567,17,7.16,80.6,33.1,3.15,2,1,0,9.2,4,0,0
2024-06-01,567,18,7.18,84.0,42.6,3.35,2,1,0,12.9,4,0,0
2023-01-01,568,1,6.3,79.5,70.9,3.26,1,1,0,11.8,0,0,0
2023-02-01,568,2,6.63,69.9,72.8,3.55,1,1,0,13.0,0,0,0
2023-03-01,568,3,6.43,73.8,74.8,3.64,1,1,0,7.6,0,0,0
2023-04-01,568,4,6.68,74.6,72.3,3.69,1,1,0,8.8,0,0,0
2023-05-01,568,5,6.68,73.0,74.7,3.36,1,1,0,12.1,0,0,0
2023-06-01,568,6,6.76,75.9,74.9,3.45,1,1,0,10.8,0,0,0
2023-07-01,568,7,6.55,75.6,71.7,3.46,1,1,0,11.9,0,0,0
2023-08-01,568,8,6.77,76.5,80.2,3.48,2,1,0,8.4,0,0,1
2023-09-01,568,9,6.65,77.1,82.5,3.64,2,2,0,8.4,0,0,1
2023-10-01,568,10,6.71,81.6,69.9,3.47,2,2,0,12.5,0,0,1
2023-11-01,568,11,6.94,78.1,76.7,3.53,2,2,0,13.0,0,0,1
2023-12-01,568,12,6.89,75.7,81.4,3.3,3,2,0,12.9,0,0,1
2024-01-01,568,13,6.86,72.2,87.7,3.65,4,2,0,9.6,0,0,1
2024-02-01,568,14,6.96,77.9,83.1,3.72,4,2,0,8.0,0,0,1
2024-03-01,568,15,7.01,73.4,77.1,3.59,4,2,0,8.6,0,0,1
2024-04-01,568,16,6.96,79.3,83.8,3.43,4,2,0,10.4,0,0,1
2024-05-01,568,17,7.08,72.0,87.1,3.66,4,2,0,7.2,0,0,1
2024-06-01,568,18,7.18,74.6,84.7,3.52,4,2,1,8.0,0,0,1
2023-01-01,569,1,7.51,87.8,79.6,3.39,0,1,0,0.0,0,0,0
2023-02-01,569,2,7.55,87.4,81.2,3.53,0,1,0,2.6,0,0,0
2023-03-01,569,3,7.45,85.2,71.7,3.7,0,1,0,5.4,0,0,0
2023-04-01,569,4,7.34,84.7,82.5,3.57,0,1,0,6.7,0,0,0
2023-05-01,569,5,7.72,86.1,80.3,3.79,0,1,0,2.1,0,0,0
2023-06-01,569,6,7.43,81.6,85.0,3.58,0,1,0,3.4,0,0,0
2023-07-01,569,7,7.61,89.5,79.0,3.69,0,1,0,4.0,0,0,0
2023-08-01,569,8,7.78,86.1,78.9,3.7,0,1,0,3.5,0,0,0
2023-09-01,569,9,7.84,83.7,77.4,3.62,0,1,0,1.9,0,0,0
2023-10-01,569,10,7.82,86.6,79.2,3.75,0,1,0,2.8,0,0,0
2023-11-01,569,11,7.87,82.2,77.7,3.42,0,1,1,3.6,0,0,0
2023-12-01,569,12,7.89,93.8,83.4,3.85,0,1,2,8.8,0,0,0
2024-01-01,569,13,8.06,89.7,81.3,3.87,0,1,2,0.7,0,0,0
2024-02-01,569,14,8.23,89.2,78.0,3.79,0,1,2,4.9,0,0,0
2024-03-01,569,15,8.01,87.7,84.0,3.92,0,1,2,4.7,0,0,0
2024-04-01,569,16,8.0,87.0,77.3,3.95,0,1,2,8.9,0,0,0
2024-05-01,569,17,8.2,90.7,83.3,3.92,0,1,2,0.9,0,0,0
2024-06-01,569,18,8.04,87.9,88.1,4.1,0,1,2,2.9,0,0,0
2023-01-01,570,1,6.98,77.9,87.4,2.93,0,0,0,6.5,0,0,0
2023-02-01,570,2,7.1,85.8,78.5,2.65,0,0,0,0.9,0,0,0
2023-03-01,570,3,7.24,83.9,74.8,2.73,0,0,0,2.4,0,0,0
2023-04-01,570,4,7.29,83.2,77.7,2.73,0,0,0,3.1,0,0,0
2023-05-01,570,5,7.22,85.4,77.6,2.68,0,0,0,7.0,0,0,0
2023-06-01,570,6,7.26,79.3,89.8,2.63,0,0,0,0.0,0,0,0
2023-07-01,570,7,7.3,77.4,80.3,2.89,0,0,0,3.7,1,0,0
2023-08-01,570,8,7.61,88.1,82.7,2.74,0,0,0,1.4,1,0,0
2023-09-01,570,9,7.16,78.8,80.6,2.79,0,0,0,8.0,1,0,0
2023-10-01,570,10,7.57,79.0,79.9,2.98,0,0,0,6.5,1,0,0
2023-11-01,570,11,7.42,77.0,83.0,2.83,0,0,0,4.5,1,0,0
2023-12-01,570,12,7.47,73.7,81.7,2.78,0,0,0,4.6,1,0,0
2024-01-01,570,13,7.25,89.4,84.4,2.72,0,0,0,1.5,1,0,0
2024-02-01,570,14,7.36,84.3,83.4,2.9,0,0,0,9.7,2,0,1
2024-03-01,570,15,7.32,83.3,86.2,2.7,1,0,0,5.9,3,0,1
2024-04-01,570,16,7.57,83.6,81.6,2.63,1,0,0,0.8,3,0,1
2024-05-01,570,17,7.56,81.1,85.6,2.35,1,0,0,2.3,3,0,1
2024-06-01,570,18,7.6,84.3,85.4,2.9,1,0,0,1.6,3,0,1
2023-01-01,571,1,5.8,86.3,57.9,3.58,0,0,0,2.1,0,2,0
2023-02-01,571,2,5.82,83.8,69.5,3.8,0,0,0,10.9,0,2,0
2023-03-01,571,3,5.88,86.6,61.7,3.67,0,0,0,8.1,0,1,0
2023-04-01,571,4,5.9,84.7,69.6,3.47,0,0,0,8.9,0,0,0
2023-05-01,571,5,5.91,83.1,69.0,3.78,0,0,0,4.8,1,0,0
2023-06-01,571,6,5.95,89.0,66.1,4.02,0,0,0,7.1,1,0,0
2023-07-01,571,7,5.76,82.3,64.0,3.63,0,0,0,9.4,1,0,0
2023-08-01,571,8,6.01,84.3,62.3,3.85,0,0,0,4.3,1,0,0
2023-09-01,571,9,6.09,89.4,68.8,3.59,0,0,0,6.7,1,0,0
2023-10-01,571,10,5.88,91.7,69.5,3.74,0,0,0,8.7,1,0,0
2023-11-01,571,11,6.09,81.0,75.9,3.73,0,0,0,4.2,1,0,0
2023-12-01,571,12,5.96,86.9,60.3,3.78,0,0,0,5.4,1,0,0
2024-01-01,571,13,6.14,85.8,60.6,3.61,0,0,0,3.6,1,0,0
2024-02-01,571,14,6.22,82.1,69.1,3.93,0,0,0,5.5,2,0,0
2024-03-01,571,15,6.06,80.5,71.3,4.04,0,0,0,10.8,2,0,0
2024-04-01,571,16,6.03,79.4,77.4,3.77,0,0,0,8.1,2,0,0
2024-05-01,571,17,6.15,86.8,70.5,3.75,0,0,0,2.5,2,0,0
2024-06-01,571,18,6.18,88.2,76.7,4.23,0,0,0,6.3,2,0,0
2023-01-01,572,1,7.01,76.5,59.4,3.19,1,1,0,8.6,0,0,0
2023-02-01,572,2,7.05,88.4,52.7,3.33,1,1,0,12.2,0,0,0
2023-03-01,572,3,6.94,76.5,62.7,3.17,2,1,0,8.6,0,0,0
2023-04-01,572,4,7.07,83.9,64.3,3.36,2,1,0,11.2,0,0,0
2023-05-01,572,5,7.02,81.9,56.8,3.13,2,1,0,10.1,0,0,0
2023-06-01,572,6,7.22,91.3,63.7,3.11,2,1,0,8.2,0,0,1
2023-07-01,572,7,7.19,83.9,61.6,3.35,2,1,0,12.7,0,0,1
2023-08-01,572,8,7.44,91.3,72.0,3.42,2,1,0,14.8,0,0,1
2023-09-01,572,9,7.31,74.2,68.1,3.28,2,1,1,10.0,0,0,1
2023-10-01,572,10,7.4,90.4,66.8,3.42,2,1,1,10.3,0,0,1
2023-11-01,572,11,7.46,86.4,68.4,3.32,2,1,1,11.6,0,0,1
2023-12-01,572,12,7.37,81.7,65.9,3.55,2,1,1,11.6,1,0,1
2024-01-01,572,13,7.56,82.5,68.8,3.23,2,1,2,11.7,1,0,1
2024-02-01,572,14,7.49,95.6,70.4,3.37,3,1,2,9.0,1,0,1
2024-03-01,572,15,7.62,82.8,69.1,3.54,3,2,2,9.2,1,0,1
2024-04-01,572,16,7.43,89.4,69.4,3.3,3,2,2,13.3,2,0,1
2024-05-01,572,17,7.69,90.3,72.7,3.52,3,2,2,13.4,2,0,1
2024-06-01,572,18,7.74,87.6,70.8,3.29,3,3,3,8.4,2,0,1
2023-01-01,573,1,7.29,67.4,75.4,2.38,0,1,0,8.5,0,0,0
2023-02-01,573,2,7.27,70.2,83.8,2.27,0,1,0,11.1,0,0,0
2023-03-01,573,3,7.13,73.8,76.6,2.34,0,1,0,13.0,0,0,0
2023-04-01,573,4,7.29,73.2,84.6,2.43,0,2,0,13.0,0,0,0
2023-05-01,573,5,7.37,64.2,80.9,2.32,0,3,0,8.5,0,0,1
2023-06-01,573,6,7.33,70.2,80.1,2.4,0,3,0,5.8,0,0,1
2023-07-01,573,7,7.21,70.9,80.4,2.47,0,3,0,9.7,0,0,1
2023-08-01,573,8,7.38,69.9,80.3,2.58,0,4,0,8.5,0,0,1
2023-09-01,573,9,7.25,67.1,93.8,2.55,0,4,0,14.6,0,0,1
2023-10-01,573,10,7.37,67.8,88.0,2.46,0,4,0,10.1,1,0,1
2023-11-01,573,11,7.5,70.5,88.7,2.29,0,4,0,14.6,2,0,1
2023-12-01,573,12,7.39,77.5,83.1,2.29,0,4,0,8.8,3,0,1
2024-01-01,573,13,7.42,68.7,87.0,2.28,0,4,0,7.5,3,0,1
2024-02-01,573,14,7.5,72.8,86.4,2.2,1,4,0,10.3,3,0,1
2024-03-01,573,15,7.36,71.2,93.2,2.76,1,5,0,7.5,3,0,1
2024-04-01,573,16,7.61,69.9,95.0,2.58,1,5,0,10.7,4,0,1
2024-05-01,573,17,7.45,69.6,92.3,2.48,1,5,0,12.7,4,0,1
2024-06-01,573,18,7.32,74.4,91.7,2.56,1,5,0,9.9,4,0,1
2023-01-01,574,1,6.09,67.2,81.2,3.25,0,2,0,3.9,0,0,0
2023-02-01,574,2,6.43,72.0,85.1,3.24,0,2,0,3.8,0,0,0
2023-03-01,574,3,6.27,73.6,87.1,2.88,0,2,0,1.4,0,0,0
2023-04-01,574,4,6.26,72.4,89.2,3.19,0,2,0,2.1,0,0,0
2023-05-01,574,5,6.5,64.1,84.3,3.45,0,2,0,9.0,0,0,0
2023-06-01,574,6,6.51,71.8,85.9,3.1,0,3,0,0.0,0,0,0
2023-07-01,574,7,6.39,73.9,84.0,3.08,0,3,0,2.0,0,0,0
2023-08-01,574,8,6.44,71.4,86.7,3.11,0,3,0,3.4,0,0,0
2023-09-01,574,9,6.45,75.4,84.5,3.25,0,3,0,8.2,0,0,0
2023-10-01,574,10,6.5,75.7,84.4,3.21,0,3,0,2.8,0,0,0
2023-11-01,574,11,6.74,69.2,88.9,3.08,0,3,0,0.6,0,0,0
2023-12-01,574,12,6.33,69.4,92.8,3.37,0,3,0,8.7,0,0,0
2024-01-01,574,13,6.53,73.2,87.0,3.41,0,3,0,9.1,0,0,0
2024-02-01,574,14,6.47,67.6,87.4,2.99,0,3,0,4.4,0,0,0
2024-03-01,574,15,6.82,75.4,83.5,3.03,0,3,0,7.0,1,0,0
2024-04-01,574,16,6.71,73.5,79.6,3.39,0,3,0,3.5,1,0,0
2024-05-01,574,17,6.81,74.9,86.9,3.45,0,3,0,3.4,1,0,0
2024-06-01,574,18,6.48,75.6,87.7,3.46,0,3,0,3.7,1,0,0
2023-01-01,575,1,7.24,64.5,81.3,4.42,0,1,1,8.6,0,2,0
2023-02-01,575,2,6.99,59.0,73.4,4.08,0,1,1,7.6,0,2,0
2023-03-01,575,3,7.3,54.9,76.7,4.28,0,1,1,6.7,0,2,0
2023-04-01,575,4,7.05,67.6,74.8,3.85,0,1,1,12.3,0,2,0
2023-05-01,575,5,7.23,54.4,76.9,4.4,0,1,1,8.6,0,2,0
2023-06-01,575,6,7.38,51.7,71.8,4.39,0,1,1,5.2,0,1,0
2023-07-01,575,7,7.49,59.5,72.9,3.97,0,1,1,5.8,0,1,1
2023-08-01,575,8,7.34,54.8,82.0,4.36,0,1,1,7.5,0,1,1
2023-09-01,575,9,7.31,68.9,77.0,4.31,0,1,2,3.8,0,1,1
2023-10-01,575,10,7.53,57.2,78.8,4.32,0,1,2,8.4,0,1,1
2023-11-01,575,11,7.45,55.2,79.6,4.45,0,1,2,8.2,0,1,1
2023-12-01,575,12,7.55,56.9,75.6,4.22,0,1,3,9.7,0,1,1
2024-01-01,575,13,7.62,56.2,84.4,4.08,0,1,3,11.8,0,1,1
2024-02-01,575,14,7.65,62.3,78.0,4.47,0,1,3,6.2,0,1,1
2024-03-01,575,15,7.52,63.1,91.1,4.39,0,1,3,12.4,0,1,1
2024-04-01,575,16,7.42,55.4,93.1,4.19,0,2,3,8.8,0,1,1
2024-05-01,575,17,7.57,60.1,86.4,4.45,0,2,3,6.6,0,0,1
2024-06-01,575,18,7.78,58.8,86.8,4.37,0,2,3,3.7,0,0,1
2023-01-01,576,1,5.66,90.4,46.1,4.37,0,1,0,4.9,0,0,0
2023-02-01,576,2,5.86,83.7,42.0,4.24,0,1,0,4.0,0,0,0
2023-03-01,576,3,5.82,92.8,37.8,4.46,0,1,0,0.0,0,0,0
2023-04-01,576,4,5.98,89.5,40.7,4.57,0,1,0,5.5,0,0,0
2023-05-01,576,5,5.89,88.5,40.2,4.57,0,1,0,6.6,0,0,0
2023-06-01,576,6,5.88,81.3,45.8,4.46,1,1,0,5.6,0,0,0
2023-07-01,576,7,6.01,91.0,42.5,4.23,1,1,0,6.3,0,0,0
2023-08-01,576,8,6.1,83.9,52.2,4.25,1,1,0,5.0,0,0,0
2023-09-01,576,9,6.13,89.8,43.2,4.41,1,1,0,6.0,0,0,0
2023-10-01,576,10,6.24,88.3,40.7,4.68,1,1,0,4.1,0,0,0
2023-11-01,576,11,6.05,87.2,44.6,4.47,1,2,0,2.5,1,0,0
2023-12-01,576,12,6.07,83.3,54.0,4.55,1,2,0,1.1,1,0,0
2024-01-01,576,13,6.23,88.9,53.3,4.51,1,2,0,2.6,1,0,0
2024-02-01,576,14,6.06,74.8,43.7,4.48,1,2,0,2.7,2,0,0
2024-03-01,576,15,5.91,93.2,52.5,4.36,1,2,0,5.0,2,0,0
2024-04-01,576,16,6.31,90.3,48.9,4.47,1,2,0,4.0,2,0,0
2024-05-01,576,17,6.15,80.8,43.5,4.34,1,2,0,3.5,2,0,0
2024-06-01,576,18,5.98,88.5,48.3,4.64,1,2,0,2.6,2,0,0
2023-01-01,577,1,8.14,66.4,58.0,3.72,0,1,1,8.9,0,1,0
2023-02-01,577,2,8.33,73.7,50.0,3.4,1,2,1,9.1,0,1,0
2023-03-01,577,3,8.11,74.7,68.4,3.65,1,2,1,10.2,0,1,0
2023-04-01,577,4,8.15,71.5,63.0,3.9,2,2,1,7.3,0,1,0
2023-05-01,577,5,8.34,77.7,59.9,3.6,2,2,1,12.8,0,1,0
2023-06-01,577,6,8.16,68.4,68.4,4.02,2,3,1,11.0,0,0,0
2023-07-01,577,7,8.31,67.1,72.2,3.74,2,4,1,9.7,0,0,1
2023-08-01,577,8,8.31,65.4,68.0,3.91,2,4,1,10.3,0,0,1
2023-09-01,577,9,8.27,72.4,65.7,3.91,2,4,1,10.3,0,0,1
2023-10-01,577,10,8.23,69.4,72.8,3.83,2,4,1,8.6,0,0,1
2023-11-01,577,11,8.28,76.3,66.9,3.9,2,4,1,10.7,0,0,1
2023-12-01,577,12,8.44,75.0,70.6,3.48,2,4,1,8.0,0,0,1
2024-01-01,577,13,8.57,73.8,76.3,3.62,2,4,1,9.7,1,0,1
2024-02-01,577,14,8.65,68.4,73.2,3.85,2,4,1,13.3,2,0,1
2024-03-01,577,15,8.71,70.0,71.4,3.79,2,4,1,12.4,3,0,1
2024-04-01,577,16,8.65,69.2,76.4,3.78,2,4,1,11.8,3,0,1
2024-05-01,577,17,8.69,71.8,72.8,3.69,2,5,2,7.3,3,0,1
2024-06-01,577,18,8.9,71.0,69.1,3.91,2,5,2,10.2,3,0,1
2023-01-01,578,1,7.85,83.5,61.2,2.36,0,2,0,8.0,0,0,0
2023-02-01,578,2,8.18,87.3,68.1,2.64,0,2,0,10.8,0,0,0
2023-03-01,578,3,7.95,79.6,71.2,2.49,0,2,0,13.0,0,0,0
2023-04-01,578,4,8.21,77.1,68.2,2.47,0,2,0,9.5,0,0,0
2023-05-01,578,5,8.17,86.4,62.7,2.17,0,2,0,13.0,0,0,0
2023-06-01,578,6,8.26,84.1,70.4,2.49,0,2,0,17.1,1,0,1
2023-07-01,578,7,8.34,83.8,66.3,2.24,1,2,0,9.8,1,0,1
2023-08-01,578,8,8.32,80.6,64.5,2.38,1,2,0,14.3,1,0,1
2023-09-01,578,9,8.24,84.6,72.3,2.58,1,2,0,12.8,1,0,1
2023-10-01,578,10,8.29,87.6,74.6,2.43,2,2,0,8.8,1,0,1
2023-11-01,578,11,8.45,81.4,76.0,2.33,2,2,0,15.1,1,0,1
2023-12-01,578,12,8.41,88.2,78.8,2.11,2,2,0,9.1,2,0,1
2024-01-01,578,13,8.55,91.1,68.0,2.35,2,3,1,11.6,2,0,1
2024-02-01,578,14,8.7,81.1,75.6,2.17,3,3,1,13.1,2,0,1
2024-03-01,578,15,8.45,82.0,70.6,2.58,3,3,1,15.7,3,0,1
2024-04-01,578,16,8.52,79.5,74.7,2.48,3,3,1,9.9,3,0,1
2024-05-01,578,17,8.56,83.1,83.4,2.28,3,3,1,14.6,3,0,1
2024-06-01,578,18,8.77,83.9,87.2,2.37,3,3,1,13.9,3,0,1
2023-01-01,579,1,6.85,80.8,26.8,3.53,0,2,1,6.2,0,0,0
2023-02-01,579,2,7.06,90.1,30.5,3.51,0,2,1,5.6,0,0,0
2023-03-01,579,3,6.92,84.2,27.8,3.74,0,2,2,4.6,0,0,0
2023-04-01,579,4,6.76,84.8,32.8,3.31,0,2,2,10.3,0,0,0
2023-05-01,579,5,6.74,89.5,31.1,3.78,1,2,2,8.7,0,0,0
2023-06-01,579,6,6.87,82.8,31.4,3.84,1,2,2,5.6,0,0,0
2023-07-01,579,7,6.84,79.4,36.5,3.89,1,2,2,5.7,0,0,0
2023-08-01,579,8,7.1,89.8,40.2,3.74,1,2,2,4.9,0,0,0
2023-09-01,579,9,7.08,88.9,36.9,3.75,1,2,2,8.1,0,0,1
2023-10-01,579,10,7.02,83.0,31.7,3.6,1,2,2,5.4,0,0,1
2023-11-01,579,11,6.76,86.0,35.6,3.63,1,2,2,7.6,0,0,1
2023-12-01,579,12,7.26,86.8,27.4,3.58,1,2,2,5.9,1,0,1
2024-01-01,579,13,7.09,94.4,31.8,3.6,1,2,3,8.9,1,0,1
2024-02-01,579,14,7.07,83.4,36.1,3.63,1,2,3,4.0,1,0,1
2024-03-01,579,15,7.13,88.9,39.5,3.75,1,2,3,6.7,2,0,1
2024-04-01,579,16,7.23,85.8,42.1,3.79,1,2,3,7.6,2,0,1
2024-05-01,579,17,7.2,84.2,35.3,3.89,1,2,3,7.4,2,0,1
2024-06-01,579,18,7.21,86.3,34.6,3.63,1,2,3,9.4,2,0,1
2023-01-01,580,1,7.3,89.6,61.7,3.87,0,0,0,3.9,0,2,0
2023-02-01,580,2,7.22,82.0,63.1,3.81,0,0,0,2.3,0,2,0
2023-03-01,580,3,7.4,86.5,59.7,3.87,0,0,0,1.0,0,2,0
2023-04-01,580,4,7.29,90.2,72.0,3.46,1,0,0,0.9,0,2,0
2023-05-01,580,5,7.56,83.6,64.5,3.81,1,0,0,2.1,0,2,0
2023-06-01,580,6,7.51,86.6,63.3,3.87,1,0,0,3.1,0,2,0
2023-07-01,580,7,7.38,89.2,69.8,3.86,1,0,0,5.8,0,1,0
2023-08-01,580,8,7.72,79.0,70.6,3.79,1,0,0,9.0,0,1,0
2023-09-01,580,9,7.52,78.5,62.6,3.88,1,0,0,1.1,0,0,0
2023-10-01,580,10,7.56,94.9,68.3,3.95,1,0,0,2.4,0,0,0
2023-11-01,580,11,7.85,90.1,70.2,4.03,1,0,0,6.3,0,0,0
2023-12-01,580,12,7.89,90.4,71.9,3.82,1,0,0,3.9,0,0,0
2024-01-01,580,13,7.49,89.8,67.0,3.65,1,0,0,1.1,0,0,0
2024-02-01,580,14,7.77,88.8,71.2,4.1,1,0,0,1.7,0,0,0
2024-03-01,580,15,8.11,93.8,71.5,3.77,1,0,0,3.5,0,0,0
2024-04-01,580,16,7.83,87.4,71.4,4.14,1,0,0,2.0,0,0,0
2024-05-01,580,17,7.98,90.4,77.1,3.72,1,0,0,4.2,0,0,0
2024-06-01,580,18,8.12,83.6,70.6,4.18,2,0,0,4.2,0,0,0
2023-01-01,581,1,5.06,65.2,87.9,3.82,0,1,0,6.5,0,2,0
2023-02-01,581,2,5.02,66.0,89.0,4.01,0,2,0,6.3,0,2,0
2023-03-01,581,3,5.19,67.6,97.2,4.12,0,3,0,10.4,0,2,0
2023-04-01,581,4,5.13,71.3,95.2,3.81,0,3,0,8.6,0,2,0
2023-05-01,581,5,5.03,78.2,90.4,3.88,0,3,0,9.6,0,2,0
2023-06-01,581,6,5.0,72.6,90.2,3.54,0,3,0,6.6,0,2,0
2023-07-01,581,7,5.19,72.1,96.6,3.67,0,3,0,10.6,0,2,0
2023-08-01,581,8,5.3,70.0,96.9,3.82,0,3,0,8.5,0,2,0
2023-09-01,581,9,5.35,70.9,92.6,3.74,0,3,0,7.2,0,2,0
2023-10-01,581,10,5.25,73.8,91.5,3.84,0,3,1,5.2,0,2,0
2023-11-01,581,11,5.27,69.7,100.0,3.8,0,3,1,13.9,0,2,0
2023-12-01,581,12,5.25,69.7,100.0,3.64,0,3,1,7.1,0,2,0
2024-01-01,581,13,5.37,72.3,95.1,3.79,0,3,1,8.5,0,2,0
2024-02-01,581,14,5.35,65.7,99.9,3.83,0,3,1,11.6,0,1,0
2024-03-01,581,15,5.23,67.7,100.0,3.9,0,3,1,6.5,0,1,0
2024-04-01,581,16,5.36,75.0,100.0,3.73,0,3,1,7.6,0,1,0
2024-05-01,581,17,5.69,74.0,100.0,3.85,1,3,1,11.3,0,1,0
2024-06-01,581,18,5.57,72.0,100.0,3.86,1,3,1,5.8,0,1,0
2023-01-01,582,1,6.06,75.7,69.8,3.67,1,1,0,3.9,0,0,0
2023-02-01,582,2,6.21,73.4,65.8,3.73,1,1,0,7.5,0,0,0
2023-03-01,582,3,6.42,84.2,67.7,3.67,1,1,0,8.4,0,0,0
2023-04-01,582,4,5.97,82.3,73.2,3.59,1,1,0,12.4,0,0,0
2023-05-01,582,5,6.31,74.5,66.6,3.72,1,1,0,5.2,0,0,0
2023-06-01,582,6,5.85,77.2,65.8,4.12,1,1,0,5.1,0,0,0
2023-07-01,582,7,6.16,88.0,61.3,3.98,1,1,0,7.3,0,0,0
2023-08-01,582,8,6.28,80.1,74.2,3.81,1,1,0,4.6,0,0,0
2023-09-01,582,9,6.18,81.8,66.0,3.62,1,1,0,8.2,0,0,0
2023-10-01,582,10,6.03,75.7,71.3,3.87,1,1,0,3.5,0,0,0
2023-11-01,582,11,6.12,76.6,74.7,4.02,1,1,0,10.1,0,0,0
2023-12-01,582,12,6.18,84.9,74.0,4.15,1,1,0,11.7,0,0,0
2024-01-01,582,13,6.1,79.0,73.0,3.57,1,1,0,5.8,1,0,0
2024-02-01,582,14,6.35,79.7,78.8,4.03,1,1,0,5.8,1,0,0
2024-03-01,582,15,6.38,79.5,66.6,3.78,1,1,0,9.7,2,0,0
2024-04-01,582,16,5.98,77.8,75.5,3.86,1,1,0,4.7,2,0,0
2024-05-01,582,17,6.11,77.4,68.6,3.97,1,1,0,6.2,2,0,0
2024-06-01,582,18,6.2,83.8,74.0,3.86,1,1,0,3.7,3,0,0
2023-01-01,583,1,6.8,95.3,87.6,3.45,0,0,1,10.7,0,0,0
2023-02-01,583,2,6.77,100.0,82.7,3.3,1,0,1,9.3,1,0,0
2023-03-01,583,3,6.91,100.0,82.9,3.57,1,0,1,10.0,2,0,0
2023-04-01,583,4,6.75,91.4,85.0,3.32,1,0,1,8.2,2,0,0
2023-05-01,583,5,6.85,97.8,84.3,3.53,1,1,1,7.2,2,0,1
2023-06-01,583,6,6.93,99.0,86.4,3.68,1,1,1,11.0,2,0,1
2023-07-01,583,7,6.82,100.0,83.8,3.51,2,1,1,10.3,2,0,1
2023-08-01,583,8,6.87,95.3,87.6,3.44,2,1,1,12.3,2,0,1
2023-09-01,583,9,6.95,98.6,88.8,3.56,2,1,1,10.2,3,0,1
2023-10-01,583,10,6.99,98.2,85.3,3.6,2,1,1,9.6,3,0,1
2023-11-01,583,11,7.09,97.4,86.6,3.5,2,1,1,13.4,3,0,1
2023-12-01,583,12,7.24,99.9,90.8,3.48,2,1,1,6.3,4,0,1
2024-01-01,583,13,7.03,98.8,97.9,3.57,2,1,1,8.7,4,0,1
2024-02-01,583,14,7.23,96.8,84.9,3.61,2,1,1,8.4,4,0,1
2024-03-01,583,15,7.28,99.2,96.8,3.87,2,2,1,12.5,5,0,1
2024-04-01,583,16,7.32,98.3,93.8,3.71,2,3,1,8.1,5,0,1
2024-05-01,583,17,7.04,96.4,97.0,3.53,2,3,1,15.7,5,0,1
2024-06-01,583,18,7.35,98.8,89.2,3.63,2,3,1,8.6,5,0,1
2023-01-01,584,1,6.22,100.0,70.2,3.33,0,1,1,1.6,0,0,0
2023-02-01,584,2,6.28,97.0,57.1,3.07,0,1,1,7.3,0,0,0
2023-03-01,584,3,6.28,99.8,64.7,3.16,0,1,1,4.0,0,0,0
2023-04-01,584,4,6.35,100.0,59.0,3.16,0,1,1,2.0,0,0,0
2023-05-01,584,5,6.23,98.0,54.7,3.04,0,1,1,3.4,0,0,0
2023-06-01,584,6,6.3,100.0,62.3,3.2,0,1,2,6.4,0,0,0
2023-07-01,584,7,6.57,97.1,66.0,3.29,0,1,2,7.9,1,0,0
2023-08-01,584,8,6.46,100.0,61.9,3.15,0,1,2,4.8,1,0,0
2023-09-01,584,9,6.62,97.0,67.1,3.21,0,1,2,6.9,1,0,0
2023-10-01,584,10,6.77,100.0,64.3,3.21,0,2,2,4.0,2,0,0
2023-11-01,584,11,6.65,100.0,64.5,3.34,0,2,2,4.4,2,0,0
2023-12-01,584,12,6.75,100.0,65.8,3.46,0,2,2,5.7,2,0,0
2024-01-01,584,13,6.51,95.1,65.9,3.07,0,2,2,9.2,2,0,0
2024-02-01,584,14,6.8,100.0,72.5,3.05,1,2,2,10.3,2,0,0
2024-03-01,584,15,6.95,100.0,68.4,3.4,1,2,2,3.6,2,0,0
2024-04-01,584,16,6.93,100.0,68.3,2.99,1,3,2,9.7,2,0,0
2024-05-01,584,17,7.05,92.8,59.2,3.22,1,3,2,8.4,2,0,0
2024-06-01,584,18,7.03,92.7,67.6,3.21,1,3,2,7.5,2,0,0
2023-01-01,585,1,7.38,91.6,57.5,2.8,0,1,0,12.3,0,0,0
2023-02-01,585,2,8.02,87.8,58.1,2.76,1,1,0,14.1,0,0,0
2023-03-01,585,3,7.73,95.6,62.7,2.66,1,1,0,12.7,0,0,0
2023-04-01,585,4,7.55,86.6,57.8,2.8,1,1,0,11.0,0,0,0
2023-05-01,585,5,7.62,94.1,60.0,2.47,1,1,0,7.7,0,0,0
2023-06-01,585,6,7.54,89.3,58.3,2.99,1,1,0,12.2,1,0,0
2023-07-01,585,7,7.67,90.2,67.2,2.81,2,1,0,8.2,1,0,0
2023-08-01,585,8,7.53,95.6,56.1,2.65,2,1,0,11.0,1,0,0
2023-09-01,585,9,7.75,92.0,56.7,2.86,2,1,0,10.2,1,0,0
2023-10-01,585,10,7.88,91.6,67.5,2.83,2,1,0,9.8,1,0,0
2023-11-01,585,11,7.77,88.3,59.5,3.11,2,2,0,11.4,1,0,0
2023-12-01,585,12,7.7,97.3,59.7,2.9,2,2,1,8.0,1,0,0
2024-01-01,585,13,7.66,95.1,64.1,2.78,2,2,1,9.9,1,0,0
2024-02-01,585,14,7.87,92.3,70.0,3.12,2,2,1,8.9,2,0,0
2024-03-01,585,15,7.64,86.0,71.0,2.8,2,2,1,12.1,2,0,0
2024-04-01,585,16,7.71,91.1,72.6,2.92,2,3,2,10.3,2,0,0
2024-05-01,585,17,7.96,85.5,67.8,3.05,3,3,2,13.3,2,0,0
2024-06-01,585,18,7.84,91.9,68.1,3.03,3,3,3,14.2,2,0,0
2023-01-01,586,1,8.61,87.9,66.4,2.09,0,1,0,2.3,0,1,0
2023-02-01,586,2,8.5,84.6,65.7,1.88,0,1,0,1.2,0,1,0
2023-03-01,586,3,8.63,82.8,68.5,1.98,0,1,1,6.4,0,1,0
2023-04-01,586,4,8.74,85.9,61.6,2.2,0,1,1,4.4,0,1,0
2023-05-01,586,5,8.78,80.7,71.8,1.94,0,1,1,5.5,0,1,0
2023-06-01,586,6,8.74,90.0,68.4,1.95,0,1,1,8.2,0,1,0
2023-07-01,586,7,8.7,89.5,61.8,2.09,0,1,1,3.8,0,1,0
2023-08-01,586,8,8.58,92.3,70.5,2.08,0,1,1,7.4,0,1,0
2023-09-01,586,9,8.86,93.0,74.9,1.65,0,1,1,8.2,0,1,0
2023-10-01,586,10,8.86,81.4,69.5,2.21,0,1,1,3.3,0,0,0
2023-11-01,586,11,8.73,82.4,70.6,2.23,0,1,1,7.1,0,0,0
2023-12-01,586,12,8.58,87.6,76.5,2.18,0,1,1,1.7,0,0,0
2024-01-01,586,13,8.77,84.3,64.8,1.72,0,1,1,3.4,0,0,0
2024-02-01,586,14,8.69,85.1,67.7,1.8,0,1,1,6.1,0,0,0
2024-03-01,586,15,8.59,82.9,71.4,1.89,0,1,2,7.9,0,0,0
2024-04-01,586,16,9.01,83.7,55.2,2.28,0,1,2,3.2,0,0,0
2024-05-01,586,17,8.94,80.9,65.9,2.17,1,1,2,3.9,0,0,0
2024-06-01,586,18,8.96,90.9,69.5,1.81,2,1,2,6.8,0,0,1
2023-01-01,587,1,6.17,72.3,46.9,3.54,0,1,0,7.9,0,1,0
2023-02-01,587,2,6.13,70.2,42.6,3.54,0,1,0,5.4,0,1,0
2023-03-01,587,3,6.11,67.9,49.3,3.74,0,1,0,2.3,0,1,0
2023-04-01,587,4,5.98,65.7,48.4,3.78,0,1,0,10.9,0,1,0
2023-05-01,587,5,6.05,72.0,51.3,3.48,0,1,0,8.2,0,1,0
2023-06-01,587,6,6.26,75.5,45.1,3.47,0,1,0,4.9,1,1,0
2023-07-01,587,7,6.38,65.1,47.5,3.42,0,1,0,7.5,1,1,0
2023-08-01,587,8,6.2,71.4,51.6,3.54,0,1,0,0.0,1,1,0
2023-09-01,587,9,6.47,67.8,50.4,3.65,0,1,0,5.2,1,1,0
2023-10-01,587,10,6.38,73.1,51.6,3.58,0,1,0,2.2,1,1,0
2023-11-01,587,11,6.38,70.5,48.5,3.56,0,1,1,3.9,1,1,0
2023-12-01,587,12,6.33,75.7,45.6,3.81,0,1,1,4.4,1,1,0
2024-01-01,587,13,6.42,72.0,54.2,3.62,0,1,1,5.5,1,1,0
2024-02-01,587,14,6.38,69.8,46.7,3.4,0,1,2,6.6,1,1,0
2024-03-01,587,15,6.38,69.9,52.4,3.34,0,1,2,5.3,1,1,0
2024-04-01,587,16,6.44,72.7,54.3,3.71,0,1,2,7.4,1,1,0
2024-05-01,587,17,6.76,67.0,43.8,3.44,0,1,2,1.8,1,1,0
2024-06-01,587,18,6.67,66.7,43.0,3.49,0,1,2,8.0,1,1,0
2023-01-01,588,1,6.19,86.8,49.8,3.27,0,1,0,4.5,0,0,0
2023-02-01,588,2,6.4,86.8,38.6,3.44,0,1,0,5.5,0,0,0
2023-03-01,588,3,6.33,87.4,45.9,3.3,0,1,0,6.2,0,0,0
2023-04-01,588,4,6.37,90.6,42.8,3.49,0,1,1,9.6,0,0,0
2023-05-01,588,5,6.58,83.1,44.1,3.52,0,1,1,8.1,0,0,0
2023-06-01,588,6,6.7,85.0,46.8,3.55,0,1,1,4.8,0,0,0
2023-07-01,588,7,6.71,92.0,47.8,3.26,0,1,1,9.6,0,0,0
2023-08-01,588,8,6.64,90.3,49.8,3.39,0,1,1,8.4,0,0,0
2023-09-01,588,9,6.76,92.2,44.6,3.29,0,1,1,9.2,0,0,0
2023-10-01,588,10,6.53,87.4,47.9,3.17,0,2,1,6.1,0,0,0
2023-11-01,588,11,6.79,88.5,47.7,3.27,0,2,1,6.5,1,0,0
2023-12-01,588,12,6.79,88.9,47.2,3.45,0,3,1,2.1,1,0,0
2024-01-01,588,13,6.87,88.2,41.8,3.25,0,3,1,8.5,1,0,0
2024-02-01,588,14,7.07,86.2,51.1,3.39,0,3,1,7.2,1,0,0
2024-03-01,588,15,7.0,90.0,49.7,3.6,0,3,1,7.7,2,0,0
2024-04-01,588,16,7.19,90.9,47.6,3.29,0,3,1,4.1,2,0,0
2024-05-01,588,17,7.02,92.2,40.8,3.49,0,3,1,3.0,2,0,0
2024-06-01,588,18,7.27,88.4,46.2,3.52,0,3,1,5.5,2,0,0
2023-01-01,589,1,7.18,81.0,78.8,3.61,1,0,0,0.7,0,0,0
2023-02-01,589,2,7.05,77.8,76.0,3.66,1,0,0,0.5,0,0,0
2023-03-01,589,3,7.27,86.4,77.5,3.42,1,0,0,4.8,0,0,0
2023-04-01,589,4,7.08,83.4,78.1,3.24,1,0,0,4.9,0,0,0
2023-05-01,589,5,7.31,80.0,81.4,3.67,1,0,0,5.7,0,0,0
2023-06-01,589,6,7.32,79.3,81.8,3.64,1,0,0,0.0,1,0,0
2023-07-01,589,7,7.26,76.9,72.5,3.78,1,0,0,2.8,2,0,0
2023-08-01,589,8,7.29,74.5,78.9,3.81,1,0,0,0.0,2,0,0
2023-09-01,589,9,7.33,80.8,75.9,3.85,1,0,0,1.1,2,0,0
2023-10-01,589,10,7.42,75.4,79.0,3.33,1,0,0,3.5,2,0,0
2023-11-01,589,11,7.3,77.4,82.5,3.64,1,0,0,6.0,3,0,1
2023-12-01,589,12,7.34,81.5,86.6,3.62,1,0,0,3.4,3,0,1
2024-01-01,589,13,7.32,78.7,79.5,3.57,1,1,0,1.1,3,0,1
2024-02-01,589,14,7.21,76.6,81.3,3.9,1,1,0,1.2,3,0,1
2024-03-01,589,15,7.31,78.1,78.1,3.65,1,1,0,4.7,3,0,1
2024-04-01,589,16,7.46,78.4,87.9,3.74,1,1,0,5.1,3,0,1
2024-05-01,589,17,7.4,84.1,76.8,3.58,1,1,0,0.8,3,0,1
2024-06-01,589,18,7.24,79.9,80.5,3.86,1,1,0,2.9,3,0,1
2023-01-01,590,1,8.08,89.5,80.0,2.32,0,1,0,6.3,0,0,0
2023-02-01,590,2,8.46,83.3,84.9,2.3,0,1,0,0.1,0,0,0
2023-03-01,590,3,8.32,93.0,78.7,2.46,0,1,0,1.6,0,0,0
2023-04-01,590,4,8.22,84.2,78.7,2.06,0,1,0,8.4,0,0,0
2023-05-01,590,5,8.3,86.7,88.6,2.35,0,2,0,3.1,0,0,0
2023-06-01,590,6,8.41,82.7,81.8,2.0,0,2,0,7.0,0,0,0
2023-07-01,590,7,8.38,92.4,80.0,2.47,0,2,0,6.7,0,0,0
2023-08-01,590,8,8.66,82.5,85.6,2.63,0,2,0,9.9,0,0,0
2023-09-01,590,9,8.38,88.5,79.7,2.37,0,2,0,4.6,0,0,0
2023-10-01,590,10,8.78,80.2,79.8,2.32,0,2,0,3.6,0,0,0
2023-11-01,590,11,8.47,95.1,87.7,2.32,0,2,0,5.2,0,0,0
2023-12-01,590,12,8.67,95.4,80.4,2.13,0,2,0,4.7,0,0,0
2024-01-01,590,13,8.64,83.1,77.3,2.35,0,2,0,9.4,0,0,0
2024-02-01,590,14,8.49,86.9,83.5,2.52,0,2,0,1.8,0,0,0
2024-03-01,590,15,8.71,87.4,85.6,2.34,0,2,0,3.2,1,0,0
2024-04-01,590,16,8.76,90.5,85.1,2.42,0,2,0,4.9,1,0,0
2024-05-01,590,17,8.72,83.1,81.6,2.53,0,2,0,1.2,2,0,0
2024-06-01,590,18,8.84,87.4,81.0,2.66,0,2,0,11.1,2,0,0
2023-01-01,591,1,5.94,78.9,40.4,3.68,0,0,0,2.8,0,0,0
2023-02-01,591,2,6.23,76.9,38.6,3.86,0,0,0,10.5,0,0,0
2023-03-01,591,3,5.96,76.2,48.8,3.62,0,1,0,12.2,0,0,0
2023-04-01,591,4,6.26,75.9,49.0,3.56,0,1,1,8.0,0,0,0
2023-05-01,591,5,6.09,82.4,43.0,3.51,0,1,1,7.6,0,0,0
2023-06-01,591,6,6.29,72.7,39.8,3.56,0,1,1,8.9,0,0,0
2023-07-01,591,7,6.04,75.1,48.9,3.7,0,1,1,6.1,0,0,0
2023-08-01,591,8,6.21,79.1,54.6,3.56,0,1,1,6.9,0,0,0
2023-09-01,591,9,6.27,76.3,41.0,3.75,0,1,1,9.6,0,0,0
2023-10-01,591,10,6.22,82.8,48.7,3.88,0,2,1,9.5,0,0,0
2023-11-01,591,11,6.54,81.5,51.5,3.7,0,2,1,11.1,0,0,0
2023-12-01,591,12,6.39,76.5,54.3,3.56,1,2,1,10.9,0,0,0
2024-01-01,591,13,6.41,75.1,47.0,3.73,1,2,1,7.3,0,0,0
2024-02-01,591,14,6.59,70.4,53.2,3.83,1,2,1,8.2,0,0,0
2024-03-01,591,15,6.48,80.2,46.5,3.66,1,2,1,7.3,1,0,0
2024-04-01,591,16,6.6,76.6,44.0,3.6,1,2,1,10.3,1,0,0
2024-05-01,591,17,6.85,80.8,53.5,3.78,1,2,1,9.3,1,0,0
2024-06-01,591,18,6.64,79.6,46.5,3.92,1,2,1,6.4,1,0,1
2023-01-01,592,1,7.31,76.3,80.9,4.44,0,0,0,2.4,0,1,0
2023-02-01,592,2,7.31,82.2,72.0,4.9,0,0,0,5.6,0,1,0
2023-03-01,592,3,7.34,80.7,76.2,4.84,0,0,0,4.0,0,1,0
2023-04-01,592,4,7.1,85.2,66.4,4.7,0,0,0,7.3,0,1,0
2023-05-01,592,5,7.33,85.7,74.6,4.87,0,0,0,3.6,0,1,0
2023-06-01,592,6,7.3,84.2,81.6,4.86,0,0,0,3.2,0,1,0
2023-07-01,592,7,7.3,78.5,76.9,4.65,0,0,0,4.3,0,1,0
2023-08-01,592,8,7.24,80.5,63.1,4.9,0,0,0,2.3,0,1,0
2023-09-01,592,9,7.47,83.6,75.0,4.58,0,0,0,3.9,0,0,0
2023-10-01,592,10,7.35,73.1,78.2,4.82,0,0,0,5.6,0,0,0
2023-11-01,592,11,7.45,79.9,77.8,4.79,0,0,0,7.3,0,0,0
2023-12-01,592,12,7.43,84.4,76.9,5.0,0,0,0,6.5,0,0,0
2024-01-01,592,13,7.58,87.5,71.5,4.6,0,0,0,0.6,1,0,0
2024-02-01,592,14,7.54,79.2,80.4,5.0,0,0,0,3.9,1,0,0
2024-03-01,592,15,7.49,87.2,78.9,4.96,0,0,0,3.2,1,0,0
2024-04-01,592,16,7.69,80.7,76.8,4.9,0,0,0,3.6,1,0,0
2024-05-01,592,17,7.65,84.6,79.3,4.8,0,0,0,3.4,1,0,1
2024-06-01,592,18,7.41,77.9,75.0,4.92,0,0,0,5.3,1,0,1
2023-01-01,593,1,8.67,85.1,50.9,2.95,0,1,0,4.5,0,0,0
2023-02-01,593,2,8.39,83.2,61.2,3.14,0,1,0,3.7,0,0,0
2023-03-01,593,3,8.56,84.4,61.2,3.15,0,1,0,3.1,0,0,0
2023-04-01,593,4,8.52,86.1,61.2,3.43,0,1,0,2.5,0,0,0
2023-05-01,593,5,8.56,78.8,54.9,3.36,0,1,0,5.8,0,0,0
2023-06-01,593,6,8.45,87.1,56.7,3.4,0,1,0,6.3,0,0,0
2023-07-01,593,7,8.48,86.2,70.1,3.25,0,1,0,2.1,0,0,0
2023-08-01,593,8,8.48,82.7,60.7,3.33,0,1,0,3.6,0,0,0
2023-09-01,593,9,8.64,79.4,58.2,3.33,0,1,0,1.4,0,0,0
2023-10-01,593,10,8.6,80.4,60.0,3.4,0,1,0,7.4,0,0,0
2023-11-01,593,11,8.65,88.6,62.3,3.36,0,1,0,0.3,0,0,0
2023-12-01,593,12,8.66,78.4,56.9,3.43,0,1,0,2.9,0,0,0
2024-01-01,593,13,8.45,85.9,57.1,3.21,0,1,0,3.9,0,0,0
2024-02-01,593,14,8.88,83.6,65.2,3.4,0,1,0,6.1,0,0,0
2024-03-01,593,15,8.58,85.8,64.0,3.08,0,1,0,6.6,0,0,0
2024-04-01,593,16,8.9,81.6,52.0,3.36,0,1,0,2.5,0,0,0
2024-05-01,593,17,8.68,89.9,58.7,3.45,0,1,0,4.9,0,0,0
2024-06-01,593,18,8.77,82.0,57.6,3.45,0,1,0,7.7,0,0,0
2023-01-01,594,1,5.68,87.4,62.3,3.12,0,0,0,6.7,0,0,0
2023-02-01,594,2,5.56,85.1,62.4,3.38,0,0,0,4.3,0,0,0
2023-03-01,594,3,5.75,93.7,66.5,2.91,0,0,0,2.6,0,0,0
2023-04-01,594,4,5.63,79.8,61.9,3.2,0,0,0,7.3,0,0,0
2023-05-01,594,5,5.69,80.9,63.3,3.24,0,0,0,1.5,0,0,0
2023-06-01,594,6,5.91,85.2,62.8,3.08,0,0,0,3.0,0,0,0
2023-07-01,594,7,6.0,84.1,73.2,3.24,0,0,0,4.7,0,0,0
2023-08-01,594,8,5.74,83.2,63.6,3.41,0,0,0,4.0,0,0,0
2023-09-01,594,9,5.79,79.9,60.1,3.11,0,1,0,3.1,0,0,0
2023-10-01,594,10,5.78,84.4,67.0,3.03,0,1,0,4.0,0,0,0
2023-11-01,594,11,5.9,91.0,65.9,3.47,0,1,0,4.4,0,0,0
2023-12-01,594,12,5.78,87.7,65.1,3.15,0,1,1,2.3,0,0,0
2024-01-01,594,13,5.92,78.5,54.9,3.3,0,1,1,7.6,0,0,0
2024-02-01,594,14,5.96,85.8,66.7,3.67,0,1,1,6.2,1,0,0
2024-03-01,594,15,5.7,85.7,69.5,3.08,0,1,1,0.2,1,0,0
2024-04-01,594,16,5.9,81.7,57.9,3.19,0,1,1,5.0,1,0,0
2024-05-01,594,17,6.1,89.3,61.5,3.19,0,1,1,3.7,1,0,0
2024-06-01,594,18,5.84,83.3,62.3,3.33,0,1,2,5.6,1,0,0
2023-01-01,595,1,6.18,85.6,66.5,3.3,0,1,0,2.1,0,0,0
2023-02-01,595,2,6.09,96.9,61.7,3.35,0,1,0,4.1,0,0,0
2023-03-01,595,3,6.02,89.2,66.4,3.43,0,1,0,1.9,0,0,0
2023-04-01,595,4,5.83,83.1,65.6,3.38,0,1,0,4.6,0,0,0
2023-05-01,595,5,6.1,83.0,69.4,3.3,0,1,0,2.7,0,0,0
2023-06-01,595,6,5.81,87.6,72.8,3.31,0,1,0,5.1,0,0,0
2023-07-01,595,7,6.24,87.5,64.0,3.62,0,1,0,7.0,0,0,0
2023-08-01,595,8,6.28,87.4,67.4,3.57,0,1,0,2.5,0,0,0
2023-09-01,595,9,6.11,87.7,60.4,3.6,0,1,0,2.3,0,0,0
2023-10-01,595,10,6.13,92.6,58.5,3.3,0,1,0,3.6,0,0,0
2023-11-01,595,11,6.23,82.7,65.8,3.45,0,1,0,3.7,0,0,0
2023-12-01,595,12,6.29,93.9,62.0,3.78,0,1,0,6.8,0,0,0
2024-01-01,595,13,6.34,90.9,64.3,3.45,0,1,0,3.6,1,0,0
2024-02-01,595,14,6.39,90.1,69.5,3.36,0,1,0,0.9,1,0,0
2024-03-01,595,15,6.19,89.3,67.4,3.45,0,1,0,2.7,1,0,0
2024-04-01,595,16,6.46,87.8,67.5,3.51,0,1,0,3.3,1,0,0
2024-05-01,595,17,6.16,92.7,71.6,3.67,0,1,0,2.5,1,0,0
2024-06-01,595,18,6.39,93.4,62.8,3.67,0,1,0,6.4,1,0,0
2023-01-01,596,1,6.66,74.5,76.1,4.65,0,1,0,11.2,0,3,0
2023-02-01,596,2,6.63,75.8,73.1,4.59,0,1,0,12.2,0,3,0
2023-03-01,596,3,6.46,70.3,73.7,4.48,0,1,0,12.3,0,3,0
2023-04-01,596,4,6.74,74.8,74.6,4.7,0,2,0,15.7,0,3,0
2023-05-01,596,5,6.77,81.9,75.6,4.78,0,2,0,12.1,0,3,0
2023-06-01,596,6,6.79,72.2,72.0,4.82,0,2,0,12.8,0,2,0
2023-07-01,596,7,7.02,73.3,73.8,4.5,0,2,0,8.6,0,2,0
2023-08-01,596,8,6.8,75.4,77.0,4.51,0,2,0,11.9,0,2,0
2023-09-01,596,9,6.98,71.2,69.5,4.73,0,2,0,9.3,1,2,0
2023-10-01,596,10,6.9,71.7,79.2,4.71,0,2,0,9.8,2,2,0
2023-11-01,596,11,6.76,78.9,79.7,4.84,0,2,0,9.9,3,2,0
2023-12-01,596,12,6.87,78.4,73.8,4.77,0,2,0,10.5,3,2,0
2024-01-01,596,13,7.22,79.8,79.7,4.76,0,2,0,9.3,3,2,0
2024-02-01,596,14,7.01,75.2,84.4,4.68,0,2,0,8.7,3,2,0
2024-03-01,596,15,7.17,75.0,89.2,4.93,0,2,0,13.2,4,2,0
2024-04-01,596,16,7.11,80.2,88.8,4.75,0,2,0,15.0,4,2,0
2024-05-01,596,17,7.09,77.3,91.9,4.84,0,2,0,10.3,4,2,0
2024-06-01,596,18,7.18,72.4,84.1,4.81,0,2,0,9.9,4,2,0
2023-01-01,597,1,6.69,66.6,60.6,2.49,0,1,0,11.3,0,0,0
2023-02-01,597,2,6.66,68.0,59.0,2.47,0,2,0,11.5,0,0,0
2023-03-01,597,3,6.67,73.2,64.0,2.53,0,2,0,14.8,0,0,0
2023-04-01,597,4,6.79,70.2,62.7,2.62,0,2,1,17.6,0,0,0
2023-05-01,597,5,6.58,68.8,61.1,2.58,0,2,1,10.9,0,0,0
2023-06-01,597,6,6.93,63.0,64.0,2.45,0,2,1,9.0,0,0,0
2023-07-01,597,7,6.97,68.3,67.1,2.56,0,2,1,9.7,0,0,0
2023-08-01,597,8,7.02,56.1,63.4,2.51,0,3,1,10.5,0,0,0
2023-09-01,597,9,6.81,67.5,68.7,2.58,0,3,1,8.8,1,0,0
2023-10-01,597,10,6.84,63.4,73.5,2.59,0,4,2,9.7,1,0,0
2023-11-01,597,11,6.94,70.8,67.2,2.69,0,5,3,12.2,1,0,0
2023-12-01,597,12,7.33,60.2,67.1,2.67,0,5,3,13.7,1,0,0
2024-01-01,597,13,7.11,65.7,67.1,2.49,0,5,3,13.6,2,0,0
2024-02-01,597,14,7.13,71.9,76.1,2.51,0,5,3,7.5,2,0,0
2024-03-01,597,15,7.19,69.4,68.7,2.6,0,6,3,12.0,2,0,0
2024-04-01,597,16,6.97,73.5,68.8,2.42,0,6,4,15.8,2,0,0
2024-05-01,597,17,7.52,66.2,73.0,2.65,0,6,4,11.9,2,0,1
2024-06-01,597,18,7.4,70.0,70.4,2.56,0,6,4,14.0,3,0,1
2023-01-01,598,1,7.76,98.0,77.9,3.33,0,1,0,7.5,0,0,0
2023-02-01,598,2,7.69,94.9,80.9,3.44,0,1,0,7.4,0,0,0
2023-03-01,598,3,7.55,99.2,77.8,3.2,0,1,0,4.0,0,0,0
2023-04-01,598,4,7.78,100.0,83.2,3.19,0,1,0,2.5,0,0,0
2023-05-01,598,5,7.82,100.0,81.3,3.6,0,1,1,0.0,0,0,0
2023-06-01,598,6,7.72,100.0,77.3,3.23,0,1,1,1.2,0,0,0
2023-07-01,598,7,8.05,100.0,72.4,3.38,1,1,1,2.9,0,0,0
2023-08-01,598,8,7.86,99.1,75.9,3.3,1,1,1,5.2,0,0,1
2023-09-01,598,9,7.95,97.2,79.7,3.58,1,1,1,5.3,0,0,1
2023-10-01,598,10,7.96,100.0,83.2,3.5,1,1,1,0.0,0,0,1
2023-11-01,598,11,8.07,95.6,83.3,3.56,1,1,1,6.6,0,0,1
2023-12-01,598,12,8.04,99.9,85.6,3.43,1,1,1,5.9,0,0,1
2024-01-01,598,13,7.99,94.3,78.3,3.67,1,1,1,7.8,0,0,1
2024-02-01,598,14,8.08,99.2,81.6,3.51,1,1,1,3.7,0,0,1
2024-03-01,598,15,8.31,95.7,80.0,3.62,1,1,1,7.5,0,0,1
2024-04-01,598,16,7.99,95.9,84.1,3.66,1,1,1,2.8,0,0,1
2024-05-01,598,17,8.17,96.0,77.5,3.14,1,1,1,0.0,0,0,1
2024-06-01,598,18,8.3,96.3,75.0,3.33,1,1,1,1.9,0,0,1
2023-01-01,599,1,7.19,95.3,67.2,2.37,0,1,1,12.2,0,0,0
2023-02-01,599,2,7.08,100.0,65.9,2.7,0,1,1,5.8,0,0,0
2023-03-01,599,3,7.42,100.0,62.9,2.61,0,1,1,9.9,0,0,0
2023-04-01,599,4,7.44,100.0,67.1,2.68,0,1,1,14.1,0,0,0
2023-05-01,599,5,7.27,100.0,68.8,2.51,0,1,1,5.0,0,0,0
2023-06-01,599,6,7.48,99.2,60.5,2.68,1,1,1,8.7,0,0,0
2023-07-01,599,7,7.61,100.0,72.6,2.75,1,1,1,11.4,0,0,0
2023-08-01,599,8,7.56,99.5,66.1,2.66,1,1,1,9.9,0,0,0
2023-09-01,599,9,7.5,100.0,66.6,2.78,1,1,1,10.8,1,0,0
2023-10-01,599,10,7.62,100.0,72.3,2.81,1,1,1,12.3,1,0,0
2023-11-01,599,11,7.8,99.0,76.8,2.59,1,1,1,13.9,1,0,1
2023-12-01,599,12,7.5,99.8,75.3,3.03,1,1,1,9.4,2,0,1
2024-01-01,599,13,7.66,100.0,71.2,2.86,1,1,2,7.3,2,0,1
2024-02-01,599,14,7.77,99.8,70.7,2.5,1,1,2,7.9,3,0,1
2024-03-01,599,15,7.65,100.0,78.1,2.79,1,1,2,9.9,3,0,1
2024-04-01,599,16,7.8,100.0,68.7,2.62,1,1,2,13.3,3,0,1
2024-05-01,599,17,7.89,100.0,72.8,2.8,1,1,2,9.3,3,0,1
2024-06-01,599,18,7.76,96.7,71.2,3.05,1,1,2,13.0,4,0,1
2023-01-01,600,1,5.52,89.5,76.6,2.63,0,0,0,12.7,0,0,0
2023-02-01,600,2,5.85,89.3,68.7,2.74,0,0,0,9.5,0,0,0
2023-03-01,600,3,5.89,87.0,73.6,2.69,1,0,0,10.8,0,0,0
2023-04-01,600,4,5.74,93.6,72.1,2.65,1,1,0,10.0,0,0,0
2023-05-01,600,5,5.78,87.8,73.2,2.94,2,1,0,3.6,0,0,0
2023-06-01,600,6,5.87,84.2,71.7,2.81,2,1,0,8.6,0,0,0
2023-07-01,600,7,5.9,88.9,69.4,2.8,2,1,0,7.9,0,0,0
2023-08-01,600,8,5.86,89.4,68.8,3.13,2,1,1,8.2,0,0,0
2023-09-01,600,9,6.11,85.7,79.9,3.2,2,1,1,9.5,0,0,0
2023-10-01,600,10,6.02,84.2,75.4,3.0,2,1,1,12.8,1,0,0
2023-11-01,600,11,5.98,86.9,69.2,2.81,2,1,1,11.2,1,0,0
2023-12-01,600,12,6.27,93.3,66.4,2.72,2,1,1,11.8,2,0,0
2024-01-01,600,13,6.14,89.2,76.1,2.9,2,1,1,8.7,2,0,0
2024-02-01,600,14,6.16,85.8,76.7,2.85,2,1,2,9.9,2,0,0
2024-03-01,600,15,6.24,83.5,75.8,3.18,2,1,3,7.2,3,0,0
2024-04-01,600,16,6.47,82.6,71.7,3.0,2,1,3,6.7,3,0,0
2024-05-01,600,17,6.23,88.1,74.2,3.14,2,2,4,5.6,3,0,0
2024-06-01,600,18,6.36,93.4,79.9,3.23,2,3,4,9.4,3,0,1
2023-01-01,601,1,7.51,72.4,41.3,3.08,0,2,0,16.6,0,0,0
2023-02-01,601,2,7.3,76.6,42.8,3.09,0,2,0,11.2,0,0,0
2023-03-01,601,3,7.44,68.1,49.8,3.32,0,3,0,12.2,0,0,0
2023-04-01,601,4,7.49,66.2,43.8,3.15,0,3,0,13.0,0,0,0
2023-05-01,601,5,7.59,70.6,45.4,3.45,0,4,0,12.5,0,0,0
2023-06-01,601,6,7.43,70.5,50.3,3.29,0,4,0,9.4,0,0,0
2023-07-01,601,7,7.7,65.6,49.4,2.88,0,4,0,12.4,0,0,0
2023-08-01,601,8,7.49,67.0,53.9,3.14,0,4,0,10.8,0,0,0
2023-09-01,601,9,7.43,70.5,57.8,3.13,0,4,0,10.1,0,0,0
2023-10-01,601,10,7.51,70.2,55.6,3.15,0,5,0,8.4,0,0,0
2023-11-01,601,11,7.48,73.0,55.4,3.1,0,6,0,11.7,0,0,0
2023-12-01,601,12,7.69,73.4,58.5,3.4,0,6,0,13.7,0,0,0
2024-01-01,601,13,7.68,69.5,54.8,3.4,0,6,1,16.9,0,0,0
2024-02-01,601,14,7.66,71.7,57.3,3.45,0,6,2,9.5,0,0,0
2024-03-01,601,15,7.69,69.9,56.1,3.52,0,6,3,13.0,0,0,0
2024-04-01,601,16,7.58,65.7,57.8,3.08,0,6,3,7.5,1,0,0
2024-05-01,601,17,7.92,63.0,61.6,3.67,0,6,3,11.1,1,0,0
2024-06-01,601,18,7.76,66.3,66.3,3.29,0,6,3,15.1,2,0,0
2023-01-01,602,1,6.59,70.4,82.5,4.05,0,0,1,6.9,0,0,0
2023-02-01,602,2,6.5,74.9,93.9,4.42,0,0,1,5.6,0,0,0
2023-03-01,602,3,6.46,80.9,91.1,4.03,0,0,1,1.3,0,0,0
2023-04-01,602,4,6.47,74.6,93.7,4.01,0,0,1,6.4,0,0,0
2023-05-01,602,5,6.86,77.1,93.0,4.12,1,0,1,3.2,1,0,1
2023-06-01,602,6,6.69,75.3,91.2,4.12,1,0,1,5.5,1,0,1
2023-07-01,602,7,6.36,76.2,93.3,4.23,1,1,1,6.1,1,0,1
2023-08-01,602,8,6.64,72.2,97.4,4.62,1,1,1,7.5,1,0,1
2023-09-01,602,9,6.84,78.3,88.6,4.13,1,1,1,1.9,1,0,1
2023-10-01,602,10,6.81,75.6,91.2,4.37,1,1,1,9.2,1,0,1
2023-11-01,602,11,6.88,78.8,94.3,4.05,1,1,1,9.2,1,0,1
2023-12-01,602,12,6.91,70.4,100.0,4.12,1,1,1,4.3,1,0,1
2024-01-01,602,13,6.77,74.2,91.9,4.56,1,1,1,3.9,1,0,1
2024-02-01,602,14,7.04,73.5,99.0,4.3,1,2,1,3.7,1,0,1
2024-03-01,602,15,6.91,82.6,99.7,4.23,1,2,1,5.6,2,0,1
2024-04-01,602,16,6.85,75.1,100.0,4.23,1,2,2,1.6,2,0,1
2024-05-01,602,17,6.98,77.0,100.0,4.14,1,2,2,0.6,3,0,1
2024-06-01,602,18,7.1,71.1,95.3,4.52,1,2,2,8.5,3,0,1
2023-01-01,603,1,7.91,85.2,61.7,4.66,0,2,0,6.2,0,0,0
2023-02-01,603,2,8.08,83.3,68.2,4.4,1,2,0,4.5,0,0,0
2023-03-01,603,3,8.48,86.6,70.2,4.74,2,2,0,3.1,0,0,0
2023-04-01,603,4,8.36,86.3,62.5,4.82,2,2,0,7.0,0,0,1
2023-05-01,603,5,8.13,82.6,70.1,4.58,2,2,0,4.0,0,0,1
2023-06-01,603,6,8.29,89.4,66.1,4.48,2,2,0,7.1,0,0,1
2023-07-01,603,7,8.37,88.6,64.7,4.69,2,2,0,9.0,0,0,1
2023-08-01,603,8,8.47,86.7,72.8,4.78,2,2,0,8.1,0,0,1
2023-09-01,603,9,8.53,90.5,62.8,4.51,2,2,0,5.6,0,0,1
2023-10-01,603,10,8.35,92.1,65.2,4.34,2,2,0,5.1,0,0,1
2023-11-01,603,11,8.43,87.4,69.1,4.79,2,2,0,3.1,0,0,1
2023-12-01,603,12,8.51,90.8,73.9,4.57,2,2,0,10.5,0,0,1
2024-01-01,603,13,8.68,84.7,76.0,4.51,3,2,0,2.7,0,0,1
2024-02-01,603,14,8.43,90.3,73.0,4.68,3,2,0,6.3,0,0,1
2024-03-01,603,15,8.8,84.0,73.3,4.4,3,2,0,3.7,0,0,1
2024-04-01,603,16,8.78,80.8,68.9,4.5,3,3,0,9.4,0,0,1
2024-05-01,603,17,8.72,91.1,77.4,4.55,3,3,0,8.4,0,0,1
2024-06-01,603,18,8.84,88.7,80.1,4.61,3,3,0,2.5,0,0,1
2023-01-01,604,1,6.52,89.2,63.7,3.48,0,1,0,7.2,0,0,0
2023-02-01,604,2,6.53,96.2,72.0,3.52,0,1,0,5.0,0,0,0
2023-03-01,604,3,6.32,92.1,67.7,3.48,0,1,0,9.6,0,0,0
2023-04-01,604,4,6.5,83.6,70.4,3.29,0,1,0,6.5,0,0,1
2023-05-01,604,5,6.63,97.1,71.4,3.5,0,1,0,12.7,0,0,1
2023-06-01,604,6,6.64,99.7,68.1,3.64,0,1,1,11.0,0,0,1
2023-07-01,604,7,6.54,100.0,76.0,3.87,0,1,1,5.9,0,0,1
2023-08-01,604,8,6.85,100.0,72.1,3.4,0,1,1,5.5,0,0,1
2023-09-01,604,9,6.54,100.0,75.9,3.44,0,1,1,8.4,1,0,1
2023-10-01,604,10,6.7,93.6,68.5,3.76,0,1,1,10.3,1,0,1
2023-11-01,604,11,6.61,94.9,74.0,3.69,0,2,1,1.1,1,0,1
2023-12-01,604,12,6.79,92.3,69.2,3.73,0,2,1,6.2,1,0,1
2024-01-01,604,13,6.55,92.5,80.8,3.46,0,2,1,8.9,1,0,1
2024-02-01,604,14,6.71,100.0,78.9,3.52,0,2,1,4.6,1,0,1
2024-03-01,604,15,6.69,92.6,72.6,3.81,0,2,1,7.5,1,0,1
2024-04-01,604,16,6.68,100.0,78.3,3.47,1,3,1,5.6,2,0,1
2024-05-01,604,17,6.73,95.9,74.4,3.56,2,3,1,5.8,3,0,1
2024-06-01,604,18,6.85,100.0,82.1,3.71,2,3,1,8.6,3,0,1
2023-01-01,605,1,6.44,70.4,30.8,3.05,1,0,0,6.8,0,1,0
2023-02-01,605,2,6.57,68.7,33.3,2.87,1,1,1,13.5,0,1,0
2023-03-01,605,3,6.41,67.5,34.4,3.12,1,1,1,13.9,0,1,0
2023-04-01,605,4,6.47,71.1,36.4,2.83,1,1,1,12.5,1,1,0
2023-05-01,605,5,6.61,69.6,44.1,2.99,1,1,1,5.3,1,1,0
2023-06-01,605,6,6.71,70.6,35.9,2.8,1,1,1,11.2,1,1,0
2023-07-01,605,7,6.78,72.1,37.9,3.14,1,1,1,10.5,1,1,0
2023-08-01,605,8,6.89,67.8,42.5,3.03,1,1,1,14.0,1,0,0
2023-09-01,605,9,6.68,74.0,39.3,2.93,1,2,1,11.8,1,0,0
2023-10-01,605,10,6.85,72.3,41.7,3.0,1,3,1,9.3,1,0,0
2023-11-01,605,11,6.92,76.6,42.1,2.97,1,4,1,11.3,2,0,0
2023-12-01,605,12,7.08,73.5,37.5,3.01,1,4,2,14.3,2,0,0
2024-01-01,605,13,6.81,73.3,38.5,3.07,1,4,2,5.8,2,0,0
2024-02-01,605,14,7.04,69.2,35.6,3.09,1,4,2,12.5,2,0,0
2024-03-01,605,15,7.07,67.7,47.2,3.09,1,4,2,13.2,2,0,1
2024-04-01,605,16,7.21,68.3,49.3,3.12,1,4,2,10.3,3,0,1
2024-05-01,605,17,7.22,69.2,53.2,2.96,1,4,2,12.7,3,0,1
2024-06-01,605,18,7.17,76.5,52.5,3.09,1,4,2,13.1,4,0,1
2023-01-01,606,1,7.51,82.1,49.0,4.61,1,0,0,5.0,0,0,0
2023-02-01,606,2,7.5,79.2,47.2,4.98,1,0,0,8.1,0,0,0
2023-03-01,606,3,7.46,83.0,46.6,4.73,1,0,0,8.5,0,0,0
2023-04-01,606,4,7.58,78.4,46.4,5.0,2,1,0,7.4,0,0,0
2023-05-01,606,5,7.48,80.8,47.4,4.81,2,1,0,10.8,0,0,0
2023-06-01,606,6,7.67,82.8,48.5,4.87,2,1,0,7.4,0,0,0
2023-07-01,606,7,7.49,80.4,46.2,4.84,2,1,0,12.7,0,0,0
2023-08-01,606,8,7.57,80.3,50.5,4.82,3,2,1,6.5,1,0,1
2023-09-01,606,9,7.9,73.9,51.7,4.77,3,2,1,9.8,1,0,1
2023-10-01,606,10,7.82,77.1,53.2,4.99,3,2,1,5.3,2,0,1
2023-11-01,606,11,7.77,89.0,50.0,5.0,3,2,1,6.5,2,0,1
2023-12-01,606,12,8.01,81.0,58.9,4.89,3,2,1,14.6,2,0,1
2024-01-01,606,13,7.71,83.2,52.4,4.67,3,2,1,8.6,2,0,1
2024-02-01,606,14,7.94,87.3,51.2,5.0,4,2,1,11.4,2,0,1
2024-03-01,606,15,7.94,80.7,54.9,5.0,4,3,1,11.8,2,0,1
2024-04-01,606,16,8.21,82.4,56.6,5.0,4,3,1,9.6,2,0,1
2024-05-01,606,17,8.31,82.1,60.3,5.0,4,3,1,8.9,2,0,1
2024-06-01,606,18,8.23,82.3,54.9,5.0,4,3,1,11.5,2,0,1
2023-01-01,607,1,7.5,80.7,75.5,2.98,0,1,1,1.2,0,0,0
2023-02-01,607,2,7.69,85.1,76.9,3.09,0,1,1,9.4,0,0,0
2023-03-01,607,3,7.69,87.6,73.9,2.95,0,1,1,6.8,0,0,0
2023-04-01,607,4,7.68,86.8,82.3,2.83,0,1,1,7.3,0,0,0
2023-05-01,607,5,7.63,89.2,74.5,2.57,0,1,1,5.9,0,0,0
2023-06-01,607,6,7.67,81.4,90.0,2.81,0,1,1,7.6,0,0,0
2023-07-01,607,7,7.7,89.4,85.5,2.73,0,2,1,9.2,0,0,0
2023-08-01,607,8,7.91,86.1,82.3,2.79,0,2,1,11.2,0,0,0
2023-09-01,607,9,7.53,87.6,82.7,3.24,0,2,1,6.8,0,0,0
2023-10-01,607,10,7.58,84.4,79.6,3.29,0,2,1,8.8,0,0,0
2023-11-01,607,11,7.81,84.2,80.3,2.86,0,3,1,9.5,0,0,0
2023-12-01,607,12,7.73,90.1,84.9,3.04,0,3,1,9.3,0,0,0
2024-01-01,607,13,7.75,84.5,72.1,2.96,0,3,1,3.4,0,0,0
2024-02-01,607,14,7.75,81.8,90.5,2.74,1,3,1,11.2,0,0,0
2024-03-01,607,15,7.59,79.5,86.4,2.89,1,3,1,7.4,0,0,0
2024-04-01,607,16,7.64,80.5,81.8,3.01,1,3,1,6.8,0,0,1
2024-05-01,607,17,7.84,85.4,86.7,3.2,1,3,2,2.0,0,0,1
2024-06-01,607,18,7.78,84.3,88.3,3.05,1,3,2,5.1,0,0,1
2023-01-01,608,1,7.28,89.5,59.4,2.89,0,1,0,2.1,0,0,0
2023-02-01,608,2,7.3,91.4,56.8,2.69,0,1,0,2.6,0,0,0
2023-03-01,608,3,7.38,95.4,66.2,2.91,0,1,0,8.7,0,0,0
2023-04-01,608,4,7.46,83.6,59.1,2.83,0,1,0,2.0,0,0,0
2023-05-01,608,5,7.33,92.7,65.5,2.75,0,1,0,6.4,0,0,0
2023-06-01,608,6,7.38,91.6,60.1,2.92,0,1,0,2.3,0,0,0
2023-07-01,608,7,7.43,91.2,67.0,2.86,0,1,0,4.7,0,0,0
2023-08-01,608,8,7.64,94.9,69.0,3.02,0,1,0,7.9,0,0,0
2023-09-01,608,9,7.41,89.1,60.5,2.88,0,1,0,7.3,0,0,0
2023-10-01,608,10,7.65,88.4,69.2,2.43,0,1,0,5.3,0,0,0
2023-11-01,608,11,7.49,91.2,62.1,3.12,0,1,0,6.7,0,0,0
2023-12-01,608,12,7.67,95.5,67.6,2.98,0,1,0,6.8,1,0,0
2024-01-01,608,13,7.5,92.9,68.4,3.02,1,1,1,2.1,1,0,0
2024-02-01,608,14,7.41,86.6,63.7,3.09,1,1,1,8.1,1,0,0
2024-03-01,608,15,7.83,90.6,66.4,2.91,1,1,1,7.5,1,0,0
2024-04-01,608,16,7.84,89.9,70.4,3.22,1,1,1,6.5,1,0,0
2024-05-01,608,17,7.8,85.6,68.5,3.1,1,1,1,5.3,1,0,0
2024-06-01,608,18,7.87,97.4,74.7,2.98,1,1,1,1.3,2,0,0
2023-01-01,609,1,5.74,80.9,30.1,2.22,1,0,1,10.6,0,1,0
2023-02-01,609,2,5.7,75.0,28.9,1.92,1,0,1,7.0,0,1,0
2023-03-01,609,3,5.48,74.0,29.5,1.98,1,0,2,7.9,0,1,0
2023-04-01,609,4,5.64,77.5,31.6,2.18,1,1,2,10.7,0,1,0
2023-05-01,609,5,5.94,79.3,33.4,1.96,1,1,2,10.7,0,1,0
2023-06-01,609,6,5.71,78.3,38.3,2.06,1,1,2,12.8,0,1,0
2023-07-01,609,7,5.6,75.6,37.7,1.87,1,2,2,7.5,0,1,0
2023-08-01,609,8,5.7,90.7,32.8,2.09,1,2,2,4.6,0,1,0
2023-09-01,609,9,5.8,81.2,37.6,2.04,1,2,2,9.1,0,1,0
2023-10-01,609,10,5.74,77.4,37.1,2.16,1,2,2,13.1,0,0,0
2023-11-01,609,11,5.77,73.0,33.2,2.13,2,2,2,10.1,0,0,0
2023-12-01,609,12,5.81,72.2,39.7,2.1,3,2,2,10.0,0,0,0
2024-01-01,609,13,5.88,75.5,34.5,2.09,3,2,2,12.2,0,0,0
2024-02-01,609,14,5.89,77.0,34.6,1.76,3,2,2,8.7,0,0,0
2024-03-01,609,15,5.53,77.3,43.4,1.78,3,2,2,9.3,0,0,0
2024-04-01,609,16,6.03,69.9,43.6,2.07,3,2,3,10.6,0,0,0
2024-05-01,609,17,5.94,81.9,34.6,2.08,3,2,3,7.5,0,0,0
2024-06-01,609,18,5.82,81.2,40.6,2.06,3,2,3,3.5,1,0,1
2023-01-01,610,1,7.35,69.2,75.3,4.26,0,1,1,12.1,0,1,0
2023-02-01,610,2,7.75,61.3,67.4,4.32,1,1,1,13.5,0,0,0
2023-03-01,610,3,7.47,59.7,72.7,4.21,1,1,1,9.6,0,0,0
2023-04-01,610,4,7.66,71.5,75.0,4.14,1,1,1,9.9,0,0,0
2023-05-01,610,5,7.65,70.3,77.8,4.41,1,1,1,16.7,0,0,1
2023-06-01,610,6,7.34,68.0,76.9,4.39,1,1,1,7.2,0,0,1
2023-07-01,610,7,7.58,66.4,76.3,4.05,1,1,1,13.0,0,0,1
2023-08-01,610,8,7.64,63.5,77.4,4.12,1,1,1,10.0,0,0,1
2023-09-01,610,9,7.42,64.1,79.7,4.14,1,1,1,6.7,0,0,1
2023-10-01,610,10,7.69,67.7,73.5,4.52,1,1,1,10.7,0,0,1
2023-11-01,610,11,7.3,64.8,85.5,4.27,1,2,1,9.3,0,0,1
2023-12-01,610,12,7.73,69.1,84.3,4.24,1,2,1,12.1,0,0,1
2024-01-01,610,13,7.56,65.2,81.8,4.3,1,2,1,13.1,1,0,1
2024-02-01,610,14,7.81,72.1,89.0,4.22,1,2,1,10.1,1,0,1
2024-03-01,610,15,7.66,67.3,93.0,4.38,1,2,2,13.1,1,0,1
2024-04-01,610,16,7.58,73.5,84.5,4.19,1,2,2,11.4,1,0,1
2024-05-01,610,17,7.57,66.9,87.2,4.33,1,2,2,10.6,1,0,1
2024-06-01,610,18,7.66,66.4,92.9,4.32,1,2,2,13.4,1,0,1
2023-01-01,611,1,6.2,90.2,45.9,3.57,0,1,0,9.8,0,1,0
2023-02-01,611,2,6.31,90.6,47.7,3.88,0,1,0,7.7,0,1,0
2023-03-01,611,3,6.08,91.1,47.1,3.8,0,1,0,2.3,0,1,0
2023-04-01,611,4,6.1,80.0,50.9,3.8,0,1,0,7.2,0,0,0
2023-05-01,611,5,6.41,82.8,49.9,3.88,0,1,0,3.1,0,0,0
2023-06-01,611,6,6.3,88.7,52.7,3.98,0,1,1,6.8,0,0,0
2023-07-01,611,7,6.43,89.1,53.5,4.07,0,1,2,9.7,0,0,0
2023-08-01,611,8,6.33,90.9,53.2,3.79,0,1,2,6.2,0,0,0
2023-09-01,611,9,6.51,85.6,50.0,4.2,0,1,2,5.0,0,0,0
2023-10-01,611,10,6.48,94.8,55.6,4.01,0,2,2,6.5,0,0,0
2023-11-01,611,11,6.43,82.4,56.0,3.89,0,2,2,4.5,1,0,0
2023-12-01,611,12,6.47,86.9,60.6,4.06,0,2,2,8.7,2,0,0
2024-01-01,611,13,6.5,88.8,50.6,3.74,0,2,2,5.1,2,0,0
2024-02-01,611,14,6.48,89.6,54.8,3.99,0,2,2,8.1,3,0,0
2024-03-01,611,15,6.72,87.4,56.9,3.99,0,2,2,7.6,3,0,0
2024-04-01,611,16,6.62,88.2,59.8,4.15,0,2,2,4.7,3,0,0
2024-05-01,611,17,6.7,95.4,56.5,4.13,0,2,2,5.2,3,0,0
2024-06-01,611,18,6.45,89.2,61.9,4.43,0,2,2,6.9,4,0,1
2023-01-01,612,1,7.28,91.6,79.9,4.79,1,1,1,6.0,0,0,0
2023-02-01,612,2,7.23,92.5,84.8,4.81,1,1,1,9.9,0,0,0
2023-03-01,612,3,7.22,92.8,82.9,4.95,1,1,1,6.1,0,0,0
2023-04-01,612,4,7.24,96.7,77.9,5.0,1,1,1,12.3,0,0,1
2023-05-01,612,5,7.22,92.5,81.8,5.0,1,1,1,8.6,0,0,1
2023-06-01,612,6,7.25,98.5,82.6,4.85,1,1,1,7.0,0,0,1
2023-07-01,612,7,7.52,90.6,83.4,4.68,1,2,1,12.5,0,0,1
2023-08-01,612,8,7.34,92.7,76.2,4.96,1,2,1,7.7,0,0,1
2023-09-01,612,9,7.77,90.9,78.1,4.88,1,2,1,6.1,1,0,1
2023-10-01,612,10,7.31,82.9,80.9,4.78,1,3,1,6.5,1,0,1
2023-11-01,612,11,7.39,97.8,97.0,4.72,1,3,1,10.4,1,0,1
2023-12-01,612,12,7.42,89.8,85.9,4.95,1,3,1,10.9,1,0,1
2024-01-01,612,13,7.43,90.4,90.2,5.0,1,3,1,9.0,2,0,1
2024-02-01,612,14,7.54,94.9,87.3,5.0,1,3,2,10.6,3,0,1
2024-03-01,612,15,7.47,89.3,92.2,5.0,1,3,2,8.2,3,0,1
2024-04-01,612,16,7.39,97.9,95.9,4.98,1,3,2,9.5,3,0,1
2024-05-01,612,17,7.57,91.7,94.3,4.9,1,3,2,6.9,4,0,1
2024-06-01,612,18,7.65,96.0,90.8,5.0,1,3,2,9.7,4,0,1
2023-01-01,613,1,5.85,82.0,59.6,2.42,0,2,1,7.1,0,0,0
2023-02-01,613,2,5.89,85.1,55.7,2.16,0,2,1,8.4,0,0,0
2023-03-01,613,3,6.12,74.2,59.6,2.23,0,2,1,6.7,0,0,0
2023-04-01,613,4,6.29,81.6,59.3,2.16,0,2,2,2.3,1,0,0
2023-05-01,613,5,5.86,86.6,59.8,2.29,0,2,2,1.3,1,0,1
2023-06-01,613,6,6.03,78.0,50.9,2.25,0,2,2,7.3,1,0,1
2023-07-01,613,7,6.32,81.9,62.2,2.43,0,2,2,0.0,2,0,1
2023-08-01,613,8,6.11,78.5,59.4,2.16,1,2,2,3.5,2,0,1
2023-09-01,613,9,6.26,84.6,54.6,2.45,1,2,2,2.3,2,0,1
2023-10-01,613,10,6.14,83.9,61.1,2.29,1,2,2,7.4,2,0,1
2023-11-01,613,11,6.31,81.8,65.9,2.71,1,2,2,10.0,2,0,1
2023-12-01,613,12,6.4,82.1,63.2,2.29,1,2,2,2.9,2,0,1
2024-01-01,613,13,6.39,88.9,63.5,2.39,1,2,2,9.1,3,0,1
2024-02-01,613,14,6.47,77.3,57.5,2.44,1,2,2,4.6,3,0,1
2024-03-01,613,15,6.46,86.1,66.8,2.24,1,2,2,5.5,4,0,1
2024-04-01,613,16,6.53,76.6,64.2,2.62,1,2,2,6.8,4,0,1
2024-05-01,613,17,6.58,84.6,69.3,2.35,1,3,2,6.7,4,0,1
2024-06-01,613,18,6.76,81.0,63.3,2.55,1,3,2,2.4,4,0,1
2023-01-01,614,1,7.32,78.8,61.1,4.04,0,1,0,8.6,0,0,0
2023-02-01,614,2,7.43,82.7,63.2,4.04,0,1,0,7.4,0,0,0
2023-03-01,614,3,7.24,77.0,56.7,4.55,0,1,0,11.0,0,0,0
2023-04-01,614,4,7.49,87.9,60.1,4.16,0,2,0,11.8,0,0,0
2023-05-01,614,5,7.5,82.8,55.3,4.29,0,2,0,5.2,0,0,0
2023-06-01,614,6,7.81,83.3,63.3,4.42,1,2,0,7.3,0,0,0
2023-07-01,614,7,7.55,87.9,65.5,3.73,1,2,0,7.1,0,0,1
2023-08-01,614,8,7.62,89.7,71.0,4.2,1,2,0,5.1,0,0,1
2023-09-01,614,9,7.8,85.8,61.1,4.33,1,2,0,5.8,0,0,1
2023-10-01,614,10,7.72,94.3,67.6,4.29,1,3,0,8.4,1,0,1
2023-11-01,614,11,7.73,76.9,64.7,4.3,1,3,0,8.8,2,0,1
2023-12-01,614,12,7.58,85.9,67.9,4.35,1,3,0,3.2,2,0,1
2024-01-01,614,13,7.87,82.1,69.5,4.52,1,3,0,9.2,3,0,1
2024-02-01,614,14,7.96,89.9,69.8,4.22,1,3,1,3.5,3,0,1
2024-03-01,614,15,7.88,86.3,74.6,4.41,1,3,1,15.7,3,0,1
2024-04-01,614,16,7.96,83.6,70.0,4.34,1,3,1,9.7,3,0,1
2024-05-01,614,17,8.01,86.6,66.2,4.8,1,3,1,11.4,3,0,1
2024-06-01,614,18,8.15,90.4,69.8,4.22,1,3,1,5.4,3,0,1
2023-01-01,615,1,6.56,78.7,69.3,3.16,2,2,0,6.2,0,0,0
2023-02-01,615,2,6.65,77.7,82.7,2.95,2,2,0,9.6,0,0,0
2023-03-01,615,3,6.44,79.3,73.3,3.56,2,2,0,6.1,0,0,0
2023-04-01,615,4,6.53,75.5,74.2,3.18,2,2,0,8.2,0,0,0
2023-05-01,615,5,6.39,82.4,76.1,3.36,2,2,1,11.6,1,0,0
2023-06-01,615,6,6.57,77.6,76.7,3.33,2,2,1,8.6,1,0,1
2023-07-01,615,7,6.56,77.2,73.3,3.23,2,2,1,14.0,1,0,1
2023-08-01,615,8,6.68,80.4,77.9,3.4,2,2,1,6.9,1,0,1
2023-09-01,615,9,6.85,80.9,78.4,3.17,2,2,1,3.5,1,0,1
2023-10-01,615,10,6.93,86.8,81.4,3.31,2,2,1,5.9,1,0,1
2023-11-01,615,11,6.81,79.2,82.8,3.29,2,2,1,9.4,2,0,1
2023-12-01,615,12,6.68,72.8,82.6,3.24,2,2,1,5.0,2,0,1
2024-01-01,615,13,6.84,82.0,89.4,3.34,2,3,1,8.9,2,0,1
2024-02-01,615,14,6.95,76.6,83.9,3.39,2,3,1,11.2,2,0,1
2024-03-01,615,15,6.93,78.7,83.7,3.16,2,3,1,6.1,2,0,1
2024-04-01,615,16,6.86,80.3,82.7,3.59,2,3,1,5.7,2,0,1
2024-05-01,615,17,7.27,79.7,82.2,3.55,2,3,1,7.9,2,0,1
2024-06-01,615,18,6.86,78.2,91.4,3.48,2,3,1,9.4,2,0,1
2023-01-01,616,1,6.09,70.3,47.4,3.73,0,0,1,11.5,0,0,0
2023-02-01,616,2,5.86,67.7,43.0,3.72,1,1,1,10.4,0,0,0
2023-03-01,616,3,5.89,68.1,48.1,3.83,1,1,1,5.0,0,0,0
2023-04-01,616,4,5.92,68.6,46.9,3.63,1,1,1,12.9,0,0,0
2023-05-01,616,5,5.97,72.9,46.5,3.7,1,1,2,8.4,0,0,0
2023-06-01,616,6,6.27,72.3,43.2,3.87,1,1,2,8.7,0,0,0
2023-07-01,616,7,6.05,70.8,48.8,3.8,1,1,2,9.1,1,0,0
2023-08-01,616,8,6.42,74.1,52.9,3.89,1,1,2,8.5,2,0,0
2023-09-01,616,9,6.25,66.3,46.8,4.06,1,1,2,8.4,2,0,0
2023-10-01,616,10,6.05,81.2,53.9,3.92,1,1,2,11.2,2,0,0
2023-11-01,616,11,6.31,69.2,53.2,3.86,1,2,2,9.3,2,0,0
2023-12-01,616,12,6.19,80.0,51.8,3.93,1,2,2,7.9,3,0,0
2024-01-01,616,13,6.19,72.6,51.8,4.13,1,2,2,8.2,3,0,0
2024-02-01,616,14,6.27,70.7,51.6,3.98,1,2,2,8.6,4,0,0
2024-03-01,616,15,6.17,71.9,53.0,3.95,2,2,2,10.6,4,0,0
2024-04-01,616,16,6.15,73.3,51.6,3.81,2,2,2,8.1,5,0,0
2024-05-01,616,17,6.19,73.6,57.6,3.65,2,3,2,10.7,5,0,0
2024-06-01,616,18,6.16,68.9,65.9,3.66,2,3,2,12.1,5,0,0
2023-01-01,617,1,7.83,92.0,43.0,2.15,0,1,1,8.5,0,0,0
2023-02-01,617,2,7.51,98.7,55.1,2.08,0,1,1,15.0,0,0,0
2023-03-01,617,3,7.67,90.6,45.9,1.93,0,1,1,16.2,0,0,0
2023-04-01,617,4,7.58,95.7,44.7,1.9,0,2,2,12.2,0,0,0
2023-05-01,617,5,7.72,95.3,46.1,1.95,0,2,2,7.6,0,0,0
2023-06-01,617,6,7.89,91.3,47.7,1.91,1,2,2,13.9,0,0,0
2023-07-01,617,7,7.66,95.1,54.4,2.34,1,2,2,18.2,1,0,0
2023-08-01,617,8,7.81,90.3,51.0,2.09,1,2,2,9.0,1,0,0
2023-09-01,617,9,7.79,88.6,52.0,2.11,1,2,2,12.8,1,0,1
2023-10-01,617,10,7.77,98.4,57.0,1.98,1,2,3,13.1,1,0,1
2023-11-01,617,11,7.75,97.0,50.3,2.06,2,2,3,9.0,1,0,1
2023-12-01,617,12,7.64,87.8,46.2,2.18,2,2,4,8.5,1,0,1
2024-01-01,617,13,7.74,80.3,57.2,1.97,2,3,4,13.6,1,0,1
2024-02-01,617,14,7.77,87.6,55.9,2.48,2,4,4,11.6,2,0,1
2024-03-01,617,15,7.62,94.0,58.8,2.2,2,4,4,7.8,2,0,1
2024-04-01,617,16,8.04,91.8,57.3,2.16,3,4,5,8.4,2,0,1
2024-05-01,617,17,7.85,94.5,54.4,1.81,3,4,5,9.3,2,0,1
2024-06-01,617,18,7.93,87.6,58.0,2.05,3,4,5,11.9,3,0,1
2023-01-01,618,1,7.13,89.5,53.2,4.0,0,1,1,5.7,0,0,0
2023-02-01,618,2,7.1,90.1,59.3,4.34,0,1,1,9.9,0,0,1
2023-03-01,618,3,7.42,88.3,58.9,4.34,0,1,1,5.1,0,0,1
2023-04-01,618,4,7.28,91.1,58.3,4.18,0,1,1,7.0,0,0,1
2023-05-01,618,5,7.15,83.8,60.6,4.32,0,1,1,8.6,0,0,1
2023-06-01,618,6,7.37,87.0,51.4,4.51,0,1,1,4.6,0,0,1
2023-07-01,618,7,7.23,80.9,58.7,4.32,0,1,1,8.8,0,0,1
2023-08-01,618,8,7.43,80.6,53.5,4.38,0,1,1,10.2,0,0,1
2023-09-01,618,9,7.41,85.8,55.4,4.37,0,1,1,4.7,0,0,1
2023-10-01,618,10,7.35,89.4,58.6,3.76,0,2,1,7.4,0,0,1
2023-11-01,618,11,7.46,86.0,58.9,4.26,0,2,1,7.3,0,0,1
2023-12-01,618,12,7.49,87.0,61.5,4.29,0,2,1,10.8,0,0,1
2024-01-01,618,13,7.65,83.4,65.8,4.4,0,2,1,9.9,1,0,1
2024-02-01,618,14,7.59,88.0,54.0,4.32,0,2,1,10.4,1,0,1
2024-03-01,618,15,7.4,86.1,65.6,4.41,0,2,1,9.1,1,0,1
2024-04-01,618,16,7.5,87.2,63.6,4.46,0,2,1,6.1,1,0,1
2024-05-01,618,17,7.51,82.4,52.7,4.23,0,2,1,7.2,2,0,1
2024-06-01,618,18,7.63,90.6,70.7,4.43,0,2,1,7.1,3,0,1
2023-01-01,619,1,6.43,86.6,79.9,3.96,0,0,1,11.2,0,0,0
2023-02-01,619,2,6.54,82.5,68.8,4.0,1,0,1,3.8,0,0,0
2023-03-01,619,3,6.47,90.2,64.4,3.63,2,0,1,4.1,0,0,0
2023-04-01,619,4,6.53,88.1,70.3,3.95,2,0,1,5.4,0,0,0
2023-05-01,619,5,6.32,75.1,72.8,3.95,2,0,1,7.1,0,0,0
2023-06-01,619,6,6.56,86.8,78.1,3.83,2,0,1,7.3,0,0,0
2023-07-01,619,7,6.64,83.0,74.2,3.69,2,0,1,4.2,0,0,0
2023-08-01,619,8,6.71,86.5,69.8,4.09,2,0,1,5.3,0,0,0
2023-09-01,619,9,6.62,91.0,74.1,3.87,2,0,2,4.5,0,0,0
2023-10-01,619,10,6.69,87.3,75.7,4.01,2,1,2,6.1,0,0,0
2023-11-01,619,11,6.76,82.4,79.1,3.79,2,1,2,5.1,0,0,0
2023-12-01,619,12,6.78,90.2,73.5,3.78,2,1,2,8.7,0,0,1
2024-01-01,619,13,6.71,89.4,86.1,4.07,2,1,2,6.8,0,0,1
2024-02-01,619,14,6.69,82.7,75.9,3.75,2,1,2,3.3,0,0,1
2024-03-01,619,15,6.77,86.0,74.5,4.08,2,1,2,3.3,1,0,1
2024-04-01,619,16,6.78,92.6,78.7,3.71,2,1,2,6.7,1,0,1
2024-05-01,619,17,6.86,90.1,83.7,3.82,2,1,2,6.6,1,0,1
2024-06-01,619,18,6.89,89.7,78.2,4.05,2,1,2,5.1,2,0,1
2023-01-01,620,1,8.17,96.5,34.8,3.23,0,1,0,8.7,0,0,0
2023-02-01,620,2,8.04,97.9,40.5,3.29,0,1,1,7.4,0,0,0
2023-03-01,620,3,8.19,92.5,40.4,3.03,0,1,1,8.5,0,0,0
2023-04-01,620,4,8.25,100.0,38.2,3.29,0,1,1,4.5,0,0,0
2023-05-01,620,5,8.37,98.9,33.1,3.11,0,1,1,7.0,0,0,0
2023-06-01,620,6,8.34,100.0,38.5,3.43,0,1,1,7.4,0,0,0
2023-07-01,620,7,8.32,88.3,40.6,3.21,0,1,1,8.8,0,0,1
2023-08-01,620,8,8.67,94.0,35.9,3.24,0,1,1,2.6,0,0,1
2023-09-01,620,9,8.72,100.0,46.5,3.29,0,1,1,2.4,0,0,1
2023-10-01,620,10,8.6,93.8,39.0,3.29,0,1,1,5.7,0,0,1
2023-11-01,620,11,8.72,90.1,42.8,3.18,1,1,1,11.4,0,0,1
2023-12-01,620,12,8.55,97.3,45.2,3.37,1,1,1,0.5,1,0,1
2024-01-01,620,13,8.87,94.8,42.5,3.15,1,1,1,8.2,1,0,1
2024-02-01,620,14,8.48,90.3,49.7,3.57,1,1,1,5.3,1,0,1
2024-03-01,620,15,8.64,91.1,42.7,3.23,1,1,1,7.3,1,0,1
2024-04-01,620,16,8.9,97.0,44.3,3.35,1,1,1,11.9,1,0,1
2024-05-01,620,17,9.09,95.9,38.3,3.13,2,1,1,4.6,1,0,1
2024-06-01,620,18,8.89,97.1,44.5,3.37,3,1,1,3.8,2,0,1
2023-01-01,621,1,6.69,70.2,33.3,3.59,1,2,0,3.8,0,0,0
2023-02-01,621,2,6.4,71.7,37.3,3.73,1,2,0,4.5,0,0,0
2023-03-01,621,3,6.76,71.5,34.2,3.75,1,2,0,3.3,1,0,0
2023-04-01,621,4,6.71,64.5,30.2,3.71,1,2,0,3.2,1,0,0
2023-05-01,621,5,6.71,69.9,35.4,3.32,1,2,0,4.2,1,0,0
2023-06-01,621,6,6.81,70.8,31.6,3.66,1,2,0,5.7,1,0,0
2023-07-01,621,7,6.87,69.3,31.1,3.96,1,2,0,5.1,1,0,0
2023-08-01,621,8,6.8,78.5,35.2,3.65,1,2,0,7.8,1,0,0
2023-09-01,621,9,6.9,67.3,34.1,3.68,1,2,0,6.3,1,0,0
2023-10-01,621,10,6.83,70.4,38.7,3.76,1,2,0,0.4,1,0,1
2023-11-01,621,11,6.94,76.3,34.5,3.91,1,2,0,1.0,1,0,1
2023-12-01,621,12,6.85,67.5,31.7,3.87,1,2,0,2.3,1,0,1
2024-01-01,621,13,7.27,69.8,37.5,3.8,1,2,0,5.3,2,0,1
2024-02-01,621,14,6.87,65.1,33.3,3.59,1,2,0,1.3,3,0,1
2024-03-01,621,15,7.29,68.2,35.2,3.85,1,2,0,1.0,3,0,1
2024-04-01,621,16,7.09,78.0,37.9,3.81,1,2,0,1.9,4,0,1
2024-05-01,621,17,7.28,76.1,37.7,3.61,1,2,0,3.8,4,0,1
2024-06-01,621,18,7.08,73.8,36.9,4.05,1,2,0,2.8,5,0,1
2023-01-01,622,1,6.78,77.0,67.4,2.6,0,1,0,7.3,0,1,0
2023-02-01,622,2,6.84,73.8,76.8,2.58,0,1,0,5.3,0,1,0
2023-03-01,622,3,6.98,79.4,62.9,2.91,0,1,1,4.4,0,1,0
2023-04-01,622,4,7.03,76.8,70.0,2.93,0,1,1,5.1,0,1,0
2023-05-01,622,5,7.14,73.2,70.3,2.83,0,1,1,5.5,0,0,0
2023-06-01,622,6,7.17,68.5,72.1,2.77,0,1,1,3.2,1,0,0
2023-07-01,622,7,7.0,72.7,69.3,2.65,0,2,1,6.6,1,0,0
2023-08-01,622,8,7.29,70.3,72.5,2.85,0,2,1,6.5,1,0,0
2023-09-01,622,9,7.26,77.6,73.6,2.82,0,2,1,5.9,1,0,0
2023-10-01,622,10,7.23,81.0,77.3,2.77,0,2,1,1.2,1,0,0
2023-11-01,622,11,7.22,74.1,74.5,2.7,0,2,1,7.3,1,0,0
2023-12-01,622,12,7.31,73.0,81.4,3.13,0,2,1,6.7,1,0,0
2024-01-01,622,13,7.15,78.8,78.8,2.97,0,2,1,3.4,1,0,0
2024-02-01,622,14,7.27,75.4,78.9,2.87,0,2,1,6.9,1,0,0
2024-03-01,622,15,7.43,78.7,81.2,2.9,0,2,1,1.8,1,0,0
2024-04-01,622,16,7.54,81.2,82.4,2.62,1,2,1,8.3,1,0,0
2024-05-01,622,17,7.39,73.7,74.3,2.78,1,2,1,3.0,1,0,0
2024-06-01,622,18,7.29,81.5,74.0,3.07,1,2,1,5.7,2,0,0
2023-01-01,623,1,7.23,83.7,50.4,2.92,1,3,0,0.6,0,0,0
2023-02-01,623,2,7.39,82.6,52.8,2.73,1,3,0,1.4,0,0,0
2023-03-01,623,3,7.43,80.1,46.6,2.85,1,3,0,2.8,0,0,0
2023-04-01,623,4,7.22,83.2,50.9,2.98,1,3,0,0.5,0,0,0
2023-05-01,623,5,7.3,80.9,47.3,2.7,1,3,0,4.8,0,0,0
2023-06-01,623,6,7.36,81.5,48.2,2.84,1,3,0,2.4,0,0,0
2023-07-01,623,7,7.53,80.8,54.0,2.96,1,3,0,0.0,0,0,0
2023-08-01,623,8,7.41,82.0,53.0,2.81,1,3,0,1.7,0,0,1
2023-09-01,623,9,7.57,83.0,53.1,2.87,1,3,0,4.3,0,0,1
2023-10-01,623,10,7.55,78.2,54.4,2.86,1,3,0,0.9,0,0,1
2023-11-01,623,11,7.74,84.1,52.7,2.78,1,3,0,6.5,0,0,1
2023-12-01,623,12,7.55,82.0,49.2,3.05,1,3,0,4.1,0,0,1
2024-01-01,623,13,7.74,79.6,53.2,2.96,2,3,0,2.4,0,0,1
2024-02-01,623,14,7.72,86.7,54.6,3.09,2,3,0,4.1,0,0,1
2024-03-01,623,15,7.93,86.6,51.4,2.99,2,3,0,3.9,0,0,1
2024-04-01,623,16,7.81,85.2,47.9,2.98,2,3,0,4.2,0,0,1
2024-05-01,623,17,8.06,85.3,56.9,2.78,2,3,0,8.2,1,0,1
2024-06-01,623,18,7.93,79.3,60.6,2.82,2,3,0,6.3,1,0,1
2023-01-01,624,1,6.4,76.2,58.3,2.65,0,1,1,5.4,0,1,0
2023-02-01,624,2,6.51,78.3,48.2,2.86,0,1,1,5.4,0,1,0
2023-03-01,624,3,6.61,74.8,53.3,2.9,0,1,1,3.2,0,1,0
2023-04-01,624,4,6.38,80.2,51.0,2.9,0,1,1,2.9,0,1,0
2023-05-01,624,5,6.44,67.9,47.0,2.95,0,1,1,6.2,0,1,0
2023-06-01,624,6,6.4,74.0,50.3,3.11,0,1,1,4.4,0,1,0
2023-07-01,624,7,6.73,68.6,59.8,2.93,0,2,1,5.5,0,1,0
2023-08-01,624,8,6.6,75.8,57.4,3.02,0,2,1,7.4,0,1,0
2023-09-01,624,9,6.54,73.1,61.0,3.09,0,2,1,6.1,0,1,0
2023-10-01,624,10,6.62,84.2,65.0,2.89,0,2,1,5.9,0,1,0
2023-11-01,624,11,6.78,82.1,61.2,2.88,0,2,1,7.9,0,0,0
2023-12-01,624,12,6.48,78.5,54.0,3.18,0,2,1,9.7,0,0,0
2024-01-01,624,13,6.9,82.7,58.9,2.95,0,2,1,6.7,1,0,0
2024-02-01,624,14,7.04,78.0,63.8,2.77,0,2,1,10.6,1,0,0
2024-03-01,624,15,6.85,71.6,57.5,2.82,0,2,1,6.3,1,0,0
2024-04-01,624,16,6.86,82.6,58.1,2.85,0,2,1,8.0,1,0,0
2024-05-01,624,17,7.01,85.8,57.8,3.02,0,3,1,8.1,1,0,0
2024-06-01,624,18,6.9,73.5,59.3,3.13,0,3,1,10.9,2,0,0
2023-01-01,625,1,7.35,94.2,34.0,1.93,0,0,0,10.8,0,0,0
2023-02-01,625,2,7.47,92.8,24.9,1.69,0,0,0,3.8,0,0,0
2023-03-01,625,3,7.4,86.0,30.2,1.82,0,0,0,4.0,0,0,0
2023-04-01,625,4,7.51,91.7,36.7,1.89,0,0,0,6.8,0,0,0
2023-05-01,625,5,7.32,88.0,23.1,1.85,0,0,0,6.2,0,0,0
2023-06-01,625,6,7.44,95.2,36.9,1.92,0,0,0,6.4,0,0,0
2023-07-01,625,7,7.33,90.8,30.1,2.06,0,0,0,2.0,0,0,0
2023-08-01,625,8,7.39,89.3,41.9,2.08,0,0,0,5.2,0,0,0
2023-09-01,625,9,7.49,92.8,37.8,2.15,0,0,0,3.5,0,0,0
2023-10-01,625,10,7.39,88.3,45.8,2.23,0,0,0,3.6,0,0,0
2023-11-01,625,11,7.24,94.3,32.9,1.84,0,0,0,5.4,0,0,0
2023-12-01,625,12,7.48,92.4,35.1,1.94,0,0,0,4.1,0,0,0
2024-01-01,625,13,7.36,91.5,37.2,2.18,0,0,0,1.8,0,0,0
2024-02-01,625,14,7.64,90.1,35.8,2.13,0,0,0,4.1,0,0,0
2024-03-01,625,15,7.53,87.1,34.5,2.06,0,0,0,8.9,0,0,0
2024-04-01,625,16,7.53,90.4,34.2,1.94,0,0,0,5.3,0,0,0
2024-05-01,625,17,7.77,91.7,31.3,2.03,0,0,0,3.0,0,0,0
2024-06-01,625,18,7.71,89.1,35.2,2.22,0,0,0,5.9,0,0,0
2023-01-01,626,1,6.53,68.9,48.1,4.03,0,0,0,7.1,0,1,0
2023-02-01,626,2,6.58,82.3,47.9,3.97,0,0,0,11.5,0,1,0
2023-03-01,626,3,6.33,82.8,48.5,3.89,0,0,0,7.7,0,1,0
2023-04-01,626,4,6.67,76.0,52.4,3.68,0,0,0,5.7,0,0,0
2023-05-01,626,5,6.59,81.0,50.8,3.77,0,0,0,10.1,1,0,0
2023-06-01,626,6,6.75,80.8,47.0,3.83,0,0,0,7.1,1,0,0
2023-07-01,626,7,6.9,80.7,43.5,3.84,0,0,0,11.6,1,0,0
2023-08-01,626,8,6.69,89.8,50.4,3.84,0,1,0,7.7,1,0,0
2023-09-01,626,9,6.9,80.4,47.2,3.96,0,1,0,5.9,1,0,0
2023-10-01,626,10,6.8,78.4,46.4,3.81,0,2,0,0.2,1,0,0
2023-11-01,626,11,6.67,77.8,52.0,4.01,0,2,0,3.6,1,0,0
2023-12-01,626,12,6.78,74.9,54.8,4.06,0,2,0,3.9,2,0,1
2024-01-01,626,13,6.62,79.7,56.3,3.46,0,2,0,6.9,3,0,1
2024-02-01,626,14,6.87,81.5,60.6,4.14,0,2,0,5.0,3,0,1
2024-03-01,626,15,6.7,85.6,54.1,4.13,0,2,0,7.2,3,0,1
2024-04-01,626,16,6.77,81.9,52.5,3.74,0,2,0,7.1,3,0,1
2024-05-01,626,17,6.7,82.0,55.6,4.11,0,2,0,7.2,3,0,1
2024-06-01,626,18,7.09,73.5,62.8,3.87,0,2,0,9.9,4,0,1
2023-01-01,627,1,6.45,71.5,60.9,3.84,1,0,1,13.1,0,1,0
2023-02-01,627,2,6.65,75.9,62.4,4.21,1,0,1,8.3,0,1,0
2023-03-01,627,3,6.59,69.1,53.9,3.84,1,0,1,9.3,0,1,0
2023-04-01,627,4,6.75,71.4,58.5,3.99,1,0,1,11.4,0,1,0
2023-05-01,627,5,6.74,70.7,64.1,4.21,1,1,1,8.8,0,0,0
2023-06-01,627,6,6.69,76.3,62.3,4.11,1,1,1,10.1,0,0,0
2023-07-01,627,7,6.72,64.7,64.1,3.97,1,1,1,9.4,1,0,0
2023-08-01,627,8,6.9,72.4,64.4,4.08,1,1,1,11.8,1,0,0
2023-09-01,627,9,7.07,77.4,62.8,4.2,1,1,1,15.4,1,0,0
2023-10-01,627,10,6.78,77.4,65.7,4.23,2,1,1,11.2,1,0,0
2023-11-01,627,11,7.19,76.3,69.2,3.96,2,2,1,8.8,1,0,0
2023-12-01,627,12,7.08,67.8,64.8,4.13,3,2,1,5.1,1,0,0
2024-01-01,627,13,7.1,73.1,59.4,4.36,3,2,1,11.2,1,0,0
2024-02-01,627,14,7.2,67.8,73.3,4.17,3,2,1,6.6,1,0,0
2024-03-01,627,15,7.12,77.5,70.4,4.1,3,2,1,11.2,1,0,0
2024-04-01,627,16,7.27,73.4,63.1,4.17,3,2,1,10.9,1,0,0
2024-05-01,627,17,7.23,70.6,67.9,4.12,3,3,1,7.8,1,0,0
2024-06-01,627,18,7.31,77.4,72.0,4.39,3,3,1,9.3,1,0,1
2023-01-01,628,1,8.27,78.4,70.1,2.62,0,1,0,2.7,1,0,0
2023-02-01,628,2,8.15,82.3,69.5,2.6,0,1,0,6.0,1,0,0
2023-03-01,628,3,8.21,84.9,71.3,2.4,0,1,0,5.1,1,0,0
2023-04-01,628,4,8.18,81.1,73.9,2.57,0,1,0,3.4,1,0,0
2023-05-01,628,5,8.22,81.8,76.6,2.91,0,1,0,6.3,1,0,0
2023-06-01,628,6,8.52,77.0,75.6,2.7,0,1,0,3.3,1,0,0
2023-07-01,628,7,8.21,79.7,79.3,2.69,0,1,0,5.8,1,0,0
2023-08-01,628,8,8.62,82.8,73.4,2.76,0,1,0,7.1,1,0,1
2023-09-01,628,9,8.31,79.1,70.1,2.58,0,1,0,8.3,2,0,1
2023-10-01,628,10,8.62,83.2,72.8,2.98,0,1,0,1.6,3,0,1
2023-11-01,628,11,8.47,80.5,82.1,2.96,0,1,0,6.4,3,0,1
2023-12-01,628,12,8.68,87.7,80.5,2.91,0,1,0,3.0,3,0,1
2024-01-01,628,13,8.83,79.5,81.8,2.58,0,1,0,4.4,3,0,1
2024-02-01,628,14,8.51,77.9,67.0,2.92,0,1,0,6.1,4,0,1
2024-03-01,628,15,8.54,85.6,73.4,2.9,0,1,0,9.4,4,0,1
2024-04-01,628,16,8.92,91.0,76.7,2.79,0,1,0,4.9,5,0,1
2024-05-01,628,17,8.63,85.0,79.3,3.02,0,1,0,7.6,5,0,1
2024-06-01,628,18,8.88,80.8,78.1,3.14,0,1,0,8.1,5,0,1
2023-01-01,629,1,6.21,86.1,40.9,3.64,0,0,0,8.6,0,3,0
2023-02-01,629,2,6.25,85.6,46.6,3.43,0,1,0,6.1,0,3,0
2023-03-01,629,3,6.45,78.4,46.7,3.46,0,1,0,9.9,0,3,0
2023-04-01,629,4,6.06,84.6,54.5,3.66,0,1,0,9.2,0,3,0
2023-05-01,629,5,6.21,90.7,49.7,3.42,0,2,0,12.7,0,3,0
2023-06-01,629,6,6.19,78.4,50.4,3.34,0,2,0,4.3,0,3,0
2023-07-01,629,7,6.31,86.1,43.0,3.3,0,2,0,11.5,0,3,0
2023-08-01,629,8,6.27,81.2,49.2,3.81,0,2,0,7.2,0,3,0
2023-09-01,629,9,6.06,78.4,50.2,3.56,0,2,0,10.8,0,3,0
2023-10-01,629,10,6.23,83.4,56.0,3.44,0,2,0,9.7,0,3,0
2023-11-01,629,11,5.98,89.1,57.9,3.25,0,2,0,9.7,0,3,0
2023-12-01,629,12,6.23,76.5,65.0,3.45,0,2,0,9.8,0,3,0
2024-01-01,629,13,6.28,80.3,50.9,3.47,0,2,0,11.6,0,3,0
2024-02-01,629,14,6.45,79.7,56.7,3.34,0,2,0,6.7,0,3,0
2024-03-01,629,15,6.45,81.2,54.4,3.48,0,2,0,11.1,0,3,0
2024-04-01,629,16,6.28,83.6,54.1,3.77,0,3,0,6.9,0,3,0
2024-05-01,629,17,6.33,81.8,56.9,3.79,0,3,0,11.9,0,3,0
2024-06-01,629,18,6.56,83.2,59.5,3.4,0,3,0,5.6,0,3,0
2023-01-01,630,1,4.77,89.3,93.7,3.02,2,1,0,7.7,0,0,0
2023-02-01,630,2,5.24,91.2,84.4,2.85,2,1,0,9.9,0,0,0
2023-03-01,630,3,4.94,90.6,91.7,2.76,2,1,1,9.1,0,0,0
2023-04-01,630,4,5.25,89.0,84.7,2.91,2,2,1,10.2,0,0,0
2023-05-01,630,5,5.27,92.6,83.1,2.97,2,2,1,7.2,0,0,0
2023-06-01,630,6,5.36,88.0,90.3,2.97,2,2,1,11.8,0,0,0
2023-07-01,630,7,5.35,91.0,87.1,3.29,2,2,2,12.6,0,0,0
2023-08-01,630,8,5.42,88.2,83.0,3.28,3,2,2,9.9,1,0,0
2023-09-01,630,9,5.56,92.1,85.4,3.15,3,2,2,9.3,2,0,0
2023-10-01,630,10,5.29,88.1,88.8,2.76,3,2,2,11.7,2,0,0
2023-11-01,630,11,5.51,88.6,98.4,3.26,3,2,2,10.7,2,0,0
2023-12-01,630,12,5.69,98.6,88.4,3.03,3,2,2,13.8,3,0,1
2024-01-01,630,13,5.5,96.1,94.4,3.1,3,2,2,10.5,3,0,1
2024-02-01,630,14,5.8,88.1,96.3,3.18,4,2,2,10.6,4,0,1
2024-03-01,630,15,5.67,93.4,94.2,3.3,4,2,2,16.2,4,0,1
2024-04-01,630,16,5.74,93.1,95.2,3.09,4,2,2,11.5,4,0,1
2024-05-01,630,17,5.8,91.0,99.0,2.93,4,3,2,12.1,5,0,1
2024-06-01,630,18,5.89,91.6,94.4,3.35,4,3,2,10.5,6,0,1
2023-01-01,631,1,8.4,80.1,51.0,3.32,0,1,0,10.0,0,0,0
2023-02-01,631,2,8.32,89.1,51.9,3.35,0,1,0,6.5,0,0,0
2023-03-01,631,3,8.04,88.9,49.1,3.65,0,1,0,10.6,0,0,0
2023-04-01,631,4,8.44,88.6,47.8,3.35,0,2,0,6.9,0,0,0
2023-05-01,631,5,8.31,85.0,51.8,3.37,1,2,0,5.4,0,0,0
2023-06-01,631,6,8.28,87.0,51.1,3.52,1,2,0,6.5,0,0,0
2023-07-01,631,7,8.6,84.5,43.7,3.38,1,3,0,9.8,1,0,0
2023-08-01,631,8,8.57,88.5,50.6,3.55,1,4,0,10.8,1,0,0
2023-09-01,631,9,8.65,82.0,44.3,3.55,1,4,0,8.3,1,0,1
2023-10-01,631,10,8.46,85.3,50.7,3.55,1,4,0,8.5,1,0,1
2023-11-01,631,11,8.71,85.9,45.5,3.53,1,5,0,8.1,1,0,1
2023-12-01,631,12,8.8,83.1,49.6,3.34,1,5,0,8.1,1,0,1
2024-01-01,631,13,8.71,85.4,58.8,3.68,1,5,0,9.6,1,0,1
2024-02-01,631,14,8.76,87.9,47.9,3.58,1,5,0,2.6,1,0,1
2024-03-01,631,15,8.9,90.5,52.1,3.67,1,5,0,13.6,1,0,1
2024-04-01,631,16,8.81,85.0,55.6,3.55,1,5,1,6.5,2,0,1
2024-05-01,631,17,8.95,78.9,55.7,3.4,1,5,1,10.6,3,0,1
2024-06-01,631,18,8.9,82.4,57.7,3.83,1,5,1,4.5,3,0,1
2023-01-01,632,1,9.1,91.9,46.2,2.38,0,1,1,8.1,0,1,0
2023-02-01,632,2,9.07,87.6,55.5,2.64,0,1,1,2.7,0,1,0
2023-03-01,632,3,9.3,83.6,49.6,2.78,0,1,2,4.9,0,0,0
2023-04-01,632,4,9.02,84.9,52.2,3.1,0,1,2,1.0,0,0,0
2023-05-01,632,5,9.1,86.7,48.1,2.92,1,2,2,8.6,0,0,0
2023-06-01,632,6,9.19,79.8,46.7,2.74,1,2,2,7.7,0,0,0
2023-07-01,632,7,9.19,74.3,51.8,3.05,1,2,2,6.5,0,0,0
2023-08-01,632,8,9.29,93.8,56.0,2.6,1,2,2,10.0,0,0,0
2023-09-01,632,9,9.35,95.4,41.8,2.8,1,2,2,3.0,0,0,0
2023-10-01,632,10,9.48,86.0,48.2,2.74,1,2,2,2.4,0,0,0
2023-11-01,632,11,9.42,82.9,51.9,2.8,1,2,2,7.8,1,0,0
2023-12-01,632,12,9.59,91.3,46.7,2.83,1,2,2,6.3,1,0,0
2024-01-01,632,13,9.57,79.8,48.0,2.62,1,2,2,2.9,1,0,0
2024-02-01,632,14,9.65,82.5,51.4,3.0,1,2,2,0.2,1,0,0
2024-03-01,632,15,9.57,79.7,58.2,3.14,1,2,2,4.1,1,0,0
2024-04-01,632,16,9.99,86.3,54.9,2.94,1,2,2,3.5,1,0,0
2024-05-01,632,17,9.74,88.0,54.1,3.13,1,2,2,8.0,1,0,0
2024-06-01,632,18,9.91,88.6,53.5,2.97,1,2,2,5.4,2,0,0
2023-01-01,633,1,6.54,85.6,78.4,2.78,1,1,1,0.0,0,0,0
2023-02-01,633,2,6.68,89.4,85.9,2.73,1,1,1,1.8,0,0,0
2023-03-01,633,3,6.99,81.0,82.1,2.88,1,1,1,4.8,0,0,0
2023-04-01,633,4,6.49,85.8,79.7,2.57,1,1,1,8.3,0,0,0
2023-05-01,633,5,6.54,87.5,71.7,2.51,1,1,1,9.3,0,0,0
2023-06-01,633,6,6.88,82.2,80.6,2.48,1,1,2,12.7,0,0,0
2023-07-01,633,7,6.93,92.9,81.3,2.69,1,1,2,7.6,0,0,0
2023-08-01,633,8,6.87,83.4,88.4,2.65,1,1,2,7.1,1,0,0
2023-09-01,633,9,6.55,80.3,84.2,2.64,1,1,2,7.0,1,0,0
2023-10-01,633,10,6.64,94.7,84.2,2.73,1,1,2,3.8,1,0,0
2023-11-01,633,11,6.99,84.7,88.0,2.58,1,1,2,3.7,1,0,0
2023-12-01,633,12,6.97,80.8,85.2,2.32,1,1,2,7.4,1,0,0
2024-01-01,633,13,6.83,93.5,93.7,2.62,2,1,2,3.2,1,0,0
2024-02-01,633,14,6.94,81.1,92.0,2.62,2,1,2,5.5,1,0,0
2024-03-01,633,15,6.95,81.5,83.8,2.63,2,1,2,3.6,2,0,0
2024-04-01,633,16,6.95,87.1,91.8,2.73,2,1,2,4.3,2,0,0
2024-05-01,633,17,6.77,82.5,86.7,2.58,2,1,2,2.6,2,0,0
2024-06-01,633,18,7.04,87.1,83.1,2.71,2,1,2,8.5,2,0,1
2023-01-01,634,1,5.55,74.9,63.0,3.85,0,0,0,9.9,0,0,0
2023-02-01,634,2,5.34,75.7,59.7,3.92,0,0,0,7.7,0,0,0
2023-03-01,634,3,5.56,80.4,67.3,3.85,0,0,0,8.2,0,0,0
2023-04-01,634,4,5.27,74.9,62.5,3.88,0,0,0,10.9,0,0,0
2023-05-01,634,5,5.71,83.2,62.3,3.69,0,0,0,4.8,0,0,0
2023-06-01,634,6,5.69,77.8,65.0,3.73,0,0,0,10.4,0,0,0
2023-07-01,634,7,5.64,83.3,61.5,4.1,0,1,0,6.4,0,0,0
2023-08-01,634,8,5.72,80.4,61.6,3.74,0,1,0,7.6,1,0,0
2023-09-01,634,9,5.27,78.0,63.4,4.14,0,1,0,7.9,1,0,0
2023-10-01,634,10,5.6,82.2,67.9,3.92,0,1,0,11.9,1,0,0
2023-11-01,634,11,5.79,78.1,64.6,4.09,1,1,0,7.5,1,0,0
2023-12-01,634,12,5.48,75.2,69.7,4.06,1,1,0,9.3,1,0,0
2024-01-01,634,13,5.73,74.8,66.6,3.94,1,1,1,5.3,1,0,0
2024-02-01,634,14,5.72,72.8,67.4,4.19,1,1,1,6.6,2,0,1
2024-03-01,634,15,5.68,81.3,70.9,4.15,1,2,1,8.4,2,0,1
2024-04-01,634,16,5.72,80.2,78.3,3.81,1,3,1,7.4,3,0,1
2024-05-01,634,17,5.51,84.0,68.9,4.1,1,3,1,9.4,3,0,1
2024-06-01,634,18,5.79,77.9,68.9,4.43,1,3,1,7.8,3,0,1
2023-01-01,635,1,6.55,76.2,49.2,3.06,0,1,0,11.7,0,0,0
2023-02-01,635,2,6.97,71.8,48.6,3.16,0,1,0,8.0,0,0,0
2023-03-01,635,3,6.83,75.8,57.6,3.19,0,1,0,8.8,0,0,0
2023-04-01,635,4,6.91,76.2,58.3,3.13,0,2,0,7.0,0,0,0
2023-05-01,635,5,7.02,74.7,55.1,3.09,0,3,0,9.5,0,0,0
2023-06-01,635,6,6.97,74.9,47.1,3.59,0,3,0,4.4,0,0,0
2023-07-01,635,7,7.22,71.7,51.3,3.09,0,4,0,4.7,0,0,0
2023-08-01,635,8,6.99,76.6,57.7,3.08,0,4,0,4.8,0,0,0
2023-09-01,635,9,7.24,79.0,50.4,3.4,0,4,0,10.8,0,0,1
2023-10-01,635,10,7.14,63.0,55.7,3.39,0,4,0,10.9,0,0,1
2023-11-01,635,11,7.28,77.7,63.8,2.76,0,5,0,9.7,0,0,1
2023-12-01,635,12,7.27,74.1,58.1,3.33,0,5,0,5.2,0,0,1
2024-01-01,635,13,7.17,75.4,56.4,3.06,0,5,0,9.3,0,0,1
2024-02-01,635,14,7.45,73.5,56.5,3.02,0,5,0,8.2,0,0,1
2024-03-01,635,15,7.24,82.1,59.5,3.29,0,5,0,6.2,0,0,1
2024-04-01,635,16,7.48,68.9,62.6,3.37,0,5,0,7.2,0,0,1
2024-05-01,635,17,7.64,81.0,57.8,3.14,0,5,0,10.1,0,0,1
2024-06-01,635,18,7.49,77.5,64.0,3.4,0,5,0,2.3,0,0,1
2023-01-01,636,1,6.86,84.3,57.3,4.76,0,0,0,2.3,0,0,0
2023-02-01,636,2,6.8,95.3,56.3,4.54,0,0,0,6.4,1,0,0
2023-03-01,636,3,6.96,80.4,60.0,4.94,0,0,0,6.6,1,0,0
2023-04-01,636,4,6.69,91.8,54.9,4.67,0,1,0,4.8,1,0,0
2023-05-01,636,5,6.95,82.1,58.1,4.8,0,2,0,0.8,1,0,0
2023-06-01,636,6,6.91,86.6,55.1,4.84,0,2,0,7.0,1,0,0
2023-07-01,636,7,6.78,83.3,58.5,4.54,0,2,0,3.1,1,0,0
2023-08-01,636,8,7.03,82.0,60.2,4.46,0,2,0,6.6,1,0,0
2023-09-01,636,9,6.85,80.4,59.0,4.48,0,2,0,10.9,1,0,0
2023-10-01,636,10,6.99,85.9,66.6,4.76,0,2,0,7.0,1,0,0
2023-11-01,636,11,6.88,85.7,54.7,4.94,0,2,0,3.0,1,0,0
2023-12-01,636,12,7.24,84.3,54.5,4.63,0,2,0,6.5,1,0,0
2024-01-01,636,13,6.94,94.4,57.3,4.85,0,2,0,7.7,1,0,0
2024-02-01,636,14,7.13,85.2,60.3,4.47,0,2,0,0.0,1,0,1
2024-03-01,636,15,7.0,88.2,59.0,4.91,0,2,0,3.3,1,0,1
2024-04-01,636,16,7.0,91.6,57.8,4.94,0,2,0,3.8,2,0,1
2024-05-01,636,17,7.15,80.4,54.7,4.69,0,2,0,3.7,2,0,1
2024-06-01,636,18,7.21,77.6,58.5,4.87,0,2,0,3.1,3,0,1
2023-01-01,637,1,6.91,72.5,81.0,3.21,0,2,0,6.8,0,0,0
2023-02-01,637,2,7.15,77.1,84.6,3.13,0,2,0,8.9,1,0,0
2023-03-01,637,3,6.98,83.9,84.5,3.25,0,2,0,2.5,1,0,0
2023-04-01,637,4,7.03,79.7,78.7,3.38,0,2,0,6.9,1,0,0
2023-05-01,637,5,6.88,79.4,78.5,3.35,0,2,0,7.2,1,0,0
2023-06-01,637,6,7.11,77.9,82.9,2.88,0,2,0,5.5,1,0,0
2023-07-01,637,7,7.02,80.3,82.8,3.12,0,2,0,9.5,1,0,0
2023-08-01,637,8,6.98,81.6,86.1,3.25,0,2,0,6.5,1,0,0
2023-09-01,637,9,6.99,85.5,84.5,3.31,0,2,0,9.7,1,0,0
2023-10-01,637,10,7.05,81.5,81.6,3.25,0,2,0,3.5,1,0,0
2023-11-01,637,11,7.24,73.5,82.8,3.29,0,2,0,5.6,2,0,0
2023-12-01,637,12,7.32,73.1,90.2,3.39,0,2,0,10.7,2,0,0
2024-01-01,637,13,7.12,77.3,81.0,3.32,0,2,0,9.9,2,0,0
2024-02-01,637,14,7.07,73.2,87.0,3.55,1,2,0,9.4,2,0,0
2024-03-01,637,15,7.38,76.1,83.7,3.33,1,3,0,8.0,3,0,0
2024-04-01,637,16,7.39,80.6,79.6,3.43,1,3,0,8.5,4,0,0
2024-05-01,637,17,7.49,78.4,88.3,3.31,1,3,0,8.4,4,0,0
2024-06-01,637,18,7.37,81.4,85.0,3.63,1,3,0,1.4,4,0,0
2023-01-01,638,1,6.23,100.0,73.9,2.45,0,1,1,5.5,0,0,0
2023-02-01,638,2,6.26,100.0,84.5,2.69,0,1,1,4.9,0,0,0
2023-03-01,638,3,6.25,99.3,81.9,2.35,0,1,1,5.8,1,0,0
2023-04-01,638,4,6.17,98.3,79.7,2.63,0,2,1,6.1,1,0,0
2023-05-01,638,5,6.2,92.8,83.7,2.99,0,3,1,1.4,1,0,0
2023-06-01,638,6,6.32,100.0,83.9,2.49,0,4,1,7.6,1,0,0
2023-07-01,638,7,6.44,98.4,85.2,2.39,0,4,1,9.3,1,0,0
2023-08-01,638,8,6.25,94.2,76.1,2.66,0,4,1,6.4,1,0,0
2023-09-01,638,9,6.39,94.3,86.7,2.51,0,4,1,8.4,1,0,0
2023-10-01,638,10,6.35,98.6,87.0,2.44,0,4,1,8.0,1,0,0
2023-11-01,638,11,6.33,99.8,86.2,2.51,0,4,1,10.4,1,0,0
2023-12-01,638,12,6.59,96.2,85.8,2.71,0,4,1,9.3,1,0,0
2024-01-01,638,13,6.58,100.0,82.1,2.73,0,4,1,8.9,2,0,0
2024-02-01,638,14,6.67,99.6,86.5,2.74,0,5,1,8.3,2,0,0
2024-03-01,638,15,6.79,99.3,86.1,2.89,0,5,1,12.4,2,0,0
2024-04-01,638,16,6.79,97.6,87.1,2.68,0,5,1,8.5,2,0,0
2024-05-01,638,17,6.82,100.0,85.1,2.85,0,5,1,11.5,2,0,0
2024-06-01,638,18,6.97,98.7,90.5,2.83,0,5,1,9.2,2,0,0
2023-01-01,639,1,7.79,90.8,41.3,4.29,0,0,0,0.0,0,0,0
2023-02-01,639,2,7.58,93.6,43.0,3.97,0,0,0,4.3,0,0,0
2023-03-01,639,3,7.45,95.7,48.0,3.88,0,0,0,6.6,0,0,0
2023-04-01,639,4,7.58,100.0,47.8,3.9,0,0,0,4.2,0,0,0
2023-05-01,639,5,7.42,100.0,44.1,4.12,0,0,0,7.7,0,0,0
2023-06-01,639,6,7.57,98.0,52.0,4.24,0,0,0,9.2,0,0,0
2023-07-01,639,7,7.59,100.0,52.6,4.07,1,0,0,7.9,0,0,0
2023-08-01,639,8,7.38,98.1,45.2,4.16,1,0,0,3.8,0,0,0
2023-09-01,639,9,7.76,93.4,49.4,4.13,1,0,0,7.3,0,0,0
2023-10-01,639,10,7.61,97.0,53.9,4.07,1,0,0,10.7,0,0,0
2023-11-01,639,11,7.5,100.0,52.0,4.42,1,0,1,6.2,0,0,0
2023-12-01,639,12,7.36,100.0,46.5,4.16,1,0,1,4.1,0,0,0
2024-01-01,639,13,7.74,96.9,53.7,4.35,2,1,1,4.2,0,0,0
2024-02-01,639,14,7.64,93.1,47.2,4.03,2,1,1,4.3,1,0,0
2024-03-01,639,15,7.71,92.6,51.4,4.44,2,2,1,8.9,1,0,0
2024-04-01,639,16,7.58,94.0,52.1,4.08,2,2,1,4.4,1,0,0
2024-05-01,639,17,7.51,91.5,49.3,4.02,2,2,1,5.7,1,0,1
2024-06-01,639,18,7.7,100.0,51.5,4.32,2,2,1,4.6,1,0,1
2023-01-01,640,1,7.45,88.2,53.5,3.76,0,0,0,4.4,0,0,0
2023-02-01,640,2,7.64,86.0,58.1,3.59,0,1,0,11.8,0,0,0
2023-03-01,640,3,7.49,90.0,56.4,3.73,0,1,0,7.3,0,0,0
2023-04-01,640,4,7.58,95.8,59.1,3.79,0,1,0,3.9,0,0,0
2023-05-01,640,5,7.69,84.9,62.1,3.73,0,1,0,8.9,0,0,1
2023-06-01,640,6,7.63,82.9,54.7,3.64,0,1,0,4.4,1,0,1
2023-07-01,640,7,7.37,86.4,61.8,3.76,0,1,0,5.1,1,0,1
2023-08-01,640,8,7.7,89.5,62.6,3.7,0,1,0,7.9,1,0,1
2023-09-01,640,9,7.72,83.8,62.3,3.57,0,1,0,7.7,1,0,1
2023-10-01,640,10,7.88,88.0,58.5,3.62,0,1,0,8.8,1,0,1
2023-11-01,640,11,7.96,83.6,66.6,3.77,1,1,0,11.9,1,0,1
2023-12-01,640,12,7.67,93.5,63.5,3.81,1,1,0,4.1,1,0,1
2024-01-01,640,13,7.93,89.9,63.8,3.89,1,1,0,10.4,2,0,1
2024-02-01,640,14,7.92,90.1,64.6,3.74,1,1,0,8.8,2,0,1
2024-03-01,640,15,8.06,88.3,63.5,3.72,1,1,0,4.6,2,0,1
2024-04-01,640,16,7.8,86.8,77.1,3.53,1,1,0,11.3,2,0,1
2024-05-01,640,17,8.17,91.9,61.5,3.81,1,1,0,7.7,2,0,1
2024-06-01,640,18,8.22,93.6,63.9,4.05,1,1,0,7.1,2,0,1
2023-01-01,641,1,5.79,87.1,50.1,3.68,1,1,0,0.5,0,0,0
2023-02-01,641,2,5.97,85.4,63.6,3.7,1,1,0,3.7,0,0,0
2023-03-01,641,3,5.78,77.7,62.0,3.83,1,1,0,3.7,0,0,0
2023-04-01,641,4,6.2,85.6,62.7,3.81,1,1,0,3.1,1,0,0
2023-05-01,641,5,5.89,87.5,62.1,3.77,1,1,0,6.4,1,0,0
2023-06-01,641,6,6.13,83.3,64.0,3.9,1,1,0,7.6,1,0,0
2023-07-01,641,7,5.98,82.8,67.1,3.44,1,1,1,6.5,1,0,0
2023-08-01,641,8,6.24,89.2,61.7,3.98,1,1,1,3.5,1,0,0
2023-09-01,641,9,6.24,88.3,62.0,3.79,1,1,1,4.8,1,0,0
2023-10-01,641,10,6.3,90.6,63.4,4.15,1,1,1,3.7,1,0,0
2023-11-01,641,11,6.3,85.3,70.2,3.91,1,1,1,3.1,1,0,0
2023-12-01,641,12,6.38,80.7,63.7,3.74,1,1,1,1.0,1,0,0
2024-01-01,641,13,6.53,84.6,62.3,3.89,1,1,1,4.0,1,0,0
2024-02-01,641,14,6.59,89.2,61.6,3.55,1,1,1,5.4,1,0,0
2024-03-01,641,15,6.58,84.8,59.5,3.75,1,1,2,3.7,2,0,0
2024-04-01,641,16,6.38,80.4,70.0,3.93,1,1,2,5.7,2,0,0
2024-05-01,641,17,6.35,88.2,62.7,4.05,1,1,2,6.5,2,0,0
2024-06-01,641,18,6.5,85.7,64.4,3.88,1,1,2,0.0,3,0,0
2023-01-01,642,1,7.63,76.5,45.3,3.99,0,0,0,4.5,0,0,0
2023-02-01,642,2,7.65,83.0,44.2,3.82,0,0,0,5.7,0,0,0
2023-03-01,642,3,7.56,81.1,50.5,4.07,0,0,0,3.4,0,0,0
2023-04-01,642,4,7.65,78.7,46.3,4.2,0,0,0,8.4,1,0,0
2023-05-01,642,5,7.8,84.8,45.7,4.11,0,0,0,6.6,2,0,0
2023-06-01,642,6,7.87,79.8,42.6,4.08,0,0,0,5.5,2,0,0
2023-07-01,642,7,7.82,84.2,47.6,3.98,0,0,0,10.6,2,0,0
2023-08-01,642,8,7.9,91.4,47.6,4.1,0,0,0,7.1,2,0,0
2023-09-01,642,9,7.81,80.9,45.6,4.03,0,0,0,4.4,2,0,0
2023-10-01,642,10,8.04,84.7,42.4,3.99,0,0,0,4.9,2,0,0
2023-11-01,642,11,7.84,77.9,52.2,4.0,0,0,0,6.6,2,0,0
2023-12-01,642,12,7.89,76.8,40.1,4.42,0,0,0,9.4,2,0,0
2024-01-01,642,13,7.98,77.5,48.0,3.99,0,0,0,2.2,2,0,0
2024-02-01,642,14,8.22,73.1,37.9,4.38,0,0,0,6.7,3,0,0
2024-03-01,642,15,8.06,83.5,45.2,4.33,0,0,0,3.9,4,0,0
2024-04-01,642,16,8.14,85.8,52.7,4.13,0,0,0,10.1,4,0,0
2024-05-01,642,17,8.14,86.4,47.7,4.16,0,0,0,8.0,4,0,0
2024-06-01,642,18,8.12,82.1,49.0,4.24,0,0,0,7.8,4,0,0
2023-01-01,643,1,8.67,71.2,52.2,2.64,0,1,0,8.7,0,0,0
2023-02-01,643,2,8.59,72.8,61.5,2.87,0,1,0,9.3,0,0,0
2023-03-01,643,3,8.68,65.7,68.9,2.98,0,1,0,9.2,0,0,0
2023-04-01,643,4,8.83,65.7,60.2,2.81,0,1,0,8.6,0,0,0
2023-05-01,643,5,8.96,68.6,59.6,2.74,0,2,0,9.0,0,0,0
2023-06-01,643,6,8.73,67.1,62.5,2.59,0,2,0,12.4,0,0,0
2023-07-01,643,7,8.91,71.1,65.0,2.71,0,2,0,11.7,0,0,0
2023-08-01,643,8,8.77,62.9,53.1,3.04,0,2,0,12.8,0,0,0
2023-09-01,643,9,8.97,70.9,61.9,2.93,0,2,1,10.6,0,0,0
2023-10-01,643,10,9.03,72.2,63.8,3.18,0,2,2,10.2,0,0,0
2023-11-01,643,11,8.96,62.1,75.9,2.96,0,2,2,8.0,1,0,0
2023-12-01,643,12,9.02,77.9,68.9,3.11,0,3,2,10.8,1,0,0
2024-01-01,643,13,8.91,68.8,71.9,2.89,0,4,2,9.7,1,0,0
2024-02-01,643,14,9.14,65.4,59.6,3.03,0,4,2,12.9,1,0,0
2024-03-01,643,15,8.98,71.2,72.6,2.91,0,4,2,9.6,2,0,0
2024-04-01,643,16,9.11,68.8,73.4,3.05,0,4,2,8.1,3,0,0
2024-05-01,643,17,9.13,67.7,72.2,2.58,1,4,2,9.3,3,0,0
2024-06-01,643,18,9.08,71.9,68.6,2.86,1,4,2,12.5,4,0,1
2023-01-01,644,1,7.08,77.6,65.9,3.18,1,1,0,7.2,0,0,0
2023-02-01,644,2,6.96,75.2,59.3,3.27,1,1,0,5.5,0,0,0
2023-03-01,644,3,7.33,83.8,45.4,3.21,1,1,0,4.7,0,0,0
2023-04-01,644,4,7.49,84.1,56.0,3.06,1,1,0,5.1,1,0,0
2023-05-01,644,5,7.34,74.9,59.0,2.92,1,1,0,7.2,1,0,0
2023-06-01,644,6,7.41,78.2,61.5,3.13,1,1,0,11.3,1,0,0
2023-07-01,644,7,7.45,82.8,58.0,3.06,1,1,0,7.4,1,0,0
2023-08-01,644,8,7.51,80.5,57.0,3.36,1,1,1,8.9,1,0,1
2023-09-01,644,9,7.51,79.4,64.9,3.17,1,1,1,5.4,1,0,1
2023-10-01,644,10,7.6,83.0,68.6,3.17,1,1,1,0.5,1,0,1
2023-11-01,644,11,7.7,80.2,62.0,3.16,1,1,1,4.6,1,0,1
2023-12-01,644,12,7.61,77.4,67.9,3.32,1,1,1,5.0,1,0,1
2024-01-01,644,13,7.75,79.1,59.9,3.29,1,1,1,4.7,1,0,1
2024-02-01,644,14,7.85,77.4,59.3,3.53,1,1,1,4.8,1,0,1
2024-03-01,644,15,7.63,71.1,66.2,3.45,1,1,1,5.3,1,0,1
2024-04-01,644,16,7.66,73.4,64.5,3.49,1,1,1,0.0,1,0,1
2024-05-01,644,17,7.73,81.9,59.4,3.25,1,1,1,4.9,2,0,1
2024-06-01,644,18,7.81,77.1,61.2,3.24,1,1,1,6.4,3,0,1
2023-01-01,645,1,6.69,83.6,69.9,2.9,0,1,2,5.6,0,0,0
2023-02-01,645,2,6.74,82.3,70.5,2.81,0,1,2,10.9,0,0,0
2023-03-01,645,3,6.83,87.1,73.2,2.96,0,2,2,8.8,1,0,0
2023-04-01,645,4,6.64,86.6,73.9,3.16,0,2,2,9.5,1,0,0
2023-05-01,645,5,6.9,79.3,78.6,3.06,0,2,2,10.6,1,0,0
2023-06-01,645,6,6.86,85.2,79.3,3.05,0,2,2,8.6,1,0,1
2023-07-01,645,7,6.73,74.9,76.0,3.29,0,2,2,7.1,1,0,1
2023-08-01,645,8,6.98,87.6,80.1,3.34,0,2,2,9.1,2,0,1
2023-09-01,645,9,7.02,82.4,78.4,3.23,1,2,2,8.3,2,0,1
2023-10-01,645,10,7.0,78.7,85.2,3.52,1,2,2,4.9,2,0,1
2023-11-01,645,11,6.99,82.1,76.8,3.17,1,2,2,5.5,2,0,1
2023-12-01,645,12,7.25,76.3,83.3,3.04,1,2,2,6.7,2,0,1
2024-01-01,645,13,7.09,72.3,91.6,3.5,1,2,2,5.8,2,0,1
2024-02-01,645,14,7.14,85.9,85.5,3.3,1,2,2,5.5,2,0,1
2024-03-01,645,15,7.2,82.6,89.3,3.14,2,2,2,8.1,2,0,1
2024-04-01,645,16,7.09,85.2,83.1,3.36,2,2,2,12.2,2,0,1
2024-05-01,645,17,7.23,84.4,81.2,3.11,2,2,2,10.1,2,0,1
2024-06-01,645,18,7.53,84.1,85.4,3.26,3,2,2,6.7,2,0,1
2023-01-01,646,1,6.93,85.9,76.3,2.33,1,1,0,7.9,0,1,0
2023-02-01,646,2,7.03,85.7,77.6,2.36,1,1,0,7.9,0,1,0
2023-03-01,646,3,6.92,88.3,84.8,2.21,1,1,1,3.1,0,1,0
2023-04-01,646,4,6.71,79.8,76.5,2.1,1,1,1,7.8,0,1,0
2023-05-01,646,5,6.99,81.3,75.2,2.66,2,1,1,6.0,0,1,0
2023-06-01,646,6,7.06,79.9,81.2,2.56,2,1,1,1.3,0,1,1
2023-07-01,646,7,7.18,85.3,79.3,2.49,2,1,1,6.0,0,1,1
2023-08-01,646,8,7.14,87.8,73.5,2.34,2,1,1,3.6,0,1,1
2023-09-01,646,9,7.11,87.8,84.4,2.38,3,1,1,10.6,0,1,1
2023-10-01,646,10,7.31,86.8,79.7,2.3,3,1,1,7.5,0,1,1
2023-11-01,646,11,7.27,87.9,86.0,2.21,3,1,1,7.5,0,1,1
2023-12-01,646,12,7.26,79.5,72.8,2.28,3,1,1,5.8,0,1,1
2024-01-01,646,13,7.37,83.1,84.9,2.81,3,1,1,8.7,0,1,1
2024-02-01,646,14,7.44,87.4,83.2,2.29,3,1,1,6.1,0,1,1
2024-03-01,646,15,7.41,83.3,81.0,2.44,3,1,1,3.9,0,1,1
2024-04-01,646,16,7.61,79.3,83.2,2.49,3,1,1,7.6,0,1,1
2024-05-01,646,17,7.49,83.7,86.6,2.42,3,1,1,8.1,0,1,1
2024-06-01,646,18,7.62,77.6,89.5,2.3,3,1,1,0.4,1,1,1
2023-01-01,647,1,7.53,83.1,52.1,3.19,0,1,0,4.7,0,2,0
2023-02-01,647,2,7.46,84.1,53.5,3.1,0,2,0,5.9,0,2,0
2023-03-01,647,3,7.66,92.1,54.7,2.94,0,2,0,7.6,0,2,0
2023-04-01,647,4,7.61,91.6,47.0,3.08,0,2,0,8.6,0,2,0
2023-05-01,647,5,7.86,89.3,50.9,3.44,0,2,0,8.5,1,2,0
2023-06-01,647,6,7.55,86.6,58.5,2.82,0,2,0,5.7,1,2,1
2023-07-01,647,7,7.71,86.0,63.1,3.11,0,2,0,7.8,1,2,1
2023-08-01,647,8,7.73,95.5,63.9,3.27,0,2,0,8.8,1,2,1
2023-09-01,647,9,7.74,88.3,52.5,3.07,0,2,0,5.7,2,2,1
2023-10-01,647,10,8.0,84.6,54.9,3.12,0,2,0,6.5,2,2,1
2023-11-01,647,11,7.62,89.5,61.7,3.22,0,2,0,7.8,2,2,1
2023-12-01,647,12,7.9,94.0,58.1,2.99,0,2,0,0.5,2,2,1
2024-01-01,647,13,8.21,73.6,60.7,3.21,0,2,0,2.2,2,2,1
2024-02-01,647,14,8.04,85.3,55.5,3.06,0,2,0,5.9,2,1,1
2024-03-01,647,15,8.2,90.4,60.8,3.3,0,2,0,6.6,3,1,1
2024-04-01,647,16,7.95,83.0,63.7,3.13,0,2,0,4.5,3,1,1
2024-05-01,647,17,8.17,83.6,56.4,3.2,0,2,1,6.1,3,1,1
2024-06-01,647,18,8.34,86.8,62.3,3.26,0,2,1,2.4,4,1,1
2023-01-01,648,1,5.71,94.6,52.8,3.91,0,2,1,10.8,0,0,0
2023-02-01,648,2,5.64,96.1,52.1,4.04,0,2,1,12.5,0,0,0
2023-03-01,648,3,5.8,90.2,54.0,3.99,0,3,1,10.9,0,0,0
2023-04-01,648,4,5.75,98.8,57.7,4.14,0,3,1,11.6,0,0,0
2023-05-01,648,5,5.71,100.0,51.9,4.0,0,3,1,13.1,0,0,0
2023-06-01,648,6,5.89,91.0,58.9,4.44,0,3,1,13.8,0,0,0
2023-07-01,648,7,6.16,91.4,64.6,4.33,0,3,1,13.3,0,0,0
2023-08-01,648,8,5.84,86.8,56.9,4.3,0,3,1,10.3,1,0,0
2023-09-01,648,9,5.89,84.7,62.5,4.2,0,3,1,7.4,1,0,0
2023-10-01,648,10,6.0,92.4,56.0,4.2,0,3,2,10.1,1,0,0
2023-11-01,648,11,5.86,96.8,59.3,4.34,0,3,2,12.0,2,0,0
2023-12-01,648,12,6.05,88.8,63.6,4.38,0,3,2,8.1,2,0,0
2024-01-01,648,13,6.25,90.4,66.2,4.24,0,4,2,10.5,3,0,0
2024-02-01,648,14,6.16,91.4,67.4,4.2,1,5,2,10.9,3,0,0
2024-03-01,648,15,6.16,95.6,63.4,4.32,2,5,2,12.7,4,0,1
2024-04-01,648,16,6.14,90.2,66.9,4.32,2,5,2,10.9,5,0,1
2024-05-01,648,17,6.16,95.3,69.3,4.38,2,5,2,10.2,5,0,1
2024-06-01,648,18,6.26,86.2,69.5,4.41,2,5,2,11.2,6,0,1
2023-01-01,649,1,7.13,73.3,64.5,3.36,0,1,0,4.2,0,0,0
2023-02-01,649,2,7.12,81.3,65.7,3.14,0,2,0,2.5,0,0,0
2023-03-01,649,3,7.19,80.3,62.1,3.48,0,2,0,3.8,0,0,1
2023-04-01,649,4,7.21,77.1,69.1,3.48,0,2,0,9.0,0,0,1
2023-05-01,649,5,7.25,71.8,67.3,3.57,0,3,0,8.5,0,0,1
2023-06-01,649,6,7.24,78.2,67.1,3.26,0,3,1,6.1,0,0,1
2023-07-01,649,7,7.35,80.1,69.8,3.66,0,3,2,7.4,0,0,1
2023-08-01,649,8,7.31,72.0,73.0,3.32,0,3,3,7.7,0,0,1
2023-09-01,649,9,7.4,75.1,70.3,3.75,0,3,3,8.3,0,0,1
2023-10-01,649,10,7.3,81.5,75.7,3.58,0,3,3,0.9,0,0,1
2023-11-01,649,11,7.36,73.2,78.6,3.1,0,3,3,7.3,0,0,1
2023-12-01,649,12,7.43,72.5,75.4,3.62,0,3,3,2.5,0,0,1
2024-01-01,649,13,7.35,83.3,72.8,3.3,0,3,3,6.2,0,0,1
2024-02-01,649,14,7.37,73.8,76.3,3.75,0,3,3,8.8,0,0,1
2024-03-01,649,15,7.44,78.7,73.4,3.26,0,3,3,4.6,0,0,1
2024-04-01,649,16,7.56,77.0,62.2,3.16,1,3,3,8.7,0,0,1
2024-05-01,649,17,7.56,70.8,73.9,3.52,1,3,3,6.5,0,0,1
2024-06-01,649,18,7.35,73.3,69.2,3.63,1,3,3,5.5,0,0,1
2023-01-01,650,1,6.57,77.3,48.5,2.41,0,1,0,1.5,0,1,0
2023-02-01,650,2,6.66,75.6,48.0,2.23,0,1,0,4.1,0,0,0
2023-03-01,650,3,6.71,74.2,48.7,2.47,0,1,0,2.3,0,0,0
2023-04-01,650,4,6.5,72.1,46.8,2.38,0,2,0,3.9,0,0,0
2023-05-01,650,5,6.63,76.1,56.9,2.34,0,2,0,1.0,0,0,0
2023-06-01,650,6,6.88,70.1,55.0,2.43,0,2,0,5.3,0,0,0
2023-07-01,650,7,6.8,78.6,43.6,2.45,0,2,0,2.1,0,0,0
2023-08-01,650,8,6.76,81.0,53.9,1.97,0,2,0,7.2,1,0,0
2023-09-01,650,9,6.7,76.3,59.3,2.41,0,2,0,0.4,1,0,0
2023-10-01,650,10,7.01,71.5,49.5,2.22,0,2,0,6.6,1,0,0
2023-11-01,650,11,6.87,76.9,49.7,2.19,0,2,0,6.6,1,0,0
2023-12-01,650,12,6.97,80.9,52.4,2.34,0,2,1,2.8,1,0,0
2024-01-01,650,13,6.88,74.5,56.0,2.77,0,2,1,9.0,1,0,0
2024-02-01,650,14,6.8,78.0,47.9,2.62,0,2,1,6.7,1,0,0
2024-03-01,650,15,6.85,78.8,49.2,2.13,0,2,1,8.1,1,0,1
2024-04-01,650,16,6.72,70.5,55.2,2.23,0,2,1,3.0,1,0,1
2024-05-01,650,17,6.95,77.3,55.7,2.43,0,3,1,4.2,1,0,1
2024-06-01,650,18,7.0,71.1,55.6,2.37,0,3,1,0.4,1,0,1
2023-01-01,651,1,8.59,96.6,60.1,2.11,1,1,0,9.8,0,2,0
2023-02-01,651,2,8.45,100.0,60.3,2.03,1,1,0,13.3,0,2,0
2023-03-01,651,3,8.67,98.4,72.4,2.17,1,1,0,10.2,0,2,0
2023-04-01,651,4,8.28,96.9,81.1,2.17,1,1,0,13.6,0,2,0
2023-05-01,651,5,8.64,94.8,72.1,2.37,2,1,0,9.3,1,2,0
2023-06-01,651,6,8.64,99.5,71.9,1.9,2,1,0,12.8,1,2,0
2023-07-01,651,7,8.8,92.6,70.1,2.01,2,1,0,12.0,1,2,0
2023-08-01,651,8,8.61,100.0,78.2,2.25,2,1,0,11.4,1,1,0
2023-09-01,651,9,8.5,94.8,73.9,2.21,2,1,0,7.4,1,1,0
2023-10-01,651,10,8.66,91.7,73.7,2.25,2,1,0,8.1,2,1,0
2023-11-01,651,11,8.71,100.0,77.5,2.2,2,1,0,11.9,2,1,0
2023-12-01,651,12,8.58,93.8,76.2,2.25,2,2,0,10.4,3,1,0
2024-01-01,651,13,8.45,98.5,74.4,2.14,2,2,0,11.1,4,1,0
2024-02-01,651,14,8.83,96.8,84.4,2.11,2,2,0,13.7,4,1,1
2024-03-01,651,15,8.58,100.0,69.5,2.31,2,2,0,8.5,4,1,1
2024-04-01,651,16,8.93,91.5,79.6,2.29,2,2,0,10.2,5,1,1
2024-05-01,651,17,8.77,99.6,77.5,2.26,2,2,1,10.4,6,1,1
2024-06-01,651,18,8.79,93.4,85.1,2.32,2,3,1,10.4,7,1,1
2023-01-01,652,1,6.82,93.2,58.4,4.48,0,1,0,9.1,0,0,0
2023-02-01,652,2,6.85,96.3,56.9,4.42,0,1,0,10.2,0,0,0
2023-03-01,652,3,6.96,90.3,64.2,4.55,0,1,0,9.0,0,0,0
2023-04-01,652,4,7.5,87.8,63.1,4.32,0,1,0,8.6,0,0,0
2023-05-01,652,5,7.38,94.5,58.7,4.31,0,1,0,12.0,0,0,0
2023-06-01,652,6,6.87,93.2,65.8,4.39,0,1,0,4.8,0,0,0
2023-07-01,652,7,6.86,95.2,56.6,4.56,0,1,0,11.3,0,0,0
2023-08-01,652,8,7.29,90.3,72.1,4.14,0,1,0,14.4,0,0,0
2023-09-01,652,9,7.22,88.9,57.6,4.41,0,1,0,8.9,0,0,0
2023-10-01,652,10,7.02,96.5,60.5,4.27,0,1,0,10.6,0,0,0
2023-11-01,652,11,7.33,93.5,64.8,4.48,0,2,0,13.5,0,0,0
2023-12-01,652,12,7.2,88.2,62.0,4.5,0,2,0,7.9,0,0,0
2024-01-01,652,13,7.14,89.3,65.8,4.54,0,2,0,10.0,0,0,0
2024-02-01,652,14,7.48,93.2,69.2,4.55,1,2,0,10.5,0,0,0
2024-03-01,652,15,7.4,90.4,69.1,4.54,1,2,0,10.3,0,0,0
2024-04-01,652,16,7.56,84.7,70.7,4.62,1,2,0,7.7,1,0,0
2024-05-01,652,17,7.42,87.5,70.5,4.49,1,2,0,10.4,1,0,0
2024-06-01,652,18,7.13,88.5,66.4,4.43,1,2,0,7.4,1,0,0
2023-01-01,653,1,8.44,78.5,40.7,2.97,0,1,0,11.1,0,0,0
2023-02-01,653,2,8.24,76.1,49.4,3.06,0,1,0,9.8,0,0,0
2023-03-01,653,3,7.82,79.6,54.8,3.18,0,1,1,7.9,0,0,0
2023-04-01,653,4,8.47,81.6,45.3,3.27,0,1,1,10.3,0,0,1
2023-05-01,653,5,8.53,72.7,51.5,3.41,0,1,1,6.1,0,0,1
2023-06-01,653,6,8.5,74.8,49.6,3.04,0,2,2,12.7,0,0,1
2023-07-01,653,7,8.46,81.4,49.4,3.2,0,2,2,8.8,1,0,1
2023-08-01,653,8,8.42,78.5,49.2,3.35,0,3,3,10.6,1,0,1
2023-09-01,653,9,8.58,83.0,50.9,3.39,0,3,3,11.1,2,0,1
2023-10-01,653,10,8.74,68.3,55.4,3.5,0,3,3,14.1,3,0,1
2023-11-01,653,11,8.57,81.2,48.9,3.21,0,3,4,9.0,3,0,1
2023-12-01,653,12,8.69,71.4,55.3,3.46,0,3,4,8.4,3,0,1
2024-01-01,653,13,8.78,75.7,48.0,3.1,0,4,4,5.4,4,0,1
2024-02-01,653,14,8.83,79.0,54.4,3.21,0,4,4,8.3,4,0,1
2024-03-01,653,15,8.69,76.4,49.9,3.48,0,4,4,11.8,5,0,1
2024-04-01,653,16,8.67,76.2,54.0,3.13,0,4,4,9.9,5,0,1
2024-05-01,653,17,8.94,73.8,49.3,3.3,0,4,5,8.7,5,0,1
2024-06-01,653,18,8.72,75.8,50.0,3.27,0,5,5,7.8,5,0,1
2023-01-01,654,1,6.2,78.9,41.6,2.63,0,1,0,3.5,0,0,0
2023-02-01,654,2,6.15,80.4,39.6,2.73,0,1,0,8.2,0,0,0
2023-03-01,654,3,6.25,85.3,35.8,2.67,0,1,0,0.0,0,0,0
2023-04-01,654,4,6.51,80.0,44.9,2.87,0,1,0,5.8,0,0,0
2023-05-01,654,5,6.6,81.5,51.1,2.75,0,1,0,0.9,0,0,0
2023-06-01,654,6,6.31,77.2,39.3,2.64,0,1,0,6.4,0,0,0
2023-07-01,654,7,6.59,82.4,42.2,2.85,0,1,0,1.6,0,0,0
2023-08-01,654,8,6.48,81.8,43.6,2.62,0,1,0,4.4,0,0,0
2023-09-01,654,9,6.51,75.5,53.7,2.8,1,1,0,1.5,0,0,0
2023-10-01,654,10,6.29,84.1,49.8,2.92,1,1,0,3.3,0,0,0
2023-11-01,654,11,6.5,79.2,41.8,2.64,1,1,0,1.6,0,0,0
2023-12-01,654,12,6.76,81.8,47.5,2.87,1,1,0,0.0,0,0,0
2024-01-01,654,13,6.67,78.9,45.9,2.92,1,2,0,4.0,0,0,0
2024-02-01,654,14,6.21,81.5,49.7,2.72,1,2,0,6.3,0,0,0
2024-03-01,654,15,6.58,78.0,51.3,2.55,1,2,0,4.5,0,0,0
2024-04-01,654,16,6.59,79.6,45.1,2.79,1,2,0,8.1,1,0,0
2024-05-01,654,17,6.35,74.3,47.1,3.01,1,2,0,3.1,2,0,0
2024-06-01,654,18,6.58,86.9,47.0,3.08,1,2,0,2.7,2,0,0
2023-01-01,655,1,7.41,87.8,82.8,3.05,0,0,1,6.4,0,0,0
2023-02-01,655,2,7.43,89.1,81.5,2.97,0,0,1,2.9,0,0,0
2023-03-01,655,3,7.42,78.2,84.0,3.03,0,0,1,8.7,0,0,0
2023-04-01,655,4,7.36,81.3,81.4,2.83,0,0,1,3.6,0,0,0
2023-05-01,655,5,7.39,84.2,75.5,3.11,0,0,1,6.5,0,0,0
2023-06-01,655,6,7.6,84.1,78.3,3.03,0,0,1,3.3,0,0,0
2023-07-01,655,7,7.82,79.4,80.5,3.07,0,0,1,4.2,0,0,0
2023-08-01,655,8,7.7,81.9,80.4,2.92,0,0,1,2.0,0,0,0
2023-09-01,655,9,8.03,83.8,80.9,2.93,0,0,1,6.1,0,0,0
2023-10-01,655,10,7.8,86.4,79.8,3.17,0,0,1,9.6,0,0,0
2023-11-01,655,11,7.91,81.6,94.4,2.98,0,0,1,5.1,0,0,0
2023-12-01,655,12,7.53,84.1,81.2,3.15,0,1,1,5.8,0,0,0
2024-01-01,655,13,7.78,77.0,90.5,2.86,0,1,1,0.4,0,0,0
2024-02-01,655,14,7.8,75.4,82.0,3.1,0,1,1,10.2,1,0,0
2024-03-01,655,15,7.77,81.7,86.2,3.16,1,1,1,3.7,1,0,0
2024-04-01,655,16,7.71,84.5,78.0,3.33,2,1,1,6.9,1,0,1
2024-05-01,655,17,7.83,91.1,79.6,2.83,2,1,1,0.0,1,0,1
2024-06-01,655,18,7.93,81.6,92.2,3.27,2,1,1,5.5,2,0,1
2023-01-01,656,1,7.28,76.6,61.3,2.3,0,1,0,6.0,0,2,0
2023-02-01,656,2,7.37,80.1,56.8,2.41,1,2,0,9.1,0,2,0
2023-03-01,656,3,7.41,78.4,56.8,2.28,1,2,0,3.8,0,1,0
2023-04-01,656,4,7.19,85.5,58.3,1.94,1,2,0,11.7,0,1,0
2023-05-01,656,5,7.44,76.4,55.5,2.06,1,2,0,6.9,0,1,1
2023-06-01,656,6,7.4,76.2,60.0,2.34,1,2,0,9.5,1,1,1
2023-07-01,656,7,7.74,81.1,64.8,2.25,1,2,0,4.4,1,1,1
2023-08-01,656,8,7.65,82.2,61.9,2.32,1,2,0,3.2,2,0,1
2023-09-01,656,9,7.57,85.7,61.1,2.28,1,3,0,7.8,2,0,1
2023-10-01,656,10,7.69,77.3,55.8,2.34,1,3,0,8.5,2,0,1
2023-11-01,656,11,7.73,82.5,65.4,2.39,1,3,0,6.2,2,0,1
2023-12-01,656,12,7.57,83.5,64.2,2.17,1,3,0,9.8,2,0,1
2024-01-01,656,13,7.76,78.1,66.9,2.12,1,3,0,10.1,2,0,1
2024-02-01,656,14,7.91,84.8,68.5,2.22,1,3,0,6.8,2,0,1
2024-03-01,656,15,7.9,79.9,65.1,2.45,1,3,0,8.5,2,0,1
2024-04-01,656,16,7.76,83.1,64.7,2.39,1,3,0,5.4,2,0,1
2024-05-01,656,17,7.9,77.1,69.6,2.45,1,3,0,9.5,2,0,1
2024-06-01,656,18,7.95,81.2,72.3,2.49,1,3,1,14.3,2,0,1
2023-01-01,657,1,6.44,90.0,83.6,4.02,0,1,0,0.0,0,0,0
2023-02-01,657,2,6.59,86.6,83.3,4.33,0,1,1,2.2,0,0,0
2023-03-01,657,3,6.27,88.0,75.3,3.92,0,1,1,2.6,0,0,0
2023-04-01,657,4,6.52,87.6,89.6,4.35,0,1,1,5.3,0,0,0
2023-05-01,657,5,6.45,83.2,85.7,4.45,0,1,1,6.8,1,0,0
2023-06-01,657,6,6.26,85.4,80.2,3.98,1,1,1,9.3,1,0,0
2023-07-01,657,7,6.64,94.4,86.6,4.21,1,1,1,5.6,2,0,0
2023-08-01,657,8,6.64,89.1,86.8,3.93,1,1,1,4.2,2,0,0
2023-09-01,657,9,6.59,87.4,88.0,4.21,2,1,1,3.2,2,0,0
2023-10-01,657,10,6.85,89.1,84.3,3.99,2,1,1,5.0,2,0,1
2023-11-01,657,11,6.75,84.0,89.0,4.21,2,1,1,2.0,2,0,1
2023-12-01,657,12,6.68,81.5,86.9,4.35,2,1,1,2.5,2,0,1
2024-01-01,657,13,6.79,87.4,86.0,4.29,2,1,1,3.3,2,0,1
2024-02-01,657,14,6.8,89.5,81.7,4.45,2,1,1,2.0,2,0,1
2024-03-01,657,15,6.77,89.3,85.2,4.12,3,1,1,2.1,2,0,1
2024-04-01,657,16,7.14,87.1,86.5,4.36,3,1,1,9.6,2,0,1
2024-05-01,657,17,6.95,87.2,90.6,4.55,3,1,1,4.1,3,0,1
2024-06-01,657,18,7.41,90.4,91.5,4.15,3,1,1,3.8,4,0,1
2023-01-01,658,1,7.2,100.0,53.1,2.99,0,2,0,5.4,0,0,0
2023-02-01,658,2,7.16,100.0,51.6,2.92,0,2,0,5.9,0,0,0
2023-03-01,658,3,7.18,96.5,44.4,2.81,0,2,0,8.7,0,0,0
2023-04-01,658,4,7.24,100.0,54.4,2.75,0,2,0,6.7,0,0,0
2023-05-01,658,5,7.13,98.8,51.1,2.92,0,2,0,1.6,0,0,0
2023-06-01,658,6,7.32,100.0,54.1,2.86,0,2,0,4.8,0,0,0
2023-07-01,658,7,7.34,93.6,56.8,2.95,0,2,0,6.8,0,0,0
2023-08-01,658,8,7.23,94.7,48.6,2.96,0,2,0,2.7,0,0,0
2023-09-01,658,9,7.21,93.1,53.8,2.92,0,2,0,0.0,0,0,0
2023-10-01,658,10,7.34,100.0,58.8,3.12,0,2,0,2.1,0,0,0
2023-11-01,658,11,7.31,92.9,50.5,2.66,0,2,0,7.8,0,0,0
2023-12-01,658,12,7.27,91.6,54.5,2.88,0,2,0,0.0,0,0,0
2024-01-01,658,13,7.45,100.0,54.2,3.06,0,2,0,5.6,0,0,0
2024-02-01,658,14,7.63,100.0,59.6,3.27,1,2,0,3.9,0,0,0
2024-03-01,658,15,7.49,99.5,51.4,3.37,1,2,0,2.9,0,0,1
2024-04-01,658,16,7.53,93.9,49.9,3.0,1,2,0,4.7,0,0,1
2024-05-01,658,17,7.35,100.0,58.0,3.12,1,2,0,4.1,0,0,1
2024-06-01,658,18,7.73,96.8,56.8,3.07,1,2,0,6.7,0,0,1
2023-01-01,659,1,8.07,88.5,62.8,3.92,0,0,0,7.2,0,0,0
2023-02-01,659,2,7.94,91.0,64.1,4.19,0,0,0,9.8,0,0,0
2023-03-01,659,3,7.99,85.2,66.3,3.89,0,0,0,14.6,0,0,0
2023-04-01,659,4,8.05,85.2,68.6,3.94,0,0,0,9.3,0,0,0
2023-05-01,659,5,8.21,85.8,68.4,4.25,0,0,1,10.8,0,0,0
2023-06-01,659,6,7.86,81.7,62.4,4.18,0,0,1,10.3,0,0,0
2023-07-01,659,7,8.09,88.0,69.1,4.13,0,1,1,11.0,0,0,0
2023-08-01,659,8,8.27,86.1,65.9,4.21,0,1,1,7.6,0,0,0
2023-09-01,659,9,8.26,73.5,73.3,4.2,0,1,1,8.5,1,0,0
2023-10-01,659,10,8.5,79.9,65.7,4.44,0,2,1,3.3,1,0,0
2023-11-01,659,11,8.38,81.3,67.9,4.12,1,2,1,10.7,1,0,0
2023-12-01,659,12,8.17,85.4,68.5,4.12,1,2,1,7.0,1,0,0
2024-01-01,659,13,8.66,85.3,69.2,4.02,1,2,1,10.7,1,0,0
2024-02-01,659,14,8.37,82.7,69.9,4.32,1,2,1,9.0,2,0,0
2024-03-01,659,15,8.62,83.0,78.3,4.4,1,2,1,11.7,3,0,0
2024-04-01,659,16,8.68,81.5,73.1,4.48,1,2,1,14.7,3,0,0
2024-05-01,659,17,8.81,84.5,74.7,4.31,1,2,1,13.8,4,0,0
2024-06-01,659,18,8.57,78.4,76.3,4.44,1,2,1,12.8,5,0,0
2023-01-01,660,1,6.86,86.5,87.4,3.17,0,1,0,6.0,0,1,0
2023-02-01,660,2,6.76,85.5,96.9,3.49,0,1,0,7.0,0,1,0
2023-03-01,660,3,6.58,85.2,92.9,3.22,0,1,0,4.2,0,1,0
2023-04-01,660,4,6.83,93.3,96.0,3.1,0,1,0,3.6,0,1,0
2023-05-01,660,5,6.84,83.9,92.3,3.37,0,1,0,5.3,0,1,0
2023-06-01,660,6,7.21,85.6,100.0,3.2,0,1,0,2.3,0,1,0
2023-07-01,660,7,7.23,88.5,94.8,3.23,0,1,0,6.4,0,1,0
2023-08-01,660,8,6.8,87.4,96.6,3.09,0,1,0,0.4,0,1,0
2023-09-01,660,9,6.58,85.6,100.0,2.97,0,1,0,9.6,0,1,0
2023-10-01,660,10,6.94,86.1,96.1,3.23,0,1,0,5.7,0,1,0
2023-11-01,660,11,7.24,86.4,94.8,3.21,0,1,0,3.2,0,1,0
2023-12-01,660,12,7.13,85.4,97.6,3.3,0,1,0,9.0,0,1,0
2024-01-01,660,13,7.13,89.9,90.9,3.36,0,1,1,6.3,0,0,0
2024-02-01,660,14,7.23,86.8,100.0,3.66,1,1,1,8.0,1,0,0
2024-03-01,660,15,7.21,97.0,100.0,3.49,1,1,2,2.9,1,0,1
2024-04-01,660,16,7.06,86.6,100.0,3.54,1,1,2,5.1,1,0,1
2024-05-01,660,17,7.44,87.1,99.9,3.33,1,1,2,4.0,1,0,1
2024-06-01,660,18,7.32,86.3,100.0,3.23,2,1,2,6.5,1,0,1
2023-01-01,661,1,5.81,69.5,41.8,4.51,0,1,1,2.6,0,0,0
2023-02-01,661,2,5.71,61.9,36.4,4.14,0,1,1,4.3,0,0,0
2023-03-01,661,3,5.75,63.5,38.1,4.2,0,1,1,0.0,0,0,0
2023-04-01,661,4,5.83,66.8,40.8,4.25,0,1,1,2.3,0,0,0
2023-05-01,661,5,5.85,62.9,39.2,4.22,0,1,1,0.0,0,0,0
2023-06-01,661,6,5.88,73.2,37.2,4.14,0,1,1,4.4,0,0,0
2023-07-01,661,7,5.81,60.8,50.3,4.32,0,2,1,3.3,0,0,0
2023-08-01,661,8,5.72,66.2,37.0,4.37,0,2,1,1.0,0,0,0
2023-09-01,661,9,5.74,72.5,43.6,4.09,0,2,1,7.5,0,0,0
2023-10-01,661,10,5.82,55.0,42.1,4.3,0,2,1,1.7,0,0,0
2023-11-01,661,11,6.13,66.7,45.9,4.34,0,2,1,6.1,0,0,0
2023-12-01,661,12,5.79,71.6,49.6,4.27,0,2,1,3.6,0,0,0
2024-01-01,661,13,5.97,51.2,46.0,3.94,0,2,1,7.5,0,0,0
2024-02-01,661,14,6.08,60.9,44.7,4.22,0,2,1,5.2,0,0,0
2024-03-01,661,15,5.93,68.4,48.8,4.48,0,2,1,4.7,0,0,0
2024-04-01,661,16,6.36,63.5,39.0,4.23,0,2,1,1.7,0,0,0
2024-05-01,661,17,6.21,63.2,48.7,4.68,0,2,1,3.9,0,0,0
2024-06-01,661,18,6.2,71.7,49.7,4.4,0,2,1,4.4,0,0,0
2023-01-01,662,1,7.18,79.8,26.5,3.28,0,0,0,4.1,0,0,0
2023-02-01,662,2,6.95,77.8,31.3,3.21,1,0,0,5.9,0,0,0
2023-03-01,662,3,6.89,77.7,34.4,3.37,1,0,0,3.2,0,0,0
2023-04-01,662,4,7.06,79.3,27.6,3.33,1,0,0,3.5,0,0,0
2023-05-01,662,5,7.22,77.9,26.0,3.24,1,0,0,4.4,0,0,0
2023-06-01,662,6,7.02,75.5,18.7,3.59,1,0,0,5.2,0,0,0
2023-07-01,662,7,7.04,75.5,26.5,3.72,1,0,0,1.0,0,0,0
2023-08-01,662,8,7.16,83.4,37.4,3.62,1,0,0,2.9,0,0,0
2023-09-01,662,9,7.21,79.0,31.5,3.21,1,0,0,3.4,1,0,0
2023-10-01,662,10,7.21,73.8,33.0,3.44,1,0,0,2.8,1,0,0
2023-11-01,662,11,7.11,72.8,30.7,3.4,1,0,0,1.9,1,0,0
2023-12-01,662,12,7.21,74.7,30.2,3.33,1,0,0,0.0,1,0,0
2024-01-01,662,13,7.15,74.3,29.9,3.62,1,0,0,5.5,1,0,0
2024-02-01,662,14,6.93,78.0,38.6,3.51,1,0,0,6.9,1,0,0
2024-03-01,662,15,7.08,71.7,38.6,3.39,1,0,0,7.2,1,0,0
2024-04-01,662,16,7.21,75.0,33.2,3.57,1,0,0,1.9,1,0,0
2024-05-01,662,17,7.06,78.8,30.5,3.69,1,0,0,1.6,2,0,0
2024-06-01,662,18,7.53,73.6,38.8,3.5,1,0,0,2.2,2,0,0
2023-01-01,663,1,6.09,91.7,76.8,3.78,0,1,1,9.1,0,0,0
2023-02-01,663,2,6.44,100.0,77.0,4.02,0,2,1,11.5,1,0,0
2023-03-01,663,3,6.38,96.3,79.5,3.86,1,2,1,7.7,1,0,0
2023-04-01,663,4,6.57,87.6,76.9,3.93,1,2,1,3.6,1,0,0
2023-05-01,663,5,6.5,93.5,77.7,4.03,1,2,1,4.2,1,0,0
2023-06-01,663,6,6.37,97.7,78.3,3.93,1,2,1,11.3,1,0,0
2023-07-01,663,7,6.64,98.1,75.1,3.63,1,2,2,8.4,1,0,1
2023-08-01,663,8,6.56,96.4,80.3,3.83,1,2,2,3.9,1,0,1
2023-09-01,663,9,6.66,97.1,81.6,3.94,1,2,2,7.9,1,0,1
2023-10-01,663,10,6.72,93.3,84.1,3.97,1,2,2,8.3,1,0,1
2023-11-01,663,11,6.8,94.6,82.3,4.02,1,2,2,10.0,1,0,1
2023-12-01,663,12,6.74,87.6,80.5,3.83,2,2,2,6.8,2,0,1
2024-01-01,663,13,6.85,90.9,82.5,3.96,2,2,2,8.1,2,0,1
2024-02-01,663,14,6.93,95.7,79.9,3.79,2,2,2,6.0,2,0,1
2024-03-01,663,15,6.74,95.7,83.5,3.65,2,2,2,8.4,2,0,1
2024-04-01,663,16,6.91,94.8,82.5,3.99,2,2,2,7.8,2,0,1
2024-05-01,663,17,6.9,95.6,83.6,3.91,2,3,2,8.2,2,0,1
2024-06-01,663,18,7.04,93.4,85.5,4.18,2,3,2,5.2,2,0,1
2023-01-01,664,1,6.68,94.4,44.1,3.58,0,0,1,12.0,0,0,0
2023-02-01,664,2,6.69,90.6,40.3,3.8,0,0,1,3.3,0,0,0
2023-03-01,664,3,6.67,88.0,50.6,3.35,0,0,1,11.4,0,0,0
2023-04-01,664,4,7.09,85.7,47.6,3.48,0,0,1,3.9,0,0,0
2023-05-01,664,5,7.06,87.6,41.0,4.02,0,0,1,9.5,0,0,0
2023-06-01,664,6,7.07,80.8,55.9,3.74,0,0,1,8.6,0,0,0
2023-07-01,664,7,6.96,82.3,43.2,3.87,0,0,1,6.2,0,0,0
2023-08-01,664,8,7.12,82.3,47.9,3.65,0,0,1,12.5,1,0,0
2023-09-01,664,9,7.21,81.0,54.7,3.7,0,0,1,5.4,1,0,1
2023-10-01,664,10,7.24,82.2,53.6,3.81,0,0,1,11.9,1,0,1
2023-11-01,664,11,7.27,81.3,57.6,3.64,0,0,1,8.0,1,0,1
2023-12-01,664,12,7.22,91.9,51.6,4.05,0,0,1,9.3,1,0,1
2024-01-01,664,13,7.4,86.5,51.9,3.76,0,0,1,12.3,2,0,1
2024-02-01,664,14,7.32,87.5,58.5,3.54,0,0,1,8.7,3,0,1
2024-03-01,664,15,7.33,80.9,48.7,3.9,0,0,1,9.4,3,0,1
2024-04-01,664,16,7.31,80.2,63.8,3.63,0,0,1,5.7,4,0,1
2024-05-01,664,17,7.53,91.4,58.0,4.22,0,0,1,10.0,5,0,1
2024-06-01,664,18,7.59,88.3,57.2,3.72,0,0,1,5.9,5,0,1
2023-01-01,665,1,7.13,47.7,55.8,3.81,0,2,1,11.5,0,0,0
2023-02-01,665,2,6.99,43.1,56.4,3.76,0,2,2,18.1,0,0,0
2023-03-01,665,3,7.05,42.9,62.3,3.67,0,3,2,10.7,0,0,0
2023-04-01,665,4,7.31,44.6,55.0,3.78,0,3,2,8.1,1,0,0
2023-05-01,665,5,7.05,44.7,62.6,3.64,0,3,2,18.4,1,0,0
2023-06-01,665,6,7.18,42.9,55.4,3.78,0,3,2,12.1,1,0,0
2023-07-01,665,7,6.97,47.2,60.8,3.66,0,3,2,12.8,1,0,0
2023-08-01,665,8,7.28,46.8,62.7,3.67,0,3,2,13.7,1,0,0
2023-09-01,665,9,7.02,45.6,67.5,3.66,0,3,2,11.8,1,0,0
2023-10-01,665,10,7.32,44.8,64.5,3.74,0,3,2,10.9,1,0,0
2023-11-01,665,11,7.09,36.0,65.1,3.84,0,3,2,12.7,1,0,0
2023-12-01,665,12,7.25,38.7,75.7,3.78,0,3,3,8.9,1,0,0
2024-01-01,665,13,7.43,47.4,74.9,3.67,0,3,3,11.7,1,0,0
2024-02-01,665,14,7.54,49.4,65.3,3.8,0,3,3,8.5,1,0,0
2024-03-01,665,15,7.57,39.6,64.5,3.75,0,4,3,9.6,2,0,0
2024-04-01,665,16,7.41,47.6,73.0,3.75,0,4,3,9.3,2,0,0
2024-05-01,665,17,7.49,41.6,71.2,3.91,0,5,4,9.6,2,0,0
2024-06-01,665,18,7.52,45.0,61.7,4.07,1,5,4,11.3,2,0,0
2023-01-01,666,1,5.74,89.8,45.0,3.37,0,0,0,4.6,0,0,0
2023-02-01,666,2,5.79,84.9,52.5,3.43,0,0,0,0.0,0,0,0
2023-03-01,666,3,5.73,100.0,51.2,3.28,0,0,0,1.6,0,0,0
2023-04-01,666,4,5.92,90.9,47.8,3.44,0,0,0,5.8,0,0,0
2023-05-01,666,5,5.85,81.0,43.3,3.61,0,0,0,2.6,0,0,0
2023-06-01,666,6,5.8,90.8,53.3,3.64,0,0,0,2.2,0,0,0
2023-07-01,666,7,5.74,89.4,47.2,3.42,0,0,0,5.9,0,0,0
2023-08-01,666,8,6.04,89.7,50.2,3.39,0,0,0,7.0,0,0,0
2023-09-01,666,9,6.23,89.8,45.7,3.56,0,0,0,4.8,0,0,0
2023-10-01,666,10,6.14,91.7,47.4,3.64,0,0,0,4.0,0,0,0
2023-11-01,666,11,6.09,87.3,50.9,3.33,0,0,0,2.2,0,0,0
2023-12-01,666,12,6.09,85.7,45.6,3.55,1,0,0,2.4,0,0,0
2024-01-01,666,13,6.21,86.9,52.1,3.77,1,0,0,3.6,0,0,0
2024-02-01,666,14,6.11,88.8,56.2,3.73,1,0,0,4.0,0,0,0
2024-03-01,666,15,5.92,84.6,48.4,3.26,1,0,0,5.2,0,0,0
2024-04-01,666,16,6.08,85.9,50.3,3.88,1,0,0,7.6,0,0,0
2024-05-01,666,17,6.32,86.4,51.1,3.34,1,0,0,6.1,0,0,0
2024-06-01,666,18,6.57,85.0,64.3,3.96,1,1,0,0.7,0,0,0
2023-01-01,667,1,5.63,100.0,66.5,3.17,0,1,0,4.2,0,3,0
2023-02-01,667,2,5.85,100.0,59.1,2.99,0,1,0,3.6,0,3,0
2023-03-01,667,3,5.76,100.0,58.9,2.84,0,1,0,3.1,0,3,0
2023-04-01,667,4,5.79,100.0,67.0,2.95,0,1,0,7.2,0,3,0
2023-05-01,667,5,5.89,99.6,62.3,3.04,0,2,0,0.5,0,3,0
2023-06-01,667,6,5.87,100.0,61.8,2.91,0,2,0,5.6,0,3,0
2023-07-01,667,7,6.27,100.0,74.9,3.25,0,2,0,4.6,1,3,0
2023-08-01,667,8,6.19,89.7,65.7,3.09,0,2,0,1.4,1,3,0
2023-09-01,667,9,6.23,100.0,58.7,3.41,0,2,0,2.5,1,3,0
2023-10-01,667,10,5.97,97.4,64.0,3.44,0,2,0,3.8,1,3,0
2023-11-01,667,11,6.14,100.0,64.6,3.29,0,2,0,2.8,1,3,0
2023-12-01,667,12,6.23,100.0,69.6,3.11,0,2,0,4.0,1,3,0
2024-01-01,667,13,6.4,98.4,56.5,3.3,0,2,1,6.2,1,3,0
2024-02-01,667,14,6.22,94.4,70.2,3.0,0,2,1,4.2,1,2,0
2024-03-01,667,15,6.32,96.3,75.7,2.91,0,2,1,1.8,1,2,0
2024-04-01,667,16,6.42,99.1,68.7,3.16,0,2,1,8.0,1,2,0
2024-05-01,667,17,6.52,100.0,69.0,3.0,0,2,1,3.1,1,2,0
2024-06-01,667,18,6.63,95.9,70.0,2.91,1,2,1,2.8,1,2,0
2023-01-01,668,1,7.32,64.1,41.3,4.27,1,1,0,5.3,0,0,0
2023-02-01,668,2,7.29,63.3,40.0,4.31,2,1,0,10.7,1,0,0
2023-03-01,668,3,7.63,54.5,47.1,4.74,2,1,0,9.0,1,0,0
2023-04-01,668,4,7.74,64.7,48.5,4.58,2,2,0,9.3,1,0,0
2023-05-01,668,5,7.56,63.3,49.6,4.4,2,2,0,9.4,2,0,0
2023-06-01,668,6,7.62,67.0,39.8,4.56,2,2,0,6.6,2,0,0
2023-07-01,668,7,7.58,58.9,43.9,4.54,2,2,0,5.4,2,0,1
2023-08-01,668,8,7.45,62.6,50.8,4.54,2,2,0,9.6,2,0,1
2023-09-01,668,9,7.59,67.6,49.4,4.5,2,3,0,9.7,2,0,1
2023-10-01,668,10,7.67,70.7,47.5,4.66,2,3,0,5.4,2,0,1
2023-11-01,668,11,7.73,66.1,51.4,4.69,2,3,0,5.8,2,0,1
2023-12-01,668,12,7.5,59.2,52.2,4.71,2,4,0,6.4,2,0,1
2024-01-01,668,13,8.0,54.0,52.1,4.55,2,4,0,4.8,2,0,1
2024-02-01,668,14,7.64,58.3,56.9,4.76,2,4,1,6.6,2,0,1
2024-03-01,668,15,7.68,62.1,56.2,4.66,2,4,1,1.7,2,0,1
2024-04-01,668,16,7.71,61.8,51.8,4.94,2,4,1,13.9,2,0,1
2024-05-01,668,17,7.85,66.9,52.3,4.66,2,4,1,8.0,2,0,1
2024-06-01,668,18,7.88,57.8,61.1,4.78,2,4,1,6.0,2,0,1
2023-01-01,669,1,6.62,96.3,58.9,2.79,0,2,0,2.0,0,0,0
2023-02-01,669,2,6.76,100.0,49.8,2.63,0,2,0,8.5,0,0,0
2023-03-01,669,3,6.59,100.0,54.7,2.62,0,2,0,3.6,0,0,0
2023-04-01,669,4,6.87,97.1,54.2,2.44,0,2,0,4.7,0,0,0
2023-05-01,669,5,6.68,100.0,55.3,2.78,0,2,0,6.7,0,0,0
2023-06-01,669,6,6.86,100.0,58.5,2.76,0,2,0,6.7,0,0,0
2023-07-01,669,7,6.76,96.8,53.5,2.57,0,2,0,9.8,1,0,0
2023-08-01,669,8,6.75,90.8,61.2,2.43,0,2,1,7.1,1,0,0
2023-09-01,669,9,6.8,93.5,53.2,2.78,0,2,1,9.1,1,0,0
2023-10-01,669,10,6.98,93.3,55.7,2.65,0,2,1,5.7,1,0,0
2023-11-01,669,11,6.86,92.0,59.3,2.57,0,2,1,7.1,1,0,0
2023-12-01,669,12,7.08,100.0,59.5,2.9,0,2,1,9.4,1,0,0
2024-01-01,669,13,6.84,95.9,67.5,2.5,0,2,1,5.1,1,0,0
2024-02-01,669,14,7.08,99.5,62.5,2.6,0,2,1,2.5,1,0,0
2024-03-01,669,15,6.99,93.1,61.2,2.72,0,2,1,6.6,1,0,0
2024-04-01,669,16,7.33,91.5,65.8,2.74,0,2,1,5.6,1,0,1
2024-05-01,669,17,7.13,100.0,58.3,2.64,1,2,1,6.0,2,0,1
2024-06-01,669,18,7.3,100.0,67.3,2.74,1,2,2,8.5,2,0,1
2023-01-01,670,1,5.04,56.7,66.0,3.01,0,2,0,9.4,0,0,0
2023-02-01,670,2,5.03,58.0,70.0,3.38,0,2,0,5.5,1,0,0
2023-03-01,670,3,5.14,52.5,66.0,3.39,0,2,0,4.1,1,0,0
2023-04-01,670,4,4.91,53.1,68.0,3.34,0,2,0,8.7,1,0,0
2023-05-01,670,5,4.99,54.2,63.1,3.32,0,3,0,9.0,1,0,0
2023-06-01,670,6,5.15,56.8,67.9,3.5,0,3,0,5.3,1,0,0
2023-07-01,670,7,5.18,62.9,71.5,3.18,0,3,0,7.2,1,0,0
2023-08-01,670,8,5.17,57.0,70.4,3.64,0,3,0,5.4,1,0,0
2023-09-01,670,9,5.34,57.7,67.9,3.21,1,3,0,12.8,1,0,1
2023-10-01,670,10,5.0,52.9,72.3,3.54,1,3,0,9.8,2,0,1
2023-11-01,670,11,5.4,54.0,71.8,3.4,1,3,1,6.2,2,0,1
2023-12-01,670,12,5.22,57.1,72.3,3.44,1,3,1,10.5,2,0,1
2024-01-01,670,13,5.14,56.0,77.1,3.14,1,3,2,2.7,2,0,1
2024-02-01,670,14,5.21,55.3,69.4,3.47,1,4,2,4.0,2,0,1
2024-03-01,670,15,5.49,49.4,72.1,3.41,1,4,2,1.8,2,0,1
2024-04-01,670,16,5.76,55.8,76.6,3.26,1,5,3,4.8,2,0,1
2024-05-01,670,17,5.44,56.5,74.3,3.15,2,5,3,5.3,2,0,1
2024-06-01,670,18,5.76,53.4,71.8,3.61,2,5,3,8.1,2,0,1
2023-01-01,671,1,7.59,86.2,46.4,3.32,2,0,0,7.3,1,0,0
2023-02-01,671,2,7.7,92.5,35.2,3.22,2,0,0,18.6,1,0,0
2023-03-01,671,3,7.68,91.0,46.3,3.09,2,0,0,10.4,1,0,0
2023-04-01,671,4,7.75,87.6,40.5,3.18,2,0,0,13.1,2,0,0
2023-05-01,671,5,7.69,93.4,45.7,3.14,2,0,0,11.5,2,0,0
2023-06-01,671,6,7.98,89.8,49.7,3.34,3,0,0,13.7,2,0,1
2023-07-01,671,7,7.9,87.9,52.5,3.4,3,1,0,7.0,2,0,1
2023-08-01,671,8,8.1,88.2,45.6,3.09,3,1,0,12.1,2,0,1
2023-09-01,671,9,7.99,96.0,53.0,3.19,3,1,0,11.6,2,0,1
2023-10-01,671,10,7.78,100.0,48.6,3.49,3,1,0,12.8,2,0,1
2023-11-01,671,11,8.03,96.2,51.1,3.55,3,1,0,9.1,2,0,1
2023-12-01,671,12,8.33,88.2,59.3,3.43,3,1,0,6.6,2,0,1
2024-01-01,671,13,8.07,97.5,46.0,3.07,3,1,0,9.2,2,0,1
2024-02-01,671,14,8.2,94.1,60.3,3.46,3,1,0,5.8,3,0,1
2024-03-01,671,15,8.57,92.8,57.1,3.52,3,1,0,4.4,4,0,1
2024-04-01,671,16,8.41,94.8,61.7,3.24,3,1,0,11.3,5,0,1
2024-05-01,671,17,8.39,88.2,55.9,3.34,3,2,0,8.7,5,0,1
2024-06-01,671,18,8.55,97.4,57.5,3.39,3,2,0,12.2,5,0,1
2023-01-01,672,1,7.3,80.8,48.4,3.5,0,0,0,9.2,0,0,0
2023-02-01,672,2,7.29,85.6,55.8,3.64,0,0,0,9.2,0,0,0
2023-03-01,672,3,7.36,83.4,50.2,3.39,0,0,0,8.5,0,0,1
2023-04-01,672,4,7.22,85.6,42.3,3.4,0,0,0,8.4,0,0,1
2023-05-01,672,5,7.2,79.3,56.5,3.34,0,0,0,9.4,1,0,1
2023-06-01,672,6,7.31,77.9,50.5,3.4,0,0,0,2.4,2,0,1
2023-07-01,672,7,7.37,83.0,57.9,3.32,0,0,0,13.3,2,0,1
2023-08-01,672,8,7.38,82.3,59.5,3.37,0,0,0,8.1,2,0,1
2023-09-01,672,9,7.24,80.9,54.5,3.49,0,0,0,6.7,2,0,1
2023-10-01,672,10,7.15,83.0,58.5,3.59,1,0,0,7.5,2,0,1
2023-11-01,672,11,7.29,88.4,53.3,3.69,1,0,0,8.3,2,0,1
2023-12-01,672,12,7.38,82.0,59.9,3.66,1,0,0,3.0,2,0,1
2024-01-01,672,13,7.48,87.7,51.0,3.98,1,0,0,9.9,2,0,1
2024-02-01,672,14,7.55,88.9,61.0,3.83,1,0,0,7.6,3,0,1
2024-03-01,672,15,7.66,79.2,54.8,3.61,1,0,1,7.6,4,0,1
2024-04-01,672,16,7.36,87.5,58.8,3.73,1,0,1,8.2,5,0,1
2024-05-01,672,17,7.47,83.0,57.9,3.81,1,0,1,4.2,5,0,1
2024-06-01,672,18,7.58,81.6,53.4,3.65,1,0,1,7.4,5,0,1
2023-01-01,673,1,6.56,67.1,50.6,3.05,0,1,0,7.0,0,1,0
2023-02-01,673,2,6.49,50.7,43.7,3.28,0,1,0,9.5,0,1,0
2023-03-01,673,3,6.38,56.9,49.3,3.04,0,1,0,7.2,0,1,0
2023-04-01,673,4,6.34,66.0,51.2,2.73,0,1,0,7.4,0,1,0
2023-05-01,673,5,6.66,62.0,56.3,3.21,0,2,1,7.8,0,1,0
2023-06-01,673,6,6.45,62.0,48.7,3.0,0,2,1,9.9,1,1,0
2023-07-01,673,7,6.5,59.2,53.2,3.12,0,2,2,6.9,1,1,0
2023-08-01,673,8,6.55,56.3,62.9,2.94,0,2,3,6.8,1,1,0
2023-09-01,673,9,6.64,61.1,55.8,2.75,0,2,3,2.9,1,1,0
2023-10-01,673,10,6.83,53.0,51.7,3.05,0,2,3,3.8,1,1,0
2023-11-01,673,11,6.54,60.3,58.0,2.91,0,2,3,4.8,1,1,0
2023-12-01,673,12,6.86,56.6,68.0,3.19,0,2,3,5.3,1,1,0
2024-01-01,673,13,6.93,58.5,61.1,3.02,0,2,3,2.4,2,1,0
2024-02-01,673,14,6.87,57.8,62.0,3.1,0,2,3,8.4,2,0,0
2024-03-01,673,15,6.86,61.9,64.2,2.79,0,2,4,8.1,2,0,0
2024-04-01,673,16,6.95,59.5,56.4,2.8,0,2,5,9.3,2,0,0
2024-05-01,673,17,7.02,52.5,64.1,2.92,1,2,5,5.4,3,0,0
2024-06-01,673,18,6.85,57.5,65.4,3.02,1,2,5,3.5,3,0,0
2023-01-01,674,1,6.13,80.7,30.3,3.33,1,1,1,11.1,0,0,0
2023-02-01,674,2,6.09,84.4,37.1,3.35,1,1,1,13.4,0,0,0
2023-03-01,674,3,5.99,85.6,37.7,3.59,1,1,1,8.7,0,0,0
2023-04-01,674,4,6.02,81.8,41.1,3.71,2,1,1,11.5,0,0,0
2023-05-01,674,5,6.21,88.8,45.0,3.65,2,2,1,11.3,0,0,0
2023-06-01,674,6,6.08,84.4,44.3,3.39,2,2,1,14.6,0,0,0
2023-07-01,674,7,6.34,89.6,37.2,3.32,2,2,1,8.7,0,0,0
2023-08-01,674,8,6.17,78.7,48.0,3.56,2,2,1,11.2,0,0,0
2023-09-01,674,9,6.21,82.5,47.0,3.79,2,2,1,9.6,0,0,0
2023-10-01,674,10,6.56,92.0,47.0,3.35,2,2,1,12.6,0,0,0
2023-11-01,674,11,6.63,90.5,53.0,3.54,2,2,1,7.8,0,0,0
2023-12-01,674,12,6.49,81.8,44.9,3.25,2,2,1,12.8,0,0,0
2024-01-01,674,13,6.37,86.1,47.6,3.62,2,2,1,15.6,1,0,0
2024-02-01,674,14,6.45,90.8,43.1,3.53,3,2,1,8.1,2,0,0
2024-03-01,674,15,6.55,88.7,46.0,3.69,3,2,1,11.8,2,0,0
2024-04-01,674,16,6.77,81.9,48.0,3.43,3,2,1,8.3,2,0,0
2024-05-01,674,17,6.67,82.4,57.5,3.81,4,2,1,10.2,2,0,0
2024-06-01,674,18,6.85,85.4,44.3,3.41,5,2,1,13.3,2,0,0
2023-01-01,675,1,7.66,96.1,54.6,2.88,1,1,0,4.1,0,0,0
2023-02-01,675,2,7.81,89.5,45.1,2.91,1,1,0,8.9,0,0,1
2023-03-01,675,3,7.9,92.9,52.6,2.93,1,1,0,0.5,0,0,1
2023-04-01,675,4,7.8,97.1,53.0,3.2,1,1,0,5.7,0,0,1
2023-05-01,675,5,7.72,93.7,56.4,3.32,1,1,0,4.6,0,0,1
2023-06-01,675,6,7.63,93.2,52.4,3.15,1,1,0,7.9,0,0,1
2023-07-01,675,7,7.81,93.1,57.0,2.95,1,1,0,2.5,0,0,1
2023-08-01,675,8,7.62,94.2,51.0,3.15,1,1,0,3.9,0,0,1
2023-09-01,675,9,7.77,89.0,55.6,3.28,1,1,0,4.6,0,0,1
2023-10-01,675,10,7.87,92.8,57.4,3.05,1,1,0,0.0,0,0,1
2023-11-01,675,11,7.66,92.8,66.5,3.1,1,1,0,8.6,0,0,1
2023-12-01,675,12,7.68,99.7,50.9,3.04,1,1,0,2.1,0,0,1
2024-01-01,675,13,7.77,87.5,59.1,3.06,1,1,0,4.9,0,0,1
2024-02-01,675,14,7.95,91.9,59.7,3.29,1,1,0,0.0,0,0,1
2024-03-01,675,15,8.0,98.7,57.7,3.27,1,1,0,5.0,1,0,1
2024-04-01,675,16,8.1,95.4,53.1,3.17,1,1,0,3.6,1,0,1
2024-05-01,675,17,8.2,88.1,45.9,3.4,1,1,0,0.0,2,0,1
2024-06-01,675,18,8.18,96.7,54.8,3.28,1,1,0,5.6,2,0,1
2023-01-01,676,1,7.33,84.1,62.0,2.07,0,0,1,9.4,0,0,0
2023-02-01,676,2,7.47,83.6,67.0,2.18,1,0,1,8.6,0,0,0
2023-03-01,676,3,7.42,81.9,64.4,2.13,1,0,1,11.5,0,0,0
2023-04-01,676,4,7.42,80.0,57.1,1.95,1,0,1,10.9,0,0,0
2023-05-01,676,5,7.36,75.1,63.2,2.35,2,0,1,11.5,0,0,1
2023-06-01,676,6,7.46,81.2,66.3,2.04,2,0,1,12.7,0,0,1
2023-07-01,676,7,7.63,84.5,60.2,2.16,2,0,2,13.4,1,0,1
2023-08-01,676,8,7.4,88.0,62.7,2.09,2,0,3,14.1,1,0,1
2023-09-01,676,9,7.58,84.0,64.3,2.2,2,0,3,12.4,1,0,1
2023-10-01,676,10,7.7,89.4,62.3,1.97,2,0,3,6.2,2,0,1
2023-11-01,676,11,7.63,89.1,70.3,2.42,2,0,3,12.3,2,0,1
2023-12-01,676,12,7.52,87.3,64.3,2.01,2,0,3,9.3,2,0,1
2024-01-01,676,13,7.7,86.2,69.5,2.29,2,1,3,8.6,2,0,1
2024-02-01,676,14,7.91,89.2,71.1,2.09,2,2,3,10.9,2,0,1
2024-03-01,676,15,8.02,88.8,71.6,2.15,2,3,3,14.9,2,0,1
2024-04-01,676,16,8.13,85.0,64.8,2.28,3,3,3,10.1,2,0,1
2024-05-01,676,17,8.02,91.7,75.4,2.13,3,3,3,11.3,2,0,1
2024-06-01,676,18,7.94,88.7,74.0,2.46,3,3,3,14.9,2,0,1
2023-01-01,677,1,8.7,90.1,48.2,3.09,1,0,1,6.1,0,0,0
2023-02-01,677,2,8.74,85.0,54.2,3.17,1,0,1,4.6,0,0,0
2023-03-01,677,3,9.01,82.0,47.1,3.11,1,0,1,9.7,0,0,0
2023-04-01,677,4,9.09,84.8,53.1,3.1,1,0,1,4.0,0,0,0
2023-05-01,677,5,9.02,85.7,56.4,3.46,1,0,1,6.0,0,0,0
2023-06-01,677,6,9.05,89.1,52.9,3.2,1,1,1,5.0,1,0,0
2023-07-01,677,7,9.13,81.4,62.9,3.68,2,1,1,9.7,1,0,0
2023-08-01,677,8,9.46,86.2,54.5,3.25,2,1,1,8.2,1,0,0
2023-09-01,677,9,9.26,89.6,53.1,3.2,2,1,1,6.1,2,0,0
2023-10-01,677,10,9.1,90.2,62.4,3.28,2,1,1,3.0,2,0,0
2023-11-01,677,11,9.21,89.0,54.5,3.25,2,1,1,10.4,3,0,0
2023-12-01,677,12,9.02,88.4,50.5,3.48,2,1,1,3.4,4,0,0
2024-01-01,677,13,9.11,87.0,53.3,3.36,2,1,1,9.6,4,0,0
2024-02-01,677,14,9.09,91.9,61.3,3.29,2,2,1,7.7,4,0,1
2024-03-01,677,15,9.25,82.7,60.3,3.29,2,2,2,5.5,4,0,1
2024-04-01,677,16,9.45,92.4,60.2,3.48,2,2,2,9.1,4,0,1
2024-05-01,677,17,9.35,89.0,61.1,3.48,3,2,2,7.7,4,0,1
2024-06-01,677,18,9.43,85.2,63.2,3.43,3,2,2,4.9,4,0,1
2023-01-01,678,1,7.25,70.9,56.9,2.44,0,1,0,8.1,0,0,0
2023-02-01,678,2,7.2,72.4,61.6,2.68,0,1,0,1.7,0,0,0
2023-03-01,678,3,7.51,82.1,50.9,2.68,0,1,0,5.8,0,0,0
2023-04-01,678,4,7.4,82.5,57.4,2.54,1,1,0,10.9,0,0,0
2023-05-01,678,5,7.49,86.9,56.1,2.37,1,1,0,5.1,0,0,0
2023-06-01,678,6,7.67,77.4,56.9,2.32,1,1,0,6.1,0,0,0
2023-07-01,678,7,7.66,74.5,58.6,2.68,2,1,0,2.6,0,0,0
2023-08-01,678,8,7.51,84.1,59.5,2.49,2,1,0,8.3,1,0,0
2023-09-01,678,9,7.87,81.2,56.3,2.63,2,1,1,8.0,1,0,0
2023-10-01,678,10,7.67,85.9,56.0,2.25,3,1,1,4.5,1,0,1
2023-11-01,678,11,7.86,74.1,57.3,2.44,3,1,1,6.9,1,0,1
2023-12-01,678,12,7.9,82.4,60.7,2.56,3,1,1,5.5,1,0,1
2024-01-01,678,13,7.92,74.2,61.3,2.6,3,2,1,8.7,1,0,1
2024-02-01,678,14,8.07,76.3,59.6,2.65,4,2,1,5.6,1,0,1
2024-03-01,678,15,8.0,74.3,64.0,2.2,4,2,1,9.5,2,0,1
2024-04-01,678,16,8.11,78.6,61.9,2.74,4,2,1,1.9,2,0,1
2024-05-01,678,17,8.12,76.5,67.1,2.41,4,2,1,9.8,2,0,1
2024-06-01,678,18,7.98,78.5,61.0,2.47,4,2,1,7.0,2,0,1
2023-01-01,679,1,7.23,66.7,55.9,1.84,0,0,0,9.7,0,0,0
2023-02-01,679,2,7.44,57.7,55.1,1.78,0,0,0,9.0,0,0,0
2023-03-01,679,3,7.38,65.6,56.4,1.85,0,1,0,13.9,0,0,0
2023-04-01,679,4,7.33,69.1,50.4,2.0,0,2,1,10.2,0,0,0
2023-05-01,679,5,7.45,58.1,57.9,1.94,0,3,1,10.0,0,0,0
2023-06-01,679,6,7.54,58.1,56.7,1.99,0,4,1,7.4,0,0,0
2023-07-01,679,7,7.67,57.0,68.8,1.93,0,4,1,14.8,0,0,0
2023-08-01,679,8,7.63,68.6,64.0,2.11,0,4,1,13.8,0,0,0
2023-09-01,679,9,7.7,62.5,63.2,2.04,0,4,1,13.7,1,0,0
2023-10-01,679,10,7.57,62.1,59.2,2.16,0,4,1,11.8,1,0,0
2023-11-01,679,11,7.78,66.4,77.7,1.99,0,4,1,10.3,1,0,0
2023-12-01,679,12,8.03,61.5,68.3,1.81,0,4,1,12.9,2,0,1
2024-01-01,679,13,7.99,63.1,70.6,2.29,0,4,1,9.2,2,0,1
2024-02-01,679,14,7.99,62.1,75.8,2.51,0,4,1,9.2,2,0,1
2024-03-01,679,15,7.88,62.4,72.5,1.87,0,4,1,11.0,2,0,1
2024-04-01,679,16,7.93,68.3,74.1,1.88,0,4,1,9.8,2,0,1
2024-05-01,679,17,8.14,58.8,77.9,2.3,0,4,1,4.7,2,0,1
2024-06-01,679,18,8.12,58.5,75.5,1.92,0,4,1,10.5,3,0,1
2023-01-01,680,1,7.04,85.8,46.7,3.31,0,0,0,5.5,0,0,0
2023-02-01,680,2,6.74,91.5,52.1,3.35,0,0,0,5.3,0,0,0
2023-03-01,680,3,6.98,86.5,48.9,3.38,1,0,0,8.8,0,0,0
2023-04-01,680,4,6.75,84.1,43.1,3.13,1,0,0,10.5,0,0,0
2023-05-01,680,5,6.9,83.0,50.8,3.33,1,0,0,5.0,0,0,0
2023-06-01,680,6,7.08,93.4,44.0,3.25,1,0,0,10.5,0,0,0
2023-07-01,680,7,7.06,84.9,52.0,3.31,1,0,0,6.9,0,0,0
2023-08-01,680,8,7.05,89.0,49.1,3.44,1,0,0,8.9,0,0,0
2023-09-01,680,9,7.06,84.4,56.4,3.51,1,1,0,11.3,0,0,0
2023-10-01,680,10,7.19,87.8,53.9,3.41,1,1,1,7.8,0,0,0
2023-11-01,680,11,7.08,86.4,47.3,3.61,1,2,1,6.5,0,0,0
2023-12-01,680,12,7.07,93.2,58.5,3.1,1,2,1,8.8,1,0,0
2024-01-01,680,13,6.97,89.8,59.9,3.45,1,2,1,7.8,1,0,0
2024-02-01,680,14,7.17,86.3,56.8,3.3,1,2,1,8.1,1,0,0
2024-03-01,680,15,6.98,90.6,52.2,3.36,1,2,1,4.7,1,0,0
2024-04-01,680,16,7.14,92.2,53.5,3.86,1,2,1,8.4,1,0,0
2024-05-01,680,17,7.04,85.6,60.6,3.34,1,2,1,11.9,2,0,0
2024-06-01,680,18,7.21,88.7,59.9,3.2,1,3,2,9.0,3,0,0
2023-01-01,681,1,7.48,100.0,68.4,3.59,0,0,0,4.7,0,1,0
2023-02-01,681,2,7.87,100.0,65.7,3.39,0,0,0,8.6,0,1,0
2023-03-01,681,3,7.64,93.1,68.7,3.54,0,0,0,5.9,0,1,0
2023-04-01,681,4,7.75,100.0,65.6,3.76,0,0,0,4.9,1,1,0
2023-05-01,681,5,8.05,100.0,71.0,3.55,0,0,0,3.4,2,1,0
2023-06-01,681,6,7.94,100.0,73.0,3.52,0,0,0,8.1,2,1,0
2023-07-01,681,7,7.86,97.9,70.4,3.65,0,0,0,4.2,2,1,0
2023-08-01,681,8,7.91,100.0,78.4,3.49,0,0,0,7.0,2,1,0
2023-09-01,681,9,8.42,97.5,70.8,3.81,0,0,0,9.0,3,1,0
2023-10-01,681,10,7.99,100.0,69.3,3.47,0,0,0,4.0,3,1,0
2023-11-01,681,11,7.95,94.2,78.3,3.55,0,0,0,11.6,3,1,0
2023-12-01,681,12,7.99,100.0,68.7,3.65,0,0,0,5.8,3,1,0
2024-01-01,681,13,7.91,100.0,75.4,3.94,0,1,0,12.0,3,0,1
2024-02-01,681,14,8.2,98.8,77.0,3.57,0,1,0,2.9,3,0,1
2024-03-01,681,15,8.2,94.5,71.3,3.72,0,1,0,8.9,3,0,1
2024-04-01,681,16,8.32,100.0,74.0,3.69,0,1,0,12.2,3,0,1
2024-05-01,681,17,8.23,100.0,72.1,3.97,0,1,0,7.3,3,0,1
2024-06-01,681,18,8.34,99.0,78.0,4.0,0,1,0,5.7,3,0,1
2023-01-01,682,1,7.75,91.9,80.0,3.59,0,0,0,3.9,0,1,0
2023-02-01,682,2,7.71,88.6,81.3,3.36,0,0,0,4.2,0,1,0
2023-03-01,682,3,7.49,92.0,88.8,3.61,0,0,0,0.8,0,1,0
2023-04-01,682,4,7.6,91.0,76.0,3.52,0,0,1,7.5,0,1,0
2023-05-01,682,5,7.78,93.1,82.2,3.56,0,0,1,2.4,0,1,0
2023-06-01,682,6,7.59,92.8,85.6,3.7,0,0,1,2.3,0,1,0
2023-07-01,682,7,7.48,90.8,81.9,3.67,0,0,1,4.8,0,1,0
2023-08-01,682,8,7.7,93.5,81.8,3.48,0,0,1,4.5,0,1,0
2023-09-01,682,9,7.64,90.4,88.7,3.58,0,1,1,7.6,0,0,0
2023-10-01,682,10,7.72,87.2,78.7,3.43,0,1,1,6.9,0,0,0
2023-11-01,682,11,7.86,89.7,84.8,3.75,0,1,1,1.6,0,0,0
2023-12-01,682,12,7.66,92.1,86.8,3.75,0,1,1,1.3,0,0,0
2024-01-01,682,13,7.88,90.4,84.9,3.76,0,2,1,3.3,0,0,0
2024-02-01,682,14,7.97,94.8,82.9,3.72,0,2,1,4.6,0,0,0
2024-03-01,682,15,7.73,86.2,82.7,3.76,0,2,1,4.9,1,0,0
2024-04-01,682,16,7.96,95.4,94.5,3.82,0,2,1,7.7,1,0,0
2024-05-01,682,17,8.07,93.1,86.8,4.0,0,2,1,3.8,1,0,0
2024-06-01,682,18,7.96,90.3,80.9,3.89,0,2,1,5.9,1,0,0
2023-01-01,683,1,8.16,61.8,43.6,3.58,0,2,0,8.5,0,1,0
2023-02-01,683,2,7.97,67.5,53.6,3.72,0,2,0,11.3,0,1,0
2023-03-01,683,3,7.95,60.2,53.0,3.57,0,2,0,10.9,0,1,0
2023-04-01,683,4,8.1,52.3,55.2,3.56,0,2,0,9.3,0,0,0
2023-05-01,683,5,8.27,57.2,50.7,3.88,0,2,0,9.4,0,0,0
2023-06-01,683,6,8.03,58.6,53.0,3.35,0,2,0,6.3,0,0,0
2023-07-01,683,7,8.16,66.3,57.2,3.63,0,2,0,10.9,0,0,1
2023-08-01,683,8,8.35,62.0,48.9,3.68,0,2,0,6.2,0,0,1
2023-09-01,683,9,8.2,62.9,60.9,3.51,1,2,1,10.3,0,0,1
2023-10-01,683,10,8.33,61.5,58.7,3.49,1,2,1,9.5,0,0,1
2023-11-01,683,11,8.44,58.9,60.1,3.68,1,2,1,10.2,0,0,1
2023-12-01,683,12,8.64,61.0,58.5,3.66,1,2,1,6.7,0,0,1
2024-01-01,683,13,8.31,56.1,63.1,3.69,1,2,1,4.4,0,0,1
2024-02-01,683,14,8.6,62.0,57.2,3.75,1,3,1,10.2,0,0,1
2024-03-01,683,15,8.46,59.6,56.7,3.67,1,3,1,6.7,0,0,1
2024-04-01,683,16,8.51,60.6,60.7,3.82,1,3,1,9.5,0,0,1
2024-05-01,683,17,8.71,64.2,59.6,3.71,1,3,1,11.2,0,0,1
2024-06-01,683,18,8.71,64.7,62.6,3.8,1,3,1,8.1,1,0,1
2023-01-01,684,1,6.61,66.9,72.6,2.06,0,1,0,2.6,0,0,0
2023-02-01,684,2,6.59,68.8,67.9,1.82,0,1,0,7.0,0,0,0
2023-03-01,684,3,6.65,78.5,60.3,1.77,0,1,0,9.0,0,0,0
2023-04-01,684,4,6.73,70.4,70.3,1.6,0,1,0,8.1,0,0,0
2023-05-01,684,5,6.84,65.8,72.3,1.84,0,1,0,2.8,0,0,1
2023-06-01,684,6,6.71,66.3,64.5,1.71,1,1,0,7.6,0,0,1
2023-07-01,684,7,6.52,68.1,72.8,2.0,1,1,0,9.5,0,0,1
2023-08-01,684,8,7.01,64.6,69.5,1.92,1,1,0,5.4,0,0,1
2023-09-01,684,9,6.9,69.5,68.5,1.77,1,1,0,9.4,0,0,1
2023-10-01,684,10,6.8,69.9,65.4,1.94,1,1,0,11.9,0,0,1
2023-11-01,684,11,6.76,66.9,71.5,2.18,1,1,0,8.6,1,0,1
2023-12-01,684,12,7.03,67.7,65.6,1.86,1,1,0,4.2,1,0,1
2024-01-01,684,13,6.95,64.9,78.8,2.06,1,1,0,9.5,2,0,1
2024-02-01,684,14,7.11,75.2,72.2,1.75,1,1,0,7.3,3,0,1
2024-03-01,684,15,7.13,60.3,76.5,1.78,1,1,0,8.2,3,0,1
2024-04-01,684,16,7.21,72.4,73.1,2.15,1,1,0,8.6,4,0,1
2024-05-01,684,17,7.01,62.9,72.6,1.91,1,1,0,7.6,4,0,1
2024-06-01,684,18,7.34,77.1,76.3,1.87,1,1,0,7.0,4,0,1
2023-01-01,685,1,6.6,70.1,51.0,2.22,1,0,0,6.0,0,0,0
2023-02-01,685,2,6.83,69.0,54.3,2.2,1,0,0,3.7,0,0,0
2023-03-01,685,3,6.69,77.1,52.3,2.27,1,0,0,5.0,0,0,0
2023-04-01,685,4,6.68,62.5,62.0,2.35,1,0,0,4.9,0,0,0
2023-05-01,685,5,6.82,76.5,64.0,2.31,1,0,0,4.6,0,0,0
2023-06-01,685,6,6.94,77.9,55.1,2.57,1,0,0,8.0,0,0,0
2023-07-01,685,7,6.89,64.4,50.0,2.08,2,0,0,5.8,0,0,0
2023-08-01,685,8,6.93,74.6,51.2,2.16,2,0,0,5.3,0,0,0
2023-09-01,685,9,7.09,72.1,58.3,2.25,2,0,0,6.5,0,0,0
2023-10-01,685,10,7.03,69.3,60.6,2.32,2,0,0,6.2,0,0,0
2023-11-01,685,11,7.24,71.6,58.4,2.49,2,0,0,0.0,0,0,0
2023-12-01,685,12,7.17,68.3,61.3,2.45,2,1,0,7.7,0,0,0
2024-01-01,685,13,7.06,70.2,63.5,2.12,2,2,0,10.7,0,0,0
2024-02-01,685,14,7.34,76.3,56.6,2.51,2,2,0,4.9,0,0,0
2024-03-01,685,15,7.24,68.7,61.5,2.42,2,2,0,4.7,0,0,0
2024-04-01,685,16,7.23,75.8,63.6,2.35,2,2,0,6.7,0,0,0
2024-05-01,685,17,7.3,72.5,66.4,2.58,2,2,0,7.2,0,0,0
2024-06-01,685,18,7.37,78.8,58.8,2.52,2,2,0,8.5,1,0,0
2023-01-01,686,1,6.69,63.3,70.7,4.72,0,1,1,5.8,0,1,0
2023-02-01,686,2,6.67,64.8,65.1,4.42,0,1,1,5.8,0,1,0
2023-03-01,686,3,6.52,69.6,60.1,4.84,0,1,1,5.6,0,1,0
2023-04-01,686,4,6.54,67.3,62.0,4.6,0,1,1,7.8,0,1,0
2023-05-01,686,5,6.75,65.1,70.3,4.62,0,1,1,6.5,0,1,0
2023-06-01,686,6,6.78,64.7,70.5,4.48,0,1,1,7.4,0,1,0
2023-07-01,686,7,6.81,63.7,71.7,4.68,0,1,1,9.7,0,1,0
2023-08-01,686,8,6.7,72.3,65.5,4.7,0,1,1,8.8,1,1,0
2023-09-01,686,9,6.77,67.7,68.5,4.49,1,2,2,10.0,1,1,0
2023-10-01,686,10,6.52,64.9,73.0,4.7,2,2,2,8.4,1,1,0
2023-11-01,686,11,7.02,71.3,72.0,4.66,2,2,2,10.5,2,1,0
2023-12-01,686,12,6.45,70.3,72.3,4.88,2,3,2,13.2,2,1,0
2024-01-01,686,13,6.7,59.5,80.7,4.95,2,3,2,8.8,3,1,1
2024-02-01,686,14,6.85,58.3,73.9,4.99,3,3,2,11.5,3,1,1
2024-03-01,686,15,7.03,68.0,74.0,4.92,4,3,2,7.6,3,1,1
2024-04-01,686,16,6.71,62.0,73.9,4.81,4,3,2,8.9,3,1,1
2024-05-01,686,17,6.97,68.5,77.1,4.69,4,3,2,11.4,3,1,1
2024-06-01,686,18,6.67,66.2,78.0,4.47,5,3,2,8.9,3,1,1
2023-01-01,687,1,7.43,82.8,82.5,2.46,0,0,0,10.6,0,0,0
2023-02-01,687,2,7.46,77.6,88.8,2.52,0,0,0,8.8,0,0,0
2023-03-01,687,3,7.7,79.1,88.4,2.38,0,0,0,8.4,0,0,0
2023-04-01,687,4,7.67,83.7,82.8,2.63,0,0,1,7.1,0,0,0
2023-05-01,687,5,8.03,83.7,86.7,2.65,0,0,1,8.8,0,0,0
2023-06-01,687,6,7.8,72.9,85.1,2.4,1,0,2,8.2,0,0,0
2023-07-01,687,7,7.63,85.4,82.0,2.3,1,0,2,6.1,1,0,0
2023-08-01,687,8,7.95,87.1,86.6,2.57,1,0,2,8.0,2,0,0
2023-09-01,687,9,7.98,85.7,88.2,2.61,1,1,2,7.2,2,0,0
2023-10-01,687,10,7.74,78.4,91.2,2.36,1,1,2,4.2,2,0,0
2023-11-01,687,11,7.81,81.3,82.8,2.4,1,1,2,10.6,2,0,0
2023-12-01,687,12,7.84,84.8,88.6,2.43,1,1,2,8.9,2,0,0
2024-01-01,687,13,7.91,84.0,91.1,2.58,1,1,2,8.2,2,0,0
2024-02-01,687,14,7.89,76.1,88.1,2.95,1,1,2,9.3,2,0,0
2024-03-01,687,15,8.11,81.6,90.6,2.55,1,1,2,12.7,2,0,0
2024-04-01,687,16,7.89,87.9,86.5,2.59,1,1,2,7.5,2,0,0
2024-05-01,687,17,7.58,81.5,91.7,2.79,1,1,3,14.6,3,0,0
2024-06-01,687,18,7.98,81.4,90.5,2.82,1,1,3,16.9,3,0,1
2023-01-01,688,1,8.42,85.1,70.6,3.68,0,0,1,10.6,0,0,0
2023-02-01,688,2,8.12,85.2,58.8,3.62,0,0,1,8.3,0,0,0
2023-03-01,688,3,8.29,84.3,66.8,3.86,0,0,2,8.8,0,0,0
2023-04-01,688,4,8.4,83.9,66.7,3.8,0,0,2,12.9,0,0,0
2023-05-01,688,5,8.4,89.1,68.9,3.75,0,0,2,5.8,0,0,0
2023-06-01,688,6,8.38,85.5,68.9,3.89,0,0,2,6.3,0,0,0
2023-07-01,688,7,8.33,90.4,67.8,3.53,0,0,2,9.4,0,0,0
2023-08-01,688,8,8.27,81.7,68.5,3.67,0,0,2,3.8,0,0,0
2023-09-01,688,9,8.3,95.0,69.9,3.58,0,0,2,10.9,0,0,0
2023-10-01,688,10,8.49,80.7,66.3,3.55,1,1,2,8.8,0,0,0
2023-11-01,688,11,8.54,82.0,64.5,3.67,1,1,2,10.0,1,0,1
2023-12-01,688,12,8.69,83.0,68.3,3.77,1,1,2,4.8,1,0,1
2024-01-01,688,13,8.62,83.2,69.1,4.09,1,1,2,4.4,1,0,1
2024-02-01,688,14,8.62,83.7,72.2,3.93,1,1,2,3.8,2,0,1
2024-03-01,688,15,8.56,78.7,68.0,3.85,1,1,2,6.5,2,0,1
2024-04-01,688,16,9.0,87.1,76.3,3.73,1,1,2,8.9,2,0,1
2024-05-01,688,17,8.86,78.3,70.5,3.88,1,1,2,11.1,2,0,1
2024-06-01,688,18,8.79,89.6,73.3,4.03,1,1,2,5.0,2,0,1
2023-01-01,689,1,6.63,66.4,32.7,2.81,0,1,0,3.4,0,0,0
2023-02-01,689,2,6.84,69.1,34.9,2.74,0,1,0,6.5,0,0,0
2023-03-01,689,3,6.81,68.7,34.6,2.73,0,1,0,4.2,0,0,0
2023-04-01,689,4,6.68,66.7,35.4,2.67,0,1,0,2.7,0,0,0
2023-05-01,689,5,6.85,64.1,36.1,2.78,0,1,0,5.3,0,0,0
2023-06-01,689,6,6.83,69.9,27.1,2.53,0,1,0,1.2,0,0,0
2023-07-01,689,7,6.97,65.7,36.3,2.8,0,1,0,1.8,0,0,1
2023-08-01,689,8,6.95,65.4,28.4,2.73,0,1,0,6.3,0,0,1
2023-09-01,689,9,7.0,69.8,35.6,2.68,0,1,0,7.1,0,0,1
2023-10-01,689,10,6.84,62.8,34.8,2.82,0,1,0,4.2,0,0,1
2023-11-01,689,11,6.97,78.9,39.0,2.71,0,2,0,2.6,0,0,1
2023-12-01,689,12,7.0,61.8,37.6,2.74,0,2,0,3.9,0,0,1
2024-01-01,689,13,6.96,68.4,34.7,2.86,0,2,0,2.6,0,0,1
2024-02-01,689,14,7.16,76.1,31.9,2.71,0,2,0,0.0,0,0,1
2024-03-01,689,15,7.18,70.6,46.0,2.83,0,2,0,7.9,0,0,1
2024-04-01,689,16,7.38,68.5,34.2,2.82,0,2,0,3.9,0,0,1
2024-05-01,689,17,7.18,71.5,36.8,3.0,0,2,0,2.6,0,0,1
2024-06-01,689,18,7.14,68.4,38.9,2.77,0,2,0,5.4,1,0,1
2023-01-01,690,1,6.75,86.6,67.1,3.2,0,0,0,3.2,0,1,0
2023-02-01,690,2,6.56,83.8,71.3,3.18,0,0,0,9.2,0,1,0
2023-03-01,690,3,6.79,87.0,68.5,3.25,0,0,0,8.6,0,1,0
2023-04-01,690,4,6.54,82.6,70.6,3.12,0,0,0,5.5,0,1,0
2023-05-01,690,5,6.7,82.7,68.8,3.39,0,0,0,1.3,0,1,0
2023-06-01,690,6,6.84,91.6,67.8,3.26,0,0,0,5.3,0,1,0
2023-07-01,690,7,6.85,88.0,71.9,3.29,0,0,0,6.9,0,1,0
2023-08-01,690,8,6.7,91.6,64.0,3.36,0,0,0,6.5,1,1,0
2023-09-01,690,9,6.74,91.9,64.2,3.4,0,0,0,9.0,1,1,0
2023-10-01,690,10,6.65,96.3,73.1,3.49,0,0,0,3.8,2,1,0
2023-11-01,690,11,7.07,85.9,71.2,3.65,0,0,0,9.9,2,1,0
2023-12-01,690,12,7.09,86.6,75.3,3.63,0,0,0,3.2,2,1,0
2024-01-01,690,13,6.98,90.4,73.6,3.19,0,1,0,9.1,2,1,0
2024-02-01,690,14,6.83,89.0,64.1,3.31,0,1,0,9.1,2,1,0
2024-03-01,690,15,7.13,84.3,76.1,3.29,0,1,0,12.1,3,1,0
2024-04-01,690,16,7.2,91.2,70.0,3.38,0,1,1,6.2,3,1,0
2024-05-01,690,17,7.3,92.7,75.4,3.34,0,1,1,4.6,3,1,0
2024-06-01,690,18,7.15,93.7,75.6,3.59,0,1,1,8.8,4,1,0
2023-01-01,691,1,7.05,88.3,77.9,2.71,0,2,0,3.1,0,0,0
2023-02-01,691,2,7.34,90.6,80.5,2.72,0,2,0,1.0,0,0,0
2023-03-01,691,3,7.43,90.4,75.8,2.87,0,2,0,4.2,0,0,0
2023-04-01,691,4,6.92,88.6,80.3,3.2,0,2,0,2.7,0,0,0
2023-05-01,691,5,7.31,82.7,75.8,2.65,0,2,0,1.9,0,0,0
2023-06-01,691,6,7.31,91.6,70.4,2.84,0,2,0,9.7,0,0,0
2023-07-01,691,7,7.35,98.4,80.5,2.58,0,2,0,1.4,0,0,0
2023-08-01,691,8,7.52,89.0,82.3,2.85,0,2,0,3.6,0,0,0
2023-09-01,691,9,7.35,86.2,78.0,3.02,0,2,0,4.8,0,0,0
2023-10-01,691,10,7.54,88.9,81.0,2.79,0,2,0,3.8,0,0,0
2023-11-01,691,11,7.23,85.9,79.2,2.68,0,2,0,2.3,0,0,0
2023-12-01,691,12,7.42,91.4,82.6,2.83,0,2,0,1.6,0,0,0
2024-01-01,691,13,7.19,82.1,78.4,2.79,1,2,0,1.4,0,0,0
2024-02-01,691,14,7.4,84.6,71.9,2.84,1,2,0,2.8,0,0,0
2024-03-01,691,15,7.47,94.5,84.2,2.61,1,2,0,0.1,1,0,0
2024-04-01,691,16,7.35,89.7,83.6,2.99,1,2,0,1.3,1,0,0
2024-05-01,691,17,7.57,90.3,82.8,2.92,1,2,0,4.1,1,0,0
2024-06-01,691,18,7.7,89.3,85.2,2.59,1,2,0,7.4,1,0,0
2023-01-01,692,1,6.69,79.1,55.8,3.68,0,0,1,2.6,0,0,0
2023-02-01,692,2,6.78,74.4,55.0,3.48,0,0,1,3.6,0,0,0
2023-03-01,692,3,6.78,75.5,58.4,3.37,0,0,1,4.6,0,0,0
2023-04-01,692,4,6.79,72.0,51.0,3.47,0,0,1,4.8,0,0,0
2023-05-01,692,5,6.64,74.0,58.9,3.6,0,0,1,1.0,0,0,0
2023-06-01,692,6,7.17,74.3,56.9,3.45,0,0,1,7.2,0,0,0
2023-07-01,692,7,6.94,76.5,52.0,3.68,0,0,1,4.6,0,0,0
2023-08-01,692,8,6.93,73.7,60.8,3.36,0,0,2,1.1,0,0,0
2023-09-01,692,9,6.82,71.5,59.6,3.63,0,0,2,1.5,0,0,0
2023-10-01,692,10,6.91,75.5,58.8,3.41,0,0,2,1.4,0,0,0
2023-11-01,692,11,7.2,72.2,52.6,3.76,0,0,2,0.9,0,0,0
2023-12-01,692,12,7.09,73.9,52.7,3.39,0,0,2,5.7,0,0,0
2024-01-01,692,13,7.13,82.9,60.0,3.73,0,0,3,1.3,0,0,0
2024-02-01,692,14,6.99,75.3,57.5,3.78,0,0,3,3.1,0,0,0
2024-03-01,692,15,7.18,74.3,61.9,3.95,0,0,3,5.7,0,0,0
2024-04-01,692,16,7.23,78.8,57.5,3.8,0,0,3,8.5,0,0,0
2024-05-01,692,17,7.15,78.8,59.3,3.54,0,0,3,3.2,0,0,0
2024-06-01,692,18,7.32,78.8,66.3,3.93,0,0,3,4.4,0,0,0
2023-01-01,693,1,7.61,73.3,70.4,3.34,0,1,0,1.8,0,0,0
2023-02-01,693,2,7.61,78.3,75.2,3.35,0,1,1,9.9,0,0,0
2023-03-01,693,3,7.74,80.4,75.2,3.16,0,1,1,6.5,0,0,0
2023-04-01,693,4,7.94,80.1,67.9,3.38,0,1,1,7.4,0,0,0
2023-05-01,693,5,8.0,83.1,72.3,3.28,0,1,1,7.6,0,0,0
2023-06-01,693,6,7.89,81.0,72.4,3.3,0,1,1,6.2,0,0,0
2023-07-01,693,7,8.23,70.1,69.9,3.6,0,2,1,5.4,0,0,0
2023-08-01,693,8,8.09,75.6,80.9,3.38,0,2,1,8.2,0,0,0
2023-09-01,693,9,8.28,78.0,78.6,3.69,0,2,1,10.1,1,0,1
2023-10-01,693,10,8.27,79.2,76.5,3.23,0,2,1,3.3,1,0,1
2023-11-01,693,11,8.15,79.6,76.4,3.36,0,2,1,7.4,2,0,1
2023-12-01,693,12,8.38,80.6,85.2,3.44,0,2,1,9.5,2,0,1
2024-01-01,693,13,8.28,82.2,77.6,3.41,0,2,1,4.6,2,0,1
2024-02-01,693,14,8.26,82.5,79.1,3.37,0,2,1,6.3,2,0,1
2024-03-01,693,15,8.45,79.8,83.9,3.34,0,2,1,11.1,3,0,1
2024-04-01,693,16,8.53,81.7,84.7,3.53,0,2,1,12.0,3,0,1
2024-05-01,693,17,8.51,75.1,78.8,3.76,0,2,1,8.8,3,0,1
2024-06-01,693,18,8.44,79.7,82.6,3.21,0,2,1,8.5,3,0,1
2023-01-01,694,1,5.31,52.3,43.6,3.21,0,0,0,2.5,0,0,0
2023-02-01,694,2,5.02,67.1,40.5,3.04,0,0,0,6.5,0,0,0
2023-03-01,694,3,5.39,62.6,50.9,2.57,0,0,0,2.6,0,0,0
2023-04-01,694,4,5.22,56.9,53.0,2.85,0,0,0,3.3,0,0,0
2023-05-01,694,5,5.13,58.5,48.7,2.94,0,0,0,3.5,0,0,0
2023-06-01,694,6,5.28,59.0,50.9,3.15,0,0,0,4.5,0,0,0
2023-07-01,694,7,5.18,55.6,44.2,2.82,0,0,0,0.0,0,0,0
2023-08-01,694,8,5.44,53.9,45.9,2.79,0,0,0,0.6,0,0,0
2023-09-01,694,9,5.18,63.3,49.3,2.71,0,0,0,9.2,0,0,0
2023-10-01,694,10,5.48,61.2,53.3,3.13,1,0,0,6.0,0,0,0
2023-11-01,694,11,5.32,66.4,46.2,2.87,1,0,0,0.0,0,0,0
2023-12-01,694,12,5.43,58.3,51.2,3.07,1,0,0,8.7,0,0,0
2024-01-01,694,13,5.46,61.3,52.7,2.81,1,0,0,1.4,0,0,0
2024-02-01,694,14,5.38,68.4,53.6,3.04,1,0,0,3.9,0,0,0
2024-03-01,694,15,5.13,60.9,51.9,3.11,1,0,0,5.7,1,0,0
2024-04-01,694,16,5.42,59.2,55.4,2.8,1,0,0,1.6,1,0,0
2024-05-01,694,17,5.35,69.8,59.7,3.0,1,0,0,8.2,1,0,0
2024-06-01,694,18,5.36,63.8,52.2,2.89,1,0,0,1.8,1,0,0
2023-01-01,695,1,6.17,78.7,37.6,2.25,0,1,1,3.5,1,0,0
2023-02-01,695,2,6.29,76.5,34.9,2.52,0,1,1,9.2,1,0,0
2023-03-01,695,3,6.45,84.7,36.4,2.41,0,1,1,6.6,1,0,0
2023-04-01,695,4,6.37,86.0,30.4,2.44,0,1,1,3.5,1,0,0
2023-05-01,695,5,6.27,76.5,37.3,2.44,0,1,1,7.5,1,0,0
2023-06-01,695,6,6.45,79.6,48.3,2.41,0,1,1,5.8,2,0,1
2023-07-01,695,7,6.39,79.6,33.8,2.85,0,1,1,5.4,2,0,1
2023-08-01,695,8,6.34,77.0,39.2,2.3,0,1,1,5.7,2,0,1
2023-09-01,695,9,6.5,81.0,38.3,2.57,0,1,1,8.8,2,0,1
2023-10-01,695,10,6.62,75.6,42.1,2.41,0,1,1,3.8,2,0,1
2023-11-01,695,11,6.47,76.0,42.6,2.39,0,1,1,8.7,2,0,1
2023-12-01,695,12,6.6,79.6,43.5,2.39,0,1,1,3.2,2,0,1
2024-01-01,695,13,6.4,77.2,43.5,2.68,0,2,1,8.9,2,0,1
2024-02-01,695,14,6.83,82.6,37.0,2.94,0,2,1,5.1,3,0,1
2024-03-01,695,15,6.83,79.5,46.3,2.55,0,2,1,6.7,3,0,1
2024-04-01,695,16,6.7,76.2,31.3,2.36,1,2,1,6.3,4,0,1
2024-05-01,695,17,6.51,76.3,37.2,2.68,1,2,1,3.8,4,0,1
2024-06-01,695,18,6.8,80.8,39.3,2.61,1,2,1,5.4,5,0,1
2023-01-01,696,1,6.24,88.9,54.9,3.38,1,2,0,8.0,0,0,0
2023-02-01,696,2,6.37,81.3,52.1,3.44,1,3,0,7.7,0,0,0
2023-03-01,696,3,6.49,85.6,66.7,3.57,1,3,0,7.4,0,0,1
2023-04-01,696,4,6.47,83.9,59.8,3.45,2,3,0,10.8,0,0,1
2023-05-01,696,5,6.79,74.6,57.4,3.43,2,3,0,10.2,0,0,1
2023-06-01,696,6,6.77,85.4,69.6,3.36,2,3,0,10.9,0,0,1
2023-07-01,696,7,6.67,84.2,67.2,3.34,2,4,0,12.7,0,0,1
2023-08-01,696,8,6.91,74.4,72.2,3.43,2,4,0,7.7,0,0,1
2023-09-01,696,9,6.75,80.5,65.1,3.4,2,4,0,6.2,1,0,1
2023-10-01,696,10,6.82,78.4,58.0,3.45,2,4,0,7.6,1,0,1
2023-11-01,696,11,6.96,74.6,66.4,3.38,2,4,0,13.5,1,0,1
2023-12-01,696,12,6.97,77.7,71.8,3.45,2,4,0,5.8,1,0,1
2024-01-01,696,13,7.07,79.7,64.0,3.44,2,4,0,7.4,1,0,1
2024-02-01,696,14,7.1,84.9,72.5,3.65,2,4,0,11.5,1,0,1
2024-03-01,696,15,7.02,75.6,65.5,3.76,2,5,0,6.3,1,0,1
2024-04-01,696,16,7.23,79.2,65.7,3.48,2,5,0,8.6,2,0,1
2024-05-01,696,17,7.01,85.7,80.3,3.5,2,5,0,6.5,3,0,1
2024-06-01,696,18,7.17,81.6,75.8,3.67,2,5,0,9.2,3,0,1
2023-01-01,697,1,4.98,88.4,29.7,2.32,0,1,0,7.6,0,0,0
2023-02-01,697,2,5.16,84.4,33.7,2.45,0,1,0,8.4,0,0,0
2023-03-01,697,3,5.29,80.3,33.1,2.65,0,1,0,3.7,0,0,0
2023-04-01,697,4,5.37,86.6,36.5,2.35,0,1,0,5.5,0,0,0
2023-05-01,697,5,5.2,78.3,39.3,2.29,0,1,0,6.0,0,0,0
2023-06-01,697,6,5.06,86.0,31.2,2.19,0,1,0,1.6,0,0,0
2023-07-01,697,7,5.23,83.7,32.8,2.38,0,1,0,9.1,0,0,0
2023-08-01,697,8,5.21,81.1,36.9,2.52,0,1,0,2.6,0,0,0
2023-09-01,697,9,5.36,82.2,39.1,2.28,0,1,0,4.7,0,0,0
2023-10-01,697,10,5.0,84.8,41.2,2.48,0,1,0,4.7,1,0,0
2023-11-01,697,11,5.37,84.5,29.6,2.41,0,1,0,3.9,1,0,0
2023-12-01,697,12,5.27,76.5,40.4,2.41,0,1,0,3.7,1,0,0
2024-01-01,697,13,5.26,81.2,42.4,2.34,0,1,0,6.2,1,0,0
2024-02-01,697,14,5.42,89.7,38.2,2.61,0,1,0,11.0,1,0,0
2024-03-01,697,15,5.46,82.4,46.2,2.45,0,1,0,7.5,1,0,0
2024-04-01,697,16,5.38,85.8,42.5,2.48,0,1,0,3.8,1,0,0
2024-05-01,697,17,5.31,75.9,38.9,2.37,0,1,0,6.3,1,0,0
2024-06-01,697,18,5.34,81.7,35.5,2.39,0,1,0,7.3,1,0,0
2023-01-01,698,1,6.23,81.0,51.7,3.54,1,1,0,12.2,0,2,0
2023-02-01,698,2,6.06,81.0,49.9,3.27,1,2,0,11.8,0,2,0
2023-03-01,698,3,6.21,83.4,68.0,3.66,1,2,0,14.5,0,2,0
2023-04-01,698,4,6.21,83.6,47.0,3.56,2,2,0,13.3,0,2,0
2023-05-01,698,5,6.35,89.1,61.0,3.33,2,2,0,11.3,0,2,0
2023-06-01,698,6,6.42,85.9,64.3,3.47,2,2,0,15.0,0,2,0
2023-07-01,698,7,6.39,87.8,65.2,3.28,2,2,0,9.3,0,2,0
2023-08-01,698,8,6.58,82.8,55.5,3.45,2,2,0,11.9,0,2,0
2023-09-01,698,9,6.3,89.1,63.6,3.64,2,2,0,13.7,0,1,1
2023-10-01,698,10,6.51,89.8,63.4,3.29,2,2,0,11.1,0,1,1
2023-11-01,698,11,6.91,82.9,60.6,3.7,2,2,0,15.1,0,1,1
2023-12-01,698,12,6.88,84.7,60.9,3.65,2,3,0,13.7,0,1,1
2024-01-01,698,13,6.81,82.9,65.6,3.47,2,3,1,9.1,0,1,1
2024-02-01,698,14,6.64,84.4,74.8,3.6,3,3,1,11.2,0,1,1
2024-03-01,698,15,6.62,87.8,66.3,3.97,3,3,1,8.4,1,1,1
2024-04-01,698,16,6.8,90.3,66.4,3.72,3,3,2,10.7,1,1,1
2024-05-01,698,17,6.95,86.2,64.5,3.59,3,3,2,14.2,1,1,1
2024-06-01,698,18,6.91,83.6,67.5,3.6,3,3,2,12.9,1,1,1
2023-01-01,699,1,6.11,84.7,80.0,5.0,0,3,0,8.5,0,1,0
2023-02-01,699,2,6.33,84.5,76.5,4.91,0,3,1,14.4,0,1,0
2023-03-01,699,3,6.33,86.0,81.7,4.8,0,4,1,10.3,0,1,0
2023-04-01,699,4,6.22,76.4,77.1,4.99,0,4,1,10.7,0,1,0
2023-05-01,699,5,6.38,88.3,83.0,5.0,0,4,1,11.0,0,1,0
2023-06-01,699,6,6.31,80.4,78.6,4.96,0,4,1,13.0,0,1,0
2023-07-01,699,7,6.24,87.6,78.5,4.84,0,4,1,10.0,0,1,0
2023-08-01,699,8,6.46,90.8,81.3,5.0,0,4,1,13.3,0,0,0
2023-09-01,699,9,6.48,82.3,83.2,5.0,0,4,1,11.9,0,0,1
2023-10-01,699,10,6.31,88.3,85.8,4.99,0,4,1,10.9,0,0,1
2023-11-01,699,11,6.63,90.5,79.9,5.0,0,4,1,17.4,1,0,1
2023-12-01,699,12,6.56,90.7,82.0,4.99,0,4,2,11.0,1,0,1
2024-01-01,699,13,6.47,82.6,87.7,5.0,0,4,2,9.8,2,0,1
2024-02-01,699,14,6.75,73.9,85.3,5.0,0,5,2,11.8,2,0,1
2024-03-01,699,15,6.69,85.9,91.8,5.0,0,5,2,6.8,2,0,1
2024-04-01,699,16,6.53,89.2,90.7,5.0,0,6,2,8.4,2,0,1
2024-05-01,699,17,6.42,85.2,97.6,5.0,0,6,3,8.8,3,0,1
2024-06-01,699,18,6.73,85.5,88.5,5.0,0,7,3,13.9,4,0,1
2023-01-01,700,1,6.74,76.5,30.6,4.13,0,0,0,8.2,0,0,0
2023-02-01,700,2,7.13,77.7,35.0,4.06,0,0,0,4.7,0,0,0
2023-03-01,700,3,7.08,76.3,31.0,3.96,0,0,0,9.3,0,0,0
2023-04-01,700,4,7.05,73.8,26.8,4.19,0,0,0,8.8,1,0,0
2023-05-01,700,5,6.92,71.6,34.9,4.33,0,0,0,4.4,1,0,0
2023-06-01,700,6,6.99,81.0,30.6,4.27,0,0,0,8.3,1,0,0
2023-07-01,700,7,6.99,81.9,39.7,4.32,0,0,1,12.6,1,0,0
2023-08-01,700,8,7.14,81.8,30.3,4.35,0,0,1,8.4,1,0,0
2023-09-01,700,9,7.15,77.9,34.5,4.16,0,0,1,8.9,1,0,0
2023-10-01,700,10,7.1,83.0,29.1,4.57,0,0,1,7.7,1,0,0
2023-11-01,700,11,7.41,78.3,32.3,4.36,0,0,1,11.9,1,0,0
2023-12-01,700,12,7.2,77.3,36.1,4.5,0,0,1,8.9,1,0,0
2024-01-01,700,13,7.46,89.3,38.3,4.26,0,0,1,3.8,1,0,0
2024-02-01,700,14,7.51,84.0,30.4,4.17,0,0,1,9.0,1,0,0
2024-03-01,700,15,7.59,80.0,42.8,4.14,0,0,1,13.4,1,0,0
2024-04-01,700,16,7.53,78.7,32.0,4.43,0,0,1,1.9,1,0,0
2024-05-01,700,17,7.44,81.2,44.9,4.37,1,0,1,10.6,2,0,0
2024-06-01,700,18,7.36,82.5,43.0,4.48,1,0,1,7.2,2,0,0
2023-01-01,701,1,7.8,83.6,44.8,3.72,0,1,0,12.5,0,3,0
2023-02-01,701,2,7.93,85.2,38.2,3.86,0,1,0,11.9,0,3,0
2023-03-01,701,3,7.96,87.7,39.9,3.65,0,1,0,12.8,0,3,0
2023-04-01,701,4,8.08,87.0,43.3,3.7,0,1,0,14.0,0,3,0
2023-05-01,701,5,7.92,82.5,42.3,3.55,0,1,0,10.5,0,3,0
2023-06-01,701,6,7.93,88.7,45.0,3.78,0,1,0,11.7,0,3,0
2023-07-01,701,7,8.33,83.8,44.1,3.72,0,1,0,8.5,1,3,0
2023-08-01,701,8,8.38,82.2,48.8,3.82,0,1,0,14.6,1,3,0
2023-09-01,701,9,8.28,87.9,46.0,3.91,0,1,0,14.8,1,3,0
2023-10-01,701,10,8.24,80.4,50.4,3.63,0,1,0,10.7,1,3,0
2023-11-01,701,11,8.04,83.6,45.1,3.85,0,1,0,10.0,1,3,0
2023-12-01,701,12,8.21,83.4,50.0,3.87,1,1,0,14.1,2,3,0
2024-01-01,701,13,8.39,81.2,46.6,3.85,2,1,0,13.6,2,3,0
2024-02-01,701,14,8.51,81.8,57.5,3.9,2,1,0,8.2,3,3,0
2024-03-01,701,15,8.38,80.4,55.0,3.77,3,1,0,13.2,3,3,0
2024-04-01,701,16,8.58,80.4,53.2,3.74,3,1,0,10.8,3,3,0
2024-05-01,701,17,8.45,85.9,47.4,3.81,3,2,0,15.2,3,3,0
2024-06-01,701,18,8.54,85.0,50.9,3.97,3,2,0,8.0,4,3,0
2023-01-01,702,1,6.68,95.4,43.3,2.8,0,1,0,12.1,0,0,0
2023-02-01,702,2,6.79,96.1,40.5,3.08,0,1,0,11.6,0,0,0
2023-03-01,702,3,6.71,88.2,47.8,3.23,0,1,0,13.5,0,0,0
2023-04-01,702,4,6.95,97.2,50.0,3.2,0,1,0,9.3,0,0,0
2023-05-01,702,5,7.07,90.5,43.1,3.29,0,1,0,13.9,0,0,0
2023-06-01,702,6,7.04,90.5,47.9,3.14,0,1,1,8.6,0,0,0
2023-07-01,702,7,7.35,93.9,48.2,3.44,0,1,1,5.4,0,0,0
2023-08-01,702,8,7.13,92.9,53.5,2.91,0,1,1,10.1,1,0,0
2023-09-01,702,9,7.1,98.5,51.7,3.04,0,1,1,11.6,1,0,0
2023-10-01,702,10,7.24,90.5,49.6,3.17,0,1,1,8.8,1,0,0
2023-11-01,702,11,7.35,89.5,50.2,3.19,0,1,1,7.3,1,0,0
2023-12-01,702,12,7.3,83.6,56.8,3.34,0,1,1,9.0,1,0,0
2024-01-01,702,13,7.32,90.5,47.3,3.1,0,1,1,6.2,1,0,0
2024-02-01,702,14,7.44,90.0,48.1,3.5,0,1,2,8.8,2,0,0
2024-03-01,702,15,7.48,96.1,48.7,3.13,0,1,2,13.1,3,0,0
2024-04-01,702,16,7.36,93.3,56.1,3.49,1,1,3,11.5,3,0,0
2024-05-01,702,17,7.52,87.6,51.6,3.27,1,1,4,10.3,4,0,0
2024-06-01,702,18,7.46,93.5,62.1,3.22,2,2,4,9.4,5,0,1
2023-01-01,703,1,6.0,81.7,65.3,1.76,0,1,1,6.8,0,0,0
2023-02-01,703,2,6.43,90.0,51.6,1.67,0,1,1,8.2,0,0,0
2023-03-01,703,3,6.18,80.3,54.1,1.8,0,1,1,6.4,0,0,0
2023-04-01,703,4,6.07,83.6,56.3,2.1,0,1,1,4.0,0,0,0
2023-05-01,703,5,6.49,74.1,58.3,1.86,1,1,1,8.5,0,0,0
2023-06-01,703,6,6.26,76.0,60.8,1.85,1,1,1,4.6,0,0,0
2023-07-01,703,7,6.29,81.6,59.5,1.99,1,1,1,1.8,0,0,0
2023-08-01,703,8,6.27,81.6,63.2,1.8,1,1,1,0.7,0,0,0
2023-09-01,703,9,6.26,79.0,61.0,2.08,1,1,1,3.8,0,0,0
2023-10-01,703,10,6.33,75.0,66.0,1.92,1,1,1,4.8,1,0,0
2023-11-01,703,11,6.17,78.6,54.8,1.73,1,1,1,3.5,1,0,0
2023-12-01,703,12,6.42,82.0,65.9,1.87,1,1,1,6.2,1,0,0
2024-01-01,703,13,6.38,76.6,63.8,1.78,1,1,1,7.4,1,0,0
2024-02-01,703,14,6.53,82.0,65.3,1.85,1,1,1,2.6,1,0,0
2024-03-01,703,15,6.48,72.8,66.2,1.7,1,1,1,3.3,1,0,0
2024-04-01,703,16,6.5,83.8,65.9,2.01,1,1,1,6.0,1,0,0
2024-05-01,703,17,6.43,80.0,62.1,1.96,1,1,1,3.7,1,0,0
2024-06-01,703,18,6.53,76.0,68.1,2.06,1,1,1,3.4,1,0,0
2023-01-01,704,1,6.95,91.6,49.5,2.45,0,1,1,3.0,0,0,0
2023-02-01,704,2,6.66,90.1,49.2,2.15,0,1,1,5.8,0,0,0
2023-03-01,704,3,7.36,85.6,59.5,2.4,0,1,1,9.2,0,0,0
2023-04-01,704,4,7.1,82.1,58.7,2.35,1,1,1,8.4,0,0,0
2023-05-01,704,5,7.06,84.3,56.4,2.37,1,1,1,7.2,0,0,0
2023-06-01,704,6,7.0,87.5,58.7,2.22,1,1,1,8.2,0,0,0
2023-07-01,704,7,7.26,81.0,59.6,2.42,1,1,1,9.7,0,0,0
2023-08-01,704,8,7.18,83.8,61.0,2.13,1,1,1,9.2,0,0,0
2023-09-01,704,9,7.22,82.7,55.6,2.33,1,1,1,8.8,0,0,0
2023-10-01,704,10,7.12,82.8,53.0,2.28,1,2,1,18.6,0,0,0
2023-11-01,704,11,7.23,89.4,56.9,2.36,1,2,1,8.8,1,0,0
2023-12-01,704,12,7.26,82.8,60.2,2.58,1,2,1,12.5,1,0,1
2024-01-01,704,13,7.39,90.3,60.4,2.29,1,2,1,8.3,2,0,1
2024-02-01,704,14,7.69,80.8,62.5,2.3,1,2,2,12.9,2,0,1
2024-03-01,704,15,7.64,80.7,65.9,2.59,1,2,2,8.4,2,0,1
2024-04-01,704,16,7.42,83.2,71.5,2.46,1,2,2,8.4,3,0,1
2024-05-01,704,17,7.43,81.0,66.0,2.41,1,2,2,9.3,3,0,1
2024-06-01,704,18,7.28,90.2,63.7,2.4,1,2,2,13.7,3,0,1
2023-01-01,705,1,7.91,84.1,78.0,4.21,1,0,0,9.7,0,0,0
2023-02-01,705,2,8.04,85.1,86.9,4.0,1,0,0,3.8,0,0,0
2023-03-01,705,3,8.02,75.6,82.3,4.31,1,0,0,2.5,0,0,0
2023-04-01,705,4,8.1,72.9,79.8,4.05,1,0,0,3.3,0,0,0
2023-05-01,705,5,8.09,85.4,82.1,4.21,1,0,0,2.2,0,0,0
2023-06-01,705,6,8.27,80.2,83.2,4.38,1,0,0,5.0,0,0,0
2023-07-01,705,7,8.07,77.5,76.7,4.19,1,0,0,3.0,0,0,0
2023-08-01,705,8,8.22,83.3,72.2,4.15,1,0,0,4.8,1,0,0
2023-09-01,705,9,8.05,81.3,76.3,3.99,1,0,0,8.3,1,0,0
2023-10-01,705,10,8.27,86.0,77.4,4.13,1,0,0,1.9,1,0,0
2023-11-01,705,11,8.25,79.7,88.0,4.13,1,0,0,6.2,1,0,0
2023-12-01,705,12,8.39,78.7,78.6,4.44,1,0,0,3.7,1,0,0
2024-01-01,705,13,8.44,81.2,86.0,4.58,1,0,0,1.8,1,0,0
2024-02-01,705,14,8.61,82.2,78.4,4.4,1,0,0,0.2,1,0,1
2024-03-01,705,15,8.2,74.3,82.8,4.23,1,0,0,6.4,1,0,1
2024-04-01,705,16,8.61,90.5,76.5,4.04,1,0,0,8.2,1,0,1
2024-05-01,705,17,8.48,79.9,87.2,4.49,1,0,0,5.6,1,0,1
2024-06-01,705,18,8.66,84.5,86.5,4.17,1,0,0,6.4,1,0,1
2023-01-01,706,1,6.13,78.1,74.0,2.5,0,0,0,10.8,0,0,0
2023-02-01,706,2,6.47,79.2,74.4,2.67,0,0,0,11.7,0,0,0
2023-03-01,706,3,6.37,74.8,77.5,2.76,1,0,1,8.1,0,0,0
2023-04-01,706,4,6.29,72.4,73.4,2.74,1,0,1,5.9,0,0,0
2023-05-01,706,5,6.16,78.4,80.5,2.88,1,0,1,10.5,0,0,0
2023-06-01,706,6,6.38,78.5,73.7,2.56,1,0,1,11.0,0,0,0
2023-07-01,706,7,6.41,77.4,72.8,2.57,1,0,1,6.8,0,0,0
2023-08-01,706,8,6.36,73.3,81.8,2.54,1,0,1,5.5,0,0,0
2023-09-01,706,9,6.54,73.1,78.8,2.96,1,0,1,11.5,0,0,0
2023-10-01,706,10,6.28,72.4,88.9,2.85,1,0,1,5.1,1,0,0
2023-11-01,706,11,6.2,76.3,85.4,2.88,1,1,1,10.5,1,0,0
2023-12-01,706,12,6.58,77.9,76.7,2.98,1,1,1,10.7,2,0,0
2024-01-01,706,13,6.51,73.0,79.3,2.69,1,1,2,8.6,2,0,0
2024-02-01,706,14,6.53,79.5,80.2,2.99,2,1,2,13.4,3,0,0
2024-03-01,706,15,6.38,79.1,88.1,2.69,2,2,2,6.6,3,0,0
2024-04-01,706,16,6.61,75.3,87.2,2.88,2,3,2,6.6,4,0,0
2024-05-01,706,17,6.54,68.6,87.3,2.82,2,3,2,6.1,5,0,0
2024-06-01,706,18,6.58,73.7,81.5,2.75,2,3,2,11.6,5,0,0
2023-01-01,707,1,6.31,84.0,70.0,2.91,0,0,0,7.0,0,0,0
2023-02-01,707,2,6.16,90.7,67.8,2.65,0,1,0,8.5,0,0,0
2023-03-01,707,3,6.28,87.2,68.9,2.57,1,1,0,3.7,0,0,0
2023-04-01,707,4,6.56,79.2,66.9,2.58,1,1,0,7.5,0,0,0
2023-05-01,707,5,6.41,85.3,64.7,2.96,1,1,0,3.7,1,0,0
2023-06-01,707,6,6.39,88.3,68.5,2.83,1,1,0,6.1,1,0,0
2023-07-01,707,7,6.31,79.9,59.8,2.37,1,2,0,7.5,1,0,0
2023-08-01,707,8,6.47,87.6,70.1,2.92,1,2,0,6.3,1,0,0
2023-09-01,707,9,6.43,90.5,64.8,2.99,1,2,0,8.0,1,0,0
2023-10-01,707,10,6.44,93.9,68.4,2.73,1,2,0,10.4,1,0,0
2023-11-01,707,11,6.57,84.8,71.2,2.96,1,2,1,6.9,1,0,0
2023-12-01,707,12,6.38,79.9,75.0,2.97,1,2,1,9.6,2,0,0
2024-01-01,707,13,6.26,92.8,72.4,3.03,1,2,1,4.6,2,0,0
2024-02-01,707,14,6.61,84.1,67.8,2.73,2,2,1,5.4,2,0,0
2024-03-01,707,15,6.45,85.8,79.9,2.77,2,2,1,5.9,2,0,0
2024-04-01,707,16,6.68,90.8,74.7,2.79,2,2,1,7.5,3,0,1
2024-05-01,707,17,6.65,87.6,70.8,3.02,2,2,1,9.0,3,0,1
2024-06-01,707,18,6.45,83.7,79.7,2.61,2,2,1,8.9,4,0,1
2023-01-01,708,1,7.41,82.1,57.2,3.06,0,0,0,0.0,0,0,0
2023-02-01,708,2,7.22,71.9,59.4,3.13,0,0,0,2.3,0,0,0
2023-03-01,708,3,7.38,74.1,64.2,3.12,0,0,0,4.7,0,0,0
2023-04-01,708,4,7.34,70.5,63.0,2.71,0,0,0,0.0,0,0,0
2023-05-01,708,5,7.86,79.8,58.0,3.08,0,0,0,0.0,0,0,0
2023-06-01,708,6,7.55,77.6,65.8,2.95,0,0,0,1.4,0,0,0
2023-07-01,708,7,7.72,74.7,64.7,2.88,0,0,0,4.2,0,0,0
2023-08-01,708,8,7.57,83.6,52.5,3.25,0,0,0,2.2,0,0,0
2023-09-01,708,9,7.63,76.7,72.0,3.08,0,0,1,4.5,0,0,0
2023-10-01,708,10,7.63,80.8,62.6,3.31,0,0,1,3.3,0,0,0
2023-11-01,708,11,7.59,74.7,57.1,3.42,0,0,1,4.9,0,0,0
2023-12-01,708,12,7.74,71.6,61.5,3.34,0,0,1,1.3,0,0,0
2024-01-01,708,13,7.47,70.9,67.1,3.18,0,0,1,0.0,0,0,0
2024-02-01,708,14,7.42,76.9,62.2,3.12,0,0,1,4.1,0,0,0
2024-03-01,708,15,7.53,75.1,62.4,3.46,0,0,1,0.0,0,0,0
2024-04-01,708,16,7.58,74.9,63.0,3.22,0,0,1,2.9,1,0,0
2024-05-01,708,17,7.74,77.1,64.5,3.25,0,0,1,1.8,1,0,0
2024-06-01,708,18,7.43,78.6,64.0,3.13,0,0,1,9.9,1,0,0
2023-01-01,709,1,6.84,94.8,59.7,2.44,0,1,0,6.7,0,0,0
2023-02-01,709,2,6.81,91.8,64.8,2.37,0,1,0,10.2,0,0,0
2023-03-01,709,3,7.0,91.9,60.6,2.46,0,1,0,5.7,0,0,0
2023-04-01,709,4,6.97,81.5,69.7,2.42,0,1,1,3.8,0,0,0
2023-05-01,709,5,6.96,88.5,64.5,2.59,1,1,1,0.8,0,0,0
2023-06-01,709,6,7.16,81.9,66.8,2.51,1,1,1,3.3,0,0,0
2023-07-01,709,7,6.86,83.2,67.8,2.41,1,1,1,6.3,0,0,1
2023-08-01,709,8,7.1,91.1,65.2,2.46,1,1,1,4.2,0,0,1
2023-09-01,709,9,7.14,88.8,67.4,2.44,1,1,1,7.6,0,0,1
2023-10-01,709,10,7.33,81.1,62.7,2.67,1,1,1,5.9,0,0,1
2023-11-01,709,11,7.3,85.0,73.8,2.29,1,1,1,1.5,1,0,1
2023-12-01,709,12,7.18,84.9,71.1,2.56,1,1,1,4.7,2,0,1
2024-01-01,709,13,7.36,86.2,69.0,2.52,1,1,1,8.1,2,0,1
2024-02-01,709,14,7.56,83.3,66.5,2.64,1,1,1,7.0,2,0,1
2024-03-01,709,15,7.57,90.1,74.9,2.67,1,1,1,5.8,3,0,1
2024-04-01,709,16,7.8,84.7,72.0,2.72,2,1,1,7.7,3,0,1
2024-05-01,709,17,7.56,96.5,61.1,2.56,2,1,1,2.7,3,0,1
2024-06-01,709,18,7.64,83.5,75.1,2.79,2,1,1,9.4,3,0,1
2023-01-01,710,1,7.44,77.5,44.9,2.43,1,2,0,8.6,0,0,0
2023-02-01,710,2,7.44,82.1,50.7,2.26,1,2,1,11.2,0,0,0
2023-03-01,710,3,7.69,75.2,43.2,2.42,1,2,1,15.3,0,0,0
2023-04-01,710,4,7.79,73.9,51.6,2.41,1,2,1,11.1,1,0,0
2023-05-01,710,5,7.64,80.8,46.8,2.33,1,2,1,9.8,1,0,0
2023-06-01,710,6,7.57,83.6,49.3,2.3,1,3,1,9.6,1,0,0
2023-07-01,710,7,7.61,89.3,45.3,2.62,1,3,1,10.9,1,0,0
2023-08-01,710,8,7.76,82.4,46.0,2.62,1,3,1,9.4,1,0,0
2023-09-01,710,9,7.74,86.5,52.0,2.32,1,3,2,12.5,1,0,0
2023-10-01,710,10,7.69,87.8,51.4,2.28,1,3,2,10.2,1,0,0
2023-11-01,710,11,7.94,82.2,49.5,2.52,1,3,2,11.6,2,0,0
2023-12-01,710,12,7.84,73.8,54.3,2.36,1,3,2,14.6,3,0,1
2024-01-01,710,13,7.87,80.5,56.8,2.42,1,4,3,12.2,3,0,1
2024-02-01,710,14,8.03,81.3,52.7,2.61,1,4,4,13.6,4,0,1
2024-03-01,710,15,8.2,79.9,56.4,2.42,1,4,4,12.2,4,0,1
2024-04-01,710,16,7.79,83.9,56.0,2.33,1,4,4,10.4,4,0,1
2024-05-01,710,17,8.17,83.6,60.5,2.5,1,4,4,12.8,4,0,1
2024-06-01,710,18,8.06,85.3,63.9,2.52,1,4,4,7.2,4,0,1
2023-01-01,711,1,6.86,79.3,77.3,3.04,0,1,0,7.1,0,0,0
2023-02-01,711,2,7.06,79.3,68.2,3.32,0,2,0,6.6,1,0,0
2023-03-01,711,3,7.34,75.3,71.3,3.17,0,3,0,8.2,1,0,0
2023-04-01,711,4,6.94,76.9,76.7,3.26,0,3,0,6.2,1,0,0
2023-05-01,711,5,7.1,81.1,74.0,3.36,0,3,0,5.8,1,0,0
2023-06-01,711,6,7.1,74.6,74.4,3.4,0,3,0,2.5,1,0,0
2023-07-01,711,7,7.17,84.0,74.3,3.17,0,3,0,11.1,1,0,0
2023-08-01,711,8,7.38,78.3,79.3,3.47,0,3,0,6.3,2,0,0
2023-09-01,711,9,7.21,81.3,71.8,3.18,0,3,0,9.1,2,0,0
2023-10-01,711,10,7.26,76.9,67.2,3.11,0,3,0,5.1,2,0,1
2023-11-01,711,11,7.12,75.9,76.0,3.03,0,3,1,8.6,2,0,1
2023-12-01,711,12,7.56,81.1,75.7,3.37,0,3,1,5.7,2,0,1
2024-01-01,711,13,7.5,75.0,78.3,3.36,0,3,1,4.0,2,0,1
2024-02-01,711,14,7.41,84.0,81.5,3.6,0,3,1,0.0,2,0,1
2024-03-01,711,15,7.4,85.4,76.6,3.25,0,3,1,0.1,2,0,1
2024-04-01,711,16,7.28,76.0,78.0,3.33,0,3,1,4.1,2,0,1
2024-05-01,711,17,7.52,78.0,77.1,3.27,0,3,1,7.9,2,0,1
2024-06-01,711,18,7.59,83.0,85.4,3.27,0,3,2,6.0,2,0,1
2023-01-01,712,1,7.19,78.6,36.0,2.61,0,1,1,3.8,0,0,0
2023-02-01,712,2,7.64,80.5,40.0,2.55,0,1,1,6.4,0,0,0
2023-03-01,712,3,7.5,79.6,41.2,2.7,0,1,1,3.9,0,0,0
2023-04-01,712,4,7.77,81.0,39.3,2.47,0,1,1,3.9,0,0,0
2023-05-01,712,5,7.6,76.9,44.0,2.81,0,1,1,6.4,0,0,0
2023-06-01,712,6,7.7,79.9,44.3,2.46,0,2,1,3.8,0,0,0
2023-07-01,712,7,7.6,87.3,39.7,2.53,0,2,1,7.4,0,0,0
2023-08-01,712,8,7.95,77.4,43.7,2.64,0,2,1,7.7,0,0,0
2023-09-01,712,9,7.83,79.1,35.6,2.75,0,2,1,2.1,1,0,0
2023-10-01,712,10,7.83,83.2,37.4,2.46,0,2,1,3.9,1,0,0
2023-11-01,712,11,7.98,82.2,46.2,2.75,0,2,1,3.5,1,0,0
2023-12-01,712,12,7.89,73.9,40.4,2.71,0,2,1,1.7,2,0,1
2024-01-01,712,13,7.99,70.4,45.1,2.6,0,3,1,9.0,2,0,1
2024-02-01,712,14,8.28,68.0,45.2,2.6,0,4,1,6.5,2,0,1
2024-03-01,712,15,8.05,79.0,51.0,2.79,0,4,1,5.5,2,0,1
2024-04-01,712,16,7.87,81.5,42.1,2.55,0,5,1,5.1,2,0,1
2024-05-01,712,17,8.34,76.7,48.6,2.62,0,5,2,9.4,2,0,1
2024-06-01,712,18,8.35,73.2,48.8,2.84,0,5,2,6.3,3,0,1
2023-01-01,713,1,6.06,78.3,74.8,2.62,0,1,0,4.9,0,3,0
2023-02-01,713,2,6.2,82.0,65.6,2.65,0,1,0,3.5,0,3,0
2023-03-01,713,3,6.1,73.8,71.6,2.55,0,1,0,4.6,0,3,0
2023-04-01,713,4,6.34,75.7,74.6,2.81,0,1,0,2.2,0,3,0
2023-05-01,713,5,6.16,72.4,79.1,2.93,0,1,0,7.5,1,3,0
2023-06-01,713,6,6.26,77.9,68.1,2.81,0,1,0,4.0,1,3,0
2023-07-01,713,7,6.35,79.4,79.3,2.6,0,1,0,6.4,1,2,0
2023-08-01,713,8,6.01,80.6,75.4,2.73,0,1,0,6.3,1,2,0
2023-09-01,713,9,6.38,78.6,64.2,2.84,0,1,0,7.5,1,2,0
2023-10-01,713,10,6.3,84.9,66.4,2.7,0,1,0,2.3,1,1,0
2023-11-01,713,11,6.44,80.3,71.6,2.72,0,1,0,1.5,1,1,0
2023-12-01,713,12,6.8,77.9,75.5,3.01,0,1,0,5.7,1,1,0
2024-01-01,713,13,6.58,79.1,72.3,2.87,0,1,0,1.0,1,0,0
2024-02-01,713,14,6.75,75.7,71.1,2.94,0,1,0,2.6,1,0,0
2024-03-01,713,15,6.79,85.7,67.7,3.01,0,1,0,5.8,2,0,0
2024-04-01,713,16,6.61,82.5,67.6,2.63,0,1,0,3.6,2,0,0
2024-05-01,713,17,6.32,83.4,77.4,2.83,0,1,0,2.6,2,0,0
2024-06-01,713,18,6.78,80.2,75.5,3.04,0,1,0,1.3,2,0,0
2023-01-01,714,1,7.06,66.5,73.3,2.64,0,0,0,6.2,0,0,0
2023-02-01,714,2,6.87,68.8,72.9,2.58,0,0,0,5.4,0,0,0
2023-03-01,714,3,7.21,63.7,78.0,2.86,0,1,0,5.4,0,0,0
2023-04-01,714,4,7.03,67.6,78.0,2.56,1,1,0,10.9,0,0,0
2023-05-01,714,5,7.41,64.4,74.7,2.89,1,2,0,6.6,0,0,0
2023-06-01,714,6,7.09,65.2,78.3,2.96,1,2,0,9.1,0,0,0
2023-07-01,714,7,7.05,69.3,82.9,2.55,1,2,0,5.4,1,0,0
2023-08-01,714,8,7.02,61.7,74.7,2.8,1,2,0,2.1,1,0,0
2023-09-01,714,9,7.25,64.1,82.5,2.85,1,2,0,7.7,1,0,0
2023-10-01,714,10,7.33,63.5,75.9,2.83,1,2,0,6.5,1,0,1
2023-11-01,714,11,7.26,70.5,79.1,2.76,1,2,0,9.8,1,0,1
2023-12-01,714,12,7.28,57.3,80.4,2.92,2,2,1,7.3,1,0,1
2024-01-01,714,13,7.55,62.2,85.0,2.73,2,2,2,3.7,2,0,1
2024-02-01,714,14,7.18,63.0,86.3,2.78,2,2,2,4.4,2,0,1
2024-03-01,714,15,7.28,67.8,79.3,2.76,2,2,2,5.5,2,0,1
2024-04-01,714,16,7.51,68.8,82.6,2.76,2,2,2,6.8,3,0,1
2024-05-01,714,17,7.28,61.4,77.6,3.07,2,2,2,6.9,3,0,1
2024-06-01,714,18,7.46,65.4,89.0,2.85,2,2,2,8.1,3,0,1
2023-01-01,715,1,6.72,78.8,64.0,3.52,1,1,0,9.3,0,2,0
2023-02-01,715,2,6.93,87.6,55.6,3.82,1,1,0,10.9,0,2,0
2023-03-01,715,3,7.02,88.4,63.9,3.55,2,1,0,14.6,0,2,0
2023-04-01,715,4,6.65,84.8,69.8,3.48,2,1,0,8.4,0,2,0
2023-05-01,715,5,6.89,86.1,61.8,3.58,2,1,0,8.7,0,2,0
2023-06-01,715,6,6.73,91.4,63.0,3.75,2,1,0,8.2,0,2,0
2023-07-01,715,7,7.12,87.0,72.3,3.6,2,1,1,8.8,0,2,0
2023-08-01,715,8,7.14,87.7,69.4,3.47,3,1,1,4.7,0,2,0
2023-09-01,715,9,6.81,84.1,66.9,3.71,4,1,1,8.2,0,1,0
2023-10-01,715,10,6.96,84.2,72.1,3.67,4,1,1,12.0,0,1,0
2023-11-01,715,11,6.94,83.1,65.9,3.75,4,1,2,14.8,0,1,0
2023-12-01,715,12,7.09,83.2,79.0,3.8,4,1,2,12.5,1,1,0
2024-01-01,715,13,7.1,87.4,68.7,3.81,4,1,2,10.9,2,1,0
2024-02-01,715,14,7.04,87.8,63.5,3.76,4,1,2,5.1,2,1,0
2024-03-01,715,15,7.13,85.0,71.7,3.84,4,1,2,6.9,3,1,0
2024-04-01,715,16,7.23,85.6,65.0,3.49,4,1,2,8.7,4,1,0
2024-05-01,715,17,7.17,88.7,78.7,3.92,4,1,2,11.6,5,1,0
2024-06-01,715,18,7.21,87.9,72.8,3.73,4,1,2,8.2,5,0,1
2023-01-01,716,1,5.96,83.2,61.0,2.95,0,1,0,10.6,0,0,0
2023-02-01,716,2,6.04,91.9,60.7,3.02,0,1,0,13.7,0,0,0
2023-03-01,716,3,6.03,86.3,56.8,3.15,0,1,0,4.9,0,0,0
2023-04-01,716,4,6.17,84.2,58.3,3.03,1,1,0,11.7,0,0,0
2023-05-01,716,5,6.29,83.0,57.9,3.21,1,1,0,8.5,0,0,0
2023-06-01,716,6,6.26,78.2,62.9,2.95,1,1,0,10.1,0,0,0
2023-07-01,716,7,6.21,82.1,63.3,3.15,1,2,0,8.1,0,0,0
2023-08-01,716,8,6.32,88.1,64.4,3.58,1,2,0,10.8,0,0,0
2023-09-01,716,9,6.28,89.8,65.4,3.17,1,3,0,12.4,1,0,0
2023-10-01,716,10,6.34,85.3,72.6,3.38,1,3,0,10.4,1,0,0
2023-11-01,716,11,6.3,84.6,65.5,3.3,1,3,0,8.5,1,0,0
2023-12-01,716,12,6.47,84.6,69.3,3.15,1,3,0,6.1,2,0,0
2024-01-01,716,13,6.08,74.0,64.6,3.36,1,4,0,13.2,3,0,0
2024-02-01,716,14,6.54,92.1,63.6,3.1,1,4,0,11.7,4,0,0
2024-03-01,716,15,6.52,84.6,62.2,3.36,1,4,0,10.1,5,0,1
2024-04-01,716,16,6.76,83.1,64.3,3.07,1,4,0,9.9,6,0,1
2024-05-01,716,17,6.71,82.0,68.6,3.35,1,5,0,10.8,7,0,1
2024-06-01,716,18,6.51,82.4,71.7,3.21,1,5,0,7.6,7,0,1
2023-01-01,717,1,5.57,92.5,69.7,2.96,1,1,0,5.9,0,0,0
2023-02-01,717,2,5.8,93.8,60.6,2.85,1,1,0,3.8,0,0,0
2023-03-01,717,3,5.88,94.9,63.3,3.13,1,1,0,8.2,0,0,0
2023-04-01,717,4,5.62,91.3,66.0,3.03,1,1,0,7.7,0,0,0
2023-05-01,717,5,5.7,91.2,62.4,3.21,1,1,0,12.3,0,0,0
2023-06-01,717,6,5.96,89.4,69.2,3.04,1,1,0,10.5,0,0,0
2023-07-01,717,7,5.76,91.0,69.1,3.11,1,1,0,7.5,0,0,1
2023-08-01,717,8,6.05,87.7,61.2,3.2,1,1,0,11.8,0,0,1
2023-09-01,717,9,5.98,86.8,66.6,3.36,2,1,0,11.9,0,0,1
2023-10-01,717,10,5.84,81.5,75.7,3.56,2,1,0,6.9,0,0,1
2023-11-01,717,11,6.16,90.4,68.0,3.34,2,1,0,5.3,0,0,1
2023-12-01,717,12,6.13,93.9,78.1,3.32,2,1,0,7.2,0,0,1
2024-01-01,717,13,5.88,89.6,72.2,3.06,2,1,0,8.1,0,0,1
2024-02-01,717,14,5.99,87.1,67.3,3.26,2,1,0,0.2,1,0,1
2024-03-01,717,15,5.86,83.4,64.8,3.06,2,1,0,8.4,1,0,1
2024-04-01,717,16,6.16,91.5,65.2,2.9,2,1,0,6.6,1,0,1
2024-05-01,717,17,5.98,94.6,66.6,3.34,2,1,0,6.1,1,0,1
2024-06-01,717,18,5.72,95.5,73.3,3.38,3,1,0,6.3,1,0,1
2023-01-01,718,1,7.58,81.7,22.4,3.64,0,1,0,5.1,0,0,0
2023-02-01,718,2,7.68,73.9,19.6,3.63,0,1,0,1.6,0,0,0
2023-03-01,718,3,7.62,76.0,21.1,3.64,0,1,0,1.8,0,0,0
2023-04-01,718,4,7.5,73.4,21.5,3.63,0,1,0,6.0,0,0,0
2023-05-01,718,5,7.88,77.0,25.3,3.69,0,1,0,8.6,0,0,0
2023-06-01,718,6,7.87,79.9,32.8,3.49,0,1,0,3.9,0,0,0
2023-07-01,718,7,7.78,77.8,28.7,3.4,0,1,0,5.1,0,0,0
2023-08-01,718,8,7.88,77.7,30.9,3.57,0,1,0,3.4,0,0,0
2023-09-01,718,9,7.82,75.7,36.4,3.57,0,1,1,6.3,0,0,0
2023-10-01,718,10,8.01,84.7,25.0,3.54,0,1,2,4.6,0,0,0
2023-11-01,718,11,8.03,76.6,27.7,3.75,0,1,2,5.6,0,0,0
2023-12-01,718,12,8.19,75.2,31.1,3.82,0,1,2,2.8,0,0,0
2024-01-01,718,13,8.05,70.8,29.8,3.78,0,1,2,4.5,0,0,1
2024-02-01,718,14,7.85,82.8,31.1,3.79,0,1,2,3.9,0,0,1
2024-03-01,718,15,8.18,77.7,20.6,3.83,0,1,2,4.5,0,0,1
2024-04-01,718,16,8.01,74.1,25.8,3.86,1,1,2,8.3,0,0,1
2024-05-01,718,17,8.07,76.0,31.9,3.95,1,2,2,4.0,0,0,1
2024-06-01,718,18,8.45,76.1,42.5,3.61,2,2,2,5.2,0,0,1
2023-01-01,719,1,6.69,100.0,58.5,3.15,1,1,0,0.0,0,0,0
2023-02-01,719,2,6.74,100.0,57.8,3.3,1,1,0,3.8,0,0,0
2023-03-01,719,3,6.83,94.8,58.3,3.13,1,1,0,0.0,0,0,0
2023-04-01,719,4,6.76,100.0,65.8,3.16,1,1,0,6.9,0,0,1
2023-05-01,719,5,6.98,97.3,67.4,3.12,1,1,0,5.2,0,0,1
2023-06-01,719,6,6.89,100.0,63.4,2.98,1,1,0,2.9,0,0,1
2023-07-01,719,7,7.1,100.0,69.5,3.4,1,1,0,9.7,0,0,1
2023-08-01,719,8,7.12,100.0,70.7,3.4,1,1,0,3.8,0,0,1
2023-09-01,719,9,7.03,100.0,66.9,3.18,1,1,0,3.4,0,0,1
2023-10-01,719,10,7.09,97.3,65.9,3.11,1,1,0,7.1,1,0,1
2023-11-01,719,11,7.17,94.4,72.7,3.13,1,1,0,1.4,1,0,1
2023-12-01,719,12,7.13,100.0,68.3,3.01,1,1,0,0.0,1,0,1
2024-01-01,719,13,7.52,98.1,66.9,3.41,1,1,0,0.9,1,0,1
2024-02-01,719,14,7.26,98.2,65.4,3.16,1,2,0,5.2,1,0,1
2024-03-01,719,15,7.32,98.6,69.1,3.22,1,2,0,4.8,1,0,1
2024-04-01,719,16,7.45,98.3,71.1,2.95,1,2,0,3.8,1,0,1
2024-05-01,719,17,7.22,100.0,63.4,3.37,1,2,0,5.7,1,0,1
2024-06-01,719,18,7.57,100.0,70.2,3.16,1,2,0,6.7,1,0,1
2023-01-01,720,1,6.16,71.1,63.2,2.98,0,0,0,4.4,0,0,0
2023-02-01,720,2,6.05,77.4,62.1,2.73,0,0,0,4.5,0,0,0
2023-03-01,720,3,6.28,73.9,51.0,2.93,0,0,0,7.0,0,0,0
2023-04-01,720,4,6.26,77.9,62.7,3.04,0,0,0,7.2,0,0,0
2023-05-01,720,5,6.3,74.3,57.4,3.16,0,1,0,9.0,0,0,0
2023-06-01,720,6,6.51,84.4,55.9,3.1,0,1,0,5.5,0,0,0
2023-07-01,720,7,6.26,76.3,59.4,3.11,0,1,0,4.7,0,0,0
2023-08-01,720,8,6.19,83.1,58.2,3.12,0,1,0,4.2,0,0,0
2023-09-01,720,9,6.6,74.6,64.1,3.04,0,1,0,5.4,0,0,0
2023-10-01,720,10,6.45,79.6,61.4,3.2,0,1,0,5.5,0,0,0
2023-11-01,720,11,6.39,77.4,66.0,3.02,0,1,0,9.7,0,0,0
2023-12-01,720,12,6.54,76.0,64.2,3.06,1,1,0,6.4,0,0,0
2024-01-01,720,13,6.36,83.9,61.8,3.06,1,1,0,12.3,0,0,0
2024-02-01,720,14,6.28,80.9,71.9,2.82,1,1,0,10.5,0,0,0
2024-03-01,720,15,6.48,78.6,65.2,3.31,1,1,0,3.4,0,0,0
2024-04-01,720,16,6.39,78.6,60.7,3.02,1,1,1,7.8,0,0,0
2024-05-01,720,17,6.49,82.1,60.8,3.46,1,1,1,8.3,0,0,0
2024-06-01,720,18,6.42,81.0,68.2,3.08,1,1,1,10.8,0,0,0
2023-01-01,721,1,6.83,68.1,50.1,3.54,0,2,0,14.7,0,1,0
2023-02-01,721,2,7.05,69.2,65.9,3.52,0,2,0,10.1,0,1,0
2023-03-01,721,3,6.93,68.3,64.1,3.74,0,2,1,10.8,0,1,0
2023-04-01,721,4,7.09,68.7,63.4,3.73,0,2,1,8.4,0,1,1
2023-05-01,721,5,7.11,68.9,57.2,3.53,0,2,1,13.2,1,0,1
2023-06-01,721,6,7.06,76.8,61.6,3.35,1,2,1,9.1,1,0,1
2023-07-01,721,7,7.11,66.8,58.3,3.7,1,2,1,9.2,1,0,1
2023-08-01,721,8,6.96,65.8,60.1,3.55,1,2,1,17.1,1,0,1
2023-09-01,721,9,7.15,65.6,65.7,3.68,1,2,1,12.6,1,0,1
2023-10-01,721,10,7.13,75.1,61.2,3.82,1,2,1,12.4,1,0,1
2023-11-01,721,11,7.45,77.6,65.9,3.86,1,2,1,13.1,1,0,1
2023-12-01,721,12,7.46,72.5,68.7,3.7,1,2,1,10.0,1,0,1
2024-01-01,721,13,7.09,73.9,65.0,3.44,1,2,1,13.1,2,0,1
2024-02-01,721,14,7.25,75.8,72.4,3.69,1,2,1,11.1,2,0,1
2024-03-01,721,15,7.44,76.9,70.2,3.49,1,3,1,7.6,2,0,1
2024-04-01,721,16,7.25,75.5,65.2,3.77,1,3,1,11.8,2,0,1
2024-05-01,721,17,7.67,72.5,67.4,3.83,1,3,1,13.0,3,0,1
2024-06-01,721,18,7.36,73.3,66.5,3.46,2,3,1,13.3,3,0,1
2023-01-01,722,1,7.61,70.7,68.1,3.49,0,0,0,8.3,0,0,0
2023-02-01,722,2,7.88,68.1,66.5,3.54,0,0,0,13.2,0,0,0
2023-03-01,722,3,7.98,70.8,73.6,3.34,0,0,0,2.6,0,0,0
2023-04-01,722,4,7.74,67.5,74.1,3.64,0,0,0,8.2,0,0,0
2023-05-01,722,5,8.19,68.8,73.0,3.66,0,1,0,9.5,0,0,0
2023-06-01,722,6,7.87,73.3,76.1,3.83,0,1,0,8.2,0,0,0
2023-07-01,722,7,8.1,76.9,67.6,3.77,0,1,0,10.4,0,0,0
2023-08-01,722,8,7.94,74.1,69.2,3.79,0,1,0,14.1,0,0,0
2023-09-01,722,9,8.13,80.5,74.3,3.8,0,1,0,10.3,1,0,0
2023-10-01,722,10,8.1,68.7,74.6,3.89,0,1,0,10.0,1,0,0
2023-11-01,722,11,7.99,67.4,74.0,4.07,0,1,0,8.8,1,0,0
2023-12-01,722,12,8.16,76.5,79.3,3.91,0,1,0,16.1,1,0,0
2024-01-01,722,13,8.41,69.0,80.5,3.8,0,1,0,9.4,1,0,0
2024-02-01,722,14,8.0,74.6,74.3,3.36,0,1,0,5.1,1,0,0
2024-03-01,722,15,8.2,72.3,80.2,3.67,0,1,0,10.9,1,0,0
2024-04-01,722,16,8.03,65.0,84.0,3.88,0,1,0,8.2,1,0,0
2024-05-01,722,17,8.33,81.4,83.3,3.94,0,1,0,8.9,1,0,0
2024-06-01,722,18,8.25,71.9,76.1,3.65,0,1,0,11.1,1,0,0
2023-01-01,723,1,5.15,62.2,56.4,3.0,0,1,0,5.7,0,1,0
2023-02-01,723,2,5.1,64.1,56.4,3.04,0,1,0,7.8,0,1,0
2023-03-01,723,3,5.31,65.0,60.2,3.25,0,1,0,3.2,0,1,0
2023-04-01,723,4,5.46,70.3,55.2,3.0,0,1,0,8.1,0,0,0
2023-05-01,723,5,5.36,64.1,56.6,3.15,0,1,0,10.8,1,0,0
2023-06-01,723,6,5.37,72.1,63.3,3.07,0,1,0,10.8,1,0,0
2023-07-01,723,7,5.58,68.8,59.5,2.81,0,1,0,7.1,1,0,0
2023-08-01,723,8,5.48,61.1,56.7,3.06,0,1,0,2.2,1,0,0
2023-09-01,723,9,5.72,62.8,66.3,3.14,0,1,0,8.5,1,0,1
2023-10-01,723,10,5.62,60.4,62.4,3.01,0,1,0,6.5,1,0,1
2023-11-01,723,11,5.66,67.1,60.2,3.0,0,1,0,10.0,1,0,1
2023-12-01,723,12,5.92,66.4,65.0,2.99,0,1,0,8.9,1,0,1
2024-01-01,723,13,5.87,64.8,58.3,3.27,0,1,0,4.0,1,0,1
2024-02-01,723,14,5.72,64.0,62.3,3.23,0,1,1,4.2,1,0,1
2024-03-01,723,15,6.09,64.8,63.6,3.09,0,1,1,5.4,1,0,1
2024-04-01,723,16,5.77,72.4,66.2,3.12,0,1,1,11.2,1,0,1
2024-05-01,723,17,5.99,72.8,63.5,3.26,0,1,1,5.0,1,0,1
2024-06-01,723,18,5.85,65.5,70.0,3.3,0,1,1,8.3,1,0,1
2023-01-01,724,1,5.8,99.0,41.4,3.26,0,1,1,6.8,0,0,0
2023-02-01,724,2,5.97,87.6,44.3,3.14,0,1,1,8.2,0,0,0
2023-03-01,724,3,5.92,99.6,46.7,3.34,0,1,1,6.7,0,0,0
2023-04-01,724,4,5.76,100.0,37.4,3.18,0,1,1,6.8,0,0,0
2023-05-01,724,5,5.87,96.0,40.6,2.97,0,1,1,9.5,0,0,0
2023-06-01,724,6,5.84,100.0,47.9,3.29,0,1,1,11.2,0,0,0
2023-07-01,724,7,6.01,95.9,43.5,3.31,0,1,1,9.7,0,0,0
2023-08-01,724,8,6.36,88.3,44.3,3.43,0,1,1,7.5,0,0,0
2023-09-01,724,9,6.25,97.4,42.6,3.57,0,2,1,7.5,0,0,1
2023-10-01,724,10,6.21,91.9,40.4,3.46,0,2,2,8.4,0,0,1
2023-11-01,724,11,6.49,100.0,51.2,3.54,0,2,2,8.4,0,0,1
2023-12-01,724,12,6.48,95.1,48.3,3.09,0,2,2,9.3,0,0,1
2024-01-01,724,13,6.33,92.0,51.2,3.27,0,2,2,8.6,1,0,1
2024-02-01,724,14,6.25,98.6,42.8,3.32,0,2,2,6.3,1,0,1
2024-03-01,724,15,6.64,92.8,48.7,3.42,0,3,2,9.7,2,0,1
2024-04-01,724,16,6.5,97.3,48.6,3.47,0,3,2,10.4,2,0,1
2024-05-01,724,17,6.67,95.3,55.4,3.44,0,3,2,5.7,3,0,1
2024-06-01,724,18,6.71,100.0,50.6,3.56,0,3,2,4.8,3,0,1
2023-01-01,725,1,6.01,100.0,57.6,2.72,0,2,0,7.0,0,0,0
2023-02-01,725,2,6.28,97.9,61.9,2.76,0,2,0,9.9,0,0,0
2023-03-01,725,3,6.45,94.5,51.1,2.74,0,3,0,8.1,0,0,0
2023-04-01,725,4,6.35,96.7,56.2,2.59,0,3,1,3.7,0,0,0
2023-05-01,725,5,6.45,93.5,58.5,2.78,1,3,1,8.6,0,0,0
2023-06-01,725,6,6.57,100.0,62.3,2.71,1,3,1,9.8,1,0,0
2023-07-01,725,7,6.61,98.3,53.2,2.93,1,3,1,3.4,1,0,0
2023-08-01,725,8,6.51,100.0,57.7,2.76,1,3,1,2.5,1,0,0
2023-09-01,725,9,6.63,93.8,55.5,2.82,1,3,1,8.3,1,0,0
2023-10-01,725,10,6.6,99.2,57.0,2.73,1,3,1,3.5,2,0,0
2023-11-01,725,11,6.79,86.2,68.6,2.66,1,3,1,4.0,2,0,0
2023-12-01,725,12,6.95,94.1,64.1,2.48,1,3,1,8.1,2,0,0
2024-01-01,725,13,6.99,89.9,62.6,2.67,1,3,1,11.5,2,0,0
2024-02-01,725,14,6.66,95.7,66.0,2.82,1,3,1,1.6,3,0,0
2024-03-01,725,15,6.87,94.0,59.4,2.76,2,3,1,8.6,4,0,0
2024-04-01,725,16,6.98,100.0,64.5,2.65,2,3,1,8.5,4,0,0
2024-05-01,725,17,7.12,100.0,68.4,2.95,2,4,1,8.0,4,0,0
2024-06-01,725,18,6.92,88.4,64.0,2.9,2,4,1,7.2,5,0,1
2023-01-01,726,1,7.97,91.0,59.1,2.62,0,2,0,7.0,0,0,0
2023-02-01,726,2,8.4,83.5,60.3,2.57,0,2,0,5.5,0,0,0
2023-03-01,726,3,8.08,95.7,60.4,2.48,0,2,0,11.6,0,0,0
2023-04-01,726,4,8.47,85.7,59.1,2.61,1,2,0,8.3,0,0,0
2023-05-01,726,5,8.24,86.4,59.2,2.51,1,3,0,9.1,0,0,0
2023-06-01,726,6,8.33,86.1,59.2,2.68,1,3,0,9.4,0,0,0
2023-07-01,726,7,8.41,89.9,60.5,2.88,1,3,0,7.7,0,0,0
2023-08-01,726,8,8.25,86.7,54.5,2.86,1,3,0,8.4,0,0,0
2023-09-01,726,9,8.29,85.2,62.0,2.77,1,3,0,10.5,0,0,0
2023-10-01,726,10,8.2,94.2,69.6,3.03,1,3,1,10.3,0,0,0
2023-11-01,726,11,8.24,89.5,69.0,2.65,1,4,1,6.4,0,0,0
2023-12-01,726,12,8.4,81.5,63.6,2.72,1,4,1,11.0,0,0,0
2024-01-01,726,13,8.55,88.5,66.8,2.87,1,4,1,11.2,1,0,0
2024-02-01,726,14,8.59,85.4,68.4,2.82,1,4,1,12.5,1,0,0
2024-03-01,726,15,8.56,94.1,68.7,2.97,1,4,1,1.2,1,0,0
2024-04-01,726,16,8.49,93.3,74.8,2.49,1,4,1,10.1,1,0,0
2024-05-01,726,17,8.71,88.4,69.8,3.13,1,4,1,9.1,1,0,0
2024-06-01,726,18,8.74,90.0,72.4,2.88,1,4,1,12.0,1,0,0
2023-01-01,727,1,6.99,77.2,60.3,3.82,1,1,0,12.3,0,3,0
2023-02-01,727,2,7.35,69.6,61.2,3.85,1,1,0,6.9,0,3,0
2023-03-01,727,3,7.31,72.9,61.4,3.82,1,1,0,8.1,0,3,0
2023-04-01,727,4,7.36,80.1,63.0,3.67,1,1,0,4.6,0,3,0
2023-05-01,727,5,7.39,79.5,65.0,3.57,1,1,0,11.4,0,3,0
2023-06-01,727,6,7.13,75.5,60.9,3.83,1,1,0,6.3,0,3,0
2023-07-01,727,7,7.45,73.2,63.8,4.12,1,1,0,6.7,0,3,0
2023-08-01,727,8,7.23,77.6,59.7,3.53,1,1,0,7.6,0,2,0
2023-09-01,727,9,7.07,69.4,66.8,3.63,1,1,0,6.4,0,1,0
2023-10-01,727,10,7.56,74.0,66.1,3.91,2,2,1,8.2,0,1,0
2023-11-01,727,11,7.38,65.7,72.2,3.69,2,2,2,9.9,0,1,1
2023-12-01,727,12,7.51,73.6,63.7,3.72,2,2,2,9.7,0,1,1
2024-01-01,727,13,7.2,76.2,64.8,4.14,2,2,2,8.8,0,0,1
2024-02-01,727,14,7.3,73.2,66.7,3.57,2,2,2,11.6,0,0,1
2024-03-01,727,15,7.4,76.3,71.2,3.77,2,2,2,5.8,0,0,1
2024-04-01,727,16,7.34,69.4,67.4,3.92,2,2,2,8.2,1,0,1
2024-05-01,727,17,7.44,66.1,74.7,3.71,2,2,2,5.7,2,0,1
2024-06-01,727,18,7.47,69.9,65.8,4.06,2,2,2,10.1,2,0,1
2023-01-01,728,1,7.4,98.5,59.5,3.23,1,1,0,5.0,0,0,0
2023-02-01,728,2,7.7,100.0,57.8,3.57,1,1,0,9.5,0,0,0
2023-03-01,728,3,7.83,98.7,61.3,3.65,1,1,0,11.7,0,0,0
2023-04-01,728,4,7.78,93.8,64.2,3.73,2,1,0,11.3,1,0,0
2023-05-01,728,5,7.95,96.5,63.8,3.72,2,1,0,3.8,1,0,0
2023-06-01,728,6,7.6,100.0,66.3,3.63,2,2,1,5.0,2,0,0
2023-07-01,728,7,7.71,95.7,63.3,3.42,2,2,1,9.3,2,0,0
2023-08-01,728,8,7.74,98.4,70.5,3.43,2,2,1,8.5,2,0,0
2023-09-01,728,9,7.92,100.0,67.9,3.55,2,2,1,8.8,2,0,0
2023-10-01,728,10,7.87,98.5,68.5,3.61,2,2,1,6.3,2,0,0
2023-11-01,728,11,8.03,95.7,58.6,3.64,2,2,1,4.2,3,0,0
2023-12-01,728,12,7.72,100.0,71.8,3.56,2,2,1,7.4,3,0,1
2024-01-01,728,13,7.85,96.5,65.1,3.45,3,2,1,12.3,4,0,1
2024-02-01,728,14,7.96,100.0,72.5,3.79,3,2,1,9.4,5,0,1
2024-03-01,728,15,7.81,98.3,62.3,3.54,3,2,1,9.2,5,0,1
2024-04-01,728,16,7.9,100.0,76.9,3.74,3,2,1,13.5,5,0,1
2024-05-01,728,17,7.98,93.3,70.2,3.72,3,2,2,10.0,5,0,1
2024-06-01,728,18,8.14,92.5,72.3,3.79,3,2,2,11.5,5,0,1
2023-01-01,729,1,5.93,81.8,66.0,3.69,0,2,0,13.6,0,0,0
2023-02-01,729,2,6.14,74.9,73.7,3.37,0,2,0,11.4,1,0,0
2023-03-01,729,3,6.3,80.5,80.5,3.45,0,3,0,8.1,1,0,0
2023-04-01,729,4,6.21,82.5,72.0,3.42,0,3,0,4.3,1,0,0
2023-05-01,729,5,6.03,83.2,86.4,3.49,0,3,1,1.2,1,0,0
2023-06-01,729,6,6.05,76.7,75.4,3.5,1,3,1,7.4,1,0,1
2023-07-01,729,7,6.13,79.4,77.6,3.39,1,3,1,9.2,1,0,1
2023-08-01,729,8,6.11,76.4,81.2,3.49,1,3,1,6.1,2,0,1
2023-09-01,729,9,6.16,75.2,76.7,3.77,1,3,1,11.3,2,0,1
2023-10-01,729,10,6.41,79.0,78.2,3.53,1,3,1,5.4,3,0,1
2023-11-01,729,11,5.96,81.2,71.2,3.73,1,3,1,6.2,3,0,1
2023-12-01,729,12,6.14,78.2,84.0,3.66,1,3,1,6.3,4,0,1
2024-01-01,729,13,6.16,78.6,83.1,3.6,1,3,1,8.4,4,0,1
2024-02-01,729,14,6.23,74.1,75.2,3.71,1,3,1,4.2,5,0,1
2024-03-01,729,15,6.3,74.7,86.2,3.63,1,3,1,2.5,5,0,1
2024-04-01,729,16,6.53,84.1,87.2,3.82,1,3,1,7.1,5,0,1
2024-05-01,729,17,6.47,81.4,86.6,3.31,1,3,1,8.2,6,0,1
2024-06-01,729,18,6.38,76.8,84.7,3.4,1,3,1,5.5,6,0,1
2023-01-01,730,1,6.25,74.5,33.0,3.21,1,0,0,10.0,0,0,0
2023-02-01,730,2,6.09,77.1,46.6,3.7,1,0,0,12.1,0,0,0
2023-03-01,730,3,6.09,82.6,47.8,3.44,1,0,1,10.4,0,0,0
2023-04-01,730,4,6.19,79.6,34.1,3.33,1,0,1,11.0,0,0,0
2023-05-01,730,5,6.21,73.1,42.8,3.63,1,0,1,10.1,1,0,0
2023-06-01,730,6,6.08,81.9,43.5,3.32,1,0,1,18.7,1,0,0
2023-07-01,730,7,5.96,70.8,45.0,3.41,1,0,1,10.7,1,0,0
2023-08-01,730,8,6.47,85.8,46.5,3.64,1,0,2,12.9,1,0,0
2023-09-01,730,9,6.15,81.8,41.8,3.5,1,0,2,9.8,1,0,0
2023-10-01,730,10,6.23,81.4,52.7,3.48,1,0,2,13.7,1,0,0
2023-11-01,730,11,6.42,78.3,52.3,3.5,2,0,2,12.9,1,0,1
2023-12-01,730,12,6.15,74.9,53.7,3.02,2,0,2,8.3,1,0,1
2024-01-01,730,13,6.26,80.8,44.8,3.51,2,0,2,11.7,1,0,1
2024-02-01,730,14,6.14,80.3,55.4,3.46,2,0,2,10.4,2,0,1
2024-03-01,730,15,6.48,80.1,54.1,3.53,2,0,2,12.1,2,0,1
2024-04-01,730,16,6.35,77.3,50.2,3.42,3,0,2,14.1,2,0,1
2024-05-01,730,17,6.3,76.6,50.2,3.54,3,0,2,6.7,3,0,1
2024-06-01,730,18,6.36,77.9,55.5,3.73,3,0,3,13.2,3,0,1
2023-01-01,731,1,7.36,98.1,65.7,3.05,0,0,0,5.9,0,0,0
2023-02-01,731,2,7.32,98.9,58.6,3.32,0,0,0,7.9,0,0,0
2023-03-01,731,3,7.35,94.2,56.4,3.11,0,0,0,10.7,0,0,0
2023-04-01,731,4,7.36,100.0,61.7,3.25,0,0,0,7.6,0,0,0
2023-05-01,731,5,7.27,94.5,63.5,3.13,0,0,0,9.7,0,0,0
2023-06-01,731,6,7.21,91.1,64.2,3.4,0,0,1,9.2,0,0,0
2023-07-01,731,7,7.4,96.4,61.2,3.2,0,0,1,5.9,0,0,0
2023-08-01,731,8,7.26,100.0,59.4,3.07,0,0,1,8.0,0,0,0
2023-09-01,731,9,7.37,95.3,52.2,3.31,0,0,1,1.2,0,0,0
2023-10-01,731,10,7.46,97.4,64.3,3.43,0,0,1,4.3,0,0,0
2023-11-01,731,11,7.55,89.6,65.4,3.61,0,0,1,7.7,0,0,0
2023-12-01,731,12,7.44,88.9,67.2,3.18,0,0,1,8.9,0,0,0
2024-01-01,731,13,7.4,97.6,68.8,3.47,0,0,1,8.2,1,0,0
2024-02-01,731,14,7.62,89.9,65.5,3.2,0,0,1,6.6,1,0,0
2024-03-01,731,15,7.57,93.3,64.4,3.35,0,0,1,5.0,2,0,0
2024-04-01,731,16,7.48,95.8,64.7,3.54,0,0,1,6.3,2,0,0
2024-05-01,731,17,7.33,93.1,65.4,3.51,0,0,1,9.0,2,0,0
2024-06-01,731,18,7.55,91.3,72.0,3.3,0,0,1,1.8,3,0,0
2023-01-01,732,1,7.14,91.2,80.6,3.69,0,1,0,2.7,0,3,0
2023-02-01,732,2,7.22,96.2,74.6,3.66,0,1,0,5.3,0,3,0
2023-03-01,732,3,7.19,87.7,78.0,3.76,0,1,0,2.9,0,3,0
2023-04-01,732,4,7.37,89.9,75.6,3.79,0,1,0,1.8,0,3,0
2023-05-01,732,5,7.38,89.2,75.9,3.73,0,1,0,4.0,0,3,0
2023-06-01,732,6,7.19,86.3,87.2,3.72,0,1,0,7.0,0,3,0
2023-07-01,732,7,7.49,92.9,79.6,3.9,0,1,0,1.8,0,3,0
2023-08-01,732,8,7.72,84.6,80.2,3.75,0,1,0,4.7,0,2,0
2023-09-01,732,9,7.39,92.9,84.1,3.62,0,1,0,1.2,0,2,0
2023-10-01,732,10,7.54,80.4,82.8,3.81,0,1,0,3.1,0,2,0
2023-11-01,732,11,7.55,91.8,76.0,3.48,0,1,1,2.3,0,2,0
2023-12-01,732,12,7.73,85.5,77.4,3.83,0,1,1,0.4,1,2,0
2024-01-01,732,13,7.66,83.2,72.9,3.74,0,2,1,4.9,1,1,0
2024-02-01,732,14,7.84,86.6,77.1,3.67,0,2,1,5.2,1,1,0
2024-03-01,732,15,7.75,91.2,79.0,4.06,0,2,1,0.0,1,1,0
2024-04-01,732,16,7.68,91.3,78.7,3.59,0,2,2,2.8,2,1,0
2024-05-01,732,17,7.76,90.2,86.7,3.72,0,2,2,4.2,3,1,0
2024-06-01,732,18,7.69,93.5,84.1,3.56,0,2,2,3.4,4,1,0
2023-01-01,733,1,7.44,96.7,37.2,3.92,0,1,0,5.0,0,1,0
2023-02-01,733,2,7.56,90.5,33.1,3.92,0,1,0,6.5,0,1,0
2023-03-01,733,3,7.65,100.0,43.2,3.81,0,1,0,4.5,0,0,0
2023-04-01,733,4,7.53,95.0,35.8,3.86,0,1,0,8.3,0,0,0
2023-05-01,733,5,7.6,97.1,31.3,3.76,0,1,0,0.0,0,0,0
2023-06-01,733,6,7.46,99.5,36.5,3.68,1,1,0,9.2,0,0,0
2023-07-01,733,7,7.38,99.0,31.6,3.73,1,1,1,3.7,0,0,0
2023-08-01,733,8,7.57,98.9,33.1,3.66,1,1,1,11.9,0,0,0
2023-09-01,733,9,7.73,99.1,38.5,4.05,1,1,1,4.5,0,0,0
2023-10-01,733,10,7.51,95.7,40.8,3.94,1,1,1,6.1,0,0,0
2023-11-01,733,11,7.53,100.0,34.3,3.81,1,1,1,4.8,0,0,0
2023-12-01,733,12,7.73,93.4,33.0,3.71,2,1,1,9.5,0,0,0
2024-01-01,733,13,7.55,93.7,34.2,3.93,2,1,1,5.5,0,0,0
2024-02-01,733,14,7.53,93.4,40.7,3.92,2,1,1,9.7,0,0,0
2024-03-01,733,15,7.68,100.0,40.7,3.87,2,1,1,6.0,0,0,0
2024-04-01,733,16,7.76,99.5,40.4,4.03,2,1,1,3.4,0,0,0
2024-05-01,733,17,7.73,99.5,37.5,3.91,2,1,1,6.4,0,0,0
2024-06-01,733,18,7.68,96.1,35.6,4.22,2,2,1,4.7,0,0,0
2023-01-01,734,1,6.99,87.5,61.6,3.72,0,0,0,8.5,0,0,0
2023-02-01,734,2,6.76,83.3,67.3,4.07,0,0,0,6.2,0,0,0
2023-03-01,734,3,6.85,98.2,66.1,3.95,0,0,0,6.2,0,0,0
2023-04-01,734,4,6.75,76.4,59.0,3.88,0,0,0,4.2,0,0,0
2023-05-01,734,5,6.91,84.9,61.4,4.05,0,0,0,6.8,0,0,0
2023-06-01,734,6,6.75,82.8,61.5,4.11,0,0,0,10.7,0,0,0
2023-07-01,734,7,6.74,81.3,64.2,3.91,0,0,0,5.4,0,0,0
2023-08-01,734,8,7.15,78.3,68.9,3.7,0,0,0,11.1,0,0,0
2023-09-01,734,9,7.03,80.8,61.5,4.02,0,0,0,4.6,0,0,0
2023-10-01,734,10,7.13,87.6,61.2,4.05,0,0,0,13.1,0,0,0
2023-11-01,734,11,6.97,88.3,72.3,3.86,0,0,0,6.0,0,0,0
2023-12-01,734,12,6.96,81.7,70.4,3.98,0,0,0,4.6,0,0,0
2024-01-01,734,13,7.15,91.8,66.5,3.88,0,0,0,11.7,0,0,0
2024-02-01,734,14,7.04,83.4,66.2,4.02,1,0,0,7.9,0,0,0
2024-03-01,734,15,7.08,81.8,68.3,3.87,1,0,0,3.6,0,0,0
2024-04-01,734,16,7.06,80.5,75.5,3.92,1,0,0,4.7,0,0,0
2024-05-01,734,17,7.2,81.3,69.3,4.0,1,1,0,6.8,0,0,0
2024-06-01,734,18,7.16,82.8,76.7,3.61,1,1,0,2.6,0,0,0
2023-01-01,735,1,7.25,76.2,47.4,2.83,0,0,1,9.3,0,2,0
2023-02-01,735,2,7.29,78.4,50.1,3.04,0,0,1,12.9,1,2,0
2023-03-01,735,3,7.26,77.2,50.9,3.11,0,0,1,10.3,1,2,0
2023-04-01,735,4,7.41,72.3,46.4,3.4,0,0,1,4.2,2,2,0
2023-05-01,735,5,7.43,81.4,50.2,3.19,0,0,1,9.1,2,2,0
2023-06-01,735,6,7.53,82.4,46.2,3.13,0,0,1,6.0,2,2,0
2023-07-01,735,7,7.53,74.6,53.0,3.23,0,0,1,4.5,2,2,0
2023-08-01,735,8,7.58,76.9,54.1,3.16,0,0,1,8.7,2,2,0
2023-09-01,735,9,7.53,73.4,47.6,3.19,0,0,1,4.7,2,1,0
2023-10-01,735,10,7.52,83.1,62.2,3.39,0,0,1,4.9,2,1,0
2023-11-01,735,11,7.85,84.6,53.9,3.49,0,0,1,7.5,2,1,0
2023-12-01,735,12,7.76,80.7,58.7,3.56,0,0,1,11.4,2,1,0
2024-01-01,735,13,7.8,81.9,56.6,3.25,0,0,1,7.3,2,1,0
2024-02-01,735,14,7.76,84.3,60.3,3.54,0,0,1,9.6,2,1,0
2024-03-01,735,15,7.91,77.3,49.2,3.37,0,0,1,7.5,2,0,0
2024-04-01,735,16,7.89,82.2,58.3,3.19,0,0,1,9.4,2,0,0
2024-05-01,735,17,8.01,76.0,58.0,3.42,0,0,1,7.7,2,0,0
2024-06-01,735,18,7.9,72.0,51.2,3.44,0,0,1,12.6,2,0,0
2023-01-01,736,1,7.05,82.0,58.0,3.94,1,1,0,9.1,0,1,0
2023-02-01,736,2,6.98,75.4,52.1,4.31,1,1,0,2.3,0,1,0
2023-03-01,736,3,7.13,75.3,50.8,4.04,1,1,0,9.8,0,0,0
2023-04-01,736,4,7.34,77.3,55.0,4.08,1,1,1,6.2,0,0,0
2023-05-01,736,5,7.25,79.1,53.2,4.3,1,1,1,9.3,0,0,0
2023-06-01,736,6,7.37,79.6,58.9,4.13,1,1,1,10.7,0,0,1
2023-07-01,736,7,7.12,76.7,55.3,4.11,1,1,1,9.2,0,0,1
2023-08-01,736,8,7.57,73.4,62.0,4.15,1,2,1,9.0,0,0,1
2023-09-01,736,9,7.24,77.1,51.6,4.1,1,2,1,6.8,0,0,1
2023-10-01,736,10,7.26,73.8,58.1,4.29,1,3,1,8.7,0,0,1
2023-11-01,736,11,7.38,71.0,57.3,4.28,1,3,1,8.7,0,0,1
2023-12-01,736,12,7.55,70.6,55.8,4.11,1,3,1,8.3,1,0,1
2024-01-01,736,13,7.54,84.6,56.2,4.54,1,3,1,9.6,2,0,1
2024-02-01,736,14,7.56,75.3,61.5,4.23,1,3,1,8.8,2,0,1
2024-03-01,736,15,7.5,73.2,54.9,4.07,1,3,2,6.7,2,0,1
2024-04-01,736,16,7.57,81.8,64.0,4.22,1,3,2,7.1,2,0,1
2024-05-01,736,17,7.49,74.1,61.4,4.25,1,3,2,8.3,2,0,1
2024-06-01,736,18,7.57,81.1,70.8,4.19,1,3,2,5.8,2,0,1
2023-01-01,737,1,7.63,61.6,50.2,3.41,1,1,0,8.2,0,0,0
2023-02-01,737,2,7.7,63.3,50.5,3.51,1,1,0,6.8,0,0,0
2023-03-01,737,3,7.77,63.3,45.7,3.41,1,1,0,10.0,0,0,0
2023-04-01,737,4,7.85,65.7,50.3,3.46,1,1,1,10.0,0,0,0
2023-05-01,737,5,7.88,62.0,48.4,3.46,1,2,1,11.8,0,0,0
2023-06-01,737,6,7.68,62.7,51.4,3.46,1,3,1,9.3,0,0,0
2023-07-01,737,7,7.92,60.1,49.8,3.47,1,3,1,9.8,0,0,0
2023-08-01,737,8,8.11,63.6,52.4,3.51,1,3,1,14.6,0,0,0
2023-09-01,737,9,7.97,64.6,52.5,3.43,1,3,1,6.9,0,0,1
2023-10-01,737,10,8.05,72.5,53.1,3.38,1,3,1,15.7,0,0,1
2023-11-01,737,11,8.13,55.0,50.3,3.5,1,3,1,6.0,1,0,1
2023-12-01,737,12,8.14,65.6,55.6,3.53,1,4,1,11.2,2,0,1
2024-01-01,737,13,8.01,61.0,55.6,3.61,1,4,1,7.7,2,0,1
2024-02-01,737,14,8.29,68.7,55.2,3.42,1,4,1,9.1,2,0,1
2024-03-01,737,15,8.09,64.5,52.7,3.72,1,5,1,11.0,2,0,1
2024-04-01,737,16,8.05,64.9,53.4,3.36,2,5,2,6.7,2,0,1
2024-05-01,737,17,8.21,64.2,51.1,3.17,2,5,2,9.5,2,0,1
2024-06-01,737,18,8.25,64.0,58.8,3.59,2,5,2,10.2,3,0,1
2023-01-01,738,1,7.66,81.7,54.8,3.5,0,1,1,5.4,0,0,0
2023-02-01,738,2,7.54,77.5,54.7,3.46,0,1,1,4.4,0,0,0
2023-03-01,738,3,7.8,73.5,56.7,3.55,0,1,1,1.6,0,0,0
2023-04-01,738,4,7.86,81.8,55.2,3.85,0,1,1,2.7,0,0,0
2023-05-01,738,5,7.78,76.5,53.5,3.73,0,1,1,2.2,0,0,0
2023-06-01,738,6,8.04,76.6,53.4,3.81,0,1,1,3.8,0,0,0
2023-07-01,738,7,7.87,84.6,62.2,3.62,0,1,1,7.8,0,0,0
2023-08-01,738,8,7.92,81.0,62.1,3.6,0,1,1,3.2,0,0,0
2023-09-01,738,9,8.01,80.8,56.4,3.57,0,1,1,7.2,0,0,0
2023-10-01,738,10,7.93,77.7,57.2,3.66,0,1,1,5.9,0,0,0
2023-11-01,738,11,7.99,79.8,53.5,3.71,0,1,1,6.7,0,0,0
2023-12-01,738,12,8.11,75.2,62.7,3.5,0,1,1,8.9,0,0,0
2024-01-01,738,13,8.03,80.1,66.7,3.83,0,1,1,4.3,0,0,0
2024-02-01,738,14,8.14,86.5,64.4,3.8,0,1,1,6.1,0,0,0
2024-03-01,738,15,8.34,77.2,61.8,3.91,0,1,1,7.7,0,0,0
2024-04-01,738,16,7.77,79.6,62.7,3.89,0,1,1,0.0,0,0,0
2024-05-01,738,17,8.34,85.5,62.0,3.85,0,1,1,4.2,0,0,0
2024-06-01,738,18,7.96,83.4,64.0,4.06,0,1,1,2.8,0,0,0
2023-01-01,739,1,5.84,96.1,78.2,3.3,0,1,0,10.3,0,0,0
2023-02-01,739,2,5.55,90.1,84.4,3.47,0,1,0,6.0,0,0,0
2023-03-01,739,3,5.87,96.2,83.2,3.44,0,1,0,8.2,0,0,0
2023-04-01,739,4,5.76,92.6,89.8,3.29,0,1,0,12.0,0,0,0
2023-05-01,739,5,5.91,94.2,94.6,3.37,0,1,0,9.6,0,0,0
2023-06-01,739,6,6.06,90.9,95.6,3.5,0,1,1,10.2,0,0,0
2023-07-01,739,7,6.03,100.0,93.7,3.3,0,1,1,9.9,0,0,0
2023-08-01,739,8,5.86,95.8,84.6,3.61,0,1,1,10.1,0,0,0
2023-09-01,739,9,6.11,92.6,90.7,3.44,0,1,1,14.3,0,0,0
2023-10-01,739,10,5.98,100.0,93.4,3.68,0,1,1,6.1,0,0,0
2023-11-01,739,11,6.33,87.7,92.9,3.48,0,1,1,8.1,0,0,1
2023-12-01,739,12,6.31,90.4,94.3,3.44,0,1,1,9.6,0,0,1
2024-01-01,739,13,6.15,90.5,96.4,3.83,0,2,1,9.0,1,0,1
2024-02-01,739,14,6.29,91.4,95.2,3.56,0,2,1,10.8,2,0,1
2024-03-01,739,15,6.26,93.4,89.4,3.44,1,3,1,5.2,2,0,1
2024-04-01,739,16,6.41,94.7,90.5,3.61,1,3,1,8.6,2,0,1
2024-05-01,739,17,6.34,81.4,92.5,3.72,1,3,1,8.8,2,0,1
2024-06-01,739,18,6.36,93.7,98.0,3.61,1,3,1,13.6,2,0,1
2023-01-01,740,1,5.48,92.8,40.3,3.49,0,0,0,5.3,0,0,0
2023-02-01,740,2,5.22,95.5,39.1,3.24,0,0,0,6.5,0,0,0
2023-03-01,740,3,5.25,87.8,43.0,3.56,0,1,0,10.7,0,0,0
2023-04-01,740,4,5.18,89.4,39.1,3.13,0,1,0,10.3,0,0,0
2023-05-01,740,5,5.45,87.6,43.7,3.21,0,1,0,13.3,1,0,0
2023-06-01,740,6,5.43,85.8,41.8,3.61,0,1,0,12.7,1,0,0
2023-07-01,740,7,5.57,92.5,40.1,3.5,0,1,0,9.0,1,0,1
2023-08-01,740,8,5.43,80.5,53.2,3.26,0,1,0,12.6,1,0,1
2023-09-01,740,9,5.67,85.3,46.0,3.29,0,1,0,9.8,1,0,1
2023-10-01,740,10,5.65,94.0,40.6,3.44,0,1,0,7.9,1,0,1
2023-11-01,740,11,5.49,88.1,42.7,3.54,0,2,0,6.6,1,0,1
2023-12-01,740,12,5.83,91.0,49.6,3.43,0,2,0,9.4,1,0,1
2024-01-01,740,13,5.53,87.1,43.7,3.2,0,3,1,10.4,1,0,1
2024-02-01,740,14,5.76,95.0,44.9,3.46,0,3,1,8.0,2,0,1
2024-03-01,740,15,5.61,81.0,57.0,3.39,0,3,2,11.9,2,0,1
2024-04-01,740,16,5.84,91.6,51.6,3.62,0,3,2,11.7,2,0,1
2024-05-01,740,17,5.62,78.8,50.7,3.51,0,3,2,8.1,2,0,1
2024-06-01,740,18,6.01,86.3,52.2,3.62,1,3,2,11.3,2,0,1
2023-01-01,741,1,7.76,80.2,44.3,2.73,0,0,0,7.1,1,0,0
2023-02-01,741,2,7.83,83.1,42.0,2.74,0,0,0,5.2,1,0,0
2023-03-01,741,3,7.94,84.0,41.2,2.51,0,1,0,5.1,1,0,0
2023-04-01,741,4,7.89,83.0,45.9,2.86,0,1,0,8.2,1,0,0
2023-05-01,741,5,7.93,85.7,38.6,2.83,0,1,0,7.2,1,0,0
2023-06-01,741,6,7.9,82.9,34.9,2.83,0,1,0,4.7,1,0,0
2023-07-01,741,7,7.99,94.7,47.3,2.67,0,1,0,7.3,1,0,0
2023-08-01,741,8,8.25,84.0,44.7,2.96,0,1,0,9.1,1,0,0
2023-09-01,741,9,7.74,87.3,45.9,2.74,0,1,0,3.6,1,0,0
2023-10-01,741,10,8.18,79.5,47.3,2.8,0,1,0,3.9,1,0,0
2023-11-01,741,11,8.29,90.2,46.5,2.7,0,1,0,5.2,1,0,0
2023-12-01,741,12,8.05,81.5,41.2,2.63,0,1,0,7.4,1,0,0
2024-01-01,741,13,8.32,72.7,40.7,2.84,0,1,0,6.9,1,0,0
2024-02-01,741,14,8.2,85.8,50.1,2.82,0,2,0,6.2,1,0,0
2024-03-01,741,15,8.31,87.8,52.4,2.73,0,2,0,5.8,1,0,0
2024-04-01,741,16,8.25,84.8,42.0,2.86,0,2,0,8.5,1,0,0
2024-05-01,741,17,8.13,83.2,49.6,2.76,0,2,0,8.6,2,0,0
2024-06-01,741,18,8.17,82.2,51.4,2.78,0,2,0,1.9,3,0,0
2023-01-01,742,1,7.98,69.0,38.0,3.71,0,0,1,6.5,0,0,0
2023-02-01,742,2,7.83,66.5,37.5,3.56,0,1,1,6.0,0,0,0
2023-03-01,742,3,7.99,65.7,35.9,3.77,0,1,1,3.1,0,0,0
2023-04-01,742,4,8.14,77.8,36.1,3.73,0,1,1,6.6,1,0,0
2023-05-01,742,5,8.03,67.4,43.9,3.82,0,1,1,11.6,1,0,0
2023-06-01,742,6,8.05,72.5,32.3,3.84,0,1,1,8.4,2,0,0
2023-07-01,742,7,8.2,65.5,47.0,3.71,0,1,1,8.7,3,0,0
2023-08-01,742,8,8.38,69.0,40.2,3.6,0,1,1,11.0,3,0,0
2023-09-01,742,9,8.2,72.3,45.2,3.76,0,1,2,4.2,3,0,0
2023-10-01,742,10,8.34,74.9,45.6,3.58,0,1,2,2.5,3,0,0
2023-11-01,742,11,8.29,70.2,38.5,4.03,0,1,2,9.8,3,0,0
2023-12-01,742,12,8.36,71.9,51.5,3.57,0,1,2,6.1,3,0,0
2024-01-01,742,13,8.36,72.8,44.2,3.84,0,1,2,8.2,3,0,0
2024-02-01,742,14,8.42,70.7,42.8,3.85,0,2,2,6.1,3,0,0
2024-03-01,742,15,8.49,63.9,47.7,3.57,0,3,2,7.5,3,0,0
2024-04-01,742,16,8.51,70.2,37.1,3.78,0,3,2,3.6,3,0,0
2024-05-01,742,17,8.76,70.5,46.6,4.04,1,3,2,7.0,3,0,0
2024-06-01,742,18,8.73,72.4,47.3,3.86,1,3,2,4.4,3,0,0
2023-01-01,743,1,6.16,89.2,84.0,4.94,1,0,0,7.8,0,3,0
2023-02-01,743,2,6.18,87.2,87.7,5.0,1,0,0,7.2,0,3,0
2023-03-01,743,3,6.32,88.0,87.8,5.0,1,0,0,5.3,0,3,0
2023-04-01,743,4,6.36,85.8,86.8,5.0,1,0,0,10.7,0,3,0
2023-05-01,743,5,6.23,88.6,86.2,5.0,1,0,0,5.6,0,3,0
2023-06-01,743,6,6.31,79.1,84.6,5.0,1,0,0,0.0,0,3,0
2023-07-01,743,7,6.34,87.4,91.2,5.0,1,1,0,0.9,0,2,0
2023-08-01,743,8,6.45,87.4,86.4,4.81,1,1,0,5.3,0,2,0
2023-09-01,743,9,6.35,82.8,85.5,5.0,1,1,0,6.5,0,2,0
2023-10-01,743,10,6.55,91.2,90.1,5.0,1,1,0,7.0,0,2,0
2023-11-01,743,11,6.51,90.5,87.2,5.0,1,1,0,4.6,0,2,0
2023-12-01,743,12,6.5,82.7,86.1,5.0,1,1,0,6.0,0,2,0
2024-01-01,743,13,6.63,80.1,83.1,5.0,1,1,0,0.7,0,2,0
2024-02-01,743,14,6.49,84.0,91.8,5.0,1,1,0,4.4,0,2,0
2024-03-01,743,15,6.4,84.9,84.0,5.0,1,1,0,6.5,0,2,0
2024-04-01,743,16,6.57,76.4,87.3,5.0,1,1,0,4.1,1,2,0
2024-05-01,743,17,6.5,79.5,94.5,5.0,1,1,0,4.7,1,2,0
2024-06-01,743,18,6.69,89.1,91.9,5.0,1,1,0,0.0,2,2,0
2023-01-01,744,1,5.46,89.5,48.1,2.88,0,0,0,6.8,0,3,0
2023-02-01,744,2,5.73,93.5,51.7,3.03,1,0,0,10.9,0,3,0
2023-03-01,744,3,5.72,95.2,46.6,3.06,1,0,0,7.2,0,2,0
2023-04-01,744,4,5.45,94.8,45.7,2.74,1,0,0,10.6,0,2,0
2023-05-01,744,5,5.72,90.9,46.3,2.94,1,0,1,6.1,0,2,0
2023-06-01,744,6,5.65,89.4,56.5,2.99,1,0,2,4.9,0,2,0
2023-07-01,744,7,5.64,95.1,53.3,2.94,1,0,2,9.5,0,2,0
2023-08-01,744,8,5.6,94.9,49.4,2.95,2,0,2,9.1,0,1,0
2023-09-01,744,9,5.88,89.1,50.8,3.05,2,0,2,4.8,0,1,0
2023-10-01,744,10,5.79,92.7,55.8,3.02,2,0,2,6.0,1,0,0
2023-11-01,744,11,5.91,91.4,54.6,3.22,2,0,2,9.9,1,0,0
2023-12-01,744,12,6.02,97.8,59.6,3.03,2,0,2,6.9,1,0,0
2024-01-01,744,13,5.74,94.1,54.1,2.81,2,0,2,10.4,1,0,0
2024-02-01,744,14,5.66,92.9,61.8,3.32,2,0,2,7.4,1,0,0
2024-03-01,744,15,5.72,94.9,61.4,3.11,2,0,2,8.4,1,0,0
2024-04-01,744,16,5.62,87.5,55.6,2.86,2,0,2,6.6,1,0,0
2024-05-01,744,17,5.75,88.4,55.8,3.51,2,0,2,2.4,1,0,0
2024-06-01,744,18,5.98,89.1,60.5,3.27,2,0,2,5.2,1,0,0
2023-01-01,745,1,7.22,84.6,55.6,3.43,0,1,0,9.8,0,0,0
2023-02-01,745,2,7.22,88.3,48.3,3.29,0,1,0,9.7,0,0,0
2023-03-01,745,3,7.14,89.1,62.9,3.44,0,2,0,12.0,1,0,0
2023-04-01,745,4,7.26,83.3,62.2,3.33,0,2,0,7.0,1,0,0
2023-05-01,745,5,7.28,92.4,58.6,3.28,0,3,0,8.5,2,0,0
2023-06-01,745,6,7.22,81.7,62.3,3.08,0,3,0,8.8,2,0,1
2023-07-01,745,7,7.28,87.5,65.8,3.16,0,3,1,6.6,3,0,1
2023-08-01,745,8,7.24,82.2,67.2,3.46,0,3,1,11.0,3,0,1
2023-09-01,745,9,7.29,85.2,61.0,3.18,1,3,1,11.9,3,0,1
2023-10-01,745,10,7.26,86.9,56.2,3.57,1,3,1,10.2,3,0,1
2023-11-01,745,11,7.44,84.8,64.2,3.54,1,3,1,10.7,3,0,1
2023-12-01,745,12,7.19,84.0,65.2,3.46,1,3,1,5.1,3,0,1
2024-01-01,745,13,7.24,84.4,59.3,3.34,1,3,1,18.5,3,0,1
2024-02-01,745,14,7.45,88.8,73.8,3.5,1,3,2,11.0,4,0,1
2024-03-01,745,15,7.61,90.0,62.4,3.37,1,3,2,10.9,5,0,1
2024-04-01,745,16,7.56,88.0,65.6,3.3,2,3,2,6.8,6,0,1
2024-05-01,745,17,7.34,85.3,67.4,3.34,2,3,3,11.2,7,0,1
2024-06-01,745,18,7.62,88.6,72.4,3.23,2,3,4,10.6,8,0,1
2023-01-01,746,1,7.68,85.2,56.0,2.87,0,1,0,9.2,0,1,0
2023-02-01,746,2,7.79,77.0,53.1,2.96,0,1,0,9.3,0,1,0
2023-03-01,746,3,7.96,86.7,58.0,2.93,0,2,0,10.5,0,1,0
2023-04-01,746,4,7.88,84.1,59.0,2.86,1,2,0,14.7,0,1,0
2023-05-01,746,5,7.67,82.4,57.5,2.85,1,2,0,11.9,0,1,0
2023-06-01,746,6,7.76,85.1,55.5,2.81,1,2,0,13.0,0,1,0
2023-07-01,746,7,7.98,86.9,61.3,2.71,1,2,0,9.9,1,1,0
2023-08-01,746,8,7.9,85.4,55.0,3.22,1,2,0,13.2,2,1,0
2023-09-01,746,9,7.87,80.8,62.3,2.94,1,2,0,14.0,3,1,0
2023-10-01,746,10,8.15,76.5,62.3,2.77,1,2,0,11.2,3,1,0
2023-11-01,746,11,7.94,85.2,67.3,2.77,1,2,0,10.6,3,1,0
2023-12-01,746,12,8.11,77.7,63.5,2.76,1,2,0,16.3,3,0,0
2024-01-01,746,13,7.91,81.7,63.3,3.07,1,3,0,12.3,3,0,0
2024-02-01,746,14,7.88,84.6,59.0,2.87,1,3,0,11.8,3,0,0
2024-03-01,746,15,8.07,74.9,67.0,3.09,1,3,0,12.1,4,0,0
2024-04-01,746,16,7.87,88.5,65.6,2.96,1,3,0,6.9,4,0,0
2024-05-01,746,17,7.97,86.1,68.1,3.05,2,3,0,13.1,5,0,0
2024-06-01,746,18,8.2,87.3,66.0,3.2,2,3,0,9.5,5,0,0
2023-01-01,747,1,8.5,70.3,45.5,3.06,0,1,0,8.8,0,0,0
2023-02-01,747,2,8.46,70.2,38.1,2.85,0,1,0,9.4,0,0,0
2023-03-01,747,3,8.49,70.0,44.7,2.74,0,1,0,6.8,0,0,0
2023-04-01,747,4,8.58,76.7,47.7,3.04,1,1,0,4.5,0,0,0
2023-05-01,747,5,8.53,79.5,45.6,3.07,1,1,0,6.6,0,0,0
2023-06-01,747,6,8.81,69.7,45.2,2.85,1,1,0,10.7,0,0,0
2023-07-01,747,7,8.94,77.0,49.5,3.1,1,1,0,5.4,1,0,0
2023-08-01,747,8,8.71,67.1,56.4,2.75,1,1,0,10.3,1,0,0
2023-09-01,747,9,8.84,72.7,52.6,2.68,1,1,0,3.4,1,0,0
2023-10-01,747,10,8.6,78.5,51.2,3.01,1,1,0,9.1,1,0,0
2023-11-01,747,11,8.77,76.9,55.5,3.1,2,1,0,11.7,1,0,0
2023-12-01,747,12,8.95,67.9,50.9,2.77,2,1,0,6.3,1,0,0
2024-01-01,747,13,8.9,80.3,39.3,2.92,2,1,0,2.9,1,0,0
2024-02-01,747,14,9.08,71.5,54.5,3.04,2,2,1,11.4,1,0,0
2024-03-01,747,15,8.96,76.2,53.2,2.97,2,3,1,6.7,1,0,0
2024-04-01,747,16,9.26,69.6,60.5,3.12,2,3,1,5.6,1,0,1
2024-05-01,747,17,8.94,76.0,52.7,3.04,2,3,1,10.5,1,0,1
2024-06-01,747,18,9.15,73.5,52.3,2.88,2,3,1,6.4,1,0,1
2023-01-01,748,1,7.44,90.2,57.2,4.09,0,0,0,8.6,0,0,0
2023-02-01,748,2,7.39,93.1,51.0,4.39,0,0,0,6.7,0,0,0
2023-03-01,748,3,7.55,97.7,58.2,4.51,0,0,0,9.0,0,0,0
2023-04-01,748,4,7.54,91.9,50.8,4.62,0,0,0,5.7,0,0,0
2023-05-01,748,5,7.65,94.8,54.2,4.1,0,0,1,0.2,0,0,0
2023-06-01,748,6,7.47,93.9,57.7,4.21,0,0,1,2.2,0,0,0
2023-07-01,748,7,7.62,92.6,53.7,4.21,0,0,1,6.9,0,0,0
2023-08-01,748,8,7.62,85.3,50.0,4.27,0,0,1,3.0,0,0,0
2023-09-01,748,9,7.75,88.7,59.2,4.31,1,1,1,9.6,0,0,0
2023-10-01,748,10,7.49,87.2,65.6,4.33,2,1,1,9.9,0,0,1
2023-11-01,748,11,7.53,92.2,65.5,4.27,2,1,1,3.8,0,0,1
2023-12-01,748,12,7.75,90.7,64.0,4.13,3,1,1,7.0,0,0,1
2024-01-01,748,13,7.7,84.5,57.9,4.28,3,1,1,0.5,0,0,1
2024-02-01,748,14,7.57,91.7,63.4,4.45,3,1,1,5.4,0,0,1
2024-03-01,748,15,7.67,97.0,62.5,4.07,3,1,1,10.1,1,0,1
2024-04-01,748,16,7.6,91.2,53.7,4.48,3,1,1,6.0,1,0,1
2024-05-01,748,17,7.83,89.3,60.7,4.59,3,1,1,5.7,1,0,1
2024-06-01,748,18,7.81,99.6,58.6,4.34,3,1,1,7.1,1,0,1
2023-01-01,749,1,6.75,52.4,92.6,2.76,0,0,1,9.4,0,0,0
2023-02-01,749,2,6.61,65.3,98.6,2.59,1,0,1,9.2,0,0,0
2023-03-01,749,3,6.83,45.9,99.5,2.74,1,0,1,8.9,0,0,0
2023-04-01,749,4,6.97,47.8,92.3,2.68,1,0,1,7.2,0,0,0
2023-05-01,749,5,6.74,48.4,94.7,2.89,1,0,1,8.2,0,0,0
2023-06-01,749,6,6.65,50.5,92.2,2.88,1,0,1,8.7,0,0,0
2023-07-01,749,7,6.93,52.3,98.8,2.67,1,0,1,11.5,1,0,0
2023-08-01,749,8,6.58,55.7,100.0,2.74,1,0,2,9.7,1,0,0
2023-09-01,749,9,7.12,56.3,100.0,2.68,1,0,2,11.0,1,0,0
2023-10-01,749,10,6.82,52.2,100.0,2.91,1,0,2,9.4,1,0,0
2023-11-01,749,11,6.9,56.3,100.0,2.89,1,0,2,7.3,1,0,1
2023-12-01,749,12,6.8,51.5,97.4,2.75,1,0,2,7.1,1,0,1
2024-01-01,749,13,6.98,47.0,94.7,2.77,1,1,2,10.5,1,0,1
2024-02-01,749,14,7.02,50.3,100.0,3.02,1,1,2,6.0,1,0,1
2024-03-01,749,15,6.92,47.7,100.0,2.62,1,1,3,10.5,1,0,1
2024-04-01,749,16,7.03,46.3,96.4,2.8,1,2,3,7.9,1,0,1
2024-05-01,749,17,7.0,41.3,100.0,2.68,1,2,3,7.3,2,0,1
2024-06-01,749,18,7.21,49.7,100.0,2.87,1,2,3,11.4,2,0,1
2023-01-01,750,1,6.48,91.9,80.9,2.83,0,0,0,8.9,0,0,0
2023-02-01,750,2,6.27,92.7,79.8,2.52,0,1,0,10.7,0,0,0
2023-03-01,750,3,6.35,85.3,77.8,2.85,0,1,0,5.9,1,0,0
2023-04-01,750,4,6.23,86.3,81.2,2.92,0,2,0,12.5,1,0,0
2023-05-01,750,5,6.09,87.4,82.4,2.94,0,2,0,13.4,2,0,0
2023-06-01,750,6,6.46,88.6,84.3,3.22,0,3,0,10.3,3,0,0
2023-07-01,750,7,6.61,85.2,84.6,2.8,0,4,1,5.2,3,0,1
2023-08-01,750,8,6.65,83.7,86.1,2.8,0,4,1,7.9,4,0,1
2023-09-01,750,9,6.38,87.5,87.5,2.92,0,4,1,12.4,4,0,1
2023-10-01,750,10,6.5,83.7,89.6,2.96,0,4,1,11.8,5,0,1
2023-11-01,750,11,6.42,87.2,83.9,2.71,0,4,1,10.7,6,0,1
2023-12-01,750,12,6.66,89.7,84.3,2.92,0,4,1,9.7,7,0,1
2024-01-01,750,13,6.39,86.6,85.1,2.91,0,4,1,7.6,7,0,1
2024-02-01,750,14,6.55,90.6,88.0,2.97,0,4,1,5.6,7,0,1
2024-03-01,750,15,6.44,90.7,92.8,3.2,0,4,1,9.8,7,0,1
2024-04-01,750,16,6.46,88.3,81.2,3.1,0,4,1,8.6,7,0,1
2024-05-01,750,17,6.73,85.4,83.9,3.07,0,4,1,11.1,7,0,1
2024-06-01,750,18,6.78,93.9,93.4,3.23,0,5,1,3.2,7,0,1
2023-01-01,751,1,7.09,99.1,42.8,2.31,0,1,1,6.4,0,0,0
2023-02-01,751,2,7.09,97.7,40.4,1.91,0,1,1,8.7,0,0,0
2023-03-01,751,3,7.15,98.2,43.0,2.17,0,1,1,4.8,0,0,0
2023-04-01,751,4,7.11,97.1,42.9,2.05,0,1,1,9.6,0,0,0
2023-05-01,751,5,7.13,97.7,49.9,2.13,0,1,1,4.1,0,0,0
2023-06-01,751,6,7.07,99.2,49.4,2.13,0,1,1,3.1,0,0,0
2023-07-01,751,7,7.23,96.5,46.9,2.16,0,1,1,6.6,0,0,0
2023-08-01,751,8,7.44,100.0,51.7,1.97,0,1,1,2.3,0,0,0
2023-09-01,751,9,7.22,97.9,51.4,2.2,0,1,1,4.8,1,0,0
2023-10-01,751,10,7.28,100.0,50.1,2.04,1,1,1,0.0,1,0,0
2023-11-01,751,11,7.41,100.0,50.4,2.44,1,1,1,6.4,1,0,1
2023-12-01,751,12,7.6,100.0,58.0,2.22,1,1,1,7.0,1,0,1
2024-01-01,751,13,7.49,89.9,50.1,2.05,1,1,1,7.0,1,0,1
2024-02-01,751,14,7.65,99.3,55.1,2.1,1,1,1,1.4,1,0,1
2024-03-01,751,15,7.56,100.0,38.9,2.32,1,1,1,6.6,1,0,1
2024-04-01,751,16,7.45,98.7,44.8,2.24,1,1,1,6.2,2,0,1
2024-05-01,751,17,7.73,100.0,50.6,2.41,1,1,1,6.8,3,0,1
2024-06-01,751,18,7.65,100.0,52.5,2.15,1,1,1,8.9,3,0,1
2023-01-01,752,1,6.91,58.1,61.2,2.81,0,2,1,7.0,0,0,0
2023-02-01,752,2,6.83,66.8,72.1,2.76,0,3,1,12.8,0,0,0
2023-03-01,752,3,6.83,61.8,74.1,2.81,0,3,1,13.2,0,0,0
2023-04-01,752,4,6.83,70.1,66.9,2.71,0,4,1,12.0,0,0,0
2023-05-01,752,5,6.69,63.1,77.1,2.85,0,4,1,10.9,0,0,0
2023-06-01,752,6,7.03,61.8,77.5,2.7,0,4,1,9.8,0,0,0
2023-07-01,752,7,6.87,65.2,77.3,2.82,0,4,1,16.5,0,0,0
2023-08-01,752,8,7.05,67.1,70.8,2.66,0,4,2,11.3,0,0,0
2023-09-01,752,9,6.98,67.7,70.7,2.69,0,4,2,11.8,1,0,0
2023-10-01,752,10,6.86,61.0,81.7,2.78,0,4,2,7.9,1,0,0
2023-11-01,752,11,7.11,67.4,65.2,2.8,0,4,2,12.4,1,0,0
2023-12-01,752,12,6.85,64.6,72.7,2.62,0,4,2,7.3,2,0,0
2024-01-01,752,13,6.98,65.3,71.6,3.0,0,4,2,8.1,2,0,0
2024-02-01,752,14,6.85,70.6,77.5,2.66,0,4,2,11.2,2,0,0
2024-03-01,752,15,7.02,71.6,84.6,2.73,0,4,2,10.6,2,0,0
2024-04-01,752,16,7.15,67.0,84.0,2.69,0,4,2,7.9,3,0,0
2024-05-01,752,17,7.17,65.5,78.1,2.79,0,4,2,11.0,3,0,0
2024-06-01,752,18,7.24,69.5,87.0,2.92,0,4,2,10.6,3,0,0
2023-01-01,753,1,6.14,78.0,48.0,2.13,0,2,0,7.4,0,0,0
2023-02-01,753,2,6.16,75.2,51.0,2.15,0,2,0,1.0,0,0,0
2023-03-01,753,3,6.34,78.7,52.4,1.79,1,2,1,0.4,0,0,0
2023-04-01,753,4,6.23,81.4,40.9,2.36,1,2,1,4.0,0,0,0
2023-05-01,753,5,6.41,83.4,46.6,2.02,1,2,1,4.0,0,0,0
2023-06-01,753,6,6.56,81.4,43.1,2.2,1,2,1,3.6,0,0,0
2023-07-01,753,7,6.42,80.9,37.9,1.9,1,2,1,1.3,1,0,0
2023-08-01,753,8,6.5,77.6,43.3,2.31,1,2,1,5.6,1,0,0
2023-09-01,753,9,6.6,77.4,46.1,2.23,1,2,1,4.5,1,0,0
2023-10-01,753,10,6.56,82.9,45.1,2.22,1,2,1,2.0,1,0,0
2023-11-01,753,11,6.69,78.8,49.1,2.4,1,2,1,4.3,1,0,0
2023-12-01,753,12,6.45,81.0,47.2,2.18,1,2,1,0.0,2,0,0
2024-01-01,753,13,6.51,83.6,45.6,1.97,1,2,1,3.2,2,0,0
2024-02-01,753,14,6.43,77.9,46.7,2.36,1,2,1,3.9,2,0,0
2024-03-01,753,15,6.76,87.8,39.9,1.96,1,2,1,2.5,3,0,0
2024-04-01,753,16,6.71,83.8,44.8,2.36,1,2,1,5.7,3,0,0
2024-05-01,753,17,6.88,77.0,49.1,2.15,1,2,1,10.2,4,0,0
2024-06-01,753,18,6.86,78.1,47.1,2.28,1,2,1,0.0,4,0,0
2023-01-01,754,1,8.69,89.4,29.0,3.64,0,0,0,3.6,0,0,0
2023-02-01,754,2,8.49,74.3,36.0,3.61,0,0,1,5.4,0,0,0
2023-03-01,754,3,8.68,84.9,30.3,3.65,0,0,1,0.0,0,0,0
2023-04-01,754,4,8.81,87.5,39.4,3.71,0,0,1,0.2,0,0,0
2023-05-01,754,5,8.66,91.8,27.7,3.39,0,1,1,6.1,0,0,0
2023-06-01,754,6,8.93,80.4,32.1,3.78,0,1,1,0.0,0,0,0
2023-07-01,754,7,8.9,76.7,38.8,3.82,0,1,1,6.4,0,0,0
2023-08-01,754,8,8.8,85.9,32.3,3.66,0,1,1,3.5,0,0,1
2023-09-01,754,9,8.92,81.1,36.0,3.55,1,1,1,3.9,0,0,1
2023-10-01,754,10,8.84,80.0,35.9,3.93,1,2,1,3.1,0,0,1
2023-11-01,754,11,9.32,81.3,33.0,3.62,1,2,1,5.7,0,0,1
2023-12-01,754,12,9.13,76.3,33.7,3.79,1,2,1,3.0,0,0,1
2024-01-01,754,13,9.3,75.9,37.8,3.64,1,2,1,0.0,0,0,1
2024-02-01,754,14,9.19,86.0,32.7,3.95,1,2,1,4.2,0,0,1
2024-03-01,754,15,9.33,77.5,29.2,3.71,1,2,1,3.4,1,0,1
2024-04-01,754,16,9.38,79.8,32.3,3.71,1,2,1,3.2,1,0,1
2024-05-01,754,17,9.49,82.2,31.4,3.96,1,2,1,0.0,2,0,1
2024-06-01,754,18,9.31,75.3,33.2,3.62,1,2,1,2.7,2,0,1
2023-01-01,755,1,8.7,80.9,71.6,4.69,0,1,0,4.4,0,2,0
2023-02-01,755,2,8.31,80.2,73.5,5.0,0,1,0,6.3,0,2,0
2023-03-01,755,3,8.53,80.0,69.5,5.0,0,1,0,3.5,0,2,0
2023-04-01,755,4,8.6,75.0,76.6,4.91,0,1,0,7.4,0,2,0
2023-05-01,755,5,8.58,79.4,77.2,5.0,1,1,0,2.2,0,2,0
2023-06-01,755,6,8.63,74.7,76.7,5.0,1,1,0,2.4,0,2,0
2023-07-01,755,7,8.44,82.2,72.8,4.8,1,1,0,3.1,0,2,0
2023-08-01,755,8,8.32,75.6,72.4,5.0,1,1,0,1.0,0,2,0
2023-09-01,755,9,8.33,74.0,75.3,5.0,1,1,0,0.0,0,2,0
2023-10-01,755,10,8.44,73.6,78.3,5.0,1,1,0,6.5,0,2,0
2023-11-01,755,11,8.64,78.5,73.0,5.0,1,1,0,5.7,0,2,0
2023-12-01,755,12,8.65,76.5,76.6,4.88,1,1,0,1.6,0,2,0
2024-01-01,755,13,8.89,76.7,77.2,5.0,1,1,0,2.2,0,2,1
2024-02-01,755,14,8.96,80.4,79.5,5.0,1,1,0,6.2,0,2,1
2024-03-01,755,15,8.77,83.8,83.7,5.0,1,1,0,5.3,0,2,1
2024-04-01,755,16,8.74,80.6,78.2,5.0,2,1,0,1.9,0,2,1
2024-05-01,755,17,8.47,74.3,74.2,5.0,2,1,0,5.3,0,1,1
2024-06-01,755,18,8.64,72.4,78.1,5.0,2,1,0,3.6,1,1,1
2023-01-01,756,1,7.82,92.5,76.4,2.76,1,0,0,5.1,0,0,0
2023-02-01,756,2,8.03,91.4,66.5,2.91,1,0,0,4.2,0,0,0
2023-03-01,756,3,8.05,92.0,77.0,2.89,1,0,0,0.1,0,0,0
2023-04-01,756,4,8.01,90.3,76.4,2.96,1,0,0,2.7,0,0,0
2023-05-01,756,5,8.09,90.6,75.9,3.01,1,0,0,4.1,0,0,0
2023-06-01,756,6,8.06,89.6,76.5,3.1,1,0,0,4.0,0,0,0
2023-07-01,756,7,8.11,99.5,80.9,2.83,1,0,0,4.2,0,0,0
2023-08-01,756,8,8.32,97.9,75.6,3.14,1,0,0,2.4,1,0,0
2023-09-01,756,9,8.12,88.3,77.6,2.83,1,0,0,1.2,1,0,0
2023-10-01,756,10,8.27,98.3,81.4,2.87,1,0,0,5.6,1,0,0
2023-11-01,756,11,8.28,92.5,70.0,2.98,2,0,0,2.4,1,0,0
2023-12-01,756,12,8.18,92.3,74.5,3.12,2,0,0,6.7,1,0,0
2024-01-01,756,13,8.56,92.6,80.1,2.97,2,0,0,7.0,1,0,0
2024-02-01,756,14,8.57,90.5,79.6,3.03,2,0,0,8.1,1,0,0
2024-03-01,756,15,8.37,88.4,72.6,2.96,2,0,0,5.6,1,0,0
2024-04-01,756,16,8.47,92.0,79.0,3.04,2,0,0,4.3,2,0,0
2024-05-01,756,17,8.56,94.9,74.9,3.17,2,0,0,4.7,2,0,0
2024-06-01,756,18,8.49,94.0,71.9,3.1,2,0,0,4.3,2,0,0
2023-01-01,757,1,6.14,85.9,80.6,2.0,1,0,1,9.3,0,0,0
2023-02-01,757,2,6.44,85.4,71.5,2.11,1,0,1,14.4,0,0,0
2023-03-01,757,3,6.12,95.8,72.1,2.08,1,0,1,12.6,0,0,0
2023-04-01,757,4,6.42,84.4,78.6,1.92,1,0,2,14.9,0,0,0
2023-05-01,757,5,6.19,85.8,73.9,2.25,1,0,2,10.8,0,0,0
2023-06-01,757,6,6.5,84.6,70.7,1.99,1,0,2,9.9,0,0,0
2023-07-01,757,7,6.38,87.1,80.9,1.97,1,0,2,13.3,0,0,0
2023-08-01,757,8,6.43,89.0,81.5,2.4,1,1,2,11.9,0,0,0
2023-09-01,757,9,6.51,91.2,82.1,2.39,1,1,2,12.8,0,0,0
2023-10-01,757,10,6.47,88.1,77.5,2.2,1,1,2,11.9,0,0,0
2023-11-01,757,11,6.6,84.8,84.3,2.04,1,1,2,9.7,0,0,1
2023-12-01,757,12,6.41,85.6,83.1,1.96,1,2,2,9.8,1,0,1
2024-01-01,757,13,6.6,85.5,87.1,2.01,1,2,3,8.7,1,0,1
2024-02-01,757,14,6.4,85.7,80.7,2.12,1,2,4,9.8,1,0,1
2024-03-01,757,15,6.79,83.3,82.5,2.2,1,2,4,12.1,1,0,1
2024-04-01,757,16,6.58,85.4,80.7,2.54,1,2,4,14.4,1,0,1
2024-05-01,757,17,6.87,87.2,94.3,1.91,1,2,4,9.8,1,0,1
2024-06-01,757,18,6.58,92.2,81.1,2.15,1,2,4,11.4,1,0,1
2023-01-01,758,1,7.77,89.3,52.6,3.7,0,0,1,1.4,0,0,0
2023-02-01,758,2,7.51,86.0,49.1,3.89,0,0,1,6.5,0,0,0
2023-03-01,758,3,7.64,78.4,47.6,3.8,0,0,1,4.9,0,0,0
2023-04-01,758,4,7.74,77.1,50.2,3.84,0,0,1,6.5,0,0,0
2023-05-01,758,5,7.86,83.7,55.8,3.94,0,0,1,6.8,0,0,0
2023-06-01,758,6,7.72,90.3,44.0,4.18,0,0,1,8.2,0,0,0
2023-07-01,758,7,7.85,84.6,56.8,3.8,0,0,1,8.6,0,0,0
2023-08-01,758,8,7.61,83.8,52.6,3.96,0,0,1,9.3,0,0,0
2023-09-01,758,9,7.81,83.1,56.0,4.02,0,0,1,10.5,0,0,0
2023-10-01,758,10,7.65,75.6,52.2,3.94,0,0,1,3.9,0,0,0
2023-11-01,758,11,7.86,80.3,54.9,3.85,0,0,1,4.9,0,0,0
2023-12-01,758,12,7.85,79.6,60.5,3.97,0,0,1,8.0,0,0,0
2024-01-01,758,13,7.98,79.0,60.7,4.22,0,0,1,9.5,0,0,0
2024-02-01,758,14,7.64,75.5,51.6,3.9,0,0,1,8.0,0,0,0
2024-03-01,758,15,7.78,88.0,54.6,3.75,0,0,1,9.7,0,0,0
2024-04-01,758,16,7.85,90.2,60.2,3.93,0,0,1,9.0,1,0,1
2024-05-01,758,17,7.87,80.6,57.3,3.95,0,0,1,9.4,2,0,1
2024-06-01,758,18,7.91,77.2,58.5,4.04,0,0,1,11.6,2,0,1
2023-01-01,759,1,7.63,88.9,54.7,2.86,0,0,0,7.3,0,0,0
2023-02-01,759,2,7.53,87.9,60.5,2.68,0,0,0,10.7,0,0,0
2023-03-01,759,3,7.55,83.4,51.3,2.62,1,0,0,0.3,0,0,0
2023-04-01,759,4,7.5,89.5,62.9,2.96,1,0,0,4.5,0,0,0
2023-05-01,759,5,7.58,91.4,57.1,2.52,1,1,0,5.4,0,0,0
2023-06-01,759,6,7.75,89.6,59.1,2.75,1,1,1,10.1,0,0,0
2023-07-01,759,7,7.74,92.9,57.6,2.85,1,1,1,5.4,0,0,0
2023-08-01,759,8,7.77,85.8,56.7,2.66,1,1,2,2.3,0,0,0
2023-09-01,759,9,7.96,96.4,54.3,2.96,1,1,3,6.1,0,0,0
2023-10-01,759,10,7.94,87.7,57.7,3.07,1,1,3,1.6,0,0,0
2023-11-01,759,11,7.78,92.2,62.6,2.98,1,2,3,9.7,0,0,0
2023-12-01,759,12,7.77,89.8,61.3,2.77,1,2,3,4.4,0,0,0
2024-01-01,759,13,7.93,90.4,61.0,2.83,1,2,3,10.0,0,0,0
2024-02-01,759,14,8.21,89.6,57.0,3.05,1,2,3,5.3,0,0,0
2024-03-01,759,15,8.2,89.2,58.0,2.59,1,2,3,6.0,0,0,0
2024-04-01,759,16,8.1,85.6,64.5,2.82,1,2,3,6.3,0,0,0
2024-05-01,759,17,8.35,85.9,64.6,2.98,1,2,3,4.1,0,0,0
2024-06-01,759,18,8.32,87.9,60.4,2.69,1,2,4,7.2,0,0,1
2023-01-01,760,1,7.27,81.2,62.3,4.16,0,0,0,4.3,0,0,0
2023-02-01,760,2,7.46,76.0,68.7,4.2,1,0,0,9.1,0,0,0
2023-03-01,760,3,7.15,85.6,67.0,4.29,1,0,0,4.1,0,0,0
2023-04-01,760,4,7.58,81.2,73.9,4.38,2,0,0,1.7,0,0,0
2023-05-01,760,5,7.43,82.6,65.3,3.98,2,0,0,7.3,0,0,0
2023-06-01,760,6,7.4,85.7,74.0,3.92,2,0,0,3.8,0,0,1
2023-07-01,760,7,7.5,82.9,67.8,4.11,2,0,0,5.5,0,0,1
2023-08-01,760,8,7.7,81.6,79.2,4.25,2,1,0,7.3,1,0,1
2023-09-01,760,9,7.81,80.9,75.5,4.12,2,1,0,1.4,1,0,1
2023-10-01,760,10,7.82,85.4,72.2,4.11,2,1,0,4.3,1,0,1
2023-11-01,760,11,7.96,88.6,73.8,4.08,2,1,0,3.8,1,0,1
2023-12-01,760,12,7.96,87.8,73.5,4.37,2,1,1,8.9,1,0,1
2024-01-01,760,13,7.84,89.2,77.2,4.22,2,1,1,8.8,2,0,1
2024-02-01,760,14,8.07,87.0,78.1,4.06,2,1,1,7.7,2,0,1
2024-03-01,760,15,7.93,75.9,73.4,4.36,2,1,1,8.8,3,0,1
2024-04-01,760,16,7.91,81.4,80.8,4.27,2,1,1,10.5,4,0,1
2024-05-01,760,17,8.25,86.6,76.3,4.22,2,1,1,8.0,4,0,1
2024-06-01,760,18,8.2,81.4,79.2,4.39,2,1,1,10.7,4,0,1
2023-01-01,761,1,8.02,100.0,70.0,2.94,1,2,0,6.4,0,0,0
2023-02-01,761,2,8.01,96.9,68.2,3.19,1,2,0,9.0,0,0,0
2023-03-01,761,3,8.23,100.0,66.5,3.09,1,2,0,10.8,0,0,0
2023-04-01,761,4,8.24,100.0,67.8,3.04,1,2,0,8.8,0,0,0
2023-05-01,761,5,8.1,100.0,67.3,2.8,1,2,0,6.4,0,0,0
2023-06-01,761,6,8.14,93.8,61.1,3.16,2,2,0,6.2,0,0,0
2023-07-01,761,7,7.81,100.0,62.6,3.15,2,2,0,6.8,0,0,0
2023-08-01,761,8,8.04,99.8,67.1,3.06,2,2,0,7.4,0,0,0
2023-09-01,761,9,8.18,100.0,64.6,3.19,2,2,0,4.8,0,0,0
2023-10-01,761,10,8.25,91.3,69.8,3.05,3,2,0,3.4,0,0,0
2023-11-01,761,11,8.32,100.0,67.6,2.86,3,2,0,10.5,0,0,0
2023-12-01,761,12,8.18,98.3,75.5,3.19,3,2,0,8.5,0,0,0
2024-01-01,761,13,8.18,98.8,71.3,3.16,3,2,0,5.0,0,0,0
2024-02-01,761,14,8.16,95.5,64.4,3.22,3,2,0,3.7,0,0,0
2024-03-01,761,15,8.3,97.7,74.4,3.1,3,2,0,3.4,0,0,0
2024-04-01,761,16,8.26,100.0,69.1,3.09,3,3,0,4.6,0,0,0
2024-05-01,761,17,8.03,98.8,71.6,2.94,3,3,0,7.0,1,0,0
2024-06-01,761,18,8.32,95.7,72.9,3.15,3,3,0,7.7,1,0,0
2023-01-01,762,1,7.63,84.3,58.1,2.84,1,1,0,0.8,0,0,0
2023-02-01,762,2,7.43,84.4,51.4,2.91,1,1,0,10.7,0,0,0
2023-03-01,762,3,7.58,77.0,49.8,2.56,1,1,0,4.8,0,0,0
2023-04-01,762,4,7.55,82.9,57.9,2.65,1,1,0,7.3,0,0,0
2023-05-01,762,5,7.83,86.2,55.2,2.7,1,1,0,1.0,0,0,0
2023-06-01,762,6,7.65,72.5,54.8,2.78,1,1,0,2.0,0,0,0
2023-07-01,762,7,7.8,82.2,51.8,2.63,2,1,0,0.1,0,0,0
2023-08-01,762,8,7.65,90.6,60.5,2.62,2,1,0,6.3,0,0,0
2023-09-01,762,9,7.68,82.2,57.7,3.09,2,1,0,7.1,0,0,0
2023-10-01,762,10,7.83,85.5,53.6,2.93,2,1,0,8.2,0,0,0
2023-11-01,762,11,7.57,81.5,57.3,2.52,2,1,0,6.6,0,0,0
2023-12-01,762,12,7.83,75.1,58.6,2.9,2,1,0,6.7,0,0,0
2024-01-01,762,13,7.95,79.2,52.3,2.78,2,1,0,5.5,0,0,0
2024-02-01,762,14,7.88,79.1,53.0,2.84,2,1,0,5.0,0,0,0
2024-03-01,762,15,8.2,91.9,58.5,3.15,2,1,0,8.4,0,0,0
2024-04-01,762,16,8.02,82.1,53.7,2.65,2,1,0,4.4,0,0,0
2024-05-01,762,17,8.26,85.4,62.6,2.94,2,1,0,8.1,0,0,0
2024-06-01,762,18,7.97,87.1,56.5,3.07,2,1,0,4.4,0,0,0
2023-01-01,763,1,7.52,89.4,32.9,3.11,0,1,1,2.8,0,0,0
2023-02-01,763,2,7.7,88.5,28.0,2.97,0,1,1,8.2,1,0,0
2023-03-01,763,3,7.62,77.9,35.7,2.89,0,1,1,8.4,1,0,0
2023-04-01,763,4,7.57,82.3,34.8,3.0,0,1,1,1.3,1,0,0
2023-05-01,763,5,7.64,85.7,36.0,3.16,0,1,1,4.1,1,0,0
2023-06-01,763,6,7.51,79.9,38.0,3.07,1,1,1,4.3,1,0,0
2023-07-01,763,7,7.68,72.4,38.7,3.23,2,1,1,2.3,1,0,0
2023-08-01,763,8,7.59,78.4,39.6,3.15,2,1,1,4.0,1,0,0
2023-09-01,763,9,7.77,85.2,41.9,3.13,2,1,1,4.6,1,0,0
2023-10-01,763,10,7.67,78.7,39.4,3.32,2,1,1,5.2,1,0,0
2023-11-01,763,11,7.68,89.7,40.0,2.75,2,1,1,1.3,1,0,0
2023-12-01,763,12,8.0,80.3,30.1,3.17,2,1,1,1.3,1,0,0
2024-01-01,763,13,7.96,84.6,40.0,3.11,2,1,1,3.2,1,0,0
2024-02-01,763,14,7.88,95.6,37.7,3.37,2,1,1,10.1,1,0,1
2024-03-01,763,15,8.02,81.1,47.6,3.33,2,1,1,0.0,1,0,1
2024-04-01,763,16,7.83,86.3,34.3,3.34,2,1,1,3.9,1,0,1
2024-05-01,763,17,7.77,84.8,40.1,3.31,3,1,1,2.3,1,0,1
2024-06-01,763,18,7.96,79.6,35.7,3.46,3,1,1,1.5,1,0,1
2023-01-01,764,1,7.62,62.3,60.6,3.62,0,0,0,6.8,0,0,0
2023-02-01,764,2,7.63,63.4,59.4,3.75,0,0,0,7.7,0,0,0
2023-03-01,764,3,7.54,60.4,70.0,4.1,0,1,0,12.7,0,0,0
2023-04-01,764,4,7.5,67.6,67.1,3.47,0,1,0,6.1,0,0,0
2023-05-01,764,5,7.52,63.9,61.9,3.73,1,1,0,9.0,1,0,0
2023-06-01,764,6,7.59,69.9,63.5,3.79,1,1,0,5.9,1,0,0
2023-07-01,764,7,7.7,69.3,61.8,3.81,1,1,0,8.5,1,0,0
2023-08-01,764,8,7.8,60.1,65.8,3.89,1,1,0,7.3,1,0,0
2023-09-01,764,9,7.7,67.9,62.0,3.72,1,1,0,9.0,1,0,0
2023-10-01,764,10,7.75,62.8,68.2,3.68,1,2,0,7.1,2,0,0
2023-11-01,764,11,7.92,66.8,69.6,3.79,1,2,0,10.3,2,0,0
2023-12-01,764,12,7.85,69.3,58.8,4.0,1,2,0,9.6,2,0,0
2024-01-01,764,13,7.95,62.8,65.7,4.25,1,2,0,7.5,3,0,0
2024-02-01,764,14,8.12,63.7,70.0,3.71,1,2,0,7.7,3,0,0
2024-03-01,764,15,8.12,71.0,75.1,3.8,1,2,0,9.8,3,0,0
2024-04-01,764,16,8.17,61.6,68.3,4.02,1,2,0,9.9,3,0,0
2024-05-01,764,17,7.94,65.4,69.0,4.04,1,2,0,10.7,3,0,1
2024-06-01,764,18,8.17,60.9,69.9,3.99,1,2,0,5.6,3,0,1
2023-01-01,765,1,7.31,76.1,72.4,3.27,0,0,0,5.8,0,0,0
2023-02-01,765,2,7.34,77.1,63.5,2.94,0,0,0,8.0,0,0,0
2023-03-01,765,3,7.48,73.6,78.8,3.03,0,0,0,7.2,0,0,0
2023-04-01,765,4,7.36,81.6,75.8,3.06,0,0,0,8.1,0,0,0
2023-05-01,765,5,7.23,76.6,82.7,3.34,0,0,0,3.1,0,0,0
2023-06-01,765,6,7.41,77.2,80.5,3.27,0,0,0,3.0,0,0,0
2023-07-01,765,7,7.49,77.2,71.8,3.1,0,0,0,6.4,0,0,0
2023-08-01,765,8,7.55,75.4,74.7,3.06,0,0,0,2.7,0,0,0
2023-09-01,765,9,7.63,77.1,68.9,2.93,0,1,1,2.6,0,0,0
2023-10-01,765,10,7.72,75.9,76.8,3.26,0,1,1,2.1,0,0,0
2023-11-01,765,11,7.89,74.5,88.0,3.16,0,2,1,6.6,0,0,0
2023-12-01,765,12,7.53,78.4,77.5,3.01,1,2,1,5.7,0,0,0
2024-01-01,765,13,7.72,75.9,78.0,2.89,1,2,1,6.1,0,0,0
2024-02-01,765,14,7.83,75.3,80.2,3.05,1,2,1,5.2,0,0,0
2024-03-01,765,15,7.83,78.5,79.8,3.08,1,2,1,4.1,0,0,0
2024-04-01,765,16,7.83,76.5,77.3,3.32,1,2,1,1.4,0,0,0
2024-05-01,765,17,7.74,76.7,81.3,3.15,1,2,1,5.7,0,0,1
2024-06-01,765,18,8.26,72.1,79.2,3.34,1,2,1,5.0,0,0,1
2023-01-01,766,1,5.45,95.9,34.7,2.93,1,0,0,16.3,0,0,0
2023-02-01,766,2,5.47,81.9,36.1,2.89,1,0,0,12.3,0,0,0
2023-03-01,766,3,5.45,94.2,41.0,3.17,2,0,0,13.0,0,0,0
2023-04-01,766,4,5.58,100.0,38.6,2.82,3,0,0,10.9,0,0,0
2023-05-01,766,5,5.7,95.5,49.0,2.91,3,0,1,7.0,0,0,0
2023-06-01,766,6,5.72,87.9,43.6,2.94,3,0,1,5.6,1,0,0
2023-07-01,766,7,5.88,91.9,41.1,2.79,3,0,1,12.7,1,0,0
2023-08-01,766,8,5.95,98.4,42.8,3.13,3,0,1,2.4,1,0,0
2023-09-01,766,9,6.01,86.5,45.9,2.7,3,0,1,10.2,1,0,0
2023-10-01,766,10,5.9,92.9,51.6,2.82,3,0,2,11.4,2,0,0
2023-11-01,766,11,5.94,93.5,47.1,3.15,3,0,3,13.3,2,0,0
2023-12-01,766,12,6.06,92.2,45.4,2.78,3,0,3,11.3,2,0,0
2024-01-01,766,13,6.15,94.2,52.1,2.89,3,0,3,10.6,2,0,0
2024-02-01,766,14,5.84,91.8,52.3,2.93,3,0,3,10.3,2,0,0
2024-03-01,766,15,6.24,89.2,58.5,2.93,3,0,3,4.9,2,0,0
2024-04-01,766,16,5.98,96.4,52.4,3.02,4,1,3,8.8,2,0,0
2024-05-01,766,17,5.99,96.7,49.9,2.97,4,1,3,8.0,2,0,0
2024-06-01,766,18,6.06,90.2,54.4,2.9,4,1,3,11.1,2,0,0
2023-01-01,767,1,7.25,62.5,66.4,3.12,0,1,1,5.1,0,0,0
2023-02-01,767,2,7.09,74.7,63.4,3.22,0,1,1,2.0,0,0,0
2023-03-01,767,3,7.2,63.8,67.2,3.15,0,2,1,4.1,0,0,0
2023-04-01,767,4,7.28,70.4,70.1,3.17,0,2,1,8.9,0,0,0
2023-05-01,767,5,7.17,64.4,68.9,3.01,1,2,1,9.8,0,0,0
2023-06-01,767,6,7.23,69.7,71.6,2.94,1,2,1,2.9,0,0,0
2023-07-01,767,7,7.23,72.0,68.3,3.08,1,2,1,8.1,0,0,0
2023-08-01,767,8,7.17,70.6,72.7,3.31,1,2,1,8.0,0,0,0
2023-09-01,767,9,7.38,68.6,71.6,3.09,1,2,1,7.5,0,0,0
2023-10-01,767,10,7.45,69.7,70.7,3.18,1,2,1,0.0,0,0,0
2023-11-01,767,11,7.64,65.3,69.0,2.89,1,2,1,4.6,0,0,0
2023-12-01,767,12,7.5,70.0,63.2,3.15,1,2,1,3.7,0,0,0
2024-01-01,767,13,7.51,76.4,65.8,3.27,1,2,1,7.7,0,0,0
2024-02-01,767,14,7.38,71.3,65.8,2.96,1,2,1,10.6,0,0,0
2024-03-01,767,15,7.38,66.1,71.8,3.06,1,2,1,7.1,0,0,0
2024-04-01,767,16,7.49,72.8,73.0,3.4,1,2,1,0.9,0,0,0
2024-05-01,767,17,7.51,70.3,76.0,3.47,1,2,1,4.9,1,0,1
2024-06-01,767,18,7.73,63.1,75.5,3.02,1,2,1,2.2,1,0,1
2023-01-01,768,1,6.59,68.6,65.0,2.54,0,0,1,6.3,0,0,0
2023-02-01,768,2,6.63,63.1,62.4,2.53,0,0,1,10.0,0,0,0
2023-03-01,768,3,6.37,60.6,60.3,2.36,0,1,1,8.6,0,0,0
2023-04-01,768,4,6.59,55.9,67.0,2.43,0,1,1,9.1,0,0,0
2023-05-01,768,5,6.59,55.7,72.6,2.24,0,1,1,7.2,0,0,0
2023-06-01,768,6,6.66,62.0,64.9,2.23,0,1,1,11.3,0,0,0
2023-07-01,768,7,6.79,58.7,69.1,2.25,0,1,1,10.2,0,0,1
2023-08-01,768,8,6.6,61.4,70.4,2.66,0,1,1,5.9,0,0,1
2023-09-01,768,9,6.73,60.1,68.8,2.41,0,1,1,6.8,0,0,1
2023-10-01,768,10,6.7,60.4,68.8,2.35,0,1,1,8.8,1,0,1
2023-11-01,768,11,6.62,59.9,69.4,2.45,0,1,1,8.8,1,0,1
2023-12-01,768,12,6.82,62.9,71.2,2.57,0,1,1,11.1,1,0,1
2024-01-01,768,13,6.6,64.1,69.2,2.77,0,1,1,10.4,1,0,1
2024-02-01,768,14,6.81,65.0,74.4,2.5,0,1,1,6.5,1,0,1
2024-03-01,768,15,6.8,58.6,75.2,2.6,0,1,2,11.5,2,0,1
2024-04-01,768,16,6.9,63.2,72.1,2.59,0,1,2,10.6,2,0,1
2024-05-01,768,17,6.95,59.3,74.1,2.38,0,1,2,10.1,2,0,1
2024-06-01,768,18,6.81,58.9,76.3,2.61,0,1,3,6.8,3,0,1
2023-01-01,769,1,5.98,83.0,68.7,3.44,0,1,0,11.1,0,0,0
2023-02-01,769,2,6.02,87.7,73.6,3.32,0,1,0,10.9,0,0,0
2023-03-01,769,3,6.11,86.6,75.8,3.49,0,1,0,12.6,0,0,0
2023-04-01,769,4,5.98,84.0,64.3,3.54,0,1,0,6.7,0,0,0
2023-05-01,769,5,6.11,78.3,65.5,3.44,0,1,0,8.9,0,0,0
2023-06-01,769,6,6.17,75.9,71.3,3.64,0,2,0,15.7,0,0,0
2023-07-01,769,7,6.21,83.1,73.5,3.3,1,2,0,10.2,0,0,0
2023-08-01,769,8,6.1,75.0,74.2,3.51,1,2,0,8.8,0,0,0
2023-09-01,769,9,6.36,82.4,69.6,3.37,1,2,0,10.9,0,0,0
2023-10-01,769,10,6.29,84.6,76.1,3.57,1,2,0,13.0,0,0,0
2023-11-01,769,11,6.32,79.5,84.4,3.43,1,2,0,8.4,0,0,0
2023-12-01,769,12,6.18,78.4,69.8,3.4,1,2,0,5.4,0,0,0
2024-01-01,769,13,6.38,82.6,74.8,3.75,1,2,0,13.6,0,0,0
2024-02-01,769,14,6.41,84.5,74.4,3.64,1,2,0,12.8,0,0,0
2024-03-01,769,15,6.52,77.8,83.4,3.52,1,2,0,7.5,0,0,0
2024-04-01,769,16,6.51,82.0,82.6,3.58,1,2,0,11.6,1,0,0
2024-05-01,769,17,6.5,81.9,74.1,3.7,1,2,0,11.9,1,0,0
2024-06-01,769,18,6.69,93.8,90.5,3.89,1,3,0,11.2,2,0,0
2023-01-01,770,1,8.2,93.1,74.8,2.16,0,0,0,2.6,0,0,0
2023-02-01,770,2,8.3,100.0,74.6,2.0,0,0,0,7.7,1,0,0
2023-03-01,770,3,8.34,89.6,75.9,1.95,0,0,0,0.0,1,0,0
2023-04-01,770,4,8.23,93.1,73.6,1.95,0,0,0,5.2,1,0,0
2023-05-01,770,5,8.62,100.0,67.2,1.91,0,0,0,1.4,2,0,0
2023-06-01,770,6,8.59,97.3,67.9,1.73,0,0,0,3.6,2,0,0
2023-07-01,770,7,8.86,93.2,75.2,1.8,0,0,0,7.7,2,0,0
2023-08-01,770,8,8.56,96.2,73.3,1.99,0,0,0,3.8,2,0,0
2023-09-01,770,9,8.46,100.0,67.3,2.33,0,1,0,3.8,2,0,0
2023-10-01,770,10,8.72,100.0,77.2,2.13,0,1,0,4.1,2,0,0
2023-11-01,770,11,8.8,96.8,74.7,1.98,0,1,0,0.6,2,0,0
2023-12-01,770,12,8.68,100.0,72.4,1.91,0,1,0,7.6,2,0,0
2024-01-01,770,13,8.77,97.6,74.3,2.01,0,1,0,2.0,2,0,0
2024-02-01,770,14,8.8,89.3,77.9,2.16,0,1,0,9.1,2,0,0
2024-03-01,770,15,8.9,100.0,74.3,2.18,0,1,0,5.5,3,0,0
2024-04-01,770,16,9.06,92.9,82.2,1.97,0,1,0,0.1,3,0,0
2024-05-01,770,17,8.95,97.9,81.5,1.84,0,1,0,6.5,3,0,1
2024-06-01,770,18,8.93,92.7,71.4,2.04,0,1,0,5.0,3,0,1
2023-01-01,771,1,8.17,83.3,49.8,3.17,0,1,1,3.2,0,0,0
2023-02-01,771,2,8.3,82.3,48.3,2.91,0,1,1,9.0,0,0,0
2023-03-01,771,3,8.29,91.7,55.9,3.07,0,1,1,3.1,0,0,0
2023-04-01,771,4,8.48,79.5,45.6,2.9,0,1,1,1.0,0,0,0
2023-05-01,771,5,8.65,78.9,45.7,3.01,0,1,1,0.0,0,0,0
2023-06-01,771,6,8.48,82.4,48.5,2.97,0,1,1,2.9,0,0,0
2023-07-01,771,7,8.66,86.2,54.4,2.94,0,2,1,11.0,0,0,0
2023-08-01,771,8,8.63,90.2,49.0,2.88,0,2,2,1.8,0,0,0
2023-09-01,771,9,8.66,80.1,48.7,3.32,0,2,2,7.8,1,0,0
2023-10-01,771,10,8.75,78.2,47.6,2.94,0,2,2,2.1,1,0,0
2023-11-01,771,11,8.74,83.2,48.2,3.12,0,2,2,3.9,1,0,0
2023-12-01,771,12,8.78,84.4,45.5,3.04,0,2,2,3.3,1,0,1
2024-01-01,771,13,9.02,82.9,52.7,2.99,1,2,2,5.7,1,0,1
2024-02-01,771,14,8.83,82.4,45.8,2.8,1,2,2,3.9,1,0,1
2024-03-01,771,15,8.93,76.2,47.2,2.9,1,2,2,3.6,1,0,1
2024-04-01,771,16,9.16,86.4,45.7,3.38,1,2,2,5.5,1,0,1
2024-05-01,771,17,8.78,85.2,50.9,3.11,1,2,2,8.0,1,0,1
2024-06-01,771,18,9.19,79.9,53.6,3.03,1,2,2,6.0,1,0,1
2023-01-01,772,1,8.12,79.5,35.1,3.89,1,1,0,15.6,0,0,0
2023-02-01,772,2,8.05,74.1,33.9,3.78,1,1,0,9.7,0,0,0
2023-03-01,772,3,8.09,73.0,33.6,3.85,1,1,0,12.1,0,0,0
2023-04-01,772,4,8.04,86.0,41.3,4.22,1,2,0,11.0,0,0,0
2023-05-01,772,5,8.04,80.6,35.0,3.81,1,2,0,11.8,0,0,0
2023-06-01,772,6,8.34,75.2,43.3,3.91,1,2,0,10.6,0,0,0
2023-07-01,772,7,8.08,80.5,39.8,3.87,1,3,0,11.0,0,0,0
2023-08-01,772,8,8.36,80.2,37.7,3.63,1,3,0,13.5,0,0,0
2023-09-01,772,9,8.21,75.4,37.4,3.94,1,3,0,10.4,1,0,0
2023-10-01,772,10,8.13,79.9,44.5,3.92,2,4,0,15.2,1,0,0
2023-11-01,772,11,8.25,81.9,43.8,4.15,2,4,0,10.9,1,0,0
2023-12-01,772,12,8.32,86.5,45.5,4.01,2,4,0,11.5,1,0,0
2024-01-01,772,13,8.45,77.8,44.2,3.8,2,4,0,12.4,1,0,0
2024-02-01,772,14,8.11,80.9,44.6,3.94,2,5,0,11.4,1,0,1
2024-03-01,772,15,8.4,82.6,42.8,3.79,2,5,0,11.3,1,0,1
2024-04-01,772,16,8.37,68.7,47.6,3.74,2,5,0,15.5,2,0,1
2024-05-01,772,17,8.35,74.3,48.6,4.05,2,5,0,9.9,2,0,1
2024-06-01,772,18,8.16,80.6,47.9,3.82,3,5,0,13.5,3,0,1
2023-01-01,773,1,7.3,65.6,46.4,3.38,0,1,0,5.0,0,0,0
2023-02-01,773,2,7.26,64.8,52.9,3.43,0,1,0,4.5,0,0,0
2023-03-01,773,3,7.01,66.8,45.3,3.53,0,2,0,3.7,0,0,0
2023-04-01,773,4,7.37,63.4,51.7,3.57,0,2,0,6.6,0,0,0
2023-05-01,773,5,7.27,60.7,52.9,3.43,0,2,0,6.7,0,0,0
2023-06-01,773,6,7.51,71.1,58.4,3.24,0,2,0,5.3,0,0,0
2023-07-01,773,7,7.49,56.9,53.7,3.51,0,2,0,4.7,0,0,0
2023-08-01,773,8,7.22,68.7,62.7,3.5,0,2,0,10.5,0,0,0
2023-09-01,773,9,7.42,61.9,59.1,3.76,0,2,0,8.3,0,0,0
2023-10-01,773,10,7.27,60.0,53.9,3.41,0,2,0,5.6,1,0,0
2023-11-01,773,11,7.56,59.7,48.7,3.49,0,2,0,5.7,1,0,0
2023-12-01,773,12,7.35,65.5,56.7,3.5,0,2,0,7.5,1,0,0
2024-01-01,773,13,7.59,73.0,56.3,3.43,0,2,0,10.6,1,0,0
2024-02-01,773,14,7.51,63.0,58.5,3.65,0,2,0,3.1,1,0,0
2024-03-01,773,15,7.46,64.0,55.7,3.85,0,2,0,5.0,1,0,1
2024-04-01,773,16,7.71,63.8,52.6,3.61,0,2,0,14.4,1,0,1
2024-05-01,773,17,7.67,69.9,55.6,3.52,1,2,0,9.3,1,0,1
2024-06-01,773,18,7.69,57.6,59.1,3.66,1,2,0,5.9,2,0,1
2023-01-01,774,1,7.9,92.4,76.2,3.66,0,2,0,11.6,0,0,0
2023-02-01,774,2,8.02,85.6,72.1,3.81,0,3,0,11.5,0,0,0
2023-03-01,774,3,8.29,92.9,69.4,3.67,0,3,0,8.8,0,0,1
2023-04-01,774,4,8.09,89.8,73.2,3.82,0,3,0,10.4,0,0,1
2023-05-01,774,5,8.19,82.2,79.5,3.54,0,3,0,4.5,0,0,1
2023-06-01,774,6,8.15,82.5,73.4,3.69,1,3,0,10.4,0,0,1
2023-07-01,774,7,8.09,84.0,72.3,3.63,2,3,0,5.9,0,0,1
2023-08-01,774,8,8.22,82.0,66.7,3.72,2,3,0,7.5,1,0,1
2023-09-01,774,9,8.49,86.2,77.6,3.79,2,3,0,10.1,1,0,1
2023-10-01,774,10,8.36,90.5,72.8,3.92,2,3,0,5.8,1,0,1
2023-11-01,774,11,8.39,91.3,75.1,3.69,2,4,0,9.8,2,0,1
2023-12-01,774,12,8.41,88.4,77.2,3.81,2,4,0,5.5,2,0,1
2024-01-01,774,13,8.52,89.6,77.1,3.69,2,4,0,6.7,3,0,1
2024-02-01,774,14,8.65,88.9,80.6,3.37,2,4,1,7.1,4,0,1
2024-03-01,774,15,8.44,83.7,81.2,4.09,2,5,1,3.4,4,0,1
2024-04-01,774,16,8.48,86.7,83.4,3.92,2,5,1,12.6,4,0,1
2024-05-01,774,17,8.82,86.8,81.6,3.63,2,5,1,13.1,5,0,1
2024-06-01,774,18,8.38,85.8,85.3,3.83,2,5,1,7.0,5,0,1
2023-01-01,775,1,6.83,89.5,50.7,3.05,0,0,0,0.8,0,0,0
2023-02-01,775,2,7.02,86.1,47.8,3.34,0,0,0,8.6,0,0,0
2023-03-01,775,3,7.05,94.6,44.4,3.19,0,0,0,0.0,0,0,0
2023-04-01,775,4,7.27,87.9,51.1,3.35,0,0,0,7.1,0,0,0
2023-05-01,775,5,7.09,85.5,56.8,3.12,0,0,0,1.7,0,0,0
2023-06-01,775,6,6.99,87.8,52.9,3.21,0,0,0,4.3,0,0,0
2023-07-01,775,7,7.12,90.3,49.1,3.4,0,0,0,3.6,0,0,0
2023-08-01,775,8,7.03,91.8,51.0,3.2,0,0,0,2.8,0,0,0
2023-09-01,775,9,7.09,85.6,45.2,3.19,0,0,0,2.8,0,0,0
2023-10-01,775,10,7.1,88.8,53.8,3.22,0,0,0,0.0,0,0,0
2023-11-01,775,11,7.23,86.2,45.8,3.13,0,0,0,6.2,0,0,0
2023-12-01,775,12,7.19,86.7,45.2,3.45,0,0,1,6.1,1,0,0
2024-01-01,775,13,7.11,87.3,49.9,3.23,0,0,1,4.3,1,0,0
2024-02-01,775,14,7.2,95.8,52.9,3.16,0,0,1,5.6,1,0,0
2024-03-01,775,15,7.04,87.9,63.7,3.3,0,0,1,7.4,2,0,0
2024-04-01,775,16,7.17,87.3,54.8,3.04,1,0,1,3.2,2,0,0
2024-05-01,775,17,7.31,84.2,51.6,3.45,1,0,1,3.7,2,0,0
2024-06-01,775,18,7.18,93.3,54.8,3.17,1,1,1,3.0,2,0,0
2023-01-01,776,1,7.11,68.0,43.3,3.96,0,1,1,5.5,0,0,0
2023-02-01,776,2,7.27,68.0,48.3,4.04,0,1,1,0.5,0,0,0
2023-03-01,776,3,7.15,58.2,50.4,3.99,1,1,1,4.5,0,0,0
2023-04-01,776,4,7.05,63.0,44.6,4.02,1,1,1,4.9,0,0,0
2023-05-01,776,5,7.41,63.7,51.9,4.12,1,1,1,7.7,0,0,0
2023-06-01,776,6,7.42,70.9,51.6,4.08,1,2,2,9.4,0,0,1
2023-07-01,776,7,7.21,59.9,55.4,4.23,1,2,2,10.9,0,0,1
2023-08-01,776,8,7.18,63.6,52.3,3.96,1,2,2,2.4,0,0,1
2023-09-01,776,9,7.43,67.9,44.1,4.05,1,2,2,9.1,0,0,1
2023-10-01,776,10,7.16,62.6,54.0,4.41,1,2,3,2.6,0,0,1
2023-11-01,776,11,7.6,62.3,54.1,4.0,1,2,3,7.3,1,0,1
2023-12-01,776,12,7.28,72.6,53.4,3.89,1,2,3,3.9,2,0,1
2024-01-01,776,13,7.2,66.6,48.3,4.17,1,2,3,3.4,2,0,1
2024-02-01,776,14,7.15,59.0,54.8,3.99,1,2,3,7.3,2,0,1
2024-03-01,776,15,7.14,55.7,55.0,4.37,1,2,3,4.5,2,0,1
2024-04-01,776,16,7.29,64.1,52.3,4.14,1,2,3,8.2,3,0,1
2024-05-01,776,17,7.62,56.0,56.3,4.24,1,2,3,9.3,4,0,1
2024-06-01,776,18,7.59,63.0,61.1,4.37,1,2,3,3.9,5,0,1
2023-01-01,777,1,6.08,97.4,37.4,3.85,0,0,0,9.0,0,1,0
2023-02-01,777,2,5.96,92.2,33.0,3.94,0,0,1,9.4,0,1,0
2023-03-01,777,3,6.2,87.4,34.5,4.02,0,0,1,6.3,0,0,0
2023-04-01,777,4,6.29,94.2,34.9,3.79,0,0,1,2.9,0,0,0
2023-05-01,777,5,5.98,91.0,35.9,4.22,0,0,1,9.4,1,0,0
2023-06-01,777,6,6.1,91.7,31.8,3.86,0,0,1,10.2,1,0,0
2023-07-01,777,7,6.31,98.1,29.5,3.98,0,0,1,13.4,1,0,0
2023-08-01,777,8,6.38,85.0,35.5,3.94,0,0,1,8.6,1,0,0
2023-09-01,777,9,6.16,89.9,35.2,4.0,0,0,1,5.1,1,0,0
2023-10-01,777,10,6.37,94.9,35.0,4.07,0,0,1,8.1,1,0,0
2023-11-01,777,11,6.4,93.1,41.8,4.08,0,0,1,8.5,2,0,0
2023-12-01,777,12,6.41,94.6,36.6,3.69,0,0,1,9.6,3,0,0
2024-01-01,777,13,6.59,98.5,39.5,3.84,0,0,1,5.2,3,0,0
2024-02-01,777,14,6.7,95.1,40.6,4.12,0,0,1,0.4,4,0,0
2024-03-01,777,15,6.57,95.7,40.2,3.97,0,0,1,4.9,5,0,0
2024-04-01,777,16,6.63,85.1,44.2,4.01,0,0,1,6.4,5,0,0
2024-05-01,777,17,6.6,93.5,33.1,4.11,0,0,1,7.6,5,0,0
2024-06-01,777,18,6.5,91.5,38.7,4.13,0,0,1,6.5,5,0,0
2023-01-01,778,1,7.55,91.7,87.4,3.63,0,0,0,8.3,0,2,0
2023-02-01,778,2,7.39,89.3,85.2,3.44,1,0,0,10.3,0,2,0
2023-03-01,778,3,7.33,83.4,85.1,3.62,1,0,0,10.0,0,2,0
2023-04-01,778,4,7.55,94.6,79.8,3.22,1,0,0,9.5,0,1,0
2023-05-01,778,5,7.57,96.2,94.6,3.6,1,0,0,14.1,0,1,0
2023-06-01,778,6,7.7,89.4,89.6,3.51,2,0,0,11.7,0,1,0
2023-07-01,778,7,7.53,90.0,85.7,3.45,2,1,0,13.2,0,1,0
2023-08-01,778,8,7.59,90.0,90.6,3.55,3,1,0,8.9,1,1,0
2023-09-01,778,9,7.64,86.4,86.9,3.4,3,1,0,15.9,1,1,0
2023-10-01,778,10,7.63,87.8,91.0,3.7,3,1,0,7.8,2,1,0
2023-11-01,778,11,7.71,87.2,94.5,3.83,3,1,0,9.1,2,1,0
2023-12-01,778,12,7.75,91.6,92.7,3.87,3,2,0,13.8,3,1,0
2024-01-01,778,13,7.93,86.5,85.9,3.57,3,2,0,6.4,3,0,0
2024-02-01,778,14,7.78,93.0,98.0,3.47,3,3,0,15.1,3,0,0
2024-03-01,778,15,7.9,93.9,98.0,3.59,3,4,0,12.4,4,0,0
2024-04-01,778,16,7.77,90.0,91.0,3.71,3,4,0,7.3,5,0,0
2024-05-01,778,17,7.79,88.6,96.2,3.7,4,4,0,10.9,6,0,0
2024-06-01,778,18,7.74,95.7,99.4,3.78,4,4,0,10.7,6,0,0
2023-01-01,779,1,7.09,90.8,75.8,3.62,1,0,0,5.4,0,3,0
2023-02-01,779,2,7.06,95.7,64.8,3.97,1,0,0,5.1,0,3,0
2023-03-01,779,3,6.97,84.9,73.3,3.78,1,0,0,0.0,0,3,0
2023-04-01,779,4,7.24,94.6,69.2,3.77,1,0,0,3.4,0,3,0
2023-05-01,779,5,7.11,94.3,66.5,3.84,1,0,0,6.1,1,2,0
2023-06-01,779,6,7.31,88.7,73.0,4.21,1,0,0,3.0,1,1,1
2023-07-01,779,7,6.92,100.0,69.9,3.75,1,0,0,8.7,1,1,1
2023-08-01,779,8,7.27,97.1,76.2,4.01,1,0,0,8.5,2,1,1
2023-09-01,779,9,7.05,96.2,74.8,3.93,1,0,0,6.2,2,1,1
2023-10-01,779,10,7.27,95.1,73.2,3.7,1,0,0,0.0,2,1,1
2023-11-01,779,11,7.37,98.0,78.8,4.04,2,0,0,3.0,2,0,1
2023-12-01,779,12,7.4,88.9,75.3,3.98,2,0,0,3.5,2,0,1
2024-01-01,779,13,7.14,93.3,70.1,3.9,2,0,1,6.4,2,0,1
2024-02-01,779,14,7.25,90.5,76.9,4.07,3,0,1,4.7,3,0,1
2024-03-01,779,15,7.42,93.1,73.9,4.03,3,0,1,7.4,3,0,1
2024-04-01,779,16,7.38,90.8,74.8,4.27,3,0,1,6.1,3,0,1
2024-05-01,779,17,7.35,97.6,78.0,3.76,3,0,1,6.6,3,0,1
2024-06-01,779,18,7.47,90.1,72.3,3.91,3,1,2,5.1,3,0,1
2023-01-01,780,1,5.99,89.3,69.9,3.61,0,2,0,14.4,0,0,0
2023-02-01,780,2,6.01,91.9,80.2,3.83,0,2,0,6.7,0,0,0
2023-03-01,780,3,5.99,91.2,63.7,3.42,0,2,0,13.8,0,0,0
2023-04-01,780,4,6.09,88.1,68.4,3.87,0,2,0,11.9,0,0,0
2023-05-01,780,5,6.35,86.1,64.7,3.68,0,2,0,7.9,0,0,0
2023-06-01,780,6,6.11,93.2,76.6,3.57,0,2,0,9.3,0,0,0
2023-07-01,780,7,6.07,81.7,82.7,3.87,0,2,0,8.2,0,0,0
2023-08-01,780,8,6.21,80.1,71.3,3.68,0,2,0,8.7,0,0,0
2023-09-01,780,9,6.14,85.8,68.0,4.04,0,2,0,14.3,0,0,0
2023-10-01,780,10,6.27,93.3,78.9,3.81,0,2,0,10.9,0,0,0
2023-11-01,780,11,6.34,91.1,78.7,4.03,0,2,0,8.9,0,0,0
2023-12-01,780,12,6.44,90.0,77.4,3.8,0,2,0,10.7,0,0,0
2024-01-01,780,13,6.65,88.7,81.1,3.93,0,2,0,7.2,1,0,0
2024-02-01,780,14,6.55,90.9,82.3,3.84,1,2,0,10.3,1,0,0
2024-03-01,780,15,6.8,86.1,80.9,3.79,2,2,0,7.2,1,0,0
2024-04-01,780,16,6.48,90.6,82.0,3.83,2,2,0,10.3,1,0,0
2024-05-01,780,17,6.5,91.3,78.6,3.81,2,2,0,7.0,1,0,0
2024-06-01,780,18,6.66,80.0,87.3,3.73,2,2,0,11.0,1,0,1
2023-01-01,781,1,6.99,85.9,68.7,2.99,0,0,0,14.6,0,0,0
2023-02-01,781,2,6.76,78.1,72.2,3.06,0,0,0,10.7,0,0,0
2023-03-01,781,3,7.03,95.3,78.4,3.11,0,0,0,9.1,0,0,0
2023-04-01,781,4,7.06,86.3,75.0,2.96,0,0,0,8.9,0,0,0
2023-05-01,781,5,7.09,94.2,72.7,2.77,0,0,0,6.0,0,0,0
2023-06-01,781,6,7.07,90.6,78.1,2.69,0,1,0,11.5,0,0,0
2023-07-01,781,7,7.41,87.0,81.8,2.84,0,1,0,7.5,0,0,0
2023-08-01,781,8,7.09,92.3,78.8,2.9,0,2,0,10.2,0,0,0
2023-09-01,781,9,6.95,98.2,76.0,2.89,0,2,0,8.7,1,0,0
2023-10-01,781,10,7.23,85.8,79.1,2.87,0,2,0,9.2,1,0,0
2023-11-01,781,11,7.21,85.7,84.1,2.99,1,2,0,8.3,1,0,0
2023-12-01,781,12,7.21,91.1,77.8,2.93,1,2,0,9.5,1,0,0
2024-01-01,781,13,7.26,87.8,74.7,3.24,1,2,1,10.8,1,0,1
2024-02-01,781,14,7.56,94.5,84.6,3.09,1,2,1,11.2,1,0,1
2024-03-01,781,15,7.44,91.2,76.9,2.99,1,2,1,10.0,2,0,1
2024-04-01,781,16,7.42,83.0,81.6,2.98,2,2,1,6.7,2,0,1
2024-05-01,781,17,7.43,88.1,83.6,3.03,2,3,1,7.4,2,0,1
2024-06-01,781,18,7.63,89.5,81.4,2.97,2,4,1,5.4,3,0,1
2023-01-01,782,1,6.99,94.0,66.6,2.21,0,1,0,5.8,0,0,0
2023-02-01,782,2,6.71,86.1,68.3,2.42,0,1,0,8.4,0,0,0
2023-03-01,782,3,6.79,88.8,68.5,2.49,0,1,0,4.7,0,0,0
2023-04-01,782,4,7.06,98.8,70.0,2.17,0,1,0,2.5,0,0,0
2023-05-01,782,5,7.21,88.1,69.6,2.4,0,1,0,3.8,0,0,0
2023-06-01,782,6,7.02,82.1,67.5,2.56,0,2,0,4.9,0,0,0
2023-07-01,782,7,7.23,83.3,66.5,2.32,0,2,0,7.9,0,0,0
2023-08-01,782,8,7.13,81.7,73.4,2.39,0,2,0,4.3,0,0,0
2023-09-01,782,9,7.07,86.7,65.1,2.53,0,2,0,4.4,0,0,0
2023-10-01,782,10,7.44,94.0,66.4,2.21,0,2,0,1.8,0,0,0
2023-11-01,782,11,7.27,87.2,70.3,2.24,0,2,0,3.3,0,0,0
2023-12-01,782,12,7.37,98.0,71.3,2.19,0,2,0,4.6,0,0,0
2024-01-01,782,13,7.33,89.1,73.7,2.29,0,2,0,2.9,0,0,0
2024-02-01,782,14,7.45,90.8,70.0,2.5,0,2,0,1.3,0,0,0
2024-03-01,782,15,7.58,80.3,70.5,2.42,0,2,0,4.5,0,0,0
2024-04-01,782,16,7.46,88.0,71.8,2.32,0,2,0,5.4,0,0,0
2024-05-01,782,17,7.78,92.7,64.9,2.46,0,2,0,4.1,0,0,0
2024-06-01,782,18,7.63,87.2,67.9,2.2,0,2,0,4.9,0,0,0
2023-01-01,783,1,8.47,82.7,52.4,3.57,0,2,0,5.6,0,0,0
2023-02-01,783,2,8.51,91.9,52.4,3.67,0,2,0,4.3,0,0,0
2023-03-01,783,3,8.57,86.0,54.1,3.52,0,2,0,7.7,0,0,0
2023-04-01,783,4,8.6,87.5,57.4,3.61,1,2,0,4.1,0,0,0
2023-05-01,783,5,8.6,94.2,54.0,3.34,1,2,0,2.9,1,0,0
2023-06-01,783,6,8.6,91.6,53.0,3.59,1,2,0,7.2,1,0,0
2023-07-01,783,7,8.59,85.7,60.4,3.75,1,3,0,6.6,1,0,0
2023-08-01,783,8,8.7,83.0,55.8,3.74,1,3,0,3.9,1,0,0
2023-09-01,783,9,8.71,87.2,62.1,3.65,1,3,0,6.7,1,0,0
2023-10-01,783,10,8.75,89.3,66.7,3.6,1,3,0,7.6,1,0,0
2023-11-01,783,11,8.75,100.0,56.9,3.79,1,3,0,6.9,1,0,0
2023-12-01,783,12,8.87,89.5,62.9,3.74,1,3,0,8.3,1,0,0
2024-01-01,783,13,8.82,99.3,56.3,3.61,1,3,0,4.9,1,0,0
2024-02-01,783,14,8.94,93.6,60.9,3.58,1,3,0,6.2,1,0,0
2024-03-01,783,15,9.01,91.9,64.1,3.77,1,3,0,9.4,1,0,0
2024-04-01,783,16,9.14,94.4,64.2,3.47,1,3,0,4.2,1,0,0
2024-05-01,783,17,8.95,88.3,62.8,3.52,1,3,1,4.5,1,0,0
2024-06-01,783,18,8.7,88.0,61.8,3.59,1,3,1,3.8,1,0,0
2023-01-01,784,1,7.79,64.3,54.4,3.72,0,0,1,1.1,0,0,0
2023-02-01,784,2,7.78,59.9,58.3,3.51,0,0,1,2.4,0,0,0
2023-03-01,784,3,7.83,68.5,59.7,3.69,0,0,1,3.1,1,0,0
2023-04-01,784,4,7.92,57.4,60.6,3.59,0,1,1,3.7,1,0,0
2023-05-01,784,5,7.82,72.4,59.3,3.59,0,1,1,8.0,1,0,0
2023-06-01,784,6,8.02,63.4,62.6,3.44,0,1,1,5.7,1,0,1
2023-07-01,784,7,7.99,61.4,57.4,3.86,0,1,1,2.5,1,0,1
2023-08-01,784,8,8.03,62.1,56.2,3.74,0,2,1,7.7,1,0,1
2023-09-01,784,9,7.85,58.4,55.7,3.75,0,2,2,5.3,1,0,1
2023-10-01,784,10,7.73,62.3,55.4,3.48,0,2,3,4.8,1,0,1
2023-11-01,784,11,8.13,64.0,56.8,3.65,0,2,3,8.3,1,0,1
2023-12-01,784,12,8.23,61.7,65.3,3.73,0,2,3,5.4,1,0,1
2024-01-01,784,13,8.06,64.3,65.5,3.62,0,2,3,5.0,1,0,1
2024-02-01,784,14,8.04,67.1,62.1,3.69,0,2,3,1.7,1,0,1
2024-03-01,784,15,8.08,69.5,70.9,3.65,0,2,3,8.8,1,0,1
2024-04-01,784,16,8.11,65.0,62.3,3.66,0,2,3,2.3,1,0,1
2024-05-01,784,17,8.12,69.5,63.7,3.72,0,2,3,0.7,2,0,1
2024-06-01,784,18,7.94,62.9,63.5,3.97,0,3,3,1.2,2,0,1
2023-01-01,785,1,6.96,71.1,59.2,4.08,0,2,0,9.9,0,0,0
2023-02-01,785,2,7.02,71.4,54.9,4.05,0,3,0,5.4,0,0,1
2023-03-01,785,3,6.97,67.2,55.0,4.08,0,3,0,4.2,0,0,1
2023-04-01,785,4,7.22,63.8,54.7,3.94,0,3,0,7.5,0,0,1
2023-05-01,785,5,7.25,65.4,53.9,3.91,0,3,0,8.9,0,0,1
2023-06-01,785,6,7.22,72.3,55.5,4.02,0,3,0,5.0,0,0,1
2023-07-01,785,7,7.38,69.9,52.7,4.24,0,3,0,10.1,0,0,1
2023-08-01,785,8,7.31,67.3,54.0,3.94,0,3,0,9.0,0,0,1
2023-09-01,785,9,7.38,63.5,60.6,4.02,0,3,0,7.6,0,0,1
2023-10-01,785,10,7.53,60.1,55.5,3.76,0,3,0,5.0,0,0,1
2023-11-01,785,11,7.47,71.0,66.7,4.12,0,3,0,7.4,1,0,1
2023-12-01,785,12,7.42,67.0,56.8,3.85,0,4,1,10.0,1,0,1
2024-01-01,785,13,7.63,67.4,61.3,4.08,0,5,1,6.4,1,0,1
2024-02-01,785,14,7.36,65.2,59.0,4.08,0,5,1,7.9,1,0,1
2024-03-01,785,15,7.31,63.3,56.3,4.08,0,5,1,9.6,2,0,1
2024-04-01,785,16,7.54,65.1,55.1,4.21,0,5,1,4.4,2,0,1
2024-05-01,785,17,7.47,69.4,54.6,3.85,0,6,1,10.8,2,0,1
2024-06-01,785,18,7.55,63.7,64.4,4.19,0,6,1,6.0,2,0,1
2023-01-01,786,1,7.23,80.1,94.5,2.49,0,2,0,3.3,0,0,0
2023-02-01,786,2,7.25,74.6,93.5,2.79,0,2,0,20.4,1,0,0
2023-03-01,786,3,7.39,78.2,90.9,2.71,0,2,0,3.8,1,0,0
2023-04-01,786,4,7.41,73.3,95.1,2.56,0,2,0,13.6,1,0,0
2023-05-01,786,5,7.34,77.7,89.6,2.64,0,2,0,13.3,1,0,0
2023-06-01,786,6,7.45,69.9,100.0,2.76,0,2,0,7.6,1,0,0
2023-07-01,786,7,7.54,74.0,100.0,2.85,0,2,0,5.5,1,0,1
2023-08-01,786,8,7.44,80.3,100.0,2.71,0,2,0,12.2,1,0,1
2023-09-01,786,9,7.57,76.2,100.0,2.75,1,3,0,11.5,2,0,1
2023-10-01,786,10,7.57,76.2,100.0,2.8,1,3,0,8.8,2,0,1
2023-11-01,786,11,7.85,73.7,100.0,2.63,2,3,1,10.7,2,0,1
2023-12-01,786,12,7.71,72.6,100.0,2.59,2,3,1,11.2,2,0,1
2024-01-01,786,13,7.58,75.5,99.5,2.58,2,4,1,9.4,2,0,1
2024-02-01,786,14,7.78,81.2,99.9,2.84,3,4,1,8.0,3,0,1
2024-03-01,786,15,7.98,74.7,100.0,2.71,3,4,1,10.8,4,0,1
2024-04-01,786,16,7.98,83.3,100.0,2.74,3,4,1,10.0,5,0,1
2024-05-01,786,17,8.09,72.9,100.0,2.61,3,4,1,8.9,6,0,1
2024-06-01,786,18,8.11,73.7,100.0,2.73,3,5,1,10.1,6,0,1
2023-01-01,787,1,7.14,77.0,64.6,2.61,1,2,0,7.8,0,0,0
2023-02-01,787,2,7.03,73.5,69.7,2.42,1,2,0,3.7,0,0,0
2023-03-01,787,3,7.28,79.9,64.5,2.61,1,2,0,7.5,0,0,0
2023-04-01,787,4,7.04,77.7,70.2,2.66,1,2,0,4.3,1,0,0
2023-05-01,787,5,7.14,81.5,67.2,2.62,1,2,0,4.9,1,0,0
2023-06-01,787,6,7.32,81.3,66.6,2.55,1,2,0,9.7,1,0,0
2023-07-01,787,7,7.31,82.1,67.2,2.51,1,2,0,5.8,1,0,1
2023-08-01,787,8,7.09,72.3,65.1,2.48,1,2,0,12.0,1,0,1
2023-09-01,787,9,7.3,83.8,67.3,2.64,1,2,0,9.0,1,0,1
2023-10-01,787,10,7.16,74.8,70.1,2.58,1,2,0,9.5,1,0,1
2023-11-01,787,11,7.34,86.5,75.8,2.6,1,2,0,3.6,1,0,1
2023-12-01,787,12,7.36,82.2,69.1,2.77,1,2,0,5.4,1,0,1
2024-01-01,787,13,7.33,85.2,74.3,2.7,1,2,0,9.8,1,0,1
2024-02-01,787,14,7.37,76.1,71.9,2.95,1,2,0,8.7,1,0,1
2024-03-01,787,15,7.46,80.4,74.1,2.8,1,2,0,5.7,1,0,1
2024-04-01,787,16,7.34,80.7,70.8,2.61,2,3,0,7.2,2,0,1
2024-05-01,787,17,7.53,80.1,70.0,2.55,2,3,0,5.4,2,0,1
2024-06-01,787,18,7.42,77.7,69.7,2.73,2,3,0,9.2,3,0,1
2023-01-01,788,1,6.83,82.5,50.0,3.54,0,1,1,4.6,0,0,0
2023-02-01,788,2,6.68,91.1,57.2,3.56,0,1,1,5.1,0,0,0
2023-03-01,788,3,6.97,85.8,49.9,3.66,1,1,1,3.8,0,0,0
2023-04-01,788,4,6.84,87.4,50.6,3.58,1,1,1,6.0,0,0,0
2023-05-01,788,5,7.07,78.0,54.6,3.79,1,1,1,6.2,0,0,0
2023-06-01,788,6,7.13,86.2,54.9,3.35,1,1,1,4.9,0,0,0
2023-07-01,788,7,7.0,84.3,53.3,3.66,1,1,1,2.6,0,0,0
2023-08-01,788,8,7.21,91.8,51.0,3.59,1,1,1,4.6,0,0,0
2023-09-01,788,9,7.03,82.8,50.9,3.39,1,1,1,3.6,0,0,0
2023-10-01,788,10,7.39,88.2,55.6,3.66,1,1,1,4.9,0,0,0
2023-11-01,788,11,7.16,84.9,56.1,3.96,1,1,1,1.8,0,0,0
2023-12-01,788,12,7.17,80.8,54.0,3.7,1,1,1,3.8,0,0,0
2024-01-01,788,13,6.97,82.4,59.7,3.46,1,1,1,4.9,0,0,0
2024-02-01,788,14,7.35,78.7,51.8,3.66,1,1,1,4.7,0,0,1
2024-03-01,788,15,7.33,87.8,57.0,3.56,1,1,1,3.4,0,0,1
2024-04-01,788,16,7.16,86.9,64.2,3.39,1,1,1,5.0,0,0,1
2024-05-01,788,17,7.46,86.4,52.9,3.64,1,1,1,9.9,0,0,1
2024-06-01,788,18,7.31,84.5,61.7,3.93,1,1,1,2.8,0,0,1
2023-01-01,789,1,5.89,85.6,65.1,2.95,1,1,0,8.9,0,0,0
2023-02-01,789,2,6.2,80.2,65.5,3.23,1,2,0,5.7,0,0,0
2023-03-01,789,3,6.08,98.0,68.2,3.13,1,2,0,9.5,0,0,0
2023-04-01,789,4,6.06,88.4,73.0,3.15,1,2,0,9.4,0,0,0
2023-05-01,789,5,6.23,83.0,62.3,3.23,1,2,0,10.5,0,0,0
2023-06-01,789,6,6.29,85.1,70.5,3.27,1,2,1,6.8,1,0,1
2023-07-01,789,7,6.29,86.9,76.2,3.06,1,2,1,8.8,1,0,1
2023-08-01,789,8,6.47,80.8,66.7,2.94,1,2,1,10.4,1,0,1
2023-09-01,789,9,6.43,79.3,69.0,3.31,1,2,1,10.8,1,0,1
2023-10-01,789,10,6.4,84.4,72.6,3.23,1,2,1,9.2,2,0,1
2023-11-01,789,11,6.43,86.3,78.3,3.38,2,2,1,6.0,2,0,1
2023-12-01,789,12,6.52,86.1,68.2,3.4,2,2,1,10.1,2,0,1
2024-01-01,789,13,6.52,83.6,79.5,3.43,3,2,1,9.8,2,0,1
2024-02-01,789,14,6.57,82.7,73.1,3.14,3,2,2,6.3,2,0,1
2024-03-01,789,15,6.44,81.6,78.6,3.38,3,2,2,12.6,2,0,1
2024-04-01,789,16,6.6,85.9,80.5,3.42,3,2,3,12.6,2,0,1
2024-05-01,789,17,6.65,83.5,72.5,3.35,3,2,3,11.2,2,0,1
2024-06-01,789,18,6.62,82.3,69.3,3.1,3,2,3,12.9,2,0,1
2023-01-01,790,1,6.82,95.9,40.2,2.05,0,1,0,10.7,0,2,0
2023-02-01,790,2,6.89,99.4,47.7,1.78,0,1,0,9.5,0,1,0
2023-03-01,790,3,6.95,98.7,39.9,2.15,0,1,0,9.5,0,1,0
2023-04-01,790,4,7.09,94.3,44.7,1.93,0,1,0,11.1,0,1,0
2023-05-01,790,5,6.84,96.5,39.1,1.79,0,1,0,8.5,0,1,0
2023-06-01,790,6,7.04,96.5,48.2,2.24,0,2,0,15.4,0,1,0
2023-07-01,790,7,7.09,92.4,45.6,2.13,0,2,0,9.4,0,1,0
2023-08-01,790,8,7.37,94.0,48.4,2.16,0,2,0,6.9,0,1,0
2023-09-01,790,9,7.45,85.5,53.1,1.98,0,3,0,7.8,0,1,0
2023-10-01,790,10,7.09,89.5,49.7,1.89,0,3,1,9.4,0,1,0
2023-11-01,790,11,7.23,92.6,49.7,2.05,0,3,2,8.1,0,1,1
2023-12-01,790,12,7.28,89.4,50.0,2.11,0,3,2,7.6,1,1,1
2024-01-01,790,13,7.28,100.0,48.5,1.92,0,3,2,8.7,1,1,1
2024-02-01,790,14,7.6,89.9,51.8,2.17,0,3,2,6.7,1,0,1
2024-03-01,790,15,7.37,100.0,51.0,2.0,0,3,2,7.8,1,0,1
2024-04-01,790,16,7.3,92.8,52.3,2.01,0,3,2,7.9,1,0,1
2024-05-01,790,17,7.5,93.5,51.4,2.04,0,3,2,7.8,1,0,1
2024-06-01,790,18,7.61,97.0,52.7,2.14,0,3,2,7.3,1,0,1
2023-01-01,791,1,6.32,91.8,82.1,3.77,1,1,0,7.0,0,0,0
2023-02-01,791,2,6.39,92.3,77.1,3.73,1,1,0,6.3,0,0,0
2023-03-01,791,3,6.2,88.9,83.6,3.55,1,1,0,5.2,0,0,0
2023-04-01,791,4,6.25,98.5,91.3,3.53,2,1,0,5.2,0,0,0
2023-05-01,791,5,6.4,97.3,84.7,3.41,2,1,0,12.1,0,0,0
2023-06-01,791,6,6.58,96.0,80.2,3.37,2,1,0,6.0,0,0,0
2023-07-01,791,7,6.53,92.8,84.7,3.42,2,1,0,3.1,0,0,0
2023-08-01,791,8,6.38,85.8,85.8,3.76,2,1,0,8.4,0,0,0
2023-09-01,791,9,6.39,95.4,79.6,3.41,2,1,0,7.4,0,0,0
2023-10-01,791,10,6.55,90.6,86.5,3.44,2,2,0,11.1,0,0,0
2023-11-01,791,11,6.51,95.2,92.1,3.7,2,2,0,8.7,0,0,0
2023-12-01,791,12,6.65,91.8,87.3,3.64,2,2,0,9.9,0,0,0
2024-01-01,791,13,6.58,88.1,89.3,3.54,2,2,0,5.7,0,0,0
2024-02-01,791,14,6.71,94.8,74.1,3.49,2,2,0,9.3,0,0,0
2024-03-01,791,15,6.57,94.6,89.4,3.52,2,2,0,7.1,1,0,0
2024-04-01,791,16,6.45,94.2,88.6,3.88,2,2,0,6.0,1,0,0
2024-05-01,791,17,6.39,90.4,80.8,3.41,2,3,0,5.6,1,0,0
2024-06-01,791,18,6.44,87.3,93.2,3.46,3,3,0,2.4,1,0,0
2023-01-01,792,1,6.07,65.1,41.4,2.18,0,1,0,6.0,0,0,0
2023-02-01,792,2,5.88,72.2,42.8,1.86,0,1,0,10.1,0,0,0
2023-03-01,792,3,6.12,81.8,51.1,2.08,0,1,1,5.7,0,0,0
2023-04-01,792,4,6.14,80.1,45.9,2.2,0,1,1,9.3,0,0,0
2023-05-01,792,5,6.16,69.3,48.9,2.08,0,1,1,6.3,0,0,0
2023-06-01,792,6,6.18,72.4,49.5,1.86,0,1,1,6.4,0,0,0
2023-07-01,792,7,6.14,73.4,50.6,1.69,0,1,1,8.6,0,0,0
2023-08-01,792,8,6.25,76.8,53.9,1.84,0,1,2,5.3,0,0,0
2023-09-01,792,9,6.2,77.8,50.0,2.03,0,2,2,11.5,0,0,0
2023-10-01,792,10,6.26,78.3,50.0,2.06,0,2,2,6.4,1,0,0
2023-11-01,792,11,6.36,73.2,56.2,2.24,0,2,2,6.6,1,0,0
2023-12-01,792,12,6.39,73.2,60.9,2.01,0,2,2,8.0,1,0,0
2024-01-01,792,13,6.34,64.7,52.6,2.14,0,2,2,6.5,1,0,0
2024-02-01,792,14,6.57,69.8,59.9,2.18,0,2,3,2.6,1,0,0
2024-03-01,792,15,6.43,73.8,54.1,2.06,0,2,3,8.7,1,0,0
2024-04-01,792,16,6.45,68.2,55.1,2.12,0,3,3,6.3,1,0,0
2024-05-01,792,17,6.4,74.0,56.6,1.97,0,4,3,6.9,1,0,0
2024-06-01,792,18,6.44,72.1,57.4,2.26,0,4,3,8.6,1,0,0
2023-01-01,793,1,7.53,85.0,72.5,2.61,1,1,0,9.2,0,1,0
2023-02-01,793,2,7.36,84.6,66.4,2.47,1,1,0,1.6,0,0,0
2023-03-01,793,3,7.57,79.1,68.3,2.65,1,1,0,6.6,0,0,0
2023-04-01,793,4,7.52,85.3,66.4,2.6,1,1,0,8.3,0,0,0
2023-05-01,793,5,7.42,78.2,68.0,2.44,1,1,0,7.7,0,0,1
2023-06-01,793,6,7.61,88.9,63.7,2.66,1,1,0,2.5,1,0,1
2023-07-01,793,7,7.55,88.8,75.5,2.49,1,1,0,5.9,1,0,1
2023-08-01,793,8,7.46,82.6,71.9,2.48,1,1,0,2.5,1,0,1
2023-09-01,793,9,7.46,88.3,62.6,2.56,1,2,0,7.6,1,0,1
2023-10-01,793,10,7.74,86.5,70.8,2.51,1,2,0,7.3,1,0,1
2023-11-01,793,11,7.72,81.8,67.8,2.62,1,2,0,4.0,1,0,1
2023-12-01,793,12,7.77,82.4,71.2,2.74,1,2,0,7.3,1,0,1
2024-01-01,793,13,7.65,76.6,72.4,2.83,1,2,0,3.4,1,0,1
2024-02-01,793,14,7.91,81.8,75.6,2.78,1,2,0,10.2,2,0,1
2024-03-01,793,15,7.74,88.5,74.0,2.76,1,2,0,6.5,2,0,1
2024-04-01,793,16,7.8,89.7,69.2,2.63,1,2,0,5.4,2,0,1
2024-05-01,793,17,8.01,81.5,68.3,2.51,1,2,0,3.0,2,0,1
2024-06-01,793,18,7.62,88.3,68.5,2.75,1,3,0,4.3,2,0,1
2023-01-01,794,1,7.34,75.9,72.7,4.45,0,1,0,10.9,0,0,0
2023-02-01,794,2,7.33,67.4,77.4,3.97,0,1,0,9.5,0,0,0
2023-03-01,794,3,7.53,74.4,78.1,4.46,0,1,0,6.4,0,0,0
2023-04-01,794,4,7.49,70.9,80.9,4.04,0,1,0,9.5,1,0,0
2023-05-01,794,5,7.41,72.0,74.7,4.38,1,1,1,9.3,2,0,0
2023-06-01,794,6,7.38,67.1,78.7,4.25,1,1,1,7.1,2,0,0
2023-07-01,794,7,7.56,69.9,81.3,4.15,2,2,1,10.8,2,0,0
2023-08-01,794,8,7.55,79.6,66.2,4.01,2,2,1,8.8,2,0,0
2023-09-01,794,9,7.72,71.9,89.7,4.04,2,3,1,7.8,2,0,0
2023-10-01,794,10,7.56,68.3,70.4,4.23,2,3,1,13.1,2,0,1
2023-11-01,794,11,8.0,72.3,87.4,3.87,2,3,1,9.9,2,0,1
2023-12-01,794,12,7.63,66.7,78.9,4.33,2,3,1,10.4,2,0,1
2024-01-01,794,13,7.88,75.9,80.9,4.26,2,3,1,10.5,2,0,1
2024-02-01,794,14,7.83,73.9,79.3,4.27,2,3,1,13.4,2,0,1
2024-03-01,794,15,8.12,77.1,85.1,3.94,2,3,2,11.2,2,0,1
2024-04-01,794,16,7.76,77.0,88.0,4.21,2,3,2,7.4,3,0,1
2024-05-01,794,17,7.92,76.9,85.5,4.48,2,3,2,10.0,4,0,1
2024-06-01,794,18,7.99,67.6,83.8,4.55,2,3,2,11.7,5,0,1
2023-01-01,795,1,5.53,81.0,65.2,4.43,0,1,0,7.0,0,0,0
2023-02-01,795,2,5.66,78.9,64.9,4.44,0,1,0,6.6,0,0,0
2023-03-01,795,3,5.73,88.0,62.5,4.48,0,1,0,6.5,0,0,0
2023-04-01,795,4,5.49,81.5,62.5,4.39,0,1,0,4.8,0,0,0
2023-05-01,795,5,5.45,83.9,62.7,4.46,0,1,0,10.7,0,0,0
2023-06-01,795,6,5.67,85.9,63.6,4.67,0,1,0,6.2,0,0,0
2023-07-01,795,7,5.79,80.3,60.7,4.43,0,1,0,7.9,0,0,0
2023-08-01,795,8,5.9,83.2,70.6,4.15,0,1,0,9.2,0,0,0
2023-09-01,795,9,5.88,72.9,70.6,4.42,0,1,0,6.1,0,0,0
2023-10-01,795,10,5.96,83.8,71.4,4.84,0,1,0,11.1,0,0,0
2023-11-01,795,11,5.9,78.0,73.3,4.66,0,2,0,8.4,0,0,0
2023-12-01,795,12,5.84,81.8,73.5,4.63,0,2,0,5.5,1,0,0
2024-01-01,795,13,5.97,72.2,62.8,4.68,0,2,0,2.1,2,0,0
2024-02-01,795,14,6.09,74.5,71.1,4.33,0,2,0,10.0,3,0,0
2024-03-01,795,15,6.01,75.1,63.8,4.62,0,2,0,6.1,4,0,0
2024-04-01,795,16,6.02,89.2,71.4,4.8,0,2,0,10.5,4,0,0
2024-05-01,795,17,6.0,79.7,68.4,4.66,0,2,0,8.7,4,0,0
2024-06-01,795,18,6.01,73.4,77.7,4.72,0,2,0,6.7,4,0,0
2023-01-01,796,1,7.03,87.9,61.3,2.45,0,0,0,7.7,0,0,0
2023-02-01,796,2,6.83,80.5,56.2,2.64,0,0,0,5.9,0,0,0
2023-03-01,796,3,6.97,79.1,59.2,2.38,0,0,0,7.0,0,0,0
2023-04-01,796,4,6.94,88.3,59.7,2.46,0,0,0,8.3,0,0,0
2023-05-01,796,5,7.26,82.6,66.8,2.18,0,0,0,6.5,0,0,0
2023-06-01,796,6,6.94,94.4,68.8,2.48,0,0,0,5.5,0,0,0
2023-07-01,796,7,7.38,84.9,61.9,2.58,0,0,0,8.2,0,0,0
2023-08-01,796,8,7.24,84.5,70.7,2.33,0,0,0,1.2,0,0,0
2023-09-01,796,9,7.16,82.0,60.9,2.19,0,0,0,7.1,0,0,0
2023-10-01,796,10,6.91,86.2,64.0,2.49,0,0,0,12.0,0,0,0
2023-11-01,796,11,7.23,82.1,62.9,2.27,0,0,0,8.2,0,0,0
2023-12-01,796,12,7.21,89.3,67.6,2.5,0,0,0,7.5,0,0,0
2024-01-01,796,13,7.4,92.1,64.9,2.37,0,0,0,3.7,0,0,0
2024-02-01,796,14,7.5,82.1,67.9,2.6,0,0,0,3.4,0,0,0
2024-03-01,796,15,7.3,95.9,60.6,2.47,0,0,0,6.7,0,0,0
2024-04-01,796,16,7.28,83.3,66.8,2.54,0,0,0,10.2,0,0,0
2024-05-01,796,17,7.13,80.4,62.2,2.4,0,0,0,4.3,0,0,0
2024-06-01,796,18,7.45,83.4,58.4,2.4,0,0,0,3.4,1,0,0
2023-01-01,797,1,7.83,49.5,57.7,2.81,1,0,0,4.2,0,0,0
2023-02-01,797,2,7.85,50.0,60.9,3.01,1,0,0,0.8,0,0,0
2023-03-01,797,3,7.65,50.8,63.9,3.1,2,0,0,1.9,0,0,0
2023-04-01,797,4,7.76,51.6,62.6,3.36,2,0,0,2.5,0,0,0
2023-05-01,797,5,7.94,50.7,60.9,3.11,2,0,0,6.3,0,0,0
2023-06-01,797,6,8.14,48.9,61.7,2.89,3,0,0,6.7,0,0,1
2023-07-01,797,7,7.96,48.4,56.3,2.99,3,1,0,2.4,0,0,1
2023-08-01,797,8,7.93,50.2,65.1,3.25,3,1,0,3.3,0,0,1
2023-09-01,797,9,8.3,53.2,58.4,3.2,3,1,0,5.5,0,0,1
2023-10-01,797,10,8.13,41.7,64.7,2.89,3,1,0,5.0,0,0,1
2023-11-01,797,11,8.2,57.6,56.6,2.93,3,1,0,3.0,0,0,1
2023-12-01,797,12,8.31,44.8,58.1,3.14,3,1,0,4.6,0,0,1
2024-01-01,797,13,8.34,48.8,62.7,2.98,3,1,0,4.6,0,0,1
2024-02-01,797,14,8.59,44.0,61.1,3.21,3,1,1,0.5,0,0,1
2024-03-01,797,15,8.59,47.2,59.9,3.21,3,1,1,6.5,0,0,1
2024-04-01,797,16,8.69,49.8,67.2,3.33,3,1,1,5.9,0,0,1
2024-05-01,797,17,8.66,46.6,67.9,3.14,3,1,1,2.4,0,0,1
2024-06-01,797,18,8.74,42.0,67.1,3.29,3,2,1,6.2,0,0,1
2023-01-01,798,1,7.89,98.6,62.2,3.26,0,2,0,10.2,0,0,0
2023-02-01,798,2,7.85,100.0,62.0,3.21,0,2,0,6.2,0,0,0
2023-03-01,798,3,7.73,100.0,62.3,3.2,0,2,0,5.0,0,0,0
2023-04-01,798,4,8.11,100.0,55.8,3.24,0,2,0,11.9,0,0,1
2023-05-01,798,5,8.04,100.0,61.9,3.29,0,2,0,7.1,0,0,1
2023-06-01,798,6,8.12,100.0,61.3,3.41,0,2,0,12.3,0,0,1
2023-07-01,798,7,8.41,92.7,56.6,3.5,0,2,0,12.7,0,0,1
2023-08-01,798,8,8.0,100.0,64.1,3.29,0,2,0,8.5,0,0,1
2023-09-01,798,9,8.17,100.0,69.6,3.31,0,2,0,8.9,0,0,1
2023-10-01,798,10,8.07,93.0,56.8,3.18,0,3,0,10.2,1,0,1
2023-11-01,798,11,8.05,100.0,59.3,3.3,0,3,0,7.2,1,0,1
2023-12-01,798,12,8.15,94.3,66.9,3.59,0,3,0,17.5,1,0,1
2024-01-01,798,13,8.13,100.0,62.1,3.31,0,3,0,5.3,2,0,1
2024-02-01,798,14,8.02,100.0,74.9,3.26,0,3,0,10.4,2,0,1
2024-03-01,798,15,8.24,100.0,62.5,3.48,0,4,0,7.4,3,0,1
2024-04-01,798,16,8.33,93.1,67.8,3.7,0,4,0,3.7,3,0,1
2024-05-01,798,17,8.05,100.0,71.0,3.52,0,4,1,7.4,3,0,1
2024-06-01,798,18,8.26,100.0,75.7,3.26,0,4,1,6.5,3,0,1
2023-01-01,799,1,7.73,85.6,56.5,4.67,0,2,0,9.2,0,1,0
2023-02-01,799,2,7.83,88.7,46.0,4.36,0,2,0,6.8,0,1,0
2023-03-01,799,3,7.88,85.5,48.1,4.31,0,2,0,8.7,0,1,0
2023-04-01,799,4,7.75,90.7,58.6,4.39,0,2,0,7.7,0,1,0
2023-05-01,799,5,7.76,95.4,55.4,4.73,0,2,0,9.2,0,1,0
2023-06-01,799,6,7.78,87.4,48.7,4.56,0,2,0,8.2,0,1,0
2023-07-01,799,7,7.89,91.1,52.9,4.62,0,2,0,10.3,0,1,0
2023-08-01,799,8,7.9,88.1,49.3,4.6,0,2,0,9.4,0,1,0
2023-09-01,799,9,7.98,88.1,49.1,4.58,0,2,0,6.9,0,1,0
2023-10-01,799,10,7.8,87.2,46.2,4.75,0,2,0,8.6,0,1,0
2023-11-01,799,11,7.88,88.2,58.0,4.4,0,3,0,6.7,0,1,0
2023-12-01,799,12,8.09,87.4,56.7,4.48,0,3,1,12.4,0,0,0
2024-01-01,799,13,8.05,85.3,58.2,4.52,1,3,1,9.2,1,0,0
2024-02-01,799,14,8.07,87.3,60.8,5.0,1,3,1,7.9,2,0,0
2024-03-01,799,15,7.78,84.9,56.7,4.52,1,3,1,14.0,2,0,0
2024-04-01,799,16,8.08,83.9,59.2,4.69,1,3,1,12.9,2,0,0
2024-05-01,799,17,8.18,90.3,59.1,4.6,1,3,1,10.6,2,0,0
2024-06-01,799,18,8.13,89.5,58.5,4.7,1,3,1,4.6,2,0,0
2023-01-01,800,1,7.27,73.5,54.7,2.78,0,1,0,9.1,0,1,0
2023-02-01,800,2,7.12,81.5,53.3,2.84,0,1,0,8.8,0,1,0
2023-03-01,800,3,7.01,82.2,53.6,2.81,0,1,0,5.9,0,1,0
2023-04-01,800,4,6.98,75.3,53.8,2.72,0,1,0,4.7,0,1,0
2023-05-01,800,5,7.21,70.4,56.1,2.65,0,1,0,8.6,0,1,0
2023-06-01,800,6,7.06,75.1,47.3,3.03,0,1,0,4.7,0,0,0
2023-07-01,800,7,7.06,84.5,48.3,3.04,0,1,0,3.6,0,0,0
2023-08-01,800,8,7.01,78.8,56.2,3.11,0,1,0,7.4,0,0,0
2023-09-01,800,9,7.15,74.6,55.3,3.09,0,1,0,5.4,0,0,0
2023-10-01,800,10,7.17,79.5,53.7,2.8,0,1,0,4.9,0,0,0
2023-11-01,800,11,7.07,81.7,59.4,2.91,0,1,0,8.4,0,0,0
2023-12-01,800,12,7.42,75.5,65.0,2.94,0,1,0,2.3,1,0,0
2024-01-01,800,13,7.28,77.6,56.9,2.95,0,1,0,5.7,1,0,0
2024-02-01,800,14,7.12,80.1,65.7,2.69,0,1,0,7.7,1,0,0
2024-03-01,800,15,7.31,79.3,66.1,3.19,0,2,0,1.8,1,0,0
2024-04-01,800,16,7.41,80.9,60.5,2.82,0,2,0,5.6,1,0,0
2024-05-01,800,17,7.3,71.3,63.8,2.98,0,2,0,0.0,2,0,0
2024-06-01,800,18,7.47,77.5,53.6,3.19,0,2,0,5.6,2,0,0
2023-01-01,801,1,6.33,100.0,79.3,2.76,0,1,0,12.8,0,1,0
2023-02-01,801,2,6.42,99.0,83.9,2.96,0,1,0,7.1,0,0,0
2023-03-01,801,3,6.26,100.0,89.2,2.74,0,1,0,10.0,0,0,0
2023-04-01,801,4,6.27,100.0,79.7,3.05,0,1,0,8.9,0,0,0
2023-05-01,801,5,6.33,96.0,92.3,2.74,0,1,1,6.2,0,0,0
2023-06-01,801,6,6.42,95.3,85.3,3.14,0,1,1,13.0,0,0,0
2023-07-01,801,7,6.2,97.0,77.0,2.89,0,1,1,10.5,0,0,0
2023-08-01,801,8,6.44,96.0,79.8,2.87,0,1,1,6.0,0,0,1
2023-09-01,801,9,6.25,97.4,88.6,3.05,0,1,1,12.2,0,0,1
2023-10-01,801,10,6.46,100.0,87.7,2.81,0,2,2,15.7,0,0,1
2023-11-01,801,11,6.44,99.0,80.8,3.11,1,2,2,12.2,1,0,1
2023-12-01,801,12,6.35,100.0,88.9,2.78,2,3,3,10.7,2,0,1
2024-01-01,801,13,6.46,100.0,93.1,3.11,2,3,3,14.5,2,0,1
2024-02-01,801,14,6.43,98.1,91.7,2.84,3,3,4,15.7,2,0,1
2024-03-01,801,15,6.35,100.0,94.6,3.02,3,3,4,8.1,2,0,1
2024-04-01,801,16,6.63,100.0,90.9,2.64,3,3,4,10.9,3,0,1
2024-05-01,801,17,6.55,100.0,97.2,3.09,4,3,4,12.4,3,0,1
2024-06-01,801,18,6.5,94.8,95.5,2.84,4,3,4,8.0,4,0,1
2023-01-01,802,1,6.36,79.7,59.0,4.48,0,1,0,17.8,0,3,0
2023-02-01,802,2,6.18,77.0,53.1,4.33,0,1,0,7.7,0,3,0
2023-03-01,802,3,6.09,79.0,58.2,4.36,0,1,0,10.3,0,3,0
2023-04-01,802,4,6.18,77.1,59.7,4.47,0,1,0,10.5,0,3,0
2023-05-01,802,5,6.45,83.1,62.3,4.75,0,1,1,9.5,0,3,0
2023-06-01,802,6,6.17,86.2,59.0,4.38,0,1,2,6.7,0,2,0
2023-07-01,802,7,6.17,79.4,61.0,4.49,0,1,2,8.3,0,2,0
2023-08-01,802,8,6.17,81.3,62.5,4.24,0,1,2,9.4,0,2,0
2023-09-01,802,9,6.2,76.7,64.5,4.31,0,1,2,5.6,0,2,0
2023-10-01,802,10,6.25,80.0,61.9,4.25,0,1,2,10.4,0,2,0
2023-11-01,802,11,6.38,78.0,61.6,4.26,0,1,2,8.5,0,2,0
2023-12-01,802,12,6.19,76.5,60.8,4.19,1,1,2,12.6,0,2,0
2024-01-01,802,13,6.04,85.4,59.3,4.44,1,1,2,8.3,0,2,0
2024-02-01,802,14,6.34,83.6,62.0,4.39,1,1,2,8.1,1,2,0
2024-03-01,802,15,6.44,86.9,68.4,4.21,1,1,2,12.1,1,1,0
2024-04-01,802,16,6.13,77.3,69.9,4.38,1,1,3,13.0,1,1,0
2024-05-01,802,17,6.31,80.4,68.3,4.31,1,1,3,9.0,2,1,0
2024-06-01,802,18,6.33,83.2,67.7,4.38,1,1,3,14.6,2,1,0
2023-01-01,803,1,7.16,85.6,45.9,2.95,0,1,0,4.5,0,0,0
2023-02-01,803,2,7.08,83.6,41.7,2.96,0,2,0,1.7,0,0,0
2023-03-01,803,3,7.2,81.1,50.4,2.96,0,2,0,8.1,0,0,0
2023-04-01,803,4,7.31,84.5,46.8,3.09,0,2,0,0.0,0,0,0
2023-05-01,803,5,7.39,88.0,46.1,2.87,0,2,0,5.3,0,0,0
2023-06-01,803,6,7.33,78.0,50.1,2.8,0,2,0,3.9,0,0,0
2023-07-01,803,7,7.56,77.7,48.0,3.13,0,2,0,3.3,0,0,1
2023-08-01,803,8,7.51,79.6,46.4,3.03,0,2,0,6.0,0,0,1
2023-09-01,803,9,7.74,88.1,43.1,2.92,0,2,0,2.8,0,0,1
2023-10-01,803,10,7.45,86.5,53.5,2.78,0,2,0,10.1,0,0,1
2023-11-01,803,11,7.56,77.7,46.9,3.11,0,2,0,2.3,0,0,1
2023-12-01,803,12,7.86,86.7,45.0,3.04,0,2,0,2.6,0,0,1
2024-01-01,803,13,7.68,75.9,52.1,2.7,0,2,0,0.0,0,0,1
2024-02-01,803,14,7.58,80.9,50.4,3.02,0,3,0,3.5,0,0,1
2024-03-01,803,15,7.8,81.6,50.3,3.17,0,3,0,1.3,0,0,1
2024-04-01,803,16,7.58,84.4,50.1,3.19,0,3,0,6.8,0,0,1
2024-05-01,803,17,7.94,81.9,47.2,3.22,0,3,0,1.8,0,0,1
2024-06-01,803,18,7.73,85.5,58.1,2.89,0,3,0,7.3,0,0,1
2023-01-01,804,1,7.3,76.4,51.6,3.68,0,1,0,9.1,0,1,0
2023-02-01,804,2,7.33,80.0,48.8,3.99,0,1,0,8.2,0,1,0
2023-03-01,804,3,7.11,74.1,47.4,3.91,0,1,0,10.4,0,0,0
2023-04-01,804,4,7.3,78.6,52.9,3.91,0,1,0,6.6,0,0,0
2023-05-01,804,5,7.63,69.9,47.1,3.63,0,1,0,10.2,0,0,0
2023-06-01,804,6,7.62,70.0,54.1,3.75,0,2,0,6.2,1,0,0
2023-07-01,804,7,7.56,76.3,49.2,3.6,0,2,0,7.3,1,0,0
2023-08-01,804,8,7.67,77.1,61.2,3.58,0,2,0,13.1,2,0,0
2023-09-01,804,9,7.49,70.1,61.3,3.95,0,3,0,5.8,3,0,0
2023-10-01,804,10,7.77,85.6,55.7,3.54,0,3,0,10.9,3,0,0
2023-11-01,804,11,7.69,78.9,55.5,3.69,0,3,0,8.9,3,0,0
2023-12-01,804,12,7.84,81.2,53.5,3.94,0,3,0,9.3,3,0,0
2024-01-01,804,13,8.07,80.3,54.9,3.91,0,3,0,10.2,3,0,0
2024-02-01,804,14,7.77,74.0,59.4,4.09,0,4,1,10.5,3,0,0
2024-03-01,804,15,7.87,82.9,64.6,3.74,0,4,1,7.0,3,0,0
2024-04-01,804,16,8.0,77.9,49.5,3.63,0,4,1,9.6,3,0,1
2024-05-01,804,17,8.09,78.6,62.8,3.76,0,4,1,8.7,4,0,1
2024-06-01,804,18,8.13,76.4,63.2,3.86,0,5,1,11.4,4,0,1
2023-01-01,805,1,7.92,100.0,72.0,2.12,0,0,0,4.9,1,0,0
2023-02-01,805,2,8.03,100.0,73.0,2.0,0,0,0,11.2,1,0,0
2023-03-01,805,3,8.11,98.9,76.8,2.22,0,0,0,12.6,1,0,0
2023-04-01,805,4,8.22,99.3,71.3,2.11,0,0,0,7.8,1,0,0
2023-05-01,805,5,8.21,100.0,81.1,2.26,0,0,0,1.8,1,0,0
2023-06-01,805,6,8.22,100.0,75.8,2.41,0,0,0,6.3,1,0,1
2023-07-01,805,7,8.4,100.0,71.9,2.09,0,0,0,5.1,1,0,1
2023-08-01,805,8,8.42,100.0,83.2,2.15,0,0,0,1.4,1,0,1
2023-09-01,805,9,8.5,100.0,90.7,2.05,0,0,0,12.1,2,0,1
2023-10-01,805,10,8.35,100.0,77.7,2.31,0,0,0,8.7,2,0,1
2023-11-01,805,11,8.47,100.0,82.2,2.3,0,0,0,7.0,2,0,1
2023-12-01,805,12,8.3,100.0,78.2,2.24,0,0,0,5.7,2,0,1
2024-01-01,805,13,8.59,94.3,85.2,2.31,0,0,0,7.2,2,0,1
2024-02-01,805,14,8.7,100.0,78.1,2.56,0,0,0,8.1,2,0,1
2024-03-01,805,15,8.53,100.0,79.2,2.3,0,1,0,11.1,2,0,1
2024-04-01,805,16,8.32,98.9,84.6,2.2,0,1,0,8.8,2,0,1
2024-05-01,805,17,8.52,95.1,86.1,2.44,0,1,0,3.3,3,0,1
2024-06-01,805,18,8.94,95.5,81.6,2.03,0,1,0,9.5,3,0,1
2023-01-01,806,1,8.01,85.0,65.1,3.24,0,0,0,11.2,0,0,0
2023-02-01,806,2,7.92,76.0,64.3,3.13,0,0,0,9.3,0,0,0
2023-03-01,806,3,7.94,84.3,70.4,3.01,0,0,0,12.4,0,0,0
2023-04-01,806,4,7.79,75.0,72.7,3.25,0,0,0,10.8,0,0,0
2023-05-01,806,5,7.98,76.7,80.7,3.11,0,0,1,13.1,0,0,0
2023-06-01,806,6,7.85,81.6,74.3,3.41,0,0,1,11.5,0,0,0
2023-07-01,806,7,8.14,76.8,72.9,3.01,0,0,1,16.2,0,0,0
2023-08-01,806,8,8.08,83.8,76.6,3.34,0,1,2,10.5,0,0,0
2023-09-01,806,9,7.87,86.6,75.7,3.1,0,1,2,10.9,0,0,0
2023-10-01,806,10,7.91,80.4,78.9,3.22,0,1,2,14.3,1,0,0
2023-11-01,806,11,7.96,77.2,78.1,3.28,1,1,2,10.6,1,0,0
2023-12-01,806,12,8.1,88.7,74.1,3.31,1,1,2,6.9,1,0,0
2024-01-01,806,13,7.8,80.1,78.2,3.04,1,1,2,10.3,2,0,0
2024-02-01,806,14,7.99,86.7,74.5,3.33,1,1,2,6.5,2,0,0
2024-03-01,806,15,8.27,73.0,77.1,3.23,1,1,2,10.1,3,0,0
2024-04-01,806,16,8.12,81.5,86.5,3.12,2,1,2,13.5,3,0,0
2024-05-01,806,17,8.0,81.4,84.2,3.34,2,1,3,13.0,3,0,0
2024-06-01,806,18,8.26,80.3,84.8,3.37,2,1,3,15.0,4,0,0
2023-01-01,807,1,7.1,84.9,65.9,1.94,0,1,1,5.4,0,1,0
2023-02-01,807,2,6.87,87.7,64.2,2.28,0,1,2,6.0,0,1,0
2023-03-01,807,3,7.0,82.5,70.1,2.27,0,1,2,8.0,0,1,0
2023-04-01,807,4,6.94,82.6,74.8,1.95,0,1,2,4.8,0,1,0
2023-05-01,807,5,7.07,83.1,67.6,1.84,0,1,2,9.0,0,1,0
2023-06-01,807,6,7.12,79.4,66.0,2.23,0,1,2,5.8,0,1,0
2023-07-01,807,7,7.05,82.3,65.4,2.17,0,1,2,3.4,0,0,0
2023-08-01,807,8,7.05,87.9,67.8,2.0,0,1,2,6.6,0,0,0
2023-09-01,807,9,7.02,77.6,64.6,2.1,0,1,2,0.5,0,0,0
2023-10-01,807,10,7.01,82.9,69.0,2.06,0,2,2,3.4,0,0,0
2023-11-01,807,11,7.26,85.1,71.9,2.16,0,2,2,1.8,0,0,0
2023-12-01,807,12,7.17,81.5,64.9,2.03,0,2,2,6.8,0,0,0
2024-01-01,807,13,7.21,83.2,72.5,2.38,0,2,2,4.9,1,0,0
2024-02-01,807,14,7.26,86.8,68.6,2.19,0,2,3,7.8,1,0,0
2024-03-01,807,15,7.43,87.1,74.4,2.02,0,2,3,7.2,1,0,0
2024-04-01,807,16,7.37,80.0,62.8,2.16,0,2,3,6.4,2,0,0
2024-05-01,807,17,7.61,84.3,67.1,2.11,0,2,3,5.8,2,0,0
2024-06-01,807,18,7.49,79.6,75.1,2.06,0,2,3,3.0,3,0,0
2023-01-01,808,1,6.16,91.5,51.3,2.5,1,1,1,4.0,0,1,0
2023-02-01,808,2,6.03,87.4,53.9,2.24,2,1,1,10.8,0,1,0
2023-03-01,808,3,6.15,91.5,59.0,2.53,2,1,1,8.8,0,0,0
2023-04-01,808,4,6.07,89.4,61.4,2.65,2,1,1,5.9,0,0,0
2023-05-01,808,5,6.31,93.0,50.5,2.31,2,1,1,6.7,0,0,0
2023-06-01,808,6,6.06,97.0,64.3,2.38,2,1,1,4.7,0,0,0
2023-07-01,808,7,6.09,90.9,59.1,2.66,2,1,1,4.9,0,0,0
2023-08-01,808,8,6.04,86.7,53.8,2.42,2,1,1,0.4,0,0,1
2023-09-01,808,9,6.29,89.0,54.6,2.62,2,1,1,4.0,1,0,1
2023-10-01,808,10,5.94,88.3,58.7,2.45,2,1,1,5.0,1,0,1
2023-11-01,808,11,6.24,95.4,57.8,2.58,2,1,2,3.5,1,0,1
2023-12-01,808,12,6.29,93.8,61.5,2.61,2,1,2,6.3,1,0,1
2024-01-01,808,13,6.28,100.0,49.9,2.68,2,1,2,5.7,1,0,1
2024-02-01,808,14,6.39,95.7,62.9,2.39,2,1,2,8.1,1,0,1
2024-03-01,808,15,6.17,93.3,64.2,2.36,2,1,2,8.4,1,0,1
2024-04-01,808,16,6.22,95.1,54.4,2.44,2,1,2,3.8,1,0,1
2024-05-01,808,17,6.29,93.7,55.4,2.6,2,1,2,2.9,1,0,1
2024-06-01,808,18,6.28,95.5,64.7,2.63,2,1,2,1.5,1,0,1
2023-01-01,809,1,6.88,86.4,67.5,3.75,0,3,1,9.3,0,2,0
2023-02-01,809,2,6.7,93.3,61.7,3.79,0,3,1,5.7,0,2,0
2023-03-01,809,3,6.74,88.1,73.5,3.83,0,3,2,8.2,0,2,0
2023-04-01,809,4,7.0,89.3,68.9,3.73,0,3,2,7.0,0,2,0
2023-05-01,809,5,6.88,89.8,63.8,3.88,0,3,2,4.6,0,2,0
2023-06-01,809,6,6.77,78.3,66.2,3.64,0,3,2,9.1,0,2,0
2023-07-01,809,7,6.91,94.5,68.9,3.9,0,3,2,5.1,0,2,0
2023-08-01,809,8,7.15,83.9,70.0,3.83,0,3,2,9.3,0,2,0
2023-09-01,809,9,7.07,84.3,67.2,3.75,0,3,2,4.6,0,2,0
2023-10-01,809,10,7.19,93.3,70.6,3.92,0,4,2,4.4,0,2,0
2023-11-01,809,11,7.33,86.5,72.6,4.07,0,4,2,8.6,0,2,0
2023-12-01,809,12,7.3,87.9,81.3,3.81,0,4,2,4.6,0,2,0
2024-01-01,809,13,7.35,85.4,75.8,4.28,0,4,2,8.6,0,2,0
2024-02-01,809,14,7.42,91.8,77.2,4.09,0,4,2,3.2,0,2,0
2024-03-01,809,15,7.55,89.6,74.3,3.92,0,4,2,6.5,0,2,0
2024-04-01,809,16,7.59,93.4,76.0,4.07,0,4,2,5.8,0,2,0
2024-05-01,809,17,7.62,95.6,72.7,4.09,0,4,2,4.5,0,2,0
2024-06-01,809,18,7.51,89.6,76.0,3.78,0,4,3,8.3,1,2,0
2023-01-01,810,1,7.29,81.8,46.8,3.03,0,1,0,1.5,0,0,0
2023-02-01,810,2,6.88,82.4,50.2,3.24,0,1,0,7.2,0,0,0
2023-03-01,810,3,7.15,87.2,48.6,3.12,0,1,0,3.5,0,0,0
2023-04-01,810,4,7.22,83.3,51.5,3.28,0,1,0,8.3,0,0,0
2023-05-01,810,5,7.35,80.9,51.6,2.9,0,2,0,3.2,0,0,0
2023-06-01,810,6,7.3,83.4,48.7,3.28,0,3,0,2.7,0,0,0
2023-07-01,810,7,7.17,75.0,50.7,3.05,0,4,0,1.9,0,0,1
2023-08-01,810,8,7.22,87.9,47.9,3.51,0,4,0,2.4,0,0,1
2023-09-01,810,9,7.4,84.1,54.3,3.11,0,4,0,9.9,0,0,1
2023-10-01,810,10,7.48,87.4,51.5,3.18,0,4,0,8.4,0,0,1
2023-11-01,810,11,7.4,85.1,51.0,3.27,0,4,0,4.1,0,0,1
2023-12-01,810,12,7.59,86.0,59.5,3.03,0,4,0,3.0,0,0,1
2024-01-01,810,13,7.46,83.1,57.4,3.41,0,4,0,4.2,0,0,1
2024-02-01,810,14,7.34,80.7,51.4,3.34,0,4,0,2.5,1,0,1
2024-03-01,810,15,7.13,82.0,58.5,3.37,0,5,0,6.8,1,0,1
2024-04-01,810,16,7.49,86.5,55.7,3.45,0,5,0,9.0,1,0,1
2024-05-01,810,17,7.42,80.9,50.6,3.43,0,5,0,6.8,1,0,1
2024-06-01,810,18,7.36,73.5,50.6,3.45,0,5,0,3.1,1,0,1
2023-01-01,811,1,6.77,93.0,52.1,3.05,0,3,0,9.7,0,0,0
2023-02-01,811,2,6.93,94.6,59.4,3.16,0,3,0,8.9,0,0,0
2023-03-01,811,3,6.82,91.3,56.7,2.88,0,3,0,9.2,0,0,0
2023-04-01,811,4,6.94,92.0,52.9,3.19,0,4,0,9.9,0,0,0
2023-05-01,811,5,6.96,91.5,56.3,2.8,1,4,0,12.3,0,0,0
2023-06-01,811,6,6.94,95.6,60.1,3.23,1,4,0,9.9,1,0,0
2023-07-01,811,7,7.13,93.4,46.4,3.28,1,4,0,11.7,1,0,0
2023-08-01,811,8,7.15,92.8,57.5,3.18,1,4,0,7.7,1,0,0
2023-09-01,811,9,7.16,98.2,61.1,3.12,1,4,0,7.7,2,0,0
2023-10-01,811,10,7.08,100.0,66.5,3.26,1,4,0,8.1,2,0,0
2023-11-01,811,11,7.27,93.6,56.3,3.08,1,4,0,7.3,2,0,0
2023-12-01,811,12,7.22,100.0,57.5,3.06,1,4,0,13.9,2,0,0
2024-01-01,811,13,7.52,96.3,68.4,2.89,1,4,0,7.7,2,0,0
2024-02-01,811,14,7.31,93.1,61.1,3.08,1,4,0,9.6,3,0,0
2024-03-01,811,15,7.23,93.2,63.7,3.19,1,4,1,6.3,3,0,0
2024-04-01,811,16,7.36,94.7,60.7,2.99,1,4,1,13.1,3,0,1
2024-05-01,811,17,7.34,98.0,58.1,3.28,1,4,1,9.7,3,0,1
2024-06-01,811,18,7.37,89.8,64.3,3.15,1,4,2,8.3,4,0,1
2023-01-01,812,1,6.46,100.0,70.3,2.52,0,1,0,10.7,0,0,0
2023-02-01,812,2,6.64,97.1,81.5,2.43,0,1,0,7.7,1,0,0
2023-03-01,812,3,6.64,100.0,78.3,2.86,0,1,0,5.5,1,0,0
2023-04-01,812,4,6.68,100.0,70.9,2.73,0,2,0,9.9,1,0,0
2023-05-01,812,5,6.66,98.8,71.3,2.72,0,2,0,10.4,1,0,0
2023-06-01,812,6,6.74,98.4,70.0,2.75,0,3,0,11.6,2,0,0
2023-07-01,812,7,6.89,99.7,73.7,2.9,0,3,0,11.5,2,0,0
2023-08-01,812,8,6.51,94.4,76.2,2.63,1,3,1,4.1,2,0,0
2023-09-01,812,9,6.65,98.5,77.4,2.86,1,3,1,6.5,2,0,0
2023-10-01,812,10,6.7,100.0,72.5,2.73,1,3,1,9.1,2,0,1
2023-11-01,812,11,6.7,100.0,80.5,2.54,1,3,1,6.3,2,0,1
2023-12-01,812,12,6.91,97.3,77.6,2.95,1,3,1,4.6,2,0,1
2024-01-01,812,13,6.74,100.0,84.0,2.49,1,3,1,5.0,2,0,1
2024-02-01,812,14,7.04,95.9,74.9,2.38,1,3,1,5.3,2,0,1
2024-03-01,812,15,6.73,100.0,80.7,2.77,1,3,1,4.3,2,0,1
2024-04-01,812,16,6.63,99.1,86.1,2.85,1,4,1,5.0,3,0,1
2024-05-01,812,17,6.98,100.0,83.5,3.0,1,4,1,8.6,3,0,1
2024-06-01,812,18,7.28,97.3,81.1,2.71,1,4,1,12.8,3,0,1
2023-01-01,813,1,7.24,84.1,68.7,3.02,0,1,0,6.0,0,0,0
2023-02-01,813,2,7.14,91.7,72.4,3.11,0,1,0,6.7,0,0,0
2023-03-01,813,3,7.12,76.8,76.4,3.01,0,1,0,5.4,0,0,0
2023-04-01,813,4,7.18,88.5,77.6,3.11,0,1,0,4.0,0,0,0
2023-05-01,813,5,7.31,92.9,67.2,3.14,0,1,1,5.3,0,0,0
2023-06-01,813,6,7.28,85.0,74.5,2.94,0,1,1,5.3,0,0,0
2023-07-01,813,7,7.34,85.6,71.2,3.15,0,1,1,9.0,0,0,0
2023-08-01,813,8,7.5,78.0,73.0,3.02,0,1,1,3.1,0,0,0
2023-09-01,813,9,7.37,89.7,82.9,3.35,0,1,1,4.6,0,0,0
2023-10-01,813,10,7.5,87.6,74.8,3.33,0,1,1,0.0,0,0,0
2023-11-01,813,11,7.75,88.4,79.7,3.27,0,1,1,6.5,0,0,0
2023-12-01,813,12,7.49,86.8,75.2,3.37,0,1,1,5.0,0,0,0
2024-01-01,813,13,7.47,85.3,68.0,3.35,0,1,1,3.7,0,0,0
2024-02-01,813,14,7.66,83.2,71.8,3.2,0,1,1,6.9,0,0,0
2024-03-01,813,15,7.52,85.0,80.4,3.11,0,1,1,2.8,0,0,0
2024-04-01,813,16,7.87,83.7,73.6,3.17,0,1,1,3.1,0,0,0
2024-05-01,813,17,7.63,83.8,72.2,2.95,0,1,1,8.7,0,0,0
2024-06-01,813,18,7.73,83.8,69.6,3.33,0,1,1,7.1,0,0,0
2023-01-01,814,1,6.74,88.2,42.7,3.61,0,1,0,5.5,0,1,0
2023-02-01,814,2,6.64,84.5,40.7,3.53,0,1,0,7.8,1,1,0
2023-03-01,814,3,6.78,81.0,41.6,3.45,0,2,0,10.6,1,1,0
2023-04-01,814,4,6.6,85.8,43.1,3.45,0,2,0,6.0,1,0,0
2023-05-01,814,5,6.52,81.9,46.3,3.11,0,2,0,10.6,1,0,0
2023-06-01,814,6,6.79,85.7,42.6,3.56,0,2,0,6.7,2,0,0
2023-07-01,814,7,6.81,93.3,49.6,3.65,0,2,0,3.0,2,0,0
2023-08-01,814,8,6.69,76.4,43.7,3.42,0,2,0,12.0,2,0,0
2023-09-01,814,9,6.52,78.4,54.5,3.59,1,2,0,7.4,3,0,0
2023-10-01,814,10,6.85,82.8,48.9,3.59,1,2,0,7.4,3,0,0
2023-11-01,814,11,6.77,86.1,50.7,3.61,2,2,0,9.8,3,0,0
2023-12-01,814,12,6.78,78.8,47.6,3.66,2,2,0,13.2,3,0,1
2024-01-01,814,13,6.85,83.7,52.8,3.59,2,2,0,10.9,3,0,1
2024-02-01,814,14,6.93,84.2,51.6,3.34,2,2,0,3.8,3,0,1
2024-03-01,814,15,6.97,82.1,51.7,3.55,2,2,0,5.5,4,0,1
2024-04-01,814,16,7.1,86.5,49.9,3.47,2,2,0,4.6,4,0,1
2024-05-01,814,17,7.1,85.9,51.4,3.43,2,2,1,7.8,5,0,1
2024-06-01,814,18,6.84,83.8,49.6,3.8,2,2,2,8.5,6,0,1
2023-01-01,815,1,6.32,77.2,41.1,3.67,0,0,0,11.9,0,0,0
2023-02-01,815,2,6.61,79.4,51.3,4.12,0,0,0,10.9,0,0,0
2023-03-01,815,3,6.78,89.3,47.9,3.84,1,1,0,5.5,0,0,0
2023-04-01,815,4,6.72,83.1,49.0,3.77,1,1,0,11.6,0,0,0
2023-05-01,815,5,6.62,88.3,45.1,3.91,2,2,0,14.4,0,0,0
2023-06-01,815,6,6.73,77.9,53.1,3.97,3,2,0,14.5,1,0,0
2023-07-01,815,7,6.63,83.6,53.9,3.99,3,3,0,7.4,1,0,0
2023-08-01,815,8,6.68,78.8,43.2,3.95,3,4,0,12.7,1,0,0
2023-09-01,815,9,6.77,92.1,52.1,4.07,3,4,0,6.3,1,0,1
2023-10-01,815,10,6.7,80.4,50.8,3.98,3,4,1,10.0,1,0,1
2023-11-01,815,11,6.83,82.5,54.8,3.96,3,4,1,12.0,2,0,1
2023-12-01,815,12,6.9,84.6,51.5,3.85,3,4,1,13.6,2,0,1
2024-01-01,815,13,6.89,83.8,56.2,3.95,3,4,1,8.5,3,0,1
2024-02-01,815,14,7.07,83.3,56.2,3.86,3,4,1,9.1,3,0,1
2024-03-01,815,15,7.07,84.7,58.3,4.17,3,4,1,13.8,3,0,1
2024-04-01,815,16,7.41,87.6,60.7,3.98,3,4,1,8.5,3,0,1
2024-05-01,815,17,7.23,79.3,62.7,4.07,3,4,1,14.7,4,0,1
2024-06-01,815,18,7.05,79.5,61.1,3.97,3,4,2,6.9,4,0,1
2023-01-01,816,1,7.3,91.4,58.2,1.35,0,1,0,7.2,0,0,0
2023-02-01,816,2,7.46,91.8,63.1,1.28,0,1,0,10.4,0,0,0
2023-03-01,816,3,7.04,88.0,57.9,1.42,0,1,0,7.6,0,0,0
2023-04-01,816,4,7.25,95.2,62.8,1.57,0,1,0,6.2,0,0,0
2023-05-01,816,5,7.41,93.3,60.9,1.39,0,1,0,7.3,0,0,0
2023-06-01,816,6,7.45,95.1,66.9,1.42,0,1,0,11.0,0,0,0
2023-07-01,816,7,7.33,92.7,64.2,1.63,0,1,0,14.3,0,0,1
2023-08-01,816,8,7.16,92.7,58.1,1.35,0,1,1,15.1,0,0,1
2023-09-01,816,9,7.26,88.3,66.8,1.59,0,1,1,9.9,0,0,1
2023-10-01,816,10,7.16,93.8,63.4,1.38,0,1,1,2.9,0,0,1
2023-11-01,816,11,7.52,92.2,67.1,1.53,0,2,1,14.3,0,0,1
2023-12-01,816,12,7.58,100.0,66.2,1.28,0,2,1,9.9,0,0,1
2024-01-01,816,13,7.44,100.0,61.9,1.33,0,2,1,12.5,0,0,1
2024-02-01,816,14,7.62,92.3,70.9,1.26,0,3,1,4.0,0,0,1
2024-03-01,816,15,7.42,95.0,75.1,1.28,1,3,1,8.4,0,0,1
2024-04-01,816,16,7.54,92.5,64.3,1.36,1,3,1,9.9,0,0,1
2024-05-01,816,17,7.73,93.9,68.2,1.59,1,3,1,8.4,1,0,1
2024-06-01,816,18,7.51,91.4,71.2,1.52,2,3,1,4.6,2,0,1
2023-01-01,817,1,6.62,75.0,81.4,2.54,1,0,0,10.3,0,0,0
2023-02-01,817,2,6.62,78.2,86.0,2.5,1,0,0,8.9,0,0,0
2023-03-01,817,3,6.7,74.5,87.7,2.27,1,0,0,8.7,0,0,0
2023-04-01,817,4,6.75,70.9,79.0,2.78,2,0,0,5.8,0,0,0
2023-05-01,817,5,6.87,71.6,84.6,2.6,2,0,0,6.8,0,0,0
2023-06-01,817,6,6.88,76.1,87.8,2.59,2,0,0,10.7,0,0,0
2023-07-01,817,7,6.88,78.2,96.5,2.87,2,0,1,9.9,0,0,0
2023-08-01,817,8,7.06,76.9,85.3,2.67,2,0,1,10.6,0,0,1
2023-09-01,817,9,6.94,76.0,89.6,2.92,2,0,1,8.8,0,0,1
2023-10-01,817,10,7.26,71.2,89.7,2.57,2,0,2,9.2,0,0,1
2023-11-01,817,11,7.12,74.6,86.5,2.81,2,0,2,11.3,1,0,1
2023-12-01,817,12,7.29,76.6,92.8,2.98,2,0,2,8.5,1,0,1
2024-01-01,817,13,7.33,79.7,94.2,2.69,2,0,2,4.9,1,0,1
2024-02-01,817,14,7.33,71.0,86.3,2.92,2,0,2,9.0,1,0,1
2024-03-01,817,15,7.12,77.6,84.4,2.8,2,0,2,11.1,2,0,1
2024-04-01,817,16,7.54,89.1,93.3,2.82,2,0,2,12.1,2,0,1
2024-05-01,817,17,7.54,74.3,99.8,2.61,2,0,2,10.7,2,0,1
2024-06-01,817,18,7.31,79.1,95.7,2.82,2,0,2,5.7,3,0,1
2023-01-01,818,1,7.26,82.8,33.9,3.51,0,1,0,6.9,0,0,0
2023-02-01,818,2,7.28,84.3,29.9,3.38,0,1,0,4.1,0,0,0
2023-03-01,818,3,7.2,76.5,26.6,3.36,0,1,0,4.8,0,0,0
2023-04-01,818,4,7.27,77.2,30.1,3.63,0,1,0,0.7,0,0,0
2023-05-01,818,5,7.22,80.1,31.9,3.4,0,2,0,3.6,0,0,0
2023-06-01,818,6,7.37,77.6,27.5,3.74,0,2,0,6.8,0,0,0
2023-07-01,818,7,7.6,71.4,29.9,3.64,0,2,0,4.0,0,0,0
2023-08-01,818,8,7.37,75.0,32.3,3.33,0,2,0,4.6,0,0,0
2023-09-01,818,9,7.56,79.0,32.0,3.43,0,2,0,4.6,1,0,0
2023-10-01,818,10,7.37,76.4,35.5,3.36,0,2,0,9.3,1,0,0
2023-11-01,818,11,7.63,85.0,36.7,3.12,0,2,0,9.0,1,0,0
2023-12-01,818,12,7.57,81.7,40.4,3.21,0,2,0,1.3,1,0,0
2024-01-01,818,13,7.6,78.0,36.6,3.22,0,2,0,3.7,1,0,0
2024-02-01,818,14,7.49,73.6,39.1,3.4,0,2,0,8.8,1,0,0
2024-03-01,818,15,7.59,75.7,35.9,3.32,0,2,0,10.7,1,0,0
2024-04-01,818,16,7.71,73.5,36.1,3.26,0,2,0,8.0,1,0,0
2024-05-01,818,17,7.71,74.6,38.3,3.66,0,2,0,5.0,1,0,0
2024-06-01,818,18,7.69,81.1,36.0,3.38,0,2,0,5.8,2,0,0
2023-01-01,819,1,7.29,68.7,65.3,3.24,0,1,0,7.5,0,0,0
2023-02-01,819,2,7.28,63.3,64.5,3.09,0,1,1,5.6,0,0,0
2023-03-01,819,3,7.06,61.8,58.9,2.94,0,1,1,3.7,0,0,0
2023-04-01,819,4,7.31,60.5,56.9,3.09,0,1,1,3.4,0,0,0
2023-05-01,819,5,7.31,65.9,62.1,3.14,0,1,2,4.8,1,0,0
2023-06-01,819,6,7.48,70.1,66.0,3.18,0,1,2,2.8,1,0,1
2023-07-01,819,7,7.48,59.6,73.2,3.38,0,1,2,6.4,1,0,1
2023-08-01,819,8,7.43,61.5,64.9,2.92,0,1,2,6.4,1,0,1
2023-09-01,819,9,7.5,65.5,62.3,3.23,0,1,2,7.6,1,0,1
2023-10-01,819,10,7.7,63.6,63.3,3.03,0,1,2,8.2,1,0,1
2023-11-01,819,11,7.71,64.9,66.1,3.21,0,1,2,5.3,1,0,1
2023-12-01,819,12,7.5,62.9,60.0,3.34,0,1,2,2.5,1,0,1
2024-01-01,819,13,7.59,69.1,70.4,3.16,0,1,2,7.6,1,0,1
2024-02-01,819,14,7.87,62.5,71.5,2.92,0,1,2,7.4,1,0,1
2024-03-01,819,15,7.66,66.6,69.4,3.18,0,1,2,2.4,1,0,1
2024-04-01,819,16,7.91,66.3,66.2,3.25,0,1,2,4.6,1,0,1
2024-05-01,819,17,7.77,72.3,70.9,3.48,0,1,2,3.0,1,0,1
2024-06-01,819,18,7.86,67.2,71.9,3.49,0,1,2,4.2,1,0,1
2023-01-01,820,1,6.24,70.9,36.5,3.38,0,1,0,8.4,0,0,0
2023-02-01,820,2,5.97,66.1,38.1,3.43,0,1,0,15.0,0,0,0
2023-03-01,820,3,6.28,67.2,41.4,3.33,0,1,0,10.7,0,0,0
2023-04-01,820,4,6.36,69.1,45.1,3.49,0,1,0,8.7,0,0,0
2023-05-01,820,5,6.24,79.9,37.1,3.57,0,1,0,5.8,0,0,0
2023-06-01,820,6,6.15,71.4,37.1,3.45,0,1,0,10.6,0,0,0
2023-07-01,820,7,6.22,69.7,48.1,3.42,0,1,0,13.1,0,0,0
2023-08-01,820,8,6.3,68.1,38.8,3.58,0,1,1,8.5,0,0,0
2023-09-01,820,9,6.49,73.2,43.7,3.4,0,1,1,13.4,0,0,0
2023-10-01,820,10,6.43,68.5,41.9,3.64,0,1,1,10.5,0,0,0
2023-11-01,820,11,6.57,72.2,50.2,3.44,0,1,1,11.3,1,0,0
2023-12-01,820,12,6.58,68.1,42.7,3.37,0,1,1,11.4,1,0,0
2024-01-01,820,13,6.39,63.7,44.1,3.44,0,1,1,13.6,1,0,0
2024-02-01,820,14,6.76,72.6,50.1,3.45,0,1,1,11.1,2,0,0
2024-03-01,820,15,6.51,66.0,51.4,3.67,0,2,1,11.8,2,0,0
2024-04-01,820,16,6.62,77.5,52.5,3.44,0,2,2,12.4,3,0,0
2024-05-01,820,17,6.44,72.5,47.7,3.52,0,2,2,10.1,3,0,0
2024-06-01,820,18,6.81,65.4,48.9,3.79,0,2,2,10.8,3,0,0
2023-01-01,821,1,6.67,79.8,45.7,3.59,1,1,0,10.9,0,2,0
2023-02-01,821,2,6.67,79.6,53.8,3.2,1,1,0,11.4,0,2,0
2023-03-01,821,3,6.9,74.5,41.3,3.27,1,1,0,9.1,0,2,0
2023-04-01,821,4,6.76,74.7,46.0,3.21,1,1,0,9.7,0,2,0
2023-05-01,821,5,6.72,78.4,48.9,3.47,1,2,0,10.3,0,2,0
2023-06-01,821,6,6.88,77.8,51.3,3.51,1,2,0,9.6,0,2,0
2023-07-01,821,7,7.06,81.1,51.2,3.37,1,3,0,9.6,1,2,0
2023-08-01,821,8,6.77,83.6,53.0,3.59,1,3,0,7.8,1,2,0
2023-09-01,821,9,7.16,80.0,52.7,3.77,1,3,1,10.3,2,2,0
2023-10-01,821,10,7.38,71.1,46.6,3.52,2,3,1,11.7,2,2,1
2023-11-01,821,11,7.13,77.1,54.5,3.29,2,3,1,8.0,2,2,1
2023-12-01,821,12,7.27,83.0,51.3,3.41,2,3,1,6.1,2,2,1
2024-01-01,821,13,7.08,78.4,54.4,3.73,3,3,1,6.8,2,2,1
2024-02-01,821,14,7.14,74.3,60.1,3.37,3,3,1,11.2,2,1,1
2024-03-01,821,15,7.42,78.4,62.5,3.61,3,3,1,9.5,2,1,1
2024-04-01,821,16,7.26,72.9,60.5,3.44,3,3,2,9.2,2,1,1
2024-05-01,821,17,7.4,84.1,65.2,3.3,3,3,2,7.5,3,1,1
2024-06-01,821,18,7.46,76.6,60.0,3.47,3,3,2,8.1,3,1,1
2023-01-01,822,1,8.05,79.6,48.7,3.13,0,1,0,9.7,0,0,0
2023-02-01,822,2,8.22,84.7,61.7,3.14,0,1,0,11.1,0,0,0
2023-03-01,822,3,8.26,81.8,45.6,3.05,0,1,0,8.3,0,0,0
2023-04-01,822,4,8.03,82.5,55.8,3.05,0,2,0,3.9,0,0,0
2023-05-01,822,5,8.05,85.2,50.1,3.22,0,2,0,10.8,0,0,0
2023-06-01,822,6,8.22,78.2,58.9,3.38,0,2,0,6.1,0,0,0
2023-07-01,822,7,8.48,86.6,51.8,3.27,0,3,0,8.2,0,0,0
2023-08-01,822,8,8.31,74.2,57.0,2.99,0,3,0,5.8,0,0,0
2023-09-01,822,9,8.39,84.8,56.6,3.08,0,3,0,4.2,0,0,0
2023-10-01,822,10,8.35,85.7,53.4,3.04,0,3,0,7.6,0,0,0
2023-11-01,822,11,8.27,77.4,53.6,3.09,0,3,0,7.8,0,0,0
2023-12-01,822,12,8.32,85.6,57.7,2.86,0,3,1,8.5,0,0,0
2024-01-01,822,13,8.62,79.1,65.4,3.09,0,3,1,11.9,1,0,0
2024-02-01,822,14,8.47,76.7,62.1,3.45,0,4,1,8.3,1,0,0
2024-03-01,822,15,8.34,81.0,64.8,3.33,0,4,1,8.0,1,0,0
2024-04-01,822,16,8.39,82.6,61.2,3.43,0,4,1,7.1,1,0,0
2024-05-01,822,17,8.47,84.8,64.6,3.18,0,4,1,9.3,1,0,0
2024-06-01,822,18,8.32,79.2,62.7,3.13,0,4,1,8.0,2,0,0
2023-01-01,823,1,6.05,98.8,47.1,2.84,0,1,0,7.5,0,3,0
2023-02-01,823,2,6.37,100.0,50.7,2.87,0,1,0,9.3,0,3,0
2023-03-01,823,3,6.19,100.0,54.4,2.9,0,1,0,14.8,0,3,0
2023-04-01,823,4,6.22,97.2,50.5,2.72,0,1,0,6.7,0,3,0
2023-05-01,823,5,6.13,97.0,59.1,2.92,0,1,1,12.4,0,3,0
2023-06-01,823,6,6.28,92.3,61.0,3.0,0,1,1,8.1,0,2,0
2023-07-01,823,7,6.11,100.0,56.6,2.84,0,2,1,14.2,0,2,0
2023-08-01,823,8,6.1,97.9,56.8,2.95,0,2,1,9.0,0,2,0
2023-09-01,823,9,6.19,100.0,58.1,2.73,0,2,1,9.0,0,2,0
2023-10-01,823,10,6.33,98.3,55.7,2.73,0,2,1,12.8,1,2,0
2023-11-01,823,11,6.47,100.0,59.3,3.02,0,3,1,9.0,1,2,0
2023-12-01,823,12,6.36,100.0,50.8,3.21,0,3,1,9.9,2,2,0
2024-01-01,823,13,6.31,95.1,54.8,2.98,0,3,1,9.9,2,2,0
2024-02-01,823,14,6.22,100.0,62.2,3.03,0,3,1,8.7,2,1,0
2024-03-01,823,15,6.46,100.0,54.9,3.05,0,3,1,9.1,2,1,0
2024-04-01,823,16,6.15,96.1,68.1,3.11,0,3,1,9.4,3,1,0
2024-05-01,823,17,6.32,99.4,57.1,2.94,0,3,1,12.9,3,1,0
2024-06-01,823,18,6.44,100.0,68.8,2.82,0,3,1,9.0,4,1,0
2023-01-01,824,1,5.47,89.8,50.9,2.74,1,1,0,1.9,0,0,0
2023-02-01,824,2,5.2,87.4,51.6,2.83,1,1,0,6.3,0,0,0
2023-03-01,824,3,5.28,84.2,51.7,2.87,1,1,0,5.9,0,0,0
2023-04-01,824,4,5.2,94.7,53.7,3.11,1,1,0,1.4,0,0,0
2023-05-01,824,5,5.28,92.5,51.9,3.07,2,1,0,2.7,0,0,0
2023-06-01,824,6,5.42,83.5,54.8,3.14,3,1,1,3.7,0,0,0
2023-07-01,824,7,5.51,86.0,47.2,2.87,3,1,1,0.4,0,0,0
2023-08-01,824,8,5.37,93.9,57.0,2.91,3,1,1,2.6,0,0,0
2023-09-01,824,9,5.53,91.9,51.5,2.97,3,1,1,4.3,0,0,0
2023-10-01,824,10,5.46,89.7,55.9,3.05,3,1,1,3.9,0,0,0
2023-11-01,824,11,5.62,93.0,57.6,3.25,3,1,1,5.3,0,0,0
2023-12-01,824,12,5.49,88.1,49.1,3.26,3,1,1,4.9,0,0,0
2024-01-01,824,13,5.51,85.7,56.3,3.12,3,1,1,6.6,0,0,0
2024-02-01,824,14,5.6,84.7,54.2,3.18,3,1,1,6.0,0,0,0
2024-03-01,824,15,5.58,88.1,57.8,3.05,3,1,1,7.7,0,0,0
2024-04-01,824,16,5.56,94.7,49.5,3.08,3,1,1,3.4,0,0,0
2024-05-01,824,17,5.66,90.4,55.2,3.36,3,1,1,4.8,0,0,0
2024-06-01,824,18,5.9,87.2,56.8,3.47,3,1,1,9.6,0,0,1
2023-01-01,825,1,5.52,72.1,56.6,3.93,0,1,0,9.4,0,1,0
2023-02-01,825,2,5.52,74.9,55.6,3.8,0,2,0,10.3,0,1,0
2023-03-01,825,3,5.57,68.6,60.5,4.16,0,2,0,9.8,0,1,0
2023-04-01,825,4,5.44,74.2,55.5,4.03,0,2,0,11.4,0,1,0
2023-05-01,825,5,5.69,65.1,60.1,3.88,0,2,0,10.1,0,0,0
2023-06-01,825,6,5.6,76.5,60.4,3.84,0,2,0,3.9,0,0,0
2023-07-01,825,7,5.55,71.7,70.9,4.13,0,2,0,9.7,0,0,0
2023-08-01,825,8,5.75,76.9,62.9,3.85,0,2,0,11.6,0,0,0
2023-09-01,825,9,5.52,74.0,66.8,3.75,1,2,0,9.1,0,0,0
2023-10-01,825,10,5.68,69.5,60.1,3.93,1,2,0,11.4,0,0,0
2023-11-01,825,11,5.93,71.9,66.3,4.13,1,2,0,10.0,0,0,1
2023-12-01,825,12,5.54,72.2,67.1,4.14,2,2,1,10.0,1,0,1
2024-01-01,825,13,5.64,72.0,66.0,4.19,2,2,1,11.6,1,0,1
2024-02-01,825,14,5.91,75.2,71.8,4.17,2,2,1,9.9,1,0,1
2024-03-01,825,15,5.77,72.3,63.7,4.07,2,2,1,7.3,2,0,1
2024-04-01,825,16,5.81,67.6,71.6,4.24,2,3,1,12.0,3,0,1
2024-05-01,825,17,5.72,74.3,75.8,4.04,3,3,2,9.4,3,0,1
2024-06-01,825,18,5.92,71.6,62.5,4.19,3,3,2,12.9,3,0,1
2023-01-01,826,1,7.11,77.7,55.9,2.65,1,1,0,6.2,0,0,0
2023-02-01,826,2,7.19,65.9,50.9,2.75,1,2,0,7.0,0,0,0
2023-03-01,826,3,6.98,70.8,49.8,2.76,1,2,0,3.0,0,0,0
2023-04-01,826,4,7.14,78.9,49.2,2.64,1,3,0,2.6,0,0,0
2023-05-01,826,5,7.12,68.6,48.2,2.6,1,3,0,3.7,1,0,1
2023-06-01,826,6,7.28,67.3,59.2,2.77,1,3,0,7.2,1,0,1
2023-07-01,826,7,7.18,73.8,49.8,2.85,1,3,0,6.3,1,0,1
2023-08-01,826,8,7.16,74.8,47.2,2.84,1,3,0,3.9,1,0,1
2023-09-01,826,9,7.46,76.3,50.6,2.61,1,3,0,7.0,1,0,1
2023-10-01,826,10,7.48,68.6,55.5,2.57,1,3,0,3.3,1,0,1
2023-11-01,826,11,7.51,69.5,51.6,2.9,1,3,0,4.9,1,0,1
2023-12-01,826,12,7.41,80.9,54.7,2.61,1,3,0,3.6,1,0,1
2024-01-01,826,13,7.55,75.2,53.4,2.99,1,3,0,1.4,1,0,1
2024-02-01,826,14,7.3,71.4,56.4,2.91,1,3,0,5.6,1,0,1
2024-03-01,826,15,7.42,76.1,51.6,2.77,1,3,0,3.4,1,0,1
2024-04-01,826,16,7.56,68.2,49.1,2.84,1,3,0,1.0,1,0,1
2024-05-01,826,17,7.67,73.0,49.4,3.03,1,3,0,4.6,1,0,1
2024-06-01,826,18,7.54,80.6,54.1,3.28,1,3,0,3.4,1,0,1
2023-01-01,827,1,6.74,86.2,40.6,3.06,0,0,0,2.2,0,0,0
2023-02-01,827,2,7.16,90.4,34.5,3.0,0,0,0,3.9,0,0,0
2023-03-01,827,3,7.05,92.2,41.3,3.31,0,0,0,4.8,0,0,0
2023-04-01,827,4,7.22,97.4,28.5,3.3,0,0,0,4.4,0,0,0
2023-05-01,827,5,7.14,96.2,33.2,3.08,0,0,0,2.1,0,0,0
2023-06-01,827,6,7.43,92.9,34.3,3.29,0,0,0,2.0,0,0,0
2023-07-01,827,7,7.27,97.8,36.3,3.33,0,0,0,9.1,0,0,0
2023-08-01,827,8,7.44,93.7,37.7,3.26,0,0,0,0.5,0,0,0
2023-09-01,827,9,7.42,89.0,35.9,3.34,0,0,0,4.3,0,0,0
2023-10-01,827,10,7.29,95.4,33.2,3.07,0,0,0,2.8,0,0,0
2023-11-01,827,11,7.37,98.6,39.0,3.19,0,0,0,7.2,0,0,0
2023-12-01,827,12,7.57,91.7,40.3,3.32,0,0,0,4.8,1,0,0
2024-01-01,827,13,7.52,99.3,42.4,3.11,0,0,0,1.6,1,0,0
2024-02-01,827,14,7.76,99.0,45.1,3.13,0,0,0,3.8,2,0,0
2024-03-01,827,15,7.72,100.0,42.5,3.25,0,0,0,5.3,2,0,0
2024-04-01,827,16,8.13,96.7,37.5,3.23,1,0,0,4.2,2,0,0
2024-05-01,827,17,7.9,95.8,44.2,3.12,1,0,0,5.6,3,0,0
2024-06-01,827,18,7.63,94.0,41.3,3.36,1,0,0,2.4,3,0,1
2023-01-01,828,1,6.74,100.0,72.8,3.52,0,2,0,8.4,0,0,0
2023-02-01,828,2,6.82,88.9,67.0,3.47,0,2,0,3.9,1,0,0
2023-03-01,828,3,6.92,86.9,73.2,3.35,0,2,0,8.6,1,0,0
2023-04-01,828,4,7.12,93.0,78.1,3.32,0,2,0,6.0,1,0,0
2023-05-01,828,5,7.13,91.6,72.5,3.23,0,2,0,10.6,1,0,1
2023-06-01,828,6,7.13,88.8,79.9,3.49,0,2,0,12.6,1,0,1
2023-07-01,828,7,7.38,90.3,72.5,3.72,0,2,0,6.6,1,0,1
2023-08-01,828,8,7.16,89.0,68.6,3.42,0,2,0,12.0,1,0,1
2023-09-01,828,9,7.29,90.7,72.3,3.31,0,2,0,8.1,1,0,1
2023-10-01,828,10,7.3,93.0,76.7,3.67,0,2,0,5.4,1,0,1
2023-11-01,828,11,7.31,100.0,73.9,3.39,0,2,0,3.1,2,0,1
2023-12-01,828,12,7.29,91.8,73.2,3.37,1,2,0,5.0,2,0,1
2024-01-01,828,13,7.66,97.3,80.2,3.36,1,2,0,4.8,2,0,1
2024-02-01,828,14,7.56,89.6,78.5,3.75,2,2,0,5.3,2,0,1
2024-03-01,828,15,7.55,92.8,88.1,3.21,2,2,1,7.2,2,0,1
2024-04-01,828,16,7.66,92.4,79.1,3.53,2,2,1,14.5,3,0,1
2024-05-01,828,17,7.83,97.4,80.1,3.27,2,2,1,8.1,3,0,1
2024-06-01,828,18,7.77,100.0,84.7,3.66,2,3,1,9.2,3,0,1
2023-01-01,829,1,7.88,76.8,69.6,4.5,0,0,0,12.6,0,1,0
2023-02-01,829,2,8.12,81.5,69.1,4.09,0,0,0,1.1,0,1,0
2023-03-01,829,3,8.15,89.8,72.0,4.33,0,0,0,3.3,0,0,0
2023-04-01,829,4,8.11,85.6,68.1,4.32,0,0,0,7.4,0,0,0
2023-05-01,829,5,8.14,79.2,84.3,4.51,0,0,0,6.3,0,0,0
2023-06-01,829,6,8.33,84.9,72.1,4.44,0,0,0,5.6,0,0,0
2023-07-01,829,7,8.11,83.8,63.7,4.29,0,1,0,7.7,0,0,0
2023-08-01,829,8,8.07,80.2,73.5,4.39,0,1,0,9.2,0,0,0
2023-09-01,829,9,8.48,78.9,71.3,4.48,0,1,0,4.6,1,0,0
2023-10-01,829,10,8.33,81.6,69.5,4.31,0,1,0,9.1,1,0,0
2023-11-01,829,11,8.19,90.8,78.1,4.46,0,1,0,5.9,1,0,0
2023-12-01,829,12,8.17,88.3,73.5,4.23,0,1,0,6.8,1,0,0
2024-01-01,829,13,8.26,79.6,82.1,4.46,0,1,0,7.6,1,0,0
2024-02-01,829,14,8.37,85.0,76.0,4.69,0,1,0,11.4,1,0,1
2024-03-01,829,15,8.62,77.2,80.9,4.2,0,1,0,7.6,1,0,1
2024-04-01,829,16,8.5,77.5,80.3,4.45,0,1,0,4.6,1,0,1
2024-05-01,829,17,8.4,78.0,79.1,4.58,0,1,0,7.2,1,0,1
2024-06-01,829,18,8.49,84.5,84.0,4.38,0,1,0,7.6,1,0,1
2023-01-01,830,1,5.0,80.3,65.5,3.1,1,1,1,11.6,0,2,0
2023-02-01,830,2,5.09,75.8,68.9,3.0,1,1,1,10.8,0,2,0
2023-03-01,830,3,4.97,73.9,74.6,3.23,1,1,2,8.4,0,1,0
2023-04-01,830,4,5.11,77.5,73.6,3.16,2,1,2,12.2,1,1,0
2023-05-01,830,5,5.19,72.5,80.6,2.93,2,1,2,14.9,1,1,0
2023-06-01,830,6,5.22,72.5,78.2,3.1,2,1,2,10.9,1,1,0
2023-07-01,830,7,5.07,79.9,72.8,3.0,2,2,2,14.7,2,1,0
2023-08-01,830,8,5.35,74.0,76.8,3.31,2,2,2,10.0,2,0,0
2023-09-01,830,9,5.27,78.7,80.5,3.19,2,2,2,9.5,2,0,0
2023-10-01,830,10,5.16,74.9,82.1,2.99,2,2,2,14.7,2,0,1
2023-11-01,830,11,5.4,77.2,79.1,3.1,2,2,2,13.2,2,0,1
2023-12-01,830,12,5.43,81.7,85.6,3.2,2,2,2,12.3,3,0,1
2024-01-01,830,13,5.35,73.1,84.2,3.28,2,2,2,6.3,3,0,1
2024-02-01,830,14,5.37,85.0,89.5,3.16,2,2,2,14.5,4,0,1
2024-03-01,830,15,5.6,78.0,83.9,2.99,2,2,2,12.5,5,0,1
2024-04-01,830,16,5.61,75.7,84.6,3.1,2,2,2,15.0,5,0,1
2024-05-01,830,17,5.58,74.4,93.5,3.0,2,2,2,12.2,5,0,1
2024-06-01,830,18,5.59,83.2,89.0,3.21,2,3,2,16.1,6,0,1
2023-01-01,831,1,7.24,93.9,36.3,3.74,0,0,0,0.9,0,0,0
2023-02-01,831,2,7.28,98.5,30.1,3.86,0,0,0,11.1,0,0,0
2023-03-01,831,3,7.53,91.6,33.6,4.21,0,0,0,7.5,0,0,0
2023-04-01,831,4,7.48,93.2,31.1,4.12,0,0,0,2.4,1,0,0
2023-05-01,831,5,7.53,93.4,32.8,4.03,0,0,0,6.7,1,0,0
2023-06-01,831,6,7.69,98.7,30.9,3.97,0,0,0,10.5,1,0,0
2023-07-01,831,7,7.46,91.3,37.5,3.86,0,0,0,5.1,1,0,0
2023-08-01,831,8,7.66,90.9,42.1,3.93,0,0,0,4.6,1,0,0
2023-09-01,831,9,7.64,87.5,41.0,3.83,0,0,0,2.7,1,0,0
2023-10-01,831,10,7.63,95.2,34.6,3.93,0,0,0,11.9,1,0,0
2023-11-01,831,11,7.72,92.0,34.4,3.81,0,0,0,5.8,2,0,0
2023-12-01,831,12,7.92,92.9,36.6,4.02,0,0,0,5.3,2,0,1
2024-01-01,831,13,7.94,100.0,38.9,4.19,0,0,0,8.5,2,0,1
2024-02-01,831,14,7.85,94.8,36.5,4.04,0,0,0,6.6,3,0,1
2024-03-01,831,15,7.88,96.9,42.6,4.18,0,0,0,5.2,4,0,1
2024-04-01,831,16,7.97,94.9,42.5,4.18,0,0,0,8.3,4,0,1
2024-05-01,831,17,8.22,95.2,43.2,3.92,0,0,0,3.0,4,0,1
2024-06-01,831,18,7.94,89.6,47.6,4.23,0,0,1,2.5,5,0,1
2023-01-01,832,1,8.28,70.1,60.9,4.28,0,1,0,11.4,0,0,0
2023-02-01,832,2,8.21,74.6,65.2,3.87,0,2,0,9.0,0,0,0
2023-03-01,832,3,8.49,72.9,65.8,4.05,0,2,0,14.3,0,0,0
2023-04-01,832,4,8.24,68.0,69.1,4.09,1,3,0,12.8,0,0,0
2023-05-01,832,5,8.6,68.5,72.3,4.09,2,3,0,13.3,0,0,0
2023-06-01,832,6,8.42,69.4,71.0,4.27,2,3,0,7.3,0,0,0
2023-07-01,832,7,8.66,69.6,67.3,4.16,2,4,0,11.2,0,0,1
2023-08-01,832,8,8.63,66.5,61.1,4.08,2,4,0,12.5,1,0,1
2023-09-01,832,9,8.82,78.6,68.1,4.04,2,4,0,9.4,1,0,1
2023-10-01,832,10,8.65,79.2,66.4,4.05,2,4,0,9.4,1,0,1
2023-11-01,832,11,8.7,73.0,71.1,3.7,2,4,0,15.7,1,0,1
2023-12-01,832,12,8.96,66.9,70.0,4.0,2,4,1,13.7,2,0,1
2024-01-01,832,13,8.81,69.4,66.9,4.18,2,4,1,10.6,2,0,1
2024-02-01,832,14,8.69,71.3,67.4,4.17,2,4,1,14.9,2,0,1
2024-03-01,832,15,8.94,72.2,72.3,4.47,2,5,1,9.1,3,0,1
2024-04-01,832,16,8.89,77.0,70.0,4.11,2,6,1,13.5,3,0,1
2024-05-01,832,17,9.03,69.9,74.2,4.19,2,6,1,13.9,3,0,1
2024-06-01,832,18,9.1,72.3,74.8,4.1,2,6,1,10.4,3,0,1
2023-01-01,833,1,6.16,90.1,64.1,3.15,0,1,0,12.2,0,0,0
2023-02-01,833,2,5.96,92.9,69.3,3.13,0,1,0,13.9,0,0,0
2023-03-01,833,3,6.06,88.9,65.9,3.15,0,1,1,17.1,0,0,0
2023-04-01,833,4,6.25,91.1,73.0,3.39,0,1,1,8.3,0,0,0
2023-05-01,833,5,6.07,90.4,63.2,3.25,0,1,1,11.7,1,0,0
2023-06-01,833,6,6.13,88.1,70.4,3.26,0,1,1,15.0,1,0,0
2023-07-01,833,7,6.19,87.0,79.8,3.33,0,1,1,6.2,1,0,0
2023-08-01,833,8,6.24,90.6,84.7,3.09,0,1,1,10.8,1,0,0
2023-09-01,833,9,6.5,83.4,75.5,3.54,0,1,1,9.2,1,0,0
2023-10-01,833,10,6.22,86.5,70.8,3.43,0,2,1,10.6,1,0,0
2023-11-01,833,11,6.25,88.5,76.2,3.3,0,3,1,11.4,1,0,0
2023-12-01,833,12,6.38,93.6,77.7,3.63,0,3,1,14.8,2,0,0
2024-01-01,833,13,6.28,88.7,75.3,3.35,0,3,1,8.5,2,0,0
2024-02-01,833,14,6.38,80.4,75.4,3.2,0,3,1,9.9,2,0,0
2024-03-01,833,15,6.32,84.1,79.7,3.36,0,3,2,9.0,2,0,1
2024-04-01,833,16,6.27,85.4,79.6,3.24,0,3,2,13.8,3,0,1
2024-05-01,833,17,6.31,83.5,74.2,3.28,1,3,2,8.2,3,0,1
2024-06-01,833,18,6.27,91.2,82.7,3.22,1,3,2,10.1,4,0,1
2023-01-01,834,1,6.43,100.0,44.8,3.39,0,2,2,8.5,0,1,0
2023-02-01,834,2,6.7,100.0,46.9,3.08,0,2,3,12.5,0,1,0
2023-03-01,834,3,6.54,97.7,46.8,2.96,0,2,3,7.9,0,1,0
2023-04-01,834,4,6.72,100.0,47.7,3.29,0,3,3,11.2,0,1,0
2023-05-01,834,5,6.89,95.0,41.6,2.97,0,3,3,8.4,0,1,0
2023-06-01,834,6,7.03,99.7,45.6,3.19,0,3,3,7.5,0,1,0
2023-07-01,834,7,6.84,100.0,44.8,3.0,0,3,3,0.8,0,1,0
2023-08-01,834,8,6.83,97.1,49.1,3.03,0,3,3,8.8,0,1,0
2023-09-01,834,9,6.96,100.0,46.7,3.05,0,3,3,10.7,0,0,0
2023-10-01,834,10,6.92,96.1,51.9,3.22,0,3,3,10.2,0,0,0
2023-11-01,834,11,7.03,96.7,47.6,3.24,0,3,3,2.9,0,0,0
2023-12-01,834,12,6.99,97.2,39.2,3.19,0,3,3,10.7,1,0,0
2024-01-01,834,13,7.04,100.0,45.1,3.18,0,3,3,6.2,1,0,0
2024-02-01,834,14,7.05,99.3,50.0,3.1,0,3,3,7.8,1,0,0
2024-03-01,834,15,6.8,97.8,47.9,2.93,0,3,3,9.2,1,0,0
2024-04-01,834,16,7.03,95.8,58.6,3.22,0,3,3,8.5,1,0,0
2024-05-01,834,17,7.36,100.0,57.7,3.16,0,3,4,7.4,1,0,0
2024-06-01,834,18,7.34,99.0,47.4,3.6,0,3,5,8.6,2,0,0
2023-01-01,835,1,6.48,83.6,56.2,2.88,0,1,0,10.6,0,0,0
2023-02-01,835,2,6.43,82.4,60.2,3.29,0,1,0,11.1,0,0,0
2023-03-01,835,3,6.5,79.5,54.8,2.92,0,1,0,11.2,0,0,0
2023-04-01,835,4,6.6,85.2,60.1,2.85,0,1,0,5.7,0,0,0
2023-05-01,835,5,6.36,76.2,59.6,2.9,0,1,1,8.6,1,0,0
2023-06-01,835,6,6.75,82.2,61.9,3.27,0,1,1,13.8,1,0,0
2023-07-01,835,7,6.46,89.4,58.9,3.14,0,1,1,11.9,1,0,0
2023-08-01,835,8,6.85,87.7,64.5,2.83,0,1,1,11.6,1,0,0
2023-09-01,835,9,6.84,82.3,67.2,2.96,0,1,1,13.2,1,0,0
2023-10-01,835,10,6.8,80.0,65.2,3.08,0,1,1,11.5,1,0,0
2023-11-01,835,11,6.91,90.4,60.8,3.05,0,1,1,11.1,2,0,0
2023-12-01,835,12,6.93,87.2,64.5,2.91,0,1,1,7.1,2,0,0
2024-01-01,835,13,6.82,79.7,67.7,2.97,0,1,1,7.9,3,0,1
2024-02-01,835,14,6.99,87.0,75.3,3.34,0,1,1,13.3,3,0,1
2024-03-01,835,15,7.0,84.3,75.2,3.07,0,1,2,9.8,3,0,1
2024-04-01,835,16,7.22,81.1,76.0,3.2,0,1,2,10.2,3,0,1
2024-05-01,835,17,7.01,80.5,67.7,2.87,0,1,2,10.2,4,0,1
2024-06-01,835,18,7.24,80.8,78.1,2.85,0,1,2,8.3,4,0,1
2023-01-01,836,1,6.66,77.5,53.9,3.16,0,1,1,10.3,0,0,1
2023-02-01,836,2,6.21,73.9,54.7,3.09,0,1,1,1.0,0,0,1
2023-03-01,836,3,6.32,85.0,58.9,2.9,0,1,1,9.4,0,0,1
2023-04-01,836,4,6.51,73.9,61.6,3.31,1,1,1,4.6,0,0,1
2023-05-01,836,5,6.44,73.7,57.3,3.1,1,1,2,5.9,1,0,1
2023-06-01,836,6,6.07,72.1,52.2,3.34,1,1,2,5.6,1,0,1
2023-07-01,836,7,6.56,78.9,54.0,3.0,1,1,2,6.4,1,0,1
2023-08-01,836,8,6.6,67.7,71.5,3.16,1,1,2,8.6,1,0,1
2023-09-01,836,9,6.5,67.1,64.4,2.96,1,1,2,5.3,1,0,1
2023-10-01,836,10,6.57,70.1,65.5,2.88,1,1,2,12.3,1,0,1
2023-11-01,836,11,6.61,75.1,68.1,3.09,2,1,2,7.0,1,0,1
2023-12-01,836,12,6.5,75.3,61.2,2.96,2,1,2,9.9,1,0,1
2024-01-01,836,13,6.56,67.2,56.9,3.23,2,1,2,6.0,1,0,1
2024-02-01,836,14,6.76,73.1,61.7,3.25,2,1,2,10.5,1,0,1
2024-03-01,836,15,6.54,72.0,73.5,3.13,2,2,2,5.9,1,0,1
2024-04-01,836,16,6.61,78.5,55.9,3.13,2,2,2,6.2,2,0,1
2024-05-01,836,17,6.62,73.9,64.1,2.8,2,2,2,6.9,2,0,1
2024-06-01,836,18,6.65,76.2,61.7,3.07,2,2,2,10.4,2,0,1
2023-01-01,837,1,6.72,82.2,90.4,3.43,0,0,1,4.0,0,0,0
2023-02-01,837,2,6.74,86.3,88.1,3.63,0,0,1,4.3,1,0,0
2023-03-01,837,3,6.93,90.3,83.3,3.8,0,0,1,8.5,1,0,0
2023-04-01,837,4,6.93,91.0,88.1,3.81,0,0,1,10.3,1,0,0
2023-05-01,837,5,6.88,85.4,84.6,3.9,0,0,1,3.2,1,0,0
2023-06-01,837,6,6.78,84.9,88.2,4.12,0,0,1,1.0,1,0,0
2023-07-01,837,7,7.01,88.0,79.7,3.99,0,0,1,7.2,1,0,0
2023-08-01,837,8,7.03,82.1,87.5,3.89,0,0,1,4.2,1,0,0
2023-09-01,837,9,6.87,89.2,88.4,3.99,0,0,1,9.0,1,0,0
2023-10-01,837,10,7.17,83.9,88.7,3.77,0,0,1,8.9,1,0,0
2023-11-01,837,11,6.82,84.9,88.6,3.67,0,0,1,5.0,1,0,0
2023-12-01,837,12,7.01,74.9,94.7,4.02,0,0,1,6.0,1,0,0
2024-01-01,837,13,7.25,91.9,90.3,3.96,0,0,1,6.8,1,0,0
2024-02-01,837,14,7.19,92.0,89.5,3.94,0,0,1,2.3,1,0,0
2024-03-01,837,15,7.09,83.7,89.9,4.01,0,0,1,6.3,1,0,0
2024-04-01,837,16,6.99,85.4,95.7,3.97,1,0,1,5.0,1,0,0
2024-05-01,837,17,7.3,93.6,90.9,4.17,1,1,1,9.3,2,0,0
2024-06-01,837,18,7.25,92.5,98.1,4.15,1,1,1,8.0,2,0,0
2023-01-01,838,1,7.98,77.9,90.6,3.07,0,0,0,5.4,0,0,0
2023-02-01,838,2,8.15,80.8,92.4,3.53,0,0,0,5.2,1,0,0
2023-03-01,838,3,8.17,87.3,86.0,3.39,0,1,0,4.4,1,0,0
2023-04-01,838,4,8.21,80.0,88.5,3.6,0,1,0,5.7,1,0,0
2023-05-01,838,5,8.47,78.7,84.6,3.43,0,1,0,4.9,1,0,0
2023-06-01,838,6,8.18,73.9,91.3,3.51,0,1,0,4.3,1,0,0
2023-07-01,838,7,8.63,74.4,87.6,3.15,0,1,0,0.0,1,0,1
2023-08-01,838,8,8.37,83.1,92.3,3.69,0,1,0,4.3,1,0,1
2023-09-01,838,9,8.5,73.4,86.7,3.27,0,1,0,5.7,1,0,1
2023-10-01,838,10,8.6,72.5,87.1,3.66,0,1,0,3.4,1,0,1
2023-11-01,838,11,8.94,74.8,97.2,3.65,0,1,0,4.9,1,0,1
2023-12-01,838,12,8.78,86.4,93.3,3.35,0,1,0,3.6,1,0,1
2024-01-01,838,13,8.84,76.3,88.4,3.4,0,2,0,9.3,1,0,1
2024-02-01,838,14,8.87,76.4,91.4,3.54,0,2,0,1.2,1,0,1
2024-03-01,838,15,8.85,72.8,87.0,3.7,0,2,0,6.4,1,0,1
2024-04-01,838,16,8.95,73.9,94.0,3.3,0,2,0,7.7,1,0,1
2024-05-01,838,17,8.79,75.3,98.6,3.43,0,2,0,2.0,1,0,1
2024-06-01,838,18,8.89,72.2,92.9,3.47,0,2,0,5.4,1,0,1
2023-01-01,839,1,8.63,61.3,37.3,3.63,1,1,0,7.1,0,1,0
2023-02-01,839,2,8.44,66.4,32.6,3.39,1,1,0,2.8,0,1,0
2023-03-01,839,3,8.44,60.1,31.3,3.42,1,1,0,3.6,0,1,0
2023-04-01,839,4,8.69,68.6,26.5,3.16,1,1,0,3.1,0,1,0
2023-05-01,839,5,8.58,67.8,28.9,3.33,1,1,0,0.9,0,1,0
2023-06-01,839,6,8.83,62.3,40.3,3.68,1,1,0,5.2,0,1,0
2023-07-01,839,7,9.0,70.8,34.9,3.43,1,1,0,6.4,0,1,0
2023-08-01,839,8,8.99,67.0,36.3,3.06,1,1,1,6.0,1,1,0
2023-09-01,839,9,8.88,70.2,39.6,3.5,1,1,1,6.2,1,1,0
2023-10-01,839,10,8.86,74.6,40.6,3.61,1,1,1,7.5,1,1,0
2023-11-01,839,11,9.04,70.9,38.0,3.41,1,1,1,7.5,1,1,0
2023-12-01,839,12,9.15,63.1,31.6,3.71,2,1,1,5.8,1,1,0
2024-01-01,839,13,9.08,68.7,46.0,3.49,2,2,1,6.4,1,1,0
2024-02-01,839,14,9.16,69.3,36.1,3.54,2,2,2,8.4,2,0,0
2024-03-01,839,15,9.06,71.6,37.0,3.27,2,2,3,1.8,2,0,0
2024-04-01,839,16,9.17,65.2,44.1,3.6,2,2,3,6.4,2,0,0
2024-05-01,839,17,9.16,70.8,38.3,3.67,2,2,3,3.8,2,0,0
2024-06-01,839,18,9.39,69.8,42.1,3.7,2,3,3,6.7,2,0,0
2023-01-01,840,1,6.7,85.3,93.6,2.1,1,1,1,10.9,0,1,0
2023-02-01,840,2,6.73,84.6,100.0,2.38,1,1,1,12.1,0,1,0
2023-03-01,840,3,6.69,91.0,97.1,2.4,1,1,1,10.6,0,1,0
2023-04-01,840,4,6.83,86.2,100.0,2.3,1,1,1,9.9,1,1,0
2023-05-01,840,5,7.05,91.4,91.7,2.49,1,1,1,10.2,1,1,0
2023-06-01,840,6,7.09,88.3,89.7,2.15,1,1,1,7.3,1,1,0
2023-07-01,840,7,7.14,97.2,98.0,2.4,1,1,1,11.4,1,1,0
2023-08-01,840,8,7.03,85.1,100.0,2.77,1,1,2,10.8,1,1,0
2023-09-01,840,9,7.01,87.3,100.0,2.41,1,1,2,10.5,1,1,0
2023-10-01,840,10,7.34,91.7,100.0,2.35,1,1,2,9.0,1,1,1
2023-11-01,840,11,7.18,92.2,100.0,2.62,1,2,2,12.6,1,1,1
2023-12-01,840,12,7.25,93.1,100.0,2.22,1,2,2,13.4,2,1,1
2024-01-01,840,13,7.2,84.9,100.0,2.77,2,2,2,10.7,2,0,1
2024-02-01,840,14,7.13,92.4,100.0,2.73,2,2,2,9.8,2,0,1
2024-03-01,840,15,7.57,87.1,100.0,2.36,2,3,2,13.9,3,0,1
2024-04-01,840,16,7.37,100.0,100.0,2.59,2,3,2,8.4,3,0,1
2024-05-01,840,17,7.45,89.0,100.0,2.64,2,3,2,8.3,3,0,1
2024-06-01,840,18,7.38,90.9,100.0,2.17,3,3,3,8.8,4,0,1
2023-01-01,841,1,8.61,84.3,44.6,2.37,2,0,1,7.9,0,1,0
2023-02-01,841,2,8.43,87.6,48.6,2.64,2,0,1,8.7,0,1,0
2023-03-01,841,3,8.65,95.1,48.3,2.48,2,0,1,7.7,0,1,0
2023-04-01,841,4,8.7,92.8,47.5,2.41,3,0,1,9.8,0,1,1
2023-05-01,841,5,8.79,90.2,43.8,2.53,3,0,1,12.5,0,1,1
2023-06-01,841,6,8.69,95.7,42.5,2.9,3,1,1,2.4,0,1,1
2023-07-01,841,7,8.89,93.8,47.7,2.4,3,1,1,4.9,0,1,1
2023-08-01,841,8,8.99,100.0,46.2,2.89,3,1,1,9.2,0,0,1
2023-09-01,841,9,8.92,92.2,46.7,2.63,3,1,1,7.0,0,0,1
2023-10-01,841,10,8.71,100.0,41.6,2.59,3,1,1,5.6,0,0,1
2023-11-01,841,11,8.75,93.2,49.5,2.58,4,1,1,6.9,1,0,1
2023-12-01,841,12,8.99,89.1,52.1,2.49,4,1,1,3.8,1,0,1
2024-01-01,841,13,8.97,94.7,53.3,2.7,4,1,1,5.0,1,0,1
2024-02-01,841,14,8.84,88.8,60.9,2.61,4,1,1,2.8,1,0,1
2024-03-01,841,15,9.15,91.2,47.8,2.52,4,1,1,8.8,1,0,1
2024-04-01,841,16,9.13,95.9,51.3,2.79,4,1,1,12.9,1,0,1
2024-05-01,841,17,9.05,88.0,53.6,2.6,4,1,1,10.0,1,0,1
2024-06-01,841,18,9.33,100.0,47.3,2.6,4,1,1,9.2,1,0,1
2023-01-01,842,1,7.03,80.2,67.6,4.82,0,1,1,5.8,0,0,0
2023-02-01,842,2,7.08,84.3,70.3,4.76,0,1,1,5.6,1,0,0
2023-03-01,842,3,7.11,75.7,70.1,4.69,0,1,1,4.4,1,0,0
2023-04-01,842,4,7.1,77.3,75.5,4.68,0,1,1,8.0,1,0,0
2023-05-01,842,5,7.25,74.0,75.2,4.73,0,1,1,8.6,1,0,0
2023-06-01,842,6,7.17,83.7,70.5,4.83,0,1,1,7.2,1,0,0
2023-07-01,842,7,7.37,87.7,76.9,4.97,0,1,1,10.7,1,0,0
2023-08-01,842,8,7.07,80.2,74.8,4.61,0,1,1,6.0,1,0,0
2023-09-01,842,9,7.25,73.9,76.1,4.76,0,1,1,4.9,1,0,0
2023-10-01,842,10,7.17,81.1,84.2,4.84,0,1,1,2.7,1,0,0
2023-11-01,842,11,7.26,74.9,78.0,4.81,0,1,1,12.2,1,0,0
2023-12-01,842,12,7.11,78.7,77.1,4.88,0,1,1,6.7,1,0,0
2024-01-01,842,13,7.5,84.0,81.1,4.81,0,1,1,0.0,2,0,0
2024-02-01,842,14,7.26,83.6,89.6,4.89,0,1,1,0.9,2,0,0
2024-03-01,842,15,7.42,77.6,79.3,4.87,0,1,1,5.2,2,0,0
2024-04-01,842,16,7.41,83.6,81.1,4.74,0,1,2,6.7,2,0,0
2024-05-01,842,17,7.35,82.0,73.3,4.73,0,1,2,5.0,2,0,0
2024-06-01,842,18,7.33,73.7,86.3,4.91,1,1,2,2.8,3,0,0
2023-01-01,843,1,8.24,73.2,64.0,2.85,0,1,0,4.3,0,2,0
2023-02-01,843,2,8.14,76.8,76.9,3.05,0,1,0,4.2,0,2,0
2023-03-01,843,3,8.37,78.2,70.7,3.3,0,1,0,5.8,0,2,0
2023-04-01,843,4,8.64,79.4,73.7,2.9,0,1,0,4.1,0,2,0
2023-05-01,843,5,8.35,78.4,74.4,3.23,0,1,0,2.6,0,2,0
2023-06-01,843,6,8.63,76.3,74.8,3.13,0,1,0,3.0,0,2,0
2023-07-01,843,7,8.43,72.8,73.7,3.24,0,1,0,4.6,0,2,0
2023-08-01,843,8,8.44,74.9,73.2,3.22,0,1,1,5.8,0,2,0
2023-09-01,843,9,8.42,80.1,70.6,2.9,0,1,1,2.9,0,2,1
2023-10-01,843,10,8.66,73.3,75.0,3.08,0,1,1,7.2,0,2,1
2023-11-01,843,11,8.63,76.6,74.7,3.24,1,1,1,3.5,1,2,1
2023-12-01,843,12,8.66,75.0,76.3,3.08,1,1,1,6.5,2,2,1
2024-01-01,843,13,8.83,78.5,71.1,3.02,1,1,1,8.1,3,2,1
2024-02-01,843,14,8.64,77.6,78.1,3.22,1,1,2,2.9,3,2,1
2024-03-01,843,15,8.65,73.4,82.0,3.25,1,1,2,10.9,3,2,1
2024-04-01,843,16,8.72,79.5,73.1,3.64,1,1,2,8.0,3,2,1
2024-05-01,843,17,8.74,72.4,76.0,3.35,1,1,2,3.5,3,2,1
2024-06-01,843,18,8.94,75.0,77.5,3.29,1,1,2,1.8,3,2,1
2023-01-01,844,1,6.85,75.3,38.4,2.71,0,0,0,7.2,0,0,0
2023-02-01,844,2,7.06,76.2,47.5,2.51,0,0,0,6.6,0,0,0
2023-03-01,844,3,6.82,73.2,42.9,2.54,0,0,0,6.4,0,0,0
2023-04-01,844,4,6.93,70.5,39.8,2.39,0,0,0,3.7,0,0,0
2023-05-01,844,5,7.15,76.8,37.5,2.92,0,0,0,7.7,0,0,0
2023-06-01,844,6,6.95,71.2,52.3,2.59,0,0,0,8.6,0,0,0
2023-07-01,844,7,7.09,73.2,49.5,2.5,0,0,0,4.4,0,0,0
2023-08-01,844,8,7.29,70.2,46.4,2.76,0,0,0,9.8,0,0,0
2023-09-01,844,9,7.15,74.8,53.0,2.71,0,0,0,8.2,0,0,0
2023-10-01,844,10,7.26,73.1,52.6,2.88,0,0,0,9.8,0,0,0
2023-11-01,844,11,6.99,72.9,47.8,2.71,0,0,0,9.2,0,0,0
2023-12-01,844,12,7.29,72.1,46.2,2.99,0,1,0,0.8,0,0,0
2024-01-01,844,13,7.34,72.2,50.7,2.59,0,1,0,6.2,0,0,0
2024-02-01,844,14,7.42,73.4,43.4,2.96,0,1,0,9.1,1,0,0
2024-03-01,844,15,7.39,79.8,51.0,2.66,0,1,0,6.2,1,0,0
2024-04-01,844,16,7.29,77.2,49.4,2.72,0,2,0,11.2,2,0,0
2024-05-01,844,17,7.37,72.9,52.4,2.74,0,2,0,5.8,2,0,0
2024-06-01,844,18,7.37,74.0,60.9,2.83,0,2,0,7.5,3,0,0
2023-01-01,845,1,7.02,83.6,60.9,4.38,0,0,0,12.0,0,3,0
2023-02-01,845,2,7.13,78.8,63.1,4.43,0,0,0,9.1,1,3,0
2023-03-01,845,3,7.37,82.6,66.2,4.1,0,0,0,13.5,1,3,0
2023-04-01,845,4,7.2,79.3,68.1,3.9,0,0,0,7.2,1,3,0
2023-05-01,845,5,7.21,80.5,66.7,4.31,0,0,0,9.3,1,3,0
2023-06-01,845,6,7.02,79.7,67.1,4.17,0,0,0,7.3,1,3,0
2023-07-01,845,7,7.37,86.5,69.6,4.48,0,0,0,6.0,1,3,0
2023-08-01,845,8,7.38,83.4,63.9,4.35,1,1,0,14.3,1,3,0
2023-09-01,845,9,7.44,77.6,71.6,4.18,1,1,1,10.7,1,3,0
2023-10-01,845,10,7.49,75.4,72.8,4.23,1,1,1,6.6,1,3,0
2023-11-01,845,11,7.22,82.1,69.5,4.51,1,1,1,9.9,2,3,0
2023-12-01,845,12,7.53,77.6,75.0,4.07,1,1,1,11.6,2,3,0
2024-01-01,845,13,7.28,83.7,77.8,4.37,1,1,1,5.9,2,3,0
2024-02-01,845,14,7.6,78.0,75.8,4.17,1,1,1,11.5,2,3,0
2024-03-01,845,15,7.44,84.2,77.8,4.39,1,1,1,10.7,2,3,0
2024-04-01,845,16,7.53,81.7,72.7,4.35,1,1,1,6.7,2,2,0
2024-05-01,845,17,7.64,81.3,78.6,4.47,2,1,1,5.6,2,2,0
2024-06-01,845,18,7.7,82.3,79.5,4.21,2,1,1,7.5,2,2,0
2023-01-01,846,1,7.29,76.9,51.8,3.41,1,2,0,2.4,0,0,0
2023-02-01,846,2,7.59,73.3,48.6,3.4,1,3,0,3.6,0,0,1
2023-03-01,846,3,7.56,72.3,56.0,3.58,1,3,0,5.6,0,0,1
2023-04-01,846,4,7.4,86.7,60.6,3.65,1,4,0,6.5,0,0,1
2023-05-01,846,5,7.52,78.3,60.6,3.41,1,4,0,1.9,0,0,1
2023-06-01,846,6,7.53,79.9,59.5,3.48,1,4,0,8.1,0,0,1
2023-07-01,846,7,7.65,77.5,58.6,3.5,1,4,0,8.3,0,0,1
2023-08-01,846,8,7.3,77.2,60.9,3.64,1,4,0,5.7,0,0,1
2023-09-01,846,9,7.5,78.5,53.0,3.6,1,4,0,3.1,0,0,1
2023-10-01,846,10,7.67,72.4,58.7,3.55,1,4,0,4.6,0,0,1
2023-11-01,846,11,7.62,77.9,60.8,3.42,1,4,0,9.4,0,0,1
2023-12-01,846,12,7.71,78.1,72.0,3.42,1,4,0,8.1,0,0,1
2024-01-01,846,13,7.44,76.1,63.4,3.32,1,4,0,5.8,0,0,1
2024-02-01,846,14,7.7,74.5,62.8,3.67,1,4,0,2.4,0,0,1
2024-03-01,846,15,7.59,76.7,67.6,3.41,1,4,0,8.4,0,0,1
2024-04-01,846,16,7.79,71.8,61.2,3.58,1,4,0,7.9,1,0,1
2024-05-01,846,17,7.69,73.9,62.4,3.7,1,4,0,3.0,1,0,1
2024-06-01,846,18,7.88,68.4,74.7,3.73,1,4,0,9.5,1,0,1
2023-01-01,847,1,9.61,76.1,61.3,3.83,0,0,0,12.9,0,0,0
2023-02-01,847,2,9.72,73.1,72.1,3.59,0,0,0,9.6,0,0,0
2023-03-01,847,3,9.7,65.5,66.8,3.91,0,0,0,9.6,0,0,0
2023-04-01,847,4,9.8,72.4,64.0,3.71,0,0,0,11.4,0,0,0
2023-05-01,847,5,9.65,76.2,64.4,3.6,1,0,0,13.4,0,0,0
2023-06-01,847,6,9.76,69.7,66.3,3.48,1,0,0,11.4,0,0,0
2023-07-01,847,7,9.82,66.9,77.4,3.65,1,0,0,11.1,0,0,0
2023-08-01,847,8,9.84,70.7,68.8,3.75,1,0,0,10.2,0,0,0
2023-09-01,847,9,9.62,74.5,74.2,3.71,2,0,0,7.8,0,0,0
2023-10-01,847,10,9.74,74.2,67.5,3.73,2,0,1,11.3,0,0,0
2023-11-01,847,11,9.78,69.5,68.8,3.65,2,0,1,8.5,0,0,0
2023-12-01,847,12,9.84,74.3,79.9,3.59,2,0,1,10.6,1,0,1
2024-01-01,847,13,9.9,73.2,74.7,3.68,2,1,1,9.2,1,0,1
2024-02-01,847,14,10.0,72.9,74.7,3.46,2,2,1,9.1,1,0,1
2024-03-01,847,15,10.0,75.7,75.7,3.71,2,2,1,8.6,1,0,1
2024-04-01,847,16,10.0,78.4,76.9,3.55,2,2,2,7.6,1,0,1
2024-05-01,847,17,10.0,65.4,75.7,3.57,3,2,2,10.4,1,0,1
2024-06-01,847,18,10.0,66.5,82.1,3.71,3,2,2,5.8,1,0,1
2023-01-01,848,1,7.66,99.5,57.4,3.0,0,1,0,6.0,0,1,0
2023-02-01,848,2,7.69,97.4,58.8,3.24,0,1,0,6.7,0,1,0
2023-03-01,848,3,7.63,100.0,66.9,3.16,1,1,0,10.1,0,1,0
2023-04-01,848,4,7.63,100.0,60.7,3.12,1,1,0,9.4,0,1,0
2023-05-01,848,5,7.69,96.8,59.8,2.83,1,1,0,13.4,0,1,0
2023-06-01,848,6,7.56,100.0,61.8,3.17,1,1,0,8.0,0,1,0
2023-07-01,848,7,7.93,100.0,58.3,3.26,1,1,0,5.8,0,1,0
2023-08-01,848,8,7.9,95.8,65.2,3.05,1,1,0,7.8,0,1,0
2023-09-01,848,9,8.02,98.9,62.1,3.3,1,1,0,12.6,1,1,0
2023-10-01,848,10,8.02,95.0,65.3,3.33,2,1,0,8.9,1,1,0
2023-11-01,848,11,7.99,97.3,73.7,2.99,2,1,0,8.9,1,1,0
2023-12-01,848,12,8.07,100.0,64.6,3.26,2,1,0,8.7,2,1,0
2024-01-01,848,13,8.21,98.9,62.9,3.12,2,2,0,7.3,2,1,0
2024-02-01,848,14,7.99,98.0,64.6,3.11,2,2,0,14.4,3,1,0
2024-03-01,848,15,8.19,96.1,73.9,3.27,2,2,0,10.8,3,1,0
2024-04-01,848,16,8.02,100.0,75.2,3.35,2,2,0,9.1,4,0,0
2024-05-01,848,17,8.13,100.0,73.9,3.24,2,2,0,4.8,4,0,0
2024-06-01,848,18,8.19,95.2,79.4,2.95,2,3,0,7.7,4,0,0
2023-01-01,849,1,6.53,87.8,75.6,2.92,1,2,0,14.3,0,0,0
2023-02-01,849,2,6.57,90.7,74.3,2.89,1,3,0,6.1,1,0,0
2023-03-01,849,3,6.33,75.3,83.9,2.98,1,4,0,7.6,1,0,1
2023-04-01,849,4,6.57,91.4,73.0,3.09,1,4,0,9.8,1,0,1
2023-05-01,849,5,6.66,92.3,77.9,2.94,1,4,0,11.7,2,0,1
2023-06-01,849,6,6.53,82.8,78.3,3.02,1,5,0,4.9,2,0,1
2023-07-01,849,7,6.69,90.7,79.2,3.06,1,5,1,11.7,2,0,1
2023-08-01,849,8,6.7,86.1,81.0,3.03,1,6,1,12.6,2,0,1
2023-09-01,849,9,6.93,92.7,85.2,3.12,1,6,2,10.8,3,0,1
2023-10-01,849,10,6.65,84.8,78.1,3.33,1,6,3,11.3,3,0,1
2023-11-01,849,11,6.96,91.3,86.1,2.99,1,7,3,9.7,4,0,1
2023-12-01,849,12,6.96,86.5,85.8,3.04,2,7,4,12.4,5,0,1
2024-01-01,849,13,7.11,90.3,89.3,3.26,2,7,4,9.3,5,0,1
2024-02-01,849,14,7.04,88.2,83.2,2.89,2,7,4,9.1,6,0,1
2024-03-01,849,15,6.81,89.4,78.8,3.1,2,7,4,12.4,6,0,1
2024-04-01,849,16,6.95,83.3,85.1,2.92,2,7,4,8.4,6,0,1
2024-05-01,849,17,7.07,82.1,84.1,3.16,2,7,4,14.9,6,0,1
2024-06-01,849,18,7.11,88.0,89.8,3.39,2,7,4,11.0,6,0,1
2023-01-01,850,1,7.71,79.9,65.9,3.03,0,0,0,7.6,0,0,0
2023-02-01,850,2,7.79,90.3,58.6,2.93,0,0,0,0.7,0,0,0
2023-03-01,850,3,7.87,89.5,65.8,3.12,0,0,0,7.1,0,0,0
2023-04-01,850,4,7.89,90.7,57.5,3.2,0,0,0,6.3,0,0,0
2023-05-01,850,5,7.78,87.7,56.2,3.16,0,0,0,9.4,0,0,0
2023-06-01,850,6,7.78,93.9,55.5,3.09,0,0,0,11.1,0,0,0
2023-07-01,850,7,7.94,84.1,64.7,3.33,0,0,0,4.5,0,0,0
2023-08-01,850,8,8.11,87.9,59.2,3.19,0,0,0,2.5,1,0,0
2023-09-01,850,9,7.9,93.5,59.7,3.26,0,0,0,0.0,1,0,0
2023-10-01,850,10,8.12,84.6,65.3,3.33,0,0,0,3.0,1,0,0
2023-11-01,850,11,7.92,84.8,59.4,3.24,0,0,0,7.1,1,0,0
2023-12-01,850,12,7.94,83.7,65.5,3.24,0,1,0,1.5,1,0,0
2024-01-01,850,13,8.21,82.2,68.2,3.41,0,1,0,7.7,1,0,0
2024-02-01,850,14,7.96,88.0,57.0,3.1,0,1,0,7.6,1,0,0
2024-03-01,850,15,8.06,91.9,66.5,2.93,0,1,0,11.0,1,0,0
2024-04-01,850,16,8.03,91.9,63.7,3.22,0,1,0,12.7,1,0,0
2024-05-01,850,17,8.26,82.9,65.9,2.94,0,1,0,9.4,1,0,0
2024-06-01,850,18,8.13,85.5,65.5,3.31,0,1,0,6.8,1,0,0
2023-01-01,851,1,6.56,87.2,52.5,2.21,1,0,2,8.0,0,0,0
2023-02-01,851,2,6.58,97.2,57.8,2.48,1,0,2,10.8,0,0,0
2023-03-01,851,3,6.76,88.8,60.6,2.06,1,0,2,7.1,0,0,0
2023-04-01,851,4,6.76,93.8,59.6,2.07,1,1,2,11.4,0,0,0
2023-05-01,851,5,6.75,92.4,58.1,2.22,1,1,2,10.8,0,0,1
2023-06-01,851,6,6.79,98.0,63.5,2.13,1,1,2,7.3,0,0,1
2023-07-01,851,7,7.0,86.4,56.5,2.36,2,1,2,11.3,1,0,1
2023-08-01,851,8,6.63,94.7,55.7,2.33,2,1,2,9.3,1,0,1
2023-09-01,851,9,7.07,85.2,62.6,2.41,2,1,2,5.4,1,0,1
2023-10-01,851,10,6.79,95.7,60.2,2.36,2,2,2,6.2,1,0,1
2023-11-01,851,11,6.92,92.7,67.7,2.25,2,2,2,8.3,1,0,1
2023-12-01,851,12,6.89,85.7,59.6,2.29,2,3,2,12.5,2,0,1
2024-01-01,851,13,7.02,87.0,63.8,2.44,2,3,2,9.7,2,0,1
2024-02-01,851,14,7.21,94.8,68.5,2.48,2,3,2,7.9,3,0,1
2024-03-01,851,15,7.14,97.8,69.4,2.62,2,3,2,7.1,3,0,1
2024-04-01,851,16,7.13,86.5,67.7,2.31,2,3,2,10.6,3,0,1
2024-05-01,851,17,7.1,87.5,65.9,2.46,2,3,2,6.4,3,0,1
2024-06-01,851,18,7.02,98.1,64.3,2.38,2,3,2,5.3,4,0,1
2023-01-01,852,1,6.65,82.0,79.2,3.23,1,0,0,1.6,0,0,0
2023-02-01,852,2,6.76,89.3,73.1,2.94,1,0,0,3.4,0,0,0
2023-03-01,852,3,6.59,87.9,79.0,3.18,1,0,0,0.0,0,0,0
2023-04-01,852,4,6.54,99.0,74.0,3.17,1,0,0,3.9,0,0,0
2023-05-01,852,5,6.63,80.9,76.8,3.02,1,0,0,7.6,0,0,0
2023-06-01,852,6,6.5,90.8,81.8,3.14,1,0,0,6.2,0,0,1
2023-07-01,852,7,6.79,88.8,76.2,3.26,1,0,0,6.9,0,0,1
2023-08-01,852,8,6.87,85.7,79.0,3.23,2,0,0,2.0,0,0,1
2023-09-01,852,9,6.94,96.9,79.1,3.21,2,0,0,3.2,0,0,1
2023-10-01,852,10,6.79,87.0,77.6,3.15,2,0,0,4.7,1,0,1
2023-11-01,852,11,6.7,85.8,80.0,3.23,2,0,0,4.6,1,0,1
2023-12-01,852,12,6.76,94.4,80.9,3.05,2,1,0,4.1,1,0,1
2024-01-01,852,13,6.72,87.6,75.8,3.36,2,1,0,0.2,2,0,1
2024-02-01,852,14,6.54,88.3,79.5,3.24,3,1,0,4.4,2,0,1
2024-03-01,852,15,6.59,84.5,75.6,3.0,3,1,0,4.4,2,0,1
2024-04-01,852,16,6.79,87.5,76.5,3.13,3,1,0,3.5,2,0,1
2024-05-01,852,17,6.69,81.0,73.7,3.1,3,1,0,8.3,2,0,1
2024-06-01,852,18,6.94,94.4,75.9,3.3,3,1,0,1.6,2,0,1
2023-01-01,853,1,7.79,73.0,64.5,3.2,0,0,1,9.7,0,2,0
2023-02-01,853,2,7.74,77.9,70.4,3.21,0,0,1,8.3,0,2,0
2023-03-01,853,3,7.85,79.1,71.4,3.35,1,0,1,4.4,0,2,0
2023-04-01,853,4,7.78,82.4,58.8,3.47,1,0,1,7.2,0,2,0
2023-05-01,853,5,7.87,85.5,71.1,3.46,2,0,1,5.3,0,2,0
2023-06-01,853,6,7.91,83.0,68.1,3.36,2,0,1,8.6,0,2,0
2023-07-01,853,7,7.77,79.2,65.1,3.59,2,1,1,5.9,0,1,0
2023-08-01,853,8,7.78,74.0,65.4,3.72,3,2,1,4.6,0,1,1
2023-09-01,853,9,7.83,74.8,73.4,3.51,3,2,1,7.1,0,1,1
2023-10-01,853,10,7.72,77.2,69.9,3.42,3,2,1,2.2,0,1,1
2023-11-01,853,11,7.87,78.3,63.7,3.65,3,2,1,7.1,0,1,1
2023-12-01,853,12,8.03,81.4,75.9,3.39,3,2,1,11.8,0,1,1
2024-01-01,853,13,7.82,77.6,69.0,3.6,3,2,1,4.5,0,1,1
2024-02-01,853,14,8.02,78.8,74.9,3.55,3,2,1,5.9,0,1,1
2024-03-01,853,15,8.04,80.2,68.7,3.82,3,2,1,8.1,0,1,1
2024-04-01,853,16,7.91,76.6,79.8,3.4,3,2,1,6.9,0,1,1
2024-05-01,853,17,8.18,71.7,77.7,3.7,3,2,1,11.8,0,1,1
2024-06-01,853,18,8.04,72.2,77.7,3.81,3,2,1,6.0,1,1,1
2023-01-01,854,1,7.1,92.2,73.9,4.32,0,0,0,9.4,0,0,0
2023-02-01,854,2,7.07,92.8,70.0,4.66,0,0,0,9.2,0,0,0
2023-03-01,854,3,7.0,84.2,78.2,4.61,0,0,0,10.8,0,0,0
2023-04-01,854,4,7.19,84.1,70.9,4.34,0,0,0,14.8,0,0,0
2023-05-01,854,5,7.2,83.9,73.0,4.43,1,0,0,11.5,0,0,0
2023-06-01,854,6,7.18,78.3,71.0,4.29,1,0,0,9.0,0,0,0
2023-07-01,854,7,7.12,80.6,75.8,4.48,1,0,0,11.7,0,0,0
2023-08-01,854,8,7.42,78.5,72.2,4.26,1,0,0,11.2,0,0,0
2023-09-01,854,9,7.43,83.1,74.4,4.47,1,0,0,10.8,0,0,0
2023-10-01,854,10,7.47,86.5,72.3,4.63,2,0,0,6.6,1,0,0
2023-11-01,854,11,7.46,82.1,74.6,4.85,2,0,0,11.5,2,0,0
2023-12-01,854,12,7.53,91.0,80.4,4.61,2,0,0,8.4,3,0,0
2024-01-01,854,13,7.58,81.8,70.4,4.75,2,0,0,3.9,3,0,0
2024-02-01,854,14,7.41,81.5,80.9,4.66,2,0,0,7.7,4,0,0
2024-03-01,854,15,7.57,80.5,78.1,4.67,2,0,0,9.3,4,0,0
2024-04-01,854,16,7.73,84.4,88.5,4.63,2,0,0,6.0,4,0,0
2024-05-01,854,17,7.72,86.9,77.8,4.71,2,0,0,8.6,5,0,0
2024-06-01,854,18,7.85,85.6,81.8,4.84,2,0,0,4.2,5,0,1
2023-01-01,855,1,7.35,78.8,46.2,3.47,1,1,0,11.4,0,0,0
2023-02-01,855,2,7.09,84.2,48.6,3.01,1,1,0,9.1,0,0,0
2023-03-01,855,3,7.19,82.6,51.3,3.07,1,1,0,9.0,0,0,0
2023-04-01,855,4,7.41,82.6,46.6,3.04,1,1,0,9.6,0,0,0
2023-05-01,855,5,6.91,75.1,57.1,3.49,1,1,0,9.4,0,0,0
2023-06-01,855,6,7.33,84.4,52.5,3.32,2,1,0,12.5,0,0,0
2023-07-01,855,7,7.23,81.4,52.6,3.29,2,1,0,4.4,0,0,0
2023-08-01,855,8,7.34,74.9,59.2,3.27,2,1,0,8.1,0,0,0
2023-09-01,855,9,7.52,81.8,58.7,3.32,2,1,0,4.4,0,0,0
2023-10-01,855,10,7.52,74.4,52.7,3.38,2,1,0,9.7,1,0,0
2023-11-01,855,11,7.42,76.4,52.2,3.57,2,1,0,13.8,1,0,0
2023-12-01,855,12,7.54,73.4,57.1,2.86,2,1,0,14.2,1,0,1
2024-01-01,855,13,7.44,82.6,59.0,3.2,2,1,0,12.0,1,0,1
2024-02-01,855,14,7.51,88.3,54.1,3.33,2,1,0,11.9,1,0,1
2024-03-01,855,15,7.63,78.8,58.8,3.31,2,1,0,11.7,1,0,1
2024-04-01,855,16,7.58,67.5,51.5,3.47,2,1,0,10.1,1,0,1
2024-05-01,855,17,7.62,78.0,53.5,3.38,2,1,0,1.7,2,0,1
2024-06-01,855,18,7.64,81.8,60.8,3.47,2,1,0,10.1,3,0,1
2023-01-01,856,1,7.06,86.6,38.1,1.36,0,1,1,2.8,0,0,0
2023-02-01,856,2,7.28,88.3,42.3,1.29,0,1,1,2.1,0,0,0
2023-03-01,856,3,7.1,81.4,44.6,1.77,0,1,1,2.7,0,0,0
2023-04-01,856,4,6.93,86.7,39.4,1.52,0,1,1,2.5,0,0,0
2023-05-01,856,5,7.32,85.9,45.0,1.54,0,1,1,7.5,0,0,0
2023-06-01,856,6,7.19,90.3,41.4,1.77,0,1,1,2.5,0,0,0
2023-07-01,856,7,7.22,86.5,42.8,1.75,0,1,1,13.9,0,0,0
2023-08-01,856,8,7.11,84.4,38.2,1.76,0,2,1,6.7,0,0,0
2023-09-01,856,9,7.05,84.5,44.5,1.67,0,3,1,6.3,0,0,0
2023-10-01,856,10,7.12,89.3,43.7,1.64,0,3,1,4.6,0,0,0
2023-11-01,856,11,7.13,87.0,48.2,1.96,0,3,1,2.2,0,0,0
2023-12-01,856,12,7.19,86.5,41.9,1.48,0,3,1,1.3,0,0,0
2024-01-01,856,13,7.21,87.3,47.4,1.73,0,3,1,0.6,0,0,0
2024-02-01,856,14,7.32,90.2,44.6,1.67,0,3,1,6.0,0,0,0
2024-03-01,856,15,7.29,86.9,40.2,1.55,0,3,1,5.4,0,0,0
2024-04-01,856,16,7.36,85.1,52.2,1.75,0,3,1,5.8,0,0,0
2024-05-01,856,17,7.26,90.1,52.0,2.04,0,3,1,5.4,0,0,0
2024-06-01,856,18,7.53,86.4,46.3,2.07,0,3,1,6.2,0,0,0
2023-01-01,857,1,7.22,82.6,49.3,3.19,0,0,0,16.2,0,0,0
2023-02-01,857,2,7.36,85.5,44.4,3.13,0,0,0,11.5,0,0,0
2023-03-01,857,3,7.3,89.6,46.6,3.01,0,0,0,13.3,0,0,0
2023-04-01,857,4,7.31,89.9,46.8,3.2,0,0,1,14.2,0,0,0
2023-05-01,857,5,7.54,83.6,55.6,3.34,0,0,1,9.5,0,0,0
2023-06-01,857,6,7.27,82.8,52.2,3.45,1,0,1,13.4,0,0,0
2023-07-01,857,7,7.49,83.8,52.0,3.16,1,0,1,12.5,0,0,0
2023-08-01,857,8,7.44,86.8,57.7,3.36,1,0,1,9.4,0,0,0
2023-09-01,857,9,7.59,84.1,54.4,3.0,1,0,1,10.1,1,0,0
2023-10-01,857,10,7.75,89.0,59.9,2.93,1,0,1,5.2,1,0,0
2023-11-01,857,11,7.91,85.3,52.7,3.18,1,0,1,15.9,2,0,0
2023-12-01,857,12,7.71,88.0,60.8,3.23,1,0,1,9.6,3,0,0
2024-01-01,857,13,7.49,83.7,52.8,3.41,1,0,1,9.6,4,0,0
2024-02-01,857,14,7.9,84.6,61.9,3.42,1,0,1,13.2,4,0,0
2024-03-01,857,15,7.92,88.5,62.1,3.26,1,0,1,9.4,4,0,1
2024-04-01,857,16,7.72,77.9,58.6,3.43,2,1,1,10.8,5,0,1
2024-05-01,857,17,7.79,89.6,64.3,3.19,2,1,1,10.0,5,0,1
2024-06-01,857,18,7.99,87.2,60.3,3.25,2,1,1,12.1,6,0,1
2023-01-01,858,1,7.3,83.1,45.0,4.99,0,1,0,8.3,0,0,0
2023-02-01,858,2,7.28,84.4,48.3,4.98,0,1,0,3.8,0,0,0
2023-03-01,858,3,7.36,78.7,44.6,4.85,0,2,0,1.9,0,0,0
2023-04-01,858,4,7.31,79.2,50.5,5.0,0,2,0,2.4,0,0,0
2023-05-01,858,5,7.58,71.2,51.5,4.98,0,2,0,4.3,0,0,0
2023-06-01,858,6,7.68,83.4,54.8,4.77,0,2,0,5.6,0,0,0
2023-07-01,858,7,7.38,78.1,51.2,5.0,0,2,0,7.1,0,0,0
2023-08-01,858,8,7.81,74.0,54.8,5.0,0,2,0,0.0,0,0,0
2023-09-01,858,9,7.7,72.1,53.7,5.0,0,2,0,3.8,0,0,0
2023-10-01,858,10,7.58,80.5,54.1,5.0,0,2,0,5.6,0,0,0
2023-11-01,858,11,7.62,85.3,55.9,5.0,0,2,0,0.0,0,0,0
2023-12-01,858,12,7.7,86.4,46.0,5.0,0,2,0,5.9,0,0,0
2024-01-01,858,13,7.76,81.9,43.6,5.0,0,2,0,3.3,0,0,0
2024-02-01,858,14,7.58,79.3,52.7,5.0,0,2,0,4.1,0,0,0
2024-03-01,858,15,7.86,80.3,57.1,5.0,0,2,0,3.8,1,0,0
2024-04-01,858,16,7.74,75.9,56.8,5.0,1,2,0,1.1,1,0,0
2024-05-01,858,17,7.91,84.0,51.5,5.0,2,2,0,6.7,1,0,0
2024-06-01,858,18,8.12,81.4,54.3,5.0,2,2,0,0.0,2,0,0
2023-01-01,859,1,5.36,70.8,61.4,3.77,0,1,0,10.0,0,0,0
2023-02-01,859,2,5.31,72.5,74.9,4.11,0,1,1,10.7,0,0,0
2023-03-01,859,3,5.61,69.4,68.3,3.68,0,1,1,11.6,1,0,0
2023-04-01,859,4,5.55,73.0,76.0,3.95,0,1,1,4.6,1,0,0
2023-05-01,859,5,5.46,69.6,73.7,3.93,0,1,1,11.3,1,0,0
2023-06-01,859,6,5.42,68.4,69.7,3.86,0,1,1,6.8,1,0,0
2023-07-01,859,7,5.6,75.5,70.6,3.87,1,1,1,9.6,1,0,0
2023-08-01,859,8,5.51,62.4,79.6,3.91,1,1,1,7.7,1,0,0
2023-09-01,859,9,5.61,67.9,76.4,4.14,1,1,1,9.4,1,0,0
2023-10-01,859,10,5.59,75.2,76.0,3.87,1,1,1,11.8,1,0,0
2023-11-01,859,11,5.41,69.9,73.7,3.87,1,2,1,6.9,1,0,0
2023-12-01,859,12,5.5,64.6,87.2,3.82,1,2,1,11.8,1,0,0
2024-01-01,859,13,5.64,72.6,80.3,4.02,1,2,1,9.5,1,0,0
2024-02-01,859,14,5.53,68.7,75.3,3.83,1,2,1,7.0,1,0,0
2024-03-01,859,15,5.5,74.6,84.8,3.99,1,2,1,6.8,2,0,0
2024-04-01,859,16,5.73,71.0,78.1,4.04,1,2,1,7.3,2,0,0
2024-05-01,859,17,5.39,63.6,79.6,3.99,1,2,1,6.8,2,0,0
2024-06-01,859,18,5.59,75.2,79.5,4.06,1,2,1,8.1,2,0,0
2023-01-01,860,1,7.43,80.9,67.3,2.73,1,1,2,9.5,0,0,0
2023-02-01,860,2,7.54,86.6,73.6,2.73,1,2,2,10.7,0,0,0
2023-03-01,860,3,7.71,82.1,78.3,2.84,1,2,2,13.2,0,0,0
2023-04-01,860,4,7.45,86.7,68.1,2.58,1,3,2,13.3,0,0,0
2023-05-01,860,5,7.67,81.6,77.2,2.53,1,3,2,19.0,0,0,0
2023-06-01,860,6,7.67,82.1,85.1,2.63,1,3,2,10.5,0,0,0
2023-07-01,860,7,7.67,83.2,71.1,2.94,1,3,2,8.9,0,0,0
2023-08-01,860,8,7.62,78.6,75.3,2.8,2,3,3,12.3,1,0,0
2023-09-01,860,9,7.81,76.4,78.5,2.65,2,3,3,12.7,2,0,0
2023-10-01,860,10,7.6,78.4,73.3,2.69,2,4,3,15.5,2,0,0
2023-11-01,860,11,7.88,79.3,79.1,2.74,3,4,4,11.1,2,0,0
2023-12-01,860,12,7.71,83.0,81.8,2.92,3,4,4,12.6,2,0,0
2024-01-01,860,13,7.64,84.8,83.3,2.76,3,4,4,14.0,2,0,0
2024-02-01,860,14,7.76,81.9,87.2,2.9,3,4,4,15.5,3,0,0
2024-03-01,860,15,7.93,85.9,88.8,2.7,3,4,4,9.4,4,0,0
2024-04-01,860,16,7.89,78.6,81.1,2.83,4,4,5,11.5,5,0,0
2024-05-01,860,17,7.77,82.8,83.0,2.7,4,4,5,8.8,6,0,0
2024-06-01,860,18,7.66,81.1,79.6,2.77,4,4,5,15.4,7,0,0
2023-01-01,861,1,6.29,85.1,58.7,3.59,1,2,0,5.5,0,0,0
2023-02-01,861,2,6.28,77.8,45.9,3.51,1,2,1,11.8,0,0,0
2023-03-01,861,3,6.25,79.0,48.0,3.79,1,2,1,13.4,0,0,0
2023-04-01,861,4,6.35,75.3,56.2,3.4,1,2,1,10.8,0,0,0
2023-05-01,861,5,6.17,78.8,61.1,3.74,1,3,1,5.2,0,0,0
2023-06-01,861,6,6.27,77.2,49.4,3.77,1,3,1,8.2,0,0,0
2023-07-01,861,7,6.3,79.0,63.8,3.63,1,3,2,10.5,0,0,0
2023-08-01,861,8,6.42,78.9,52.7,3.6,1,3,2,5.1,0,0,0
2023-09-01,861,9,6.33,74.4,62.0,3.69,1,3,2,11.6,0,0,0
2023-10-01,861,10,6.39,76.4,59.8,3.48,1,4,2,8.6,0,0,0
2023-11-01,861,11,6.4,79.9,60.4,3.72,1,4,2,10.6,0,0,1
2023-12-01,861,12,6.42,78.6,70.8,3.73,1,4,2,7.1,1,0,1
2024-01-01,861,13,6.57,78.3,54.1,3.7,1,4,2,8.8,1,0,1
2024-02-01,861,14,6.43,82.4,64.6,3.73,1,4,2,6.6,1,0,1
2024-03-01,861,15,6.52,77.0,63.7,3.88,1,4,2,7.9,2,0,1
2024-04-01,861,16,6.46,74.9,70.2,3.48,1,4,2,8.1,2,0,1
2024-05-01,861,17,6.63,85.8,55.2,3.89,1,4,2,8.9,3,0,1
2024-06-01,861,18,6.27,77.8,59.8,3.94,1,4,2,6.1,4,0,1
2023-01-01,862,1,5.7,63.2,78.8,2.77,0,3,1,10.6,0,0,0
2023-02-01,862,2,5.74,65.7,79.2,2.72,0,4,1,13.7,0,0,0
2023-03-01,862,3,5.88,68.0,80.0,2.51,0,4,1,9.0,0,0,0
2023-04-01,862,4,6.04,59.0,77.6,2.49,0,4,1,8.6,0,0,0
2023-05-01,862,5,6.18,61.5,79.8,2.66,0,4,1,10.5,0,0,0
2023-06-01,862,6,6.18,58.6,86.9,2.67,1,4,1,12.5,1,0,1
2023-07-01,862,7,6.19,62.7,80.9,2.71,1,5,1,12.4,2,0,1
2023-08-01,862,8,6.02,65.4,83.4,2.97,1,5,1,11.8,2,0,1
2023-09-01,862,9,6.3,65.7,94.7,2.81,1,5,1,9.6,2,0,1
2023-10-01,862,10,6.27,53.8,86.6,2.8,1,5,2,11.0,2,0,1
2023-11-01,862,11,6.21,60.2,87.5,2.87,1,5,2,15.6,2,0,1
2023-12-01,862,12,6.13,59.7,81.1,2.92,1,5,2,14.4,2,0,1
2024-01-01,862,13,6.28,60.2,83.2,2.85,1,6,2,7.2,2,0,1
2024-02-01,862,14,6.37,61.9,90.7,2.77,1,6,2,10.8,3,0,1
2024-03-01,862,15,6.48,62.4,88.6,2.68,1,6,2,5.3,4,0,1
2024-04-01,862,16,6.72,62.2,88.9,2.93,2,6,2,10.0,5,0,1
2024-05-01,862,17,6.54,59.4,93.3,2.82,2,6,2,8.1,5,0,1
2024-06-01,862,18,6.57,57.8,93.5,2.77,2,6,2,7.7,5,0,1
2023-01-01,863,1,6.83,85.7,79.8,2.22,2,2,1,9.7,0,0,0
2023-02-01,863,2,6.67,85.6,71.0,2.17,2,2,1,5.9,0,0,0
2023-03-01,863,3,7.16,89.9,80.8,2.31,2,2,1,14.7,0,0,0
2023-04-01,863,4,7.08,87.3,83.3,2.49,2,3,1,8.8,0,0,0
2023-05-01,863,5,6.96,91.2,85.9,2.09,2,4,1,11.0,0,0,0
2023-06-01,863,6,7.02,81.7,89.5,2.36,2,5,1,12.0,0,0,0
2023-07-01,863,7,7.06,92.9,79.0,2.15,2,6,1,5.5,0,0,1
2023-08-01,863,8,7.3,83.5,75.9,2.22,2,6,1,9.6,0,0,1
2023-09-01,863,9,6.95,88.0,82.5,2.51,2,6,1,5.5,1,0,1
2023-10-01,863,10,7.19,92.7,88.0,2.31,2,6,1,12.1,1,0,1
2023-11-01,863,11,7.41,84.5,81.7,2.2,2,6,1,9.8,1,0,1
2023-12-01,863,12,7.34,85.7,84.3,2.57,2,6,1,11.1,1,0,1
2024-01-01,863,13,7.31,90.1,92.6,2.67,2,6,1,6.0,2,0,1
2024-02-01,863,14,7.22,90.5,94.3,2.22,2,6,1,9.1,2,0,1
2024-03-01,863,15,7.39,94.4,80.6,2.4,2,6,1,8.8,2,0,1
2024-04-01,863,16,6.99,84.2,93.2,2.42,2,6,1,4.7,2,0,1
2024-05-01,863,17,7.3,79.0,88.0,2.43,2,6,2,7.2,3,0,1
2024-06-01,863,18,7.28,88.2,93.3,2.44,2,6,2,9.6,3,0,1
2023-01-01,864,1,7.12,93.6,59.8,2.75,0,1,0,4.5,0,1,0
2023-02-01,864,2,7.2,96.9,55.4,2.85,0,1,0,8.0,0,1,0
2023-03-01,864,3,6.92,86.6,64.2,2.79,0,1,0,17.7,0,0,0
2023-04-01,864,4,7.14,90.9,67.2,3.0,0,1,0,13.3,0,0,0
2023-05-01,864,5,7.01,93.1,68.2,2.79,0,1,0,16.0,0,0,0
2023-06-01,864,6,7.23,89.6,67.3,2.99,0,1,0,10.1,0,0,0
2023-07-01,864,7,7.19,91.3,64.2,3.03,0,1,0,13.0,0,0,0
2023-08-01,864,8,7.18,89.4,67.7,2.97,0,1,0,11.2,0,0,1
2023-09-01,864,9,7.27,93.4,61.5,2.69,0,1,0,7.7,0,0,1
2023-10-01,864,10,7.07,86.4,68.6,3.05,0,1,0,11.0,1,0,1
2023-11-01,864,11,7.32,92.6,67.7,3.1,0,1,0,12.9,1,0,1
2023-12-01,864,12,7.15,87.5,72.9,3.17,0,2,0,9.0,1,0,1
2024-01-01,864,13,7.28,90.0,64.1,3.22,0,2,0,12.4,1,0,1
2024-02-01,864,14,7.27,94.1,69.2,2.95,0,2,0,11.2,1,0,1
2024-03-01,864,15,6.98,92.2,68.5,3.25,0,2,0,9.6,1,0,1
2024-04-01,864,16,7.47,94.0,74.9,3.25,1,2,0,8.1,1,0,1
2024-05-01,864,17,7.25,85.3,73.3,3.03,1,2,0,11.8,1,0,1
2024-06-01,864,18,7.24,92.8,76.6,3.29,1,2,0,13.3,1,0,1
2023-01-01,865,1,6.49,100.0,47.7,3.41,0,1,0,13.0,0,0,0
2023-02-01,865,2,6.13,100.0,48.0,3.34,0,1,0,10.3,0,0,0
2023-03-01,865,3,6.38,97.3,52.8,3.38,0,2,1,9.8,0,0,0
2023-04-01,865,4,6.55,100.0,57.0,3.47,0,2,2,15.6,0,0,0
2023-05-01,865,5,6.75,89.3,51.4,3.3,0,2,3,7.9,0,0,0
2023-06-01,865,6,6.64,94.7,55.2,3.34,0,2,3,6.8,0,0,0
2023-07-01,865,7,6.51,100.0,51.3,3.15,0,2,3,6.2,0,0,0
2023-08-01,865,8,6.58,100.0,54.3,3.23,0,2,3,10.3,0,0,0
2023-09-01,865,9,6.76,100.0,45.6,3.42,0,2,3,10.5,0,0,0
2023-10-01,865,10,6.69,99.2,58.0,3.56,0,2,3,9.6,0,0,0
2023-11-01,865,11,6.53,100.0,52.9,3.47,0,2,3,5.0,0,0,0
2023-12-01,865,12,6.41,99.7,53.8,3.21,0,2,3,10.2,0,0,0
2024-01-01,865,13,6.7,96.0,62.3,3.3,0,3,3,11.5,0,0,0
2024-02-01,865,14,6.59,100.0,50.4,3.38,0,3,3,7.3,0,0,0
2024-03-01,865,15,6.61,100.0,59.3,3.58,0,3,3,9.8,0,0,0
2024-04-01,865,16,6.59,100.0,53.2,3.63,0,3,3,8.3,1,0,0
2024-05-01,865,17,6.59,100.0,56.1,3.49,1,3,4,7.5,2,0,0
2024-06-01,865,18,6.75,98.5,61.3,3.56,1,3,4,10.1,2,0,0
2023-01-01,866,1,7.52,72.1,78.8,1.61,0,0,0,8.4,0,0,0
2023-02-01,866,2,7.85,78.6,85.9,1.72,0,0,0,8.9,0,0,0
2023-03-01,866,3,7.61,74.0,83.6,1.83,1,1,0,11.4,0,0,0
2023-04-01,866,4,7.67,75.9,84.9,1.55,1,1,0,9.7,0,0,0
2023-05-01,866,5,7.7,81.0,86.7,1.8,1,1,0,7.6,0,0,0
2023-06-01,866,6,8.04,72.4,87.8,2.14,1,2,0,5.0,0,0,0
2023-07-01,866,7,7.85,83.3,90.1,2.08,1,2,0,9.4,0,0,0
2023-08-01,866,8,7.9,78.5,82.5,2.0,1,2,0,10.3,0,0,0
2023-09-01,866,9,7.95,75.4,83.9,2.35,1,2,0,9.5,0,0,0
2023-10-01,866,10,7.71,81.2,83.7,1.84,1,2,0,12.6,0,0,0
2023-11-01,866,11,7.88,88.8,80.1,2.2,1,2,1,8.2,1,0,0
2023-12-01,866,12,8.0,83.0,88.7,1.99,1,2,1,5.6,2,0,0
2024-01-01,866,13,7.88,75.6,92.0,2.09,1,2,1,11.3,3,0,0
2024-02-01,866,14,8.22,80.6,84.0,2.0,1,2,1,12.6,3,0,0
2024-03-01,866,15,8.11,75.7,87.7,1.95,1,2,1,11.4,3,0,0
2024-04-01,866,16,8.12,80.5,89.5,2.02,1,2,1,8.1,4,0,0
2024-05-01,866,17,8.26,80.5,92.8,2.03,1,2,1,11.2,5,0,0
2024-06-01,866,18,8.05,76.8,99.5,2.24,1,2,1,7.1,5,0,0
2023-01-01,867,1,5.99,75.0,56.1,2.3,1,1,0,2.7,0,3,0
2023-02-01,867,2,5.72,73.2,62.6,2.63,1,1,0,2.3,0,3,0
2023-03-01,867,3,6.3,73.9,63.2,2.53,1,1,0,6.5,0,3,0
2023-04-01,867,4,5.82,77.8,56.9,2.7,1,1,0,7.6,0,3,0
2023-05-01,867,5,5.78,76.2,61.1,2.55,1,1,0,5.4,0,3,0
2023-06-01,867,6,5.94,70.1,62.2,2.53,1,1,0,5.0,0,3,0
2023-07-01,867,7,6.04,71.2,61.6,2.32,1,1,0,7.8,0,3,0
2023-08-01,867,8,5.84,75.6,58.5,2.54,1,1,0,5.4,0,3,0
2023-09-01,867,9,6.22,78.1,63.1,2.57,1,1,0,7.4,0,3,0
2023-10-01,867,10,6.21,73.9,55.5,2.38,1,1,1,6.2,0,3,0
2023-11-01,867,11,5.98,73.0,56.4,2.33,1,2,1,6.5,0,2,0
2023-12-01,867,12,6.02,72.7,56.0,2.33,1,3,1,7.6,0,2,0
2024-01-01,867,13,6.11,74.3,60.2,2.37,1,3,2,6.3,0,2,0
2024-02-01,867,14,6.06,79.2,61.3,2.74,1,3,2,5.1,0,2,0
2024-03-01,867,15,5.86,74.5,60.5,2.4,1,3,2,5.2,0,2,0
2024-04-01,867,16,6.17,78.0,70.4,2.28,1,3,2,5.6,0,2,0
2024-05-01,867,17,6.01,81.3,64.1,2.23,1,3,2,5.3,0,1,0
2024-06-01,867,18,6.11,81.1,67.0,2.31,1,4,2,11.7,0,1,0
2023-01-01,868,1,6.98,73.4,58.5,3.35,0,2,1,8.2,0,0,0
2023-02-01,868,2,6.82,74.3,64.8,3.09,0,2,2,8.2,0,0,0
2023-03-01,868,3,6.72,75.8,64.3,3.47,0,3,2,9.2,0,0,0
2023-04-01,868,4,6.79,68.5,61.6,3.21,0,3,2,4.1,0,0,0
2023-05-01,868,5,6.93,73.2,54.1,3.14,0,3,2,11.8,0,0,0
2023-06-01,868,6,6.99,68.9,61.3,3.54,0,3,2,9.0,0,0,0
2023-07-01,868,7,6.91,64.1,67.8,3.4,0,3,2,6.8,0,0,0
2023-08-01,868,8,6.89,72.6,61.2,3.47,0,3,2,11.8,0,0,1
2023-09-01,868,9,7.11,71.1,70.2,3.31,0,3,2,10.9,0,0,1
2023-10-01,868,10,7.04,77.2,68.6,3.25,0,3,3,11.2,0,0,1
2023-11-01,868,11,7.09,64.4,62.3,3.09,0,3,3,13.4,0,0,1
2023-12-01,868,12,7.39,66.7,65.1,3.08,0,4,3,12.5,0,0,1
2024-01-01,868,13,7.25,64.3,65.6,3.45,0,5,3,5.6,0,0,1
2024-02-01,868,14,7.21,71.8,72.2,3.36,0,5,3,12.0,0,0,1
2024-03-01,868,15,7.29,63.5,74.7,3.41,0,5,3,9.4,0,0,1
2024-04-01,868,16,7.3,74.0,74.3,3.43,0,5,3,10.5,1,0,1
2024-05-01,868,17,7.31,76.5,75.7,3.24,0,6,3,6.2,1,0,1
2024-06-01,868,18,7.22,71.4,69.2,3.3,0,6,3,13.4,1,0,1
2023-01-01,869,1,6.46,82.7,57.6,3.26,0,0,1,1.9,0,0,0
2023-02-01,869,2,6.82,85.9,50.7,2.92,0,0,1,0.0,0,0,0
2023-03-01,869,3,6.54,86.2,51.7,2.87,0,0,1,6.3,0,0,0
2023-04-01,869,4,6.5,94.2,53.6,2.73,0,0,1,4.7,0,0,0
2023-05-01,869,5,6.5,79.4,58.2,2.94,0,0,1,5.6,0,0,0
2023-06-01,869,6,6.57,88.2,58.1,2.88,0,0,1,5.6,0,0,0
2023-07-01,869,7,6.71,87.3,58.0,3.09,0,0,1,4.6,0,0,0
2023-08-01,869,8,6.58,88.7,62.8,2.95,0,0,1,3.3,0,0,0
2023-09-01,869,9,6.81,87.8,55.8,3.01,0,0,1,6.5,0,0,0
2023-10-01,869,10,6.67,86.9,57.6,3.04,0,0,1,0.0,0,0,0
2023-11-01,869,11,6.91,85.6,58.7,3.1,0,0,1,4.2,0,0,0
2023-12-01,869,12,6.87,86.7,60.4,2.97,0,0,1,4.3,1,0,0
2024-01-01,869,13,6.59,83.2,54.5,3.07,0,0,1,1.0,1,0,0
2024-02-01,869,14,6.58,85.1,54.7,3.08,0,0,1,4.2,1,0,0
2024-03-01,869,15,6.73,88.4,71.8,3.09,0,0,1,4.1,1,0,0
2024-04-01,869,16,6.61,86.0,62.1,3.03,0,0,1,4.4,1,0,0
2024-05-01,869,17,6.71,84.1,57.0,3.07,0,0,1,6.3,1,0,0
2024-06-01,869,18,7.05,83.2,57.5,3.29,0,0,1,4.2,1,0,0
2023-01-01,870,1,6.99,86.4,47.7,3.46,0,1,0,9.9,0,1,0
2023-02-01,870,2,7.0,81.2,47.6,3.45,0,2,0,10.2,0,1,0
2023-03-01,870,3,6.98,80.4,43.4,3.47,0,2,0,13.5,0,0,0
2023-04-01,870,4,6.93,71.4,47.8,3.49,0,2,0,11.0,0,0,0
2023-05-01,870,5,6.96,79.5,52.8,3.56,0,2,0,11.9,0,0,0
2023-06-01,870,6,7.19,86.4,46.7,3.54,0,2,0,12.3,0,0,0
2023-07-01,870,7,7.32,84.0,48.3,3.76,0,2,0,16.1,0,0,0
2023-08-01,870,8,7.06,82.3,54.5,3.87,0,2,1,8.3,0,0,1
2023-09-01,870,9,7.39,85.8,60.1,3.41,0,2,1,13.5,0,0,1
2023-10-01,870,10,7.49,85.6,54.6,3.55,0,2,1,14.2,0,0,1
2023-11-01,870,11,7.13,77.1,56.6,3.45,0,2,1,11.2,0,0,1
2023-12-01,870,12,7.31,87.1,53.7,3.68,0,2,1,10.8,0,0,1
2024-01-01,870,13,7.43,86.2,48.9,3.67,0,2,1,13.2,0,0,1
2024-02-01,870,14,7.33,87.7,57.5,3.5,1,2,1,9.8,1,0,1
2024-03-01,870,15,7.57,79.7,61.3,3.5,2,2,1,9.9,2,0,1
2024-04-01,870,16,7.55,84.7,54.6,3.28,2,3,1,10.3,3,0,1
2024-05-01,870,17,7.62,83.1,61.7,3.61,2,3,1,12.3,3,0,1
2024-06-01,870,18,7.34,90.6,61.3,3.59,2,4,1,12.8,4,0,1
2023-01-01,871,1,7.2,76.1,34.5,2.35,0,0,0,2.0,0,0,0
2023-02-01,871,2,7.14,69.7,43.8,2.52,0,0,0,9.5,0,0,0
2023-03-01,871,3,7.32,75.5,41.2,2.32,0,0,0,3.1,0,0,0
2023-04-01,871,4,7.15,77.7,35.2,2.51,1,1,0,5.4,0,0,0
2023-05-01,871,5,7.4,79.7,35.3,2.62,1,1,1,6.2,0,0,0
2023-06-01,871,6,7.27,71.4,42.7,2.29,1,2,1,6.5,0,0,0
2023-07-01,871,7,7.51,79.1,40.8,2.56,1,2,2,4.8,0,0,0
2023-08-01,871,8,7.47,70.6,41.1,2.63,1,2,2,7.6,1,0,0
2023-09-01,871,9,7.41,73.9,41.3,2.25,1,2,2,7.9,1,0,0
2023-10-01,871,10,7.38,65.6,34.9,2.41,1,2,2,10.5,1,0,0
2023-11-01,871,11,7.17,73.0,37.1,2.79,2,2,2,2.7,1,0,0
2023-12-01,871,12,7.48,72.5,41.0,2.68,2,2,2,8.4,1,0,0
2024-01-01,871,13,7.54,72.5,33.5,2.32,2,2,3,3.3,1,0,0
2024-02-01,871,14,7.51,79.5,41.9,2.48,2,2,3,3.2,1,0,0
2024-03-01,871,15,7.52,72.8,40.9,2.4,3,2,3,5.1,1,0,0
2024-04-01,871,16,7.5,75.6,44.7,2.29,3,2,3,1.7,1,0,0
2024-05-01,871,17,7.8,69.3,40.5,2.48,3,2,3,2.6,1,0,0
2024-06-01,871,18,7.77,69.8,35.8,2.48,3,2,3,6.3,1,0,0
2023-01-01,872,1,6.31,73.6,70.6,3.66,0,1,0,1.2,0,1,0
2023-02-01,872,2,6.11,83.1,68.1,3.47,0,1,0,0.0,0,1,0
2023-03-01,872,3,6.19,83.5,67.8,3.64,0,1,0,5.5,0,1,0
2023-04-01,872,4,6.1,77.4,66.3,3.97,0,1,0,6.4,0,1,0
2023-05-01,872,5,6.34,83.6,72.4,3.66,0,1,0,5.3,0,1,0
2023-06-01,872,6,6.43,80.9,74.2,3.68,0,1,0,6.9,0,1,0
2023-07-01,872,7,6.56,81.1,57.9,3.81,0,1,0,3.9,0,1,0
2023-08-01,872,8,6.34,78.8,68.1,3.77,0,1,0,4.3,0,1,0
2023-09-01,872,9,6.3,79.4,76.2,3.82,0,1,0,6.8,0,1,0
2023-10-01,872,10,6.42,81.2,70.6,3.89,0,1,0,3.7,1,1,0
2023-11-01,872,11,6.54,82.3,72.9,4.0,0,1,0,5.5,1,1,0
2023-12-01,872,12,6.35,82.1,66.7,3.78,0,1,0,1.8,1,1,0
2024-01-01,872,13,6.58,81.2,78.5,3.8,0,2,0,3.7,1,0,0
2024-02-01,872,14,6.49,80.8,74.2,3.83,0,2,0,4.9,2,0,0
2024-03-01,872,15,6.47,74.2,77.9,3.95,0,2,1,6.9,2,0,0
2024-04-01,872,16,6.52,84.8,69.1,3.7,0,2,1,2.6,2,0,0
2024-05-01,872,17,6.59,82.8,82.3,3.85,0,2,1,3.2,2,0,0
2024-06-01,872,18,6.79,88.3,73.2,3.91,0,2,1,7.8,2,0,0
2023-01-01,873,1,7.68,67.3,44.6,2.44,1,1,0,12.9,0,1,0
2023-02-01,873,2,7.38,63.9,48.8,2.48,1,1,0,9.3,0,0,0
2023-03-01,873,3,7.48,64.3,48.2,2.37,1,1,0,9.0,0,0,0
2023-04-01,873,4,7.82,59.6,50.5,2.32,1,1,0,7.1,0,0,0
2023-05-01,873,5,7.87,65.9,54.7,2.27,1,1,0,10.9,0,0,0
2023-06-01,873,6,7.64,59.7,53.8,2.54,1,1,0,12.2,0,0,0
2023-07-01,873,7,7.49,68.3,57.0,2.48,1,1,0,11.6,0,0,0
2023-08-01,873,8,7.67,57.3,50.2,2.53,1,1,1,15.7,1,0,0
2023-09-01,873,9,7.68,54.9,54.5,2.5,1,2,2,13.6,1,0,1
2023-10-01,873,10,7.4,63.9,49.8,2.35,1,2,2,14.0,1,0,1
2023-11-01,873,11,7.89,65.0,59.2,2.38,1,2,2,8.4,1,0,1
2023-12-01,873,12,7.61,61.2,57.5,2.6,1,2,2,5.6,2,0,1
2024-01-01,873,13,7.56,64.0,54.6,2.54,1,2,2,16.3,3,0,1
2024-02-01,873,14,7.83,66.9,57.1,2.52,1,2,2,12.4,3,0,1
2024-03-01,873,15,7.68,59.5,57.2,2.56,1,2,2,10.0,4,0,1
2024-04-01,873,16,7.71,58.7,56.1,2.37,1,2,2,10.3,5,0,1
2024-05-01,873,17,7.64,60.2,60.2,2.5,1,2,2,8.5,5,0,1
2024-06-01,873,18,7.93,63.2,54.8,2.6,2,2,2,8.2,6,0,1
2023-01-01,874,1,6.99,95.1,98.9,4.45,1,0,0,5.7,0,3,0
2023-02-01,874,2,7.09,89.5,93.3,4.26,1,0,0,2.6,0,3,0
2023-03-01,874,3,7.34,88.9,93.1,4.12,1,0,0,5.8,0,3,0
2023-04-01,874,4,7.3,92.5,98.3,4.48,1,0,0,9.3,0,3,0
2023-05-01,874,5,7.15,97.4,100.0,4.5,1,0,0,3.0,0,3,0
2023-06-01,874,6,7.01,86.8,85.9,4.38,1,0,0,3.6,0,3,0
2023-07-01,874,7,7.33,86.8,97.2,4.35,1,0,0,9.1,1,3,0
2023-08-01,874,8,7.27,90.3,99.3,4.71,1,0,0,6.3,1,3,0
2023-09-01,874,9,7.33,98.0,100.0,4.55,1,0,0,6.2,1,3,0
2023-10-01,874,10,7.65,99.5,94.2,4.41,1,0,0,10.5,1,3,0
2023-11-01,874,11,7.45,93.8,96.8,4.62,1,0,0,7.4,1,3,0
2023-12-01,874,12,7.55,86.0,100.0,4.37,1,0,0,4.0,1,3,0
2024-01-01,874,13,7.56,89.2,100.0,4.39,1,0,0,5.7,1,2,0
2024-02-01,874,14,7.5,91.6,100.0,4.7,1,0,0,10.6,2,2,0
2024-03-01,874,15,7.85,100.0,99.1,4.56,1,0,0,10.9,2,2,1
2024-04-01,874,16,7.45,87.9,95.3,4.55,1,0,0,6.5,2,2,1
2024-05-01,874,17,7.81,92.3,100.0,4.52,1,0,0,9.8,2,2,1
2024-06-01,874,18,7.71,90.4,100.0,4.78,1,0,0,6.4,2,2,1
2023-01-01,875,1,5.49,78.7,42.1,2.05,0,0,0,9.2,0,3,0
2023-02-01,875,2,5.4,76.4,37.8,2.03,0,0,1,6.3,0,3,0
2023-03-01,875,3,5.56,78.6,48.5,1.95,0,0,1,7.0,0,3,0
2023-04-01,875,4,5.34,79.4,53.5,1.97,0,0,1,5.3,0,3,0
2023-05-01,875,5,5.63,79.7,49.3,1.83,0,0,1,6.7,0,2,0
2023-06-01,875,6,5.73,81.9,42.0,2.25,0,1,1,9.5,0,2,0
2023-07-01,875,7,5.7,68.5,51.3,1.85,0,1,1,10.2,0,1,0
2023-08-01,875,8,5.59,73.7,43.0,2.23,0,1,1,8.8,0,1,0
2023-09-01,875,9,5.87,75.3,41.9,1.78,0,1,1,5.4,0,1,0
2023-10-01,875,10,5.89,75.7,44.5,2.05,0,1,1,9.0,0,1,0
2023-11-01,875,11,5.96,70.4,43.8,1.95,0,1,1,4.6,0,1,0
2023-12-01,875,12,5.86,74.8,43.7,2.08,0,1,1,8.6,0,1,0
2024-01-01,875,13,6.06,72.4,49.8,2.17,0,1,1,4.8,0,1,0
2024-02-01,875,14,6.3,71.0,46.5,2.26,0,1,1,11.1,1,1,0
2024-03-01,875,15,5.92,71.9,48.3,1.97,0,1,1,9.6,1,1,0
2024-04-01,875,16,6.1,75.7,50.9,2.24,0,1,1,8.1,1,1,0
2024-05-01,875,17,6.12,71.2,47.5,1.82,0,2,1,4.6,1,0,0
2024-06-01,875,18,6.3,66.5,48.9,1.95,0,3,1,0.6,1,0,0
2023-01-01,876,1,5.46,82.3,37.6,2.48,0,0,0,11.1,0,0,0
2023-02-01,876,2,5.35,86.4,45.6,2.28,0,0,0,10.3,0,0,0
2023-03-01,876,3,5.44,80.4,34.8,2.66,1,0,1,7.4,1,0,0
2023-04-01,876,4,5.41,80.4,38.5,2.29,1,0,1,11.3,2,0,0
2023-05-01,876,5,5.5,85.4,40.7,2.43,2,0,1,9.3,2,0,0
2023-06-01,876,6,5.33,78.6,44.9,2.77,3,0,1,12.1,2,0,0
2023-07-01,876,7,5.51,82.9,46.0,2.54,3,0,1,6.0,3,0,1
2023-08-01,876,8,5.75,82.2,46.4,2.49,4,0,1,5.9,3,0,1
2023-09-01,876,9,5.48,78.3,49.3,2.53,4,0,1,10.8,4,0,1
2023-10-01,876,10,5.75,88.5,45.8,2.23,5,0,2,9.3,5,0,1
2023-11-01,876,11,5.63,80.3,54.3,2.7,5,1,2,4.9,5,0,1
2023-12-01,876,12,5.52,82.3,48.3,2.76,5,1,2,7.8,5,0,1
2024-01-01,876,13,5.55,87.2,44.9,2.49,5,1,2,7.2,5,0,1
2024-02-01,876,14,5.66,78.9,56.6,2.61,5,1,2,12.2,5,0,1
2024-03-01,876,15,5.62,84.3,45.8,2.55,5,1,2,6.8,5,0,1
2024-04-01,876,16,5.68,75.8,51.8,2.61,5,1,2,7.9,6,0,1
2024-05-01,876,17,5.57,81.2,51.2,2.51,5,1,2,8.6,6,0,1
2024-06-01,876,18,5.69,86.9,43.0,2.6,5,1,2,12.4,6,0,1
2023-01-01,877,1,7.04,69.7,65.2,3.57,0,1,0,6.7,0,1,0
2023-02-01,877,2,7.2,70.0,62.6,3.5,0,1,0,0.0,0,1,0
2023-03-01,877,3,6.81,65.6,65.8,3.37,0,1,0,5.4,0,1,0
2023-04-01,877,4,7.14,72.2,62.0,3.61,0,1,0,2.1,0,1,0
2023-05-01,877,5,7.16,62.2,65.7,3.59,0,1,0,4.4,0,1,0
2023-06-01,877,6,7.11,71.3,71.1,3.66,0,1,0,4.3,0,1,0
2023-07-01,877,7,6.93,63.6,67.3,3.62,0,2,0,3.7,0,0,0
2023-08-01,877,8,7.06,63.7,70.7,3.69,0,2,0,1.2,1,0,0
2023-09-01,877,9,7.18,69.1,71.8,3.67,0,2,0,4.3,1,0,0
2023-10-01,877,10,7.34,60.3,67.4,3.36,0,3,0,3.4,1,0,0
2023-11-01,877,11,7.15,73.3,77.1,3.34,0,3,0,5.9,1,0,0
2023-12-01,877,12,7.19,71.3,78.3,3.48,0,3,0,2.4,1,0,0
2024-01-01,877,13,7.48,68.2,72.9,3.49,0,3,0,8.8,1,0,0
2024-02-01,877,14,7.14,63.1,67.0,3.86,0,3,0,6.0,1,0,0
2024-03-01,877,15,7.41,59.8,63.5,3.64,0,3,0,5.9,1,0,0
2024-04-01,877,16,7.11,58.7,68.8,3.5,0,3,0,3.3,1,0,0
2024-05-01,877,17,7.25,66.9,77.0,3.75,1,3,0,5.2,1,0,1
2024-06-01,877,18,7.24,62.3,66.4,3.54,1,3,1,7.8,2,0,1
2023-01-01,878,1,7.1,76.9,86.7,4.59,1,0,0,4.1,0,0,0
2023-02-01,878,2,6.81,76.7,85.5,4.27,1,0,0,7.2,0,0,0
2023-03-01,878,3,6.92,77.2,76.4,4.52,1,1,0,0.7,1,0,0
2023-04-01,878,4,6.8,84.4,83.4,4.43,1,1,0,3.1,1,0,0
2023-05-01,878,5,6.98,65.2,79.3,4.61,1,1,0,2.8,1,0,0
2023-06-01,878,6,6.97,77.1,86.7,4.71,1,2,0,2.8,1,0,1
2023-07-01,878,7,7.1,73.6,75.3,4.32,1,2,0,1.2,1,0,1
2023-08-01,878,8,7.26,79.9,84.2,4.1,1,2,0,3.3,1,0,1
2023-09-01,878,9,7.25,79.5,92.7,4.62,1,2,0,3.8,1,0,1
2023-10-01,878,10,7.24,80.1,80.8,4.15,1,2,0,2.4,1,0,1
2023-11-01,878,11,7.38,74.4,90.4,4.75,1,2,0,3.1,1,0,1
2023-12-01,878,12,7.21,70.9,87.8,4.48,1,2,0,7.7,1,0,1
2024-01-01,878,13,7.49,77.3,83.8,4.45,1,2,0,7.9,1,0,1
2024-02-01,878,14,7.38,78.1,86.1,4.44,1,2,0,4.5,1,0,1
2024-03-01,878,15,7.45,70.0,89.2,4.35,1,2,0,3.3,1,0,1
2024-04-01,878,16,7.37,81.3,87.6,4.19,1,2,0,6.3,1,0,1
2024-05-01,878,17,7.63,82.6,88.5,4.61,1,2,0,4.0,2,0,1
2024-06-01,878,18,7.64,71.9,81.4,4.69,1,3,0,3.4,2,0,1
2023-01-01,879,1,6.95,74.3,52.5,3.19,0,0,0,10.2,0,0,0
2023-02-01,879,2,7.01,86.5,59.6,3.62,0,0,0,8.5,0,0,0
2023-03-01,879,3,7.05,78.2,60.3,3.2,0,0,0,9.0,0,0,0
2023-04-01,879,4,7.15,73.4,58.4,3.53,0,0,0,10.7,0,0,0
2023-05-01,879,5,6.96,74.5,55.8,3.29,0,1,0,9.1,0,0,0
2023-06-01,879,6,7.12,82.0,60.3,3.71,0,1,0,4.4,0,0,0
2023-07-01,879,7,7.08,80.8,64.4,3.45,0,1,0,0.4,0,0,0
2023-08-01,879,8,6.91,79.4,62.7,3.55,0,1,0,8.0,0,0,0
2023-09-01,879,9,7.22,71.3,57.2,3.49,0,1,0,8.3,0,0,0
2023-10-01,879,10,7.13,82.3,67.1,3.6,0,1,0,9.9,0,0,0
2023-11-01,879,11,7.08,75.3,63.3,3.64,0,1,1,7.0,0,0,0
2023-12-01,879,12,7.14,81.3,64.5,3.33,0,2,1,8.0,0,0,0
2024-01-01,879,13,7.27,82.3,68.5,3.63,0,2,1,1.3,0,0,0
2024-02-01,879,14,7.22,77.5,65.2,3.87,0,2,1,3.8,0,0,0
2024-03-01,879,15,7.31,84.0,65.5,3.37,0,2,1,9.4,1,0,0
2024-04-01,879,16,7.42,77.1,68.8,3.59,0,2,1,8.1,1,0,0
2024-05-01,879,17,7.27,83.3,65.2,3.51,0,2,1,5.1,1,0,1
2024-06-01,879,18,7.54,72.9,71.7,3.45,0,2,1,6.2,2,0,1
2023-01-01,880,1,6.82,79.6,61.6,3.37,1,0,0,5.8,0,0,0
2023-02-01,880,2,6.87,79.0,66.7,3.76,1,0,0,8.6,0,0,0
2023-03-01,880,3,6.84,78.3,69.3,3.78,1,0,0,2.9,0,0,0
2023-04-01,880,4,6.8,85.9,70.5,3.66,1,0,0,5.1,0,0,0
2023-05-01,880,5,6.88,74.9,64.8,3.31,1,0,0,2.3,0,0,0
2023-06-01,880,6,6.84,85.4,67.4,3.54,1,0,0,3.7,0,0,0
2023-07-01,880,7,6.96,85.9,65.9,3.77,1,0,0,6.5,0,0,0
2023-08-01,880,8,6.88,80.0,65.4,3.65,1,0,0,6.4,0,0,0
2023-09-01,880,9,6.99,82.4,69.5,3.82,1,0,0,4.5,0,0,0
2023-10-01,880,10,7.11,79.9,71.3,3.82,1,0,0,7.5,0,0,0
2023-11-01,880,11,7.24,86.3,73.3,3.76,1,0,0,6.5,0,0,0
2023-12-01,880,12,7.19,87.6,71.1,3.76,1,0,0,5.5,0,0,0
2024-01-01,880,13,7.01,84.3,74.5,3.52,1,0,0,8.0,0,0,0
2024-02-01,880,14,7.13,89.9,69.8,3.58,1,0,0,5.9,0,0,0
2024-03-01,880,15,7.33,83.9,76.5,3.54,1,0,0,5.5,0,0,0
2024-04-01,880,16,7.24,80.3,66.8,3.79,1,0,0,6.3,0,0,0
2024-05-01,880,17,7.32,88.6,74.2,3.96,1,0,0,2.1,0,0,0
2024-06-01,880,18,7.2,87.8,65.8,3.73,1,0,0,4.9,1,0,0
2023-01-01,881,1,7.21,82.3,27.5,3.04,0,0,0,6.1,0,0,0
2023-02-01,881,2,7.19,80.0,28.8,3.23,0,0,0,3.2,0,0,0
2023-03-01,881,3,7.27,83.8,30.0,3.32,0,1,0,5.6,0,0,0
2023-04-01,881,4,7.21,89.4,35.3,3.23,0,1,0,4.6,0,0,0
2023-05-01,881,5,7.38,82.0,26.6,3.32,0,2,0,1.3,1,0,0
2023-06-01,881,6,7.21,92.2,27.6,3.15,1,2,0,6.4,1,0,0
2023-07-01,881,7,7.26,84.5,39.5,3.3,1,2,0,6.3,1,0,0
2023-08-01,881,8,7.32,90.9,28.4,3.14,1,2,0,5.9,1,0,0
2023-09-01,881,9,7.24,96.7,34.8,3.18,1,2,0,6.7,1,0,0
2023-10-01,881,10,7.12,80.5,38.7,3.43,1,2,0,9.2,1,0,0
2023-11-01,881,11,7.53,83.2,34.3,3.19,1,2,0,6.9,2,0,0
2023-12-01,881,12,7.41,82.9,39.6,3.48,1,2,1,7.8,2,0,0
2024-01-01,881,13,7.5,91.4,31.4,3.37,1,2,1,9.4,2,0,0
2024-02-01,881,14,7.53,87.4,37.1,3.28,1,2,1,2.4,3,0,0
2024-03-01,881,15,7.44,89.1,37.5,3.12,1,2,1,5.1,3,0,0
2024-04-01,881,16,7.41,84.3,34.3,3.24,1,2,1,3.7,3,0,0
2024-05-01,881,17,7.45,91.6,37.9,3.31,1,2,1,7.9,3,0,0
2024-06-01,881,18,7.47,95.0,33.4,3.33,1,2,1,5.4,3,0,0
2023-01-01,882,1,7.85,98.1,44.8,2.6,0,1,1,0.5,0,0,0
2023-02-01,882,2,7.9,87.9,44.3,2.54,0,1,1,1.6,0,0,0
2023-03-01,882,3,7.62,96.5,54.6,2.61,0,1,1,3.5,0,0,0
2023-04-01,882,4,8.01,96.8,49.1,2.43,0,1,1,0.9,0,0,0
2023-05-01,882,5,8.08,99.5,47.7,2.67,0,2,1,2.8,0,0,0
2023-06-01,882,6,7.98,100.0,42.5,2.62,0,2,1,3.5,0,0,0
2023-07-01,882,7,7.88,94.4,52.2,2.53,0,2,1,5.0,0,0,0
2023-08-01,882,8,8.06,95.4,42.8,2.67,0,2,1,4.3,0,0,0
2023-09-01,882,9,8.25,89.8,46.3,2.62,0,2,1,7.4,0,0,0
2023-10-01,882,10,8.23,100.0,53.5,2.54,0,2,1,1.0,0,0,0
2023-11-01,882,11,8.09,93.0,52.0,2.66,0,2,1,2.3,0,0,0
2023-12-01,882,12,8.0,98.2,48.4,2.79,0,2,1,0.5,0,0,0
2024-01-01,882,13,8.33,100.0,50.9,2.56,0,2,1,1.2,0,0,0
2024-02-01,882,14,8.21,95.5,52.1,2.63,0,2,1,3.2,0,0,0
2024-03-01,882,15,8.34,93.5,50.1,2.96,0,2,1,4.5,0,0,0
2024-04-01,882,16,8.12,94.6,50.4,2.57,0,2,1,4.7,0,0,0
2024-05-01,882,17,8.22,97.7,47.0,2.68,0,3,1,0.0,0,0,0
2024-06-01,882,18,8.3,100.0,55.7,2.69,0,3,1,4.9,0,0,0
2023-01-01,883,1,5.94,88.7,45.5,2.8,0,1,0,6.7,0,0,0
2023-02-01,883,2,6.3,86.9,42.0,2.82,0,1,0,11.5,0,0,0
2023-03-01,883,3,6.11,95.0,44.5,2.79,0,1,0,6.6,0,0,0
2023-04-01,883,4,5.92,94.0,41.0,2.98,0,1,0,6.3,0,0,0
2023-05-01,883,5,6.32,87.5,47.6,2.72,0,1,0,4.7,0,0,0
2023-06-01,883,6,6.24,96.5,43.5,2.98,0,1,0,7.8,0,0,0
2023-07-01,883,7,6.35,93.9,34.0,2.7,0,1,0,3.7,0,0,0
2023-08-01,883,8,6.38,92.9,47.6,2.94,0,1,0,1.9,0,0,0
2023-09-01,883,9,6.52,85.8,46.8,3.0,0,1,0,9.6,0,0,0
2023-10-01,883,10,6.51,90.6,55.9,3.03,0,1,0,3.4,0,0,0
2023-11-01,883,11,6.43,91.2,48.1,3.11,0,1,0,5.0,0,0,0
2023-12-01,883,12,6.6,79.7,44.4,3.19,0,1,0,6.8,0,0,0
2024-01-01,883,13,6.64,85.7,48.9,2.87,0,1,0,4.7,0,0,0
2024-02-01,883,14,6.83,88.2,55.2,3.21,0,1,0,9.5,0,0,0
2024-03-01,883,15,6.55,94.7,53.2,3.12,0,1,0,3.8,0,0,0
2024-04-01,883,16,6.56,90.1,52.1,3.21,0,1,0,4.7,0,0,0
2024-05-01,883,17,6.56,90.3,49.0,2.95,0,1,0,5.8,0,0,0
2024-06-01,883,18,6.9,89.4,50.7,2.89,0,1,0,8.3,1,0,0
2023-01-01,884,1,6.16,97.7,30.3,2.1,0,1,0,6.5,0,0,0
2023-02-01,884,2,6.14,87.3,28.8,2.42,0,1,0,1.3,0,0,0
2023-03-01,884,3,6.3,87.8,34.5,2.44,0,1,0,7.9,0,0,0
2023-04-01,884,4,6.17,89.2,35.2,2.33,0,1,0,3.3,0,0,0
2023-05-01,884,5,6.28,97.0,31.0,2.52,0,1,0,10.2,0,0,0
2023-06-01,884,6,6.04,89.4,24.8,2.55,0,1,0,3.8,0,0,0
2023-07-01,884,7,6.05,87.1,23.1,2.26,0,1,0,10.0,0,0,0
2023-08-01,884,8,6.51,93.6,35.3,2.55,0,1,0,5.7,0,0,0
2023-09-01,884,9,6.41,95.1,26.8,2.21,0,1,0,3.4,0,0,0
2023-10-01,884,10,6.41,92.9,36.2,2.5,0,1,0,7.9,0,0,0
2023-11-01,884,11,6.39,91.9,39.0,2.66,0,1,0,5.3,0,0,0
2023-12-01,884,12,6.42,85.8,35.8,2.37,0,2,0,8.3,0,0,0
2024-01-01,884,13,6.47,96.3,32.1,2.47,0,2,0,4.7,0,0,0
2024-02-01,884,14,6.65,98.1,35.5,2.51,0,2,0,4.7,0,0,0
2024-03-01,884,15,6.48,88.2,36.0,2.19,1,2,0,7.6,0,0,0
2024-04-01,884,16,6.74,87.7,37.0,2.77,1,2,0,6.5,0,0,0
2024-05-01,884,17,6.59,95.6,37.6,2.34,1,2,0,7.9,0,0,0
2024-06-01,884,18,6.63,87.7,36.3,2.31,1,2,0,3.6,0,0,0
2023-01-01,885,1,6.03,98.8,60.6,2.29,0,2,0,5.5,0,0,0
2023-02-01,885,2,6.24,95.1,58.4,2.16,1,2,0,0.1,0,0,0
2023-03-01,885,3,6.2,95.4,62.1,2.18,1,2,0,5.8,0,0,0
2023-04-01,885,4,6.34,96.7,63.6,2.68,1,2,0,1.4,0,0,0
2023-05-01,885,5,6.55,97.0,60.5,2.43,1,2,1,8.0,0,0,0
2023-06-01,885,6,6.34,95.4,66.3,2.27,2,2,1,6.2,0,0,0
2023-07-01,885,7,6.66,94.8,66.3,2.27,2,2,1,5.4,0,0,0
2023-08-01,885,8,6.63,94.1,59.7,2.44,2,2,1,1.2,0,0,0
2023-09-01,885,9,6.48,98.3,62.7,2.22,2,2,1,3.1,0,0,0
2023-10-01,885,10,6.36,100.0,54.7,2.42,3,2,1,4.9,0,0,1
2023-11-01,885,11,6.43,98.0,65.0,2.47,3,2,1,0.0,0,0,1
2023-12-01,885,12,6.55,92.4,59.6,2.43,3,2,1,7.1,0,0,1
2024-01-01,885,13,6.66,96.9,60.3,2.63,3,2,1,2.7,0,0,1
2024-02-01,885,14,6.7,98.5,64.4,2.5,4,2,1,0.0,1,0,1
2024-03-01,885,15,6.89,97.4,54.7,2.67,4,2,1,3.2,2,0,1
2024-04-01,885,16,6.96,98.7,63.9,2.57,4,2,1,8.5,2,0,1
2024-05-01,885,17,6.84,100.0,67.9,2.43,4,2,1,0.0,2,0,1
2024-06-01,885,18,7.03,91.8,68.4,2.67,4,2,1,1.6,2,0,1
2023-01-01,886,1,7.3,95.5,26.4,3.37,0,1,1,8.5,0,2,0
2023-02-01,886,2,7.2,83.1,25.5,3.46,0,1,1,9.8,0,2,0
2023-03-01,886,3,7.34,90.2,30.1,3.37,0,1,1,9.1,0,2,0
2023-04-01,886,4,7.33,86.5,33.3,3.51,0,1,1,10.4,1,2,0
2023-05-01,886,5,7.25,86.4,29.1,3.29,0,1,1,7.9,1,2,0
2023-06-01,886,6,7.3,95.8,33.0,3.76,0,1,1,9.8,1,1,0
2023-07-01,886,7,7.29,88.8,25.7,3.59,0,2,1,12.2,1,1,0
2023-08-01,886,8,7.56,74.5,26.9,3.86,0,2,1,14.9,1,1,0
2023-09-01,886,9,7.6,84.8,35.0,3.76,0,3,1,9.9,1,1,1
2023-10-01,886,10,7.37,84.3,31.6,3.67,0,3,1,5.6,1,1,1
2023-11-01,886,11,7.77,89.2,34.2,3.93,0,3,1,9.6,1,1,1
2023-12-01,886,12,7.72,84.4,24.5,3.34,0,3,1,6.2,1,1,1
2024-01-01,886,13,7.79,90.0,39.0,3.71,0,3,2,11.6,1,1,1
2024-02-01,886,14,7.65,89.9,26.7,3.45,0,3,2,7.9,1,1,1
2024-03-01,886,15,7.67,80.7,32.9,3.76,0,3,2,9.2,1,1,1
2024-04-01,886,16,7.63,83.3,36.6,3.62,0,3,2,10.7,1,1,1
2024-05-01,886,17,7.85,89.1,33.9,3.71,0,3,2,6.6,1,1,1
2024-06-01,886,18,7.88,84.6,38.2,3.84,0,3,2,9.4,1,1,1
2023-01-01,887,1,8.2,90.0,37.0,2.31,0,0,0,12.6,0,0,0
2023-02-01,887,2,7.99,79.6,44.9,2.34,0,0,0,6.4,0,0,0
2023-03-01,887,3,7.94,80.3,36.5,2.41,0,0,0,5.0,0,0,0
2023-04-01,887,4,8.19,80.4,41.6,2.48,0,0,0,9.5,0,0,0
2023-05-01,887,5,8.14,77.7,36.0,2.52,0,0,0,7.8,0,0,0
2023-06-01,887,6,8.16,88.0,37.9,2.43,0,0,0,3.0,0,0,0
2023-07-01,887,7,8.15,80.3,34.8,2.49,0,0,0,8.8,0,0,0
2023-08-01,887,8,8.07,90.0,38.0,2.69,0,0,0,4.5,0,0,0
2023-09-01,887,9,8.2,78.8,42.5,2.49,0,0,0,3.6,0,0,0
2023-10-01,887,10,8.12,85.6,38.9,2.66,0,1,0,6.2,0,0,0
2023-11-01,887,11,8.05,82.3,46.5,2.43,0,1,0,10.8,0,0,0
2023-12-01,887,12,8.14,77.7,44.9,2.59,0,1,0,10.7,0,0,0
2024-01-01,887,13,8.31,84.8,35.9,2.57,0,1,0,6.8,0,0,0
2024-02-01,887,14,8.06,88.8,43.2,2.54,0,1,0,9.3,0,0,0
2024-03-01,887,15,8.49,73.6,52.8,2.8,0,1,0,9.6,0,0,0
2024-04-01,887,16,8.25,84.7,43.4,2.75,0,1,0,10.4,1,0,0
2024-05-01,887,17,8.2,81.1,46.2,2.3,0,1,1,13.3,1,0,0
2024-06-01,887,18,8.2,86.6,43.5,2.54,0,1,1,10.5,1,0,0
2023-01-01,888,1,6.7,92.9,53.4,3.39,0,0,0,0.0,0,1,0
2023-02-01,888,2,6.71,92.3,49.1,3.39,0,0,1,5.9,0,1,0
2023-03-01,888,3,6.68,88.7,49.1,3.56,0,0,1,4.3,0,1,0
2023-04-01,888,4,6.72,93.0,57.2,3.31,0,0,1,2.4,0,1,0
2023-05-01,888,5,6.84,97.8,57.9,3.28,0,0,1,8.0,0,1,0
2023-06-01,888,6,6.86,92.7,51.5,3.45,0,0,1,6.2,0,1,0
2023-07-01,888,7,6.87,94.6,53.2,3.59,0,0,1,2.6,0,1,0
2023-08-01,888,8,6.97,90.8,53.7,3.48,0,1,2,0.0,0,1,0
2023-09-01,888,9,6.86,92.5,45.7,3.44,0,1,2,3.5,0,1,0
2023-10-01,888,10,6.74,91.7,55.6,3.74,0,1,2,1.6,0,1,0
2023-11-01,888,11,7.09,93.4,56.2,3.6,0,1,2,1.6,0,1,0
2023-12-01,888,12,6.75,95.9,50.7,3.58,0,1,2,5.8,0,1,0
2024-01-01,888,13,7.01,91.0,53.2,3.57,1,1,2,5.7,0,1,0
2024-02-01,888,14,7.07,92.0,57.3,3.37,1,1,2,7.3,0,1,0
2024-03-01,888,15,7.21,92.6,54.1,3.77,1,1,2,1.6,0,1,0
2024-04-01,888,16,7.0,93.2,51.2,3.85,1,1,2,2.8,0,1,0
2024-05-01,888,17,6.96,93.0,55.7,3.33,1,1,2,5.4,0,1,0
2024-06-01,888,18,7.07,87.4,51.0,3.6,1,1,2,3.6,1,1,0
2023-01-01,889,1,5.06,90.6,42.2,2.42,0,1,0,4.7,0,1,0
2023-02-01,889,2,5.0,87.5,44.2,2.24,0,1,0,7.1,0,1,0
2023-03-01,889,3,4.97,94.9,55.1,2.24,0,1,0,4.1,0,1,0
2023-04-01,889,4,5.03,88.3,42.6,2.31,0,1,0,4.7,0,1,0
2023-05-01,889,5,4.95,89.3,45.7,2.38,0,1,0,6.8,0,1,0
2023-06-01,889,6,4.94,99.4,42.0,2.36,0,1,0,7.4,0,1,0
2023-07-01,889,7,5.17,97.7,48.6,2.35,0,1,0,4.0,0,0,0
2023-08-01,889,8,5.05,86.8,49.3,2.44,0,1,0,4.8,0,0,0
2023-09-01,889,9,5.31,94.3,52.9,2.48,0,1,0,13.0,0,0,0
2023-10-01,889,10,5.32,98.6,48.6,2.51,0,1,0,5.1,0,0,0
2023-11-01,889,11,5.2,94.0,48.9,2.55,0,1,0,8.2,0,0,0
2023-12-01,889,12,5.25,91.1,49.5,2.48,0,1,0,7.3,0,0,0
2024-01-01,889,13,5.23,90.2,46.5,2.55,0,1,0,11.4,0,0,0
2024-02-01,889,14,5.45,88.7,43.6,2.34,0,1,0,4.2,1,0,0
2024-03-01,889,15,5.55,93.5,42.1,2.54,0,1,0,5.8,1,0,0
2024-04-01,889,16,5.52,87.0,56.4,2.1,0,1,0,5.1,1,0,0
2024-05-01,889,17,5.54,98.9,49.5,2.5,0,1,1,8.8,1,0,0
2024-06-01,889,18,5.29,94.5,48.5,2.53,0,2,1,6.8,1,0,0
2023-01-01,890,1,5.7,86.9,66.4,3.6,0,1,0,9.5,0,1,0
2023-02-01,890,2,5.57,92.6,66.2,3.59,0,1,0,11.1,0,0,0
2023-03-01,890,3,5.67,86.3,61.9,3.37,0,1,0,10.7,1,0,0
2023-04-01,890,4,5.72,88.7,64.1,3.33,0,1,0,17.6,1,0,0
2023-05-01,890,5,5.75,90.7,67.0,3.35,0,1,0,9.5,1,0,0
2023-06-01,890,6,5.78,86.6,75.1,3.79,1,1,1,11.9,1,0,1
2023-07-01,890,7,5.84,92.4,60.1,3.3,1,1,1,12.3,1,0,1
2023-08-01,890,8,5.75,81.8,65.6,3.57,1,1,1,9.5,1,0,1
2023-09-01,890,9,5.67,86.3,72.2,3.63,1,1,1,14.1,1,0,1
2023-10-01,890,10,5.98,89.0,74.8,3.77,1,1,2,10.4,1,0,1
2023-11-01,890,11,5.71,79.3,67.8,3.53,1,1,2,11.2,1,0,1
2023-12-01,890,12,5.98,88.7,77.2,3.66,1,1,2,11.5,1,0,1
2024-01-01,890,13,5.98,84.9,81.5,3.67,1,1,2,10.5,2,0,1
2024-02-01,890,14,5.92,86.3,75.7,3.51,1,1,2,13.5,2,0,1
2024-03-01,890,15,6.09,84.1,77.9,3.78,1,1,2,5.4,2,0,1
2024-04-01,890,16,5.76,88.8,78.7,3.76,1,1,2,12.4,2,0,1
2024-05-01,890,17,6.13,85.0,74.5,3.75,1,2,2,12.9,2,0,1
2024-06-01,890,18,6.26,87.6,80.2,3.49,1,2,2,13.1,3,0,1
2023-01-01,891,1,6.37,66.8,68.0,2.69,0,1,0,9.5,0,0,0
2023-02-01,891,2,6.41,68.9,63.4,2.7,0,2,0,4.4,0,0,0
2023-03-01,891,3,6.21,65.4,63.4,2.8,0,2,0,11.5,0,0,0
2023-04-01,891,4,6.35,68.5,66.0,2.89,0,2,0,7.6,0,0,0
2023-05-01,891,5,6.22,63.6,60.4,2.45,0,2,0,6.7,0,0,0
2023-06-01,891,6,6.48,65.6,69.3,2.99,0,2,0,11.0,0,0,0
2023-07-01,891,7,6.21,70.1,67.4,3.14,0,2,0,4.1,0,0,0
2023-08-01,891,8,6.44,67.7,65.1,3.0,0,2,0,5.7,0,0,0
2023-09-01,891,9,6.34,65.1,68.1,2.78,1,2,0,11.6,0,0,0
2023-10-01,891,10,6.44,63.9,70.3,3.0,1,2,1,6.9,0,0,0
2023-11-01,891,11,6.38,70.2,68.1,2.84,1,2,1,7.9,0,0,0
2023-12-01,891,12,6.38,73.7,69.3,2.93,1,2,1,4.2,0,0,0
2024-01-01,891,13,6.43,73.9,68.5,2.92,1,2,1,7.7,0,0,0
2024-02-01,891,14,6.54,72.7,74.4,2.91,1,2,1,8.3,0,0,0
2024-03-01,891,15,6.64,68.3,72.6,3.32,1,2,1,9.9,1,0,0
2024-04-01,891,16,6.61,71.3,71.5,2.95,1,3,1,8.2,1,0,0
2024-05-01,891,17,6.48,64.7,68.8,2.99,1,4,1,5.9,1,0,0
2024-06-01,891,18,6.57,67.3,64.1,3.2,1,4,1,5.9,1,0,0
2023-01-01,892,1,6.5,77.8,77.4,4.35,0,0,0,4.9,0,1,0
2023-02-01,892,2,6.46,72.8,70.0,4.02,0,0,0,3.2,1,1,0
2023-03-01,892,3,6.45,72.8,69.7,4.05,0,0,0,5.3,1,1,0
2023-04-01,892,4,6.51,70.6,76.4,4.24,0,0,1,2.9,1,1,0
2023-05-01,892,5,6.54,72.0,77.3,3.85,0,0,1,7.7,1,1,0
2023-06-01,892,6,6.81,72.3,75.0,4.02,0,0,1,6.1,1,1,0
2023-07-01,892,7,6.7,72.1,78.9,4.41,0,0,2,2.1,1,1,0
2023-08-01,892,8,6.5,70.3,73.8,4.21,0,0,2,2.6,2,1,0
2023-09-01,892,9,6.84,69.9,76.9,4.55,0,0,2,8.7,2,1,0
2023-10-01,892,10,6.53,66.2,77.9,4.21,0,0,2,4.1,2,1,0
2023-11-01,892,11,6.61,68.5,72.1,4.34,0,0,2,9.0,2,1,0
2023-12-01,892,12,6.83,65.3,76.1,4.33,0,0,2,1.7,2,1,0
2024-01-01,892,13,6.98,74.1,69.5,4.33,0,0,2,8.4,2,0,1
2024-02-01,892,14,6.84,72.5,71.6,4.37,1,0,2,8.8,2,0,1
2024-03-01,892,15,6.85,77.8,74.9,4.24,1,0,2,3.5,2,0,1
2024-04-01,892,16,7.0,74.5,69.5,4.33,1,1,2,5.6,3,0,1
2024-05-01,892,17,7.01,70.6,84.6,4.4,1,1,2,4.9,3,0,1
2024-06-01,892,18,6.97,70.2,82.4,4.47,1,1,2,4.2,4,0,1
2023-01-01,893,1,6.52,78.8,72.3,3.1,0,0,0,7.1,0,1,0
2023-02-01,893,2,6.91,79.9,62.8,3.33,0,0,0,10.0,1,1,0
2023-03-01,893,3,6.81,80.4,70.7,3.47,0,0,0,12.7,2,0,0
2023-04-01,893,4,6.7,79.4,63.8,3.46,0,0,0,4.9,2,0,0
2023-05-01,893,5,6.63,73.4,73.9,3.08,0,0,0,4.7,2,0,0
2023-06-01,893,6,6.72,83.9,74.8,3.64,0,0,0,4.3,2,0,0
2023-07-01,893,7,6.97,79.8,69.9,3.38,0,0,0,7.5,2,0,0
2023-08-01,893,8,6.99,71.8,69.0,3.35,0,0,0,3.2,2,0,0
2023-09-01,893,9,7.03,89.0,76.6,3.51,0,0,0,5.0,2,0,0
2023-10-01,893,10,7.07,73.0,81.9,3.27,0,0,0,9.1,2,0,0
2023-11-01,893,11,7.15,81.0,70.5,3.32,0,0,1,6.8,2,0,0
2023-12-01,893,12,7.24,76.1,66.3,3.23,0,0,1,5.9,2,0,0
2024-01-01,893,13,7.1,82.8,76.4,3.44,0,0,2,6.2,3,0,0
2024-02-01,893,14,7.24,80.3,74.9,3.55,0,0,2,6.8,3,0,0
2024-03-01,893,15,7.25,78.6,76.1,3.8,0,0,2,3.3,3,0,0
2024-04-01,893,16,7.39,80.8,82.2,3.47,0,0,2,8.4,3,0,0
2024-05-01,893,17,7.44,74.8,84.3,3.64,0,1,2,5.3,3,0,0
2024-06-01,893,18,7.38,83.2,78.9,3.38,0,1,2,6.8,4,0,0
2023-01-01,894,1,6.83,79.2,70.6,3.95,0,1,0,4.5,0,1,0
2023-02-01,894,2,7.05,92.6,78.0,3.86,0,1,0,6.0,0,1,0
2023-03-01,894,3,7.1,92.5,77.3,3.8,0,1,0,6.6,0,1,0
2023-04-01,894,4,7.09,91.5,74.7,3.76,0,1,0,2.6,0,1,0
2023-05-01,894,5,7.16,87.2,76.3,3.94,0,1,0,1.7,0,0,0
2023-06-01,894,6,7.19,94.8,73.5,4.22,0,1,0,4.8,0,0,0
2023-07-01,894,7,6.94,96.7,79.1,4.08,0,1,0,8.3,0,0,0
2023-08-01,894,8,7.12,85.9,74.6,4.23,0,1,0,2.6,0,0,0
2023-09-01,894,9,7.06,89.5,69.2,3.9,0,1,0,5.5,1,0,0
2023-10-01,894,10,7.11,85.9,81.9,4.16,0,1,0,3.3,1,0,0
2023-11-01,894,11,7.09,95.1,78.4,4.27,0,1,0,3.6,1,0,0
2023-12-01,894,12,7.13,85.2,84.9,4.05,1,1,0,3.7,1,0,0
2024-01-01,894,13,7.14,87.0,77.6,4.22,1,1,0,7.4,1,0,0
2024-02-01,894,14,7.08,88.6,80.8,4.26,1,1,0,6.2,1,0,0
2024-03-01,894,15,7.23,89.5,80.6,4.33,1,1,0,0.6,1,0,0
2024-04-01,894,16,7.07,88.2,80.9,4.25,1,2,0,0.9,1,0,0
2024-05-01,894,17,7.29,94.8,80.2,4.19,1,3,0,7.4,1,0,0
2024-06-01,894,18,7.32,85.2,79.7,4.28,1,3,0,7.7,1,0,0
2023-01-01,895,1,6.53,77.3,58.0,2.6,0,1,0,8.6,0,2,0
2023-02-01,895,2,6.62,78.0,60.9,2.46,0,2,0,12.9,0,2,0
2023-03-01,895,3,6.84,81.1,60.2,2.7,0,2,0,13.0,0,2,0
2023-04-01,895,4,6.81,80.8,61.1,2.68,0,2,0,6.6,0,2,0
2023-05-01,895,5,7.17,77.0,60.6,2.83,0,2,0,11.5,0,2,0
2023-06-01,895,6,7.14,78.3,56.5,2.67,0,2,0,7.3,0,2,0
2023-07-01,895,7,7.08,82.7,67.8,2.52,0,3,0,16.7,0,2,0
2023-08-01,895,8,6.85,81.1,61.2,2.48,0,3,0,6.9,0,2,0
2023-09-01,895,9,6.97,86.6,68.8,2.72,0,4,0,12.9,0,2,0
2023-10-01,895,10,7.11,75.1,67.2,2.87,0,4,0,12.7,0,2,0
2023-11-01,895,11,7.12,84.9,59.7,2.61,1,5,0,11.4,0,1,0
2023-12-01,895,12,6.98,78.2,61.6,3.17,2,5,0,13.8,0,1,0
2024-01-01,895,13,7.04,80.2,68.5,2.66,2,5,0,12.0,0,1,0
2024-02-01,895,14,6.93,79.0,70.2,2.61,2,5,0,13.5,0,1,0
2024-03-01,895,15,7.2,81.2,69.1,2.67,2,5,0,4.3,0,0,0
2024-04-01,895,16,7.22,84.4,70.3,2.91,3,5,1,15.1,1,0,0
2024-05-01,895,17,7.15,82.8,64.6,2.92,3,6,1,9.7,1,0,0
2024-06-01,895,18,7.24,82.7,69.4,3.05,3,6,1,10.8,1,0,0
2023-01-01,896,1,7.89,97.5,55.9,3.39,0,1,0,8.6,0,0,0
2023-02-01,896,2,7.82,85.6,62.8,3.13,0,1,0,12.1,0,0,0
2023-03-01,896,3,7.75,93.6,64.3,3.3,0,1,0,13.5,0,0,0
2023-04-01,896,4,7.75,93.9,65.5,3.24,0,1,0,12.3,0,0,0
2023-05-01,896,5,8.02,92.3,67.6,3.28,0,1,0,12.2,0,0,0
2023-06-01,896,6,7.94,96.2,66.8,3.28,0,1,0,5.6,0,0,0
2023-07-01,896,7,8.23,95.1,62.9,3.08,0,1,0,10.0,0,0,0
2023-08-01,896,8,8.23,95.6,67.4,3.49,0,1,0,13.8,0,0,0
2023-09-01,896,9,8.15,97.2,65.4,3.35,1,1,0,10.2,0,0,0
2023-10-01,896,10,8.09,87.5,68.8,3.59,1,2,0,8.8,0,0,0
2023-11-01,896,11,8.26,89.6,65.5,3.21,1,2,0,7.2,0,0,0
2023-12-01,896,12,8.17,89.8,79.5,3.63,1,2,0,13.9,1,0,0
2024-01-01,896,13,8.4,86.9,76.1,3.25,1,2,0,7.6,1,0,1
2024-02-01,896,14,8.11,97.0,79.7,3.28,1,2,0,11.7,1,0,1
2024-03-01,896,15,8.39,91.7,80.7,3.44,1,3,0,13.2,1,0,1
2024-04-01,896,16,8.21,96.3,74.4,3.46,1,3,1,7.2,2,0,1
2024-05-01,896,17,8.45,90.5,75.9,3.24,1,3,1,13.1,2,0,1
2024-06-01,896,18,8.45,94.1,80.7,3.34,1,3,1,13.4,3,0,1
2023-01-01,897,1,6.58,93.9,64.0,2.88,0,0,0,13.0,0,0,0
2023-02-01,897,2,6.35,99.1,63.1,2.59,0,0,0,6.0,0,0,0
2023-03-01,897,3,6.55,95.1,71.5,2.42,0,0,0,11.5,1,0,0
2023-04-01,897,4,6.58,92.7,71.9,2.45,0,0,0,10.1,1,0,0
2023-05-01,897,5,6.74,98.4,73.8,2.72,0,0,0,16.6,1,0,0
2023-06-01,897,6,6.73,89.9,67.9,2.5,0,0,0,12.1,1,0,0
2023-07-01,897,7,6.53,92.3,74.8,2.55,0,0,0,11.3,1,0,0
2023-08-01,897,8,6.99,90.4,74.4,2.46,0,0,0,12.6,1,0,0
2023-09-01,897,9,6.8,94.0,70.1,2.4,0,0,0,7.1,1,0,0
2023-10-01,897,10,6.93,88.3,74.4,2.6,0,0,0,8.0,1,0,0
2023-11-01,897,11,6.62,95.2,69.7,2.23,0,0,0,10.7,1,0,0
2023-12-01,897,12,6.85,99.2,72.3,2.8,0,0,0,5.5,1,0,0
2024-01-01,897,13,6.89,96.1,71.9,2.83,0,0,0,14.7,1,0,0
2024-02-01,897,14,6.92,93.6,70.8,2.47,0,0,0,14.9,2,0,0
2024-03-01,897,15,7.13,97.8,76.4,2.42,0,0,0,10.7,3,0,0
2024-04-01,897,16,7.07,87.6,71.9,2.86,0,0,0,10.3,4,0,0
2024-05-01,897,17,7.19,93.0,73.0,2.79,0,0,0,13.4,4,0,0
2024-06-01,897,18,7.01,93.5,82.0,2.59,0,1,1,9.2,5,0,0
2023-01-01,898,1,6.47,94.3,60.0,2.96,0,1,0,7.5,0,2,0
2023-02-01,898,2,6.32,93.8,59.4,2.89,0,1,0,9.0,0,2,0
2023-03-01,898,3,6.42,91.2,60.2,2.87,0,1,0,7.7,0,2,0
2023-04-01,898,4,6.38,98.4,62.0,2.85,0,1,0,1.6,0,2,0
2023-05-01,898,5,6.43,88.2,62.2,2.9,0,1,0,10.1,1,2,0
2023-06-01,898,6,6.49,92.7,65.0,2.96,0,1,0,6.9,1,2,0
2023-07-01,898,7,6.6,86.9,66.5,3.03,0,1,0,7.9,1,2,0
2023-08-01,898,8,6.48,94.5,63.2,3.06,0,1,0,6.8,1,2,0
2023-09-01,898,9,6.76,99.1,65.6,3.05,0,1,0,5.9,2,2,0
2023-10-01,898,10,6.89,99.8,62.6,2.99,0,1,0,6.9,2,2,0
2023-11-01,898,11,6.82,88.5,69.2,3.0,0,1,0,5.5,2,2,0
2023-12-01,898,12,6.53,87.1,63.8,3.07,0,1,0,11.1,2,2,0
2024-01-01,898,13,6.85,91.7,71.1,2.87,0,1,0,5.7,3,2,0
2024-02-01,898,14,6.73,92.9,64.8,3.15,0,1,0,6.7,3,2,0
2024-03-01,898,15,6.74,92.4,64.5,3.1,0,1,0,3.6,3,2,0
2024-04-01,898,16,6.86,92.0,62.8,3.01,0,1,0,2.3,3,2,0
2024-05-01,898,17,6.92,84.7,66.7,3.14,0,1,0,5.2,3,2,0
2024-06-01,898,18,6.8,97.5,66.3,3.1,0,2,0,6.3,4,2,0
2023-01-01,899,1,7.67,94.7,49.7,2.8,0,2,0,5.1,0,0,0
2023-02-01,899,2,7.48,91.6,48.2,3.08,0,2,0,4.3,0,0,0
2023-03-01,899,3,7.57,96.9,54.9,3.15,0,2,0,10.1,0,0,0
2023-04-01,899,4,7.65,95.9,61.3,3.21,0,2,0,7.4,0,0,0
2023-05-01,899,5,7.85,97.9,48.5,3.08,0,2,0,5.5,0,0,0
2023-06-01,899,6,7.58,93.6,49.4,3.16,0,2,0,3.4,0,0,0
2023-07-01,899,7,7.66,95.8,58.9,3.15,0,2,0,5.3,0,0,0
2023-08-01,899,8,7.9,93.8,57.4,3.07,0,2,0,11.5,0,0,0
2023-09-01,899,9,7.67,81.2,54.2,2.96,0,2,0,4.2,0,0,0
2023-10-01,899,10,7.61,100.0,50.9,3.18,0,2,0,8.3,0,0,0
2023-11-01,899,11,7.95,95.5,52.8,3.48,0,2,0,5.5,0,0,0
2023-12-01,899,12,7.63,94.8,57.5,3.07,0,2,0,8.2,0,0,0
2024-01-01,899,13,7.88,90.5,68.0,3.4,0,2,0,6.5,0,0,0
2024-02-01,899,14,8.06,87.6,58.2,3.17,0,2,0,7.5,0,0,0
2024-03-01,899,15,7.98,90.4,56.0,3.44,0,2,1,2.9,0,0,0
2024-04-01,899,16,7.99,91.9,62.0,3.19,0,2,1,6.7,0,0,0
2024-05-01,899,17,7.89,93.4,55.8,3.17,0,2,1,7.1,0,0,0
2024-06-01,899,18,7.97,96.0,60.6,3.1,0,2,1,8.5,0,0,0
2023-01-01,900,1,5.66,71.8,53.4,2.75,0,1,0,1.6,0,1,0
2023-02-01,900,2,5.81,75.2,56.1,2.89,0,1,0,6.3,0,1,0
2023-03-01,900,3,5.87,65.8,53.9,2.7,0,1,0,5.4,0,0,0
2023-04-01,900,4,5.95,70.7,51.1,2.71,0,1,0,5.2,0,0,0
2023-05-01,900,5,5.76,65.2,55.2,2.73,0,1,0,9.1,0,0,0
2023-06-01,900,6,5.94,67.2,58.3,2.91,0,1,0,4.1,0,0,0
2023-07-01,900,7,5.92,75.1,53.0,2.79,0,1,0,6.2,0,0,0
2023-08-01,900,8,5.93,78.8,54.5,2.85,0,1,0,0.6,0,0,0
2023-09-01,900,9,6.09,72.1,61.1,2.94,0,1,0,5.2,0,0,0
2023-10-01,900,10,6.21,69.7,54.4,2.63,0,1,1,4.9,0,0,0
2023-11-01,900,11,5.98,68.9,56.4,2.65,0,1,1,2.7,0,0,0
2023-12-01,900,12,6.19,73.8,54.7,2.94,0,1,1,3.9,0,0,0
2024-01-01,900,13,6.23,72.5,56.0,2.79,0,2,1,4.5,1,0,0
2024-02-01,900,14,6.25,74.8,56.6,2.7,0,2,1,0.0,1,0,1
2024-03-01,900,15,6.2,73.2,57.9,2.72,0,2,1,3.7,1,0,1
2024-04-01,900,16,6.28,78.1,62.6,2.79,1,2,1,4.3,1,0,1
2024-05-01,900,17,6.35,75.8,54.3,2.98,1,2,1,5.7,1,0,1
2024-06-01,900,18,6.55,78.1,54.4,3.03,1,2,1,3.3,1,0,1
2023-01-01,901,1,7.25,90.5,45.5,2.29,0,1,0,9.0,0,0,0
2023-02-01,901,2,7.41,84.9,44.9,2.28,0,1,0,5.1,0,0,0
2023-03-01,901,3,7.3,88.8,54.5,2.46,0,1,0,2.4,0,0,0
2023-04-01,901,4,7.08,89.3,51.0,2.21,0,1,0,6.3,0,0,0
2023-05-01,901,5,7.46,82.3,51.2,2.37,0,1,0,4.0,1,0,0
2023-06-01,901,6,7.42,89.6,45.8,2.46,0,1,0,7.7,1,0,0
2023-07-01,901,7,7.17,89.2,51.8,2.45,0,1,0,12.4,1,0,0
2023-08-01,901,8,7.44,81.0,46.7,2.33,0,1,0,4.9,1,0,0
2023-09-01,901,9,7.41,86.6,45.6,2.21,0,1,0,7.4,1,0,0
2023-10-01,901,10,7.5,82.6,49.7,2.31,0,1,0,8.7,2,0,0
2023-11-01,901,11,7.5,86.4,50.8,2.44,0,1,0,6.5,2,0,0
2023-12-01,901,12,7.37,95.3,44.1,2.34,0,1,0,10.9,2,0,0
2024-01-01,901,13,7.43,89.0,50.5,2.26,0,2,0,5.7,2,0,0
2024-02-01,901,14,7.54,92.8,50.1,2.47,0,2,0,4.7,3,0,0
2024-03-01,901,15,7.62,79.7,60.0,2.64,0,2,0,4.8,4,0,0
2024-04-01,901,16,7.39,82.6,52.9,2.43,0,2,0,4.1,4,0,0
2024-05-01,901,17,7.3,86.1,45.0,2.33,0,2,0,5.6,4,0,0
2024-06-01,901,18,7.48,82.5,57.2,2.5,0,2,0,5.3,5,0,0
2023-01-01,902,1,7.18,76.4,64.4,2.24,0,0,0,13.0,0,0,0
2023-02-01,902,2,7.04,67.6,59.9,1.97,0,0,0,5.4,0,0,0
2023-03-01,902,3,7.15,75.8,69.6,2.0,0,0,0,5.8,0,0,0
2023-04-01,902,4,7.21,75.7,70.5,2.26,0,0,0,5.5,0,0,0
2023-05-01,902,5,7.32,77.1,66.0,2.04,0,0,0,8.0,0,0,0
2023-06-01,902,6,7.35,76.7,65.3,2.23,0,0,0,2.9,0,0,0
2023-07-01,902,7,7.17,72.1,66.9,2.48,0,0,0,8.8,0,0,0
2023-08-01,902,8,7.13,78.9,60.8,2.08,0,0,0,5.5,0,0,0
2023-09-01,902,9,7.48,83.7,67.7,2.36,0,0,0,9.6,0,0,0
2023-10-01,902,10,7.47,77.1,65.2,2.46,0,0,0,6.4,1,0,0
2023-11-01,902,11,7.3,75.9,72.8,2.27,0,1,0,1.6,1,0,0
2023-12-01,902,12,7.37,69.3,67.5,2.68,0,1,0,8.7,1,0,0
2024-01-01,902,13,7.42,76.7,69.9,2.24,0,1,0,2.6,1,0,0
2024-02-01,902,14,7.5,74.3,72.6,2.33,0,1,0,5.0,2,0,0
2024-03-01,902,15,7.65,71.4,70.6,2.25,0,1,0,6.7,2,0,0
2024-04-01,902,16,7.58,73.8,69.6,2.57,0,1,0,6.8,2,0,0
2024-05-01,902,17,7.63,72.1,70.9,2.52,0,1,0,3.9,3,0,0
2024-06-01,902,18,7.72,77.7,79.7,2.27,0,1,0,2.4,3,0,0
2023-01-01,903,1,7.22,66.6,55.8,1.79,0,0,1,4.5,0,0,0
2023-02-01,903,2,6.94,64.7,57.2,1.78,0,0,2,10.5,0,0,0
2023-03-01,903,3,6.8,66.5,57.5,1.74,0,0,2,9.8,0,0,0
2023-04-01,903,4,6.92,67.1,47.8,1.54,1,0,2,12.0,0,0,0
2023-05-01,903,5,6.9,59.6,63.2,1.64,1,0,2,9.9,0,0,0
2023-06-01,903,6,6.9,67.4,61.0,1.43,1,0,2,12.1,0,0,0
2023-07-01,903,7,7.31,62.4,58.9,1.72,1,0,3,9.3,0,0,0
2023-08-01,903,8,7.05,73.2,55.2,1.61,1,0,3,12.4,0,0,0
2023-09-01,903,9,7.19,59.0,59.1,1.55,1,0,3,7.9,0,0,0
2023-10-01,903,10,7.22,69.7,63.9,1.65,1,1,3,5.8,0,0,0
2023-11-01,903,11,7.12,67.0,62.5,1.63,1,1,3,7.2,0,0,0
2023-12-01,903,12,7.11,73.3,68.6,1.49,1,1,3,12.9,0,0,0
2024-01-01,903,13,7.43,65.6,61.5,1.74,1,1,4,8.2,1,0,0
2024-02-01,903,14,7.37,61.1,67.9,1.88,1,1,4,7.2,1,0,0
2024-03-01,903,15,7.41,67.7,66.5,1.75,1,1,4,6.5,1,0,0
2024-04-01,903,16,7.39,67.2,72.8,1.69,1,1,4,4.2,2,0,1
2024-05-01,903,17,7.42,65.7,63.4,1.83,2,1,4,8.2,2,0,1
2024-06-01,903,18,7.57,62.3,61.5,1.59,2,1,4,8.9,3,0,1
2023-01-01,904,1,8.5,78.3,41.9,2.61,0,1,0,5.8,0,0,0
2023-02-01,904,2,8.4,72.6,47.9,2.41,0,1,0,3.0,0,0,0
2023-03-01,904,3,8.53,81.5,49.6,2.56,0,1,0,4.1,0,0,0
2023-04-01,904,4,8.24,79.5,49.6,2.3,0,1,0,2.8,0,0,0
2023-05-01,904,5,8.37,76.9,52.8,2.04,0,1,0,6.1,0,0,0
2023-06-01,904,6,8.33,79.9,53.4,2.66,0,1,0,5.2,0,0,0
2023-07-01,904,7,8.33,71.9,49.5,2.41,0,1,0,2.4,0,0,0
2023-08-01,904,8,8.5,77.6,52.7,2.36,0,1,0,4.2,0,0,0
2023-09-01,904,9,8.55,83.2,57.0,2.26,0,1,0,7.4,0,0,0
2023-10-01,904,10,8.69,82.1,48.2,2.67,0,1,0,4.2,0,0,0
2023-11-01,904,11,8.32,87.5,53.5,2.59,0,1,0,2.9,0,0,0
2023-12-01,904,12,8.31,79.5,50.7,2.52,0,1,0,1.5,1,0,0
2024-01-01,904,13,8.5,75.9,58.6,2.53,0,1,0,6.3,1,0,0
2024-02-01,904,14,8.58,77.2,45.4,2.36,0,1,0,6.0,1,0,0
2024-03-01,904,15,8.43,86.2,52.0,2.73,0,1,1,7.3,1,0,0
2024-04-01,904,16,8.62,75.6,52.1,2.24,0,1,1,0.0,1,0,0
2024-05-01,904,17,8.62,82.7,60.0,2.8,0,1,1,6.3,2,0,0
2024-06-01,904,18,8.5,80.4,55.3,2.86,0,1,1,2.0,2,0,0
2023-01-01,905,1,6.34,96.8,51.0,3.49,0,1,1,9.5,0,3,0
2023-02-01,905,2,6.56,95.6,45.9,3.87,0,1,1,13.9,0,3,0
2023-03-01,905,3,6.56,98.2,52.2,3.44,0,1,1,15.3,0,3,0
2023-04-01,905,4,6.41,96.9,49.6,3.57,0,1,2,16.4,0,3,0
2023-05-01,905,5,6.42,92.5,51.1,3.67,0,2,3,10.7,0,3,0
2023-06-01,905,6,6.7,93.4,48.7,3.69,0,2,3,13.3,0,3,0
2023-07-01,905,7,6.48,91.9,52.2,3.77,1,2,3,12.2,1,3,0
2023-08-01,905,8,6.66,99.9,60.1,3.52,1,2,4,6.1,1,3,0
2023-09-01,905,9,6.63,97.3,50.7,3.73,1,2,4,11.2,1,3,0
2023-10-01,905,10,6.57,94.8,53.7,3.58,1,2,4,6.2,1,3,0
2023-11-01,905,11,6.78,92.3,53.8,3.99,1,3,4,7.5,1,3,0
2023-12-01,905,12,6.66,94.2,60.8,4.02,1,3,4,13.3,2,3,0
2024-01-01,905,13,6.65,93.0,56.3,3.73,1,3,4,12.6,2,3,0
2024-02-01,905,14,6.5,93.6,60.2,3.51,1,3,4,10.7,2,3,0
2024-03-01,905,15,6.5,89.0,59.2,3.79,1,3,5,14.8,3,3,0
2024-04-01,905,16,7.03,94.9,61.9,3.71,1,3,5,10.4,3,3,0
2024-05-01,905,17,6.76,92.9,55.5,3.71,1,3,5,14.7,3,3,0
2024-06-01,905,18,6.68,94.5,67.2,3.78,1,3,5,9.6,3,3,0
2023-01-01,906,1,8.37,85.7,39.4,2.1,1,1,0,6.1,0,0,0
2023-02-01,906,2,8.83,84.3,37.2,2.23,1,1,0,5.2,0,0,0
2023-03-01,906,3,8.81,89.0,30.6,2.1,1,2,0,0.6,0,0,0
2023-04-01,906,4,8.85,83.8,42.8,2.1,1,2,0,3.0,0,0,0
2023-05-01,906,5,8.88,81.6,42.1,1.88,1,2,0,5.0,0,0,0
2023-06-01,906,6,8.73,91.2,43.1,2.21,1,2,1,2.5,0,0,0
2023-07-01,906,7,8.72,83.2,42.9,2.52,2,2,1,1.0,0,0,0
2023-08-01,906,8,8.8,94.3,42.9,2.3,2,2,1,0.0,0,0,0
2023-09-01,906,9,8.69,89.6,43.5,2.39,2,2,1,5.4,0,0,0
2023-10-01,906,10,9.05,75.6,48.9,1.95,2,2,1,2.4,0,0,0
2023-11-01,906,11,8.66,85.5,47.9,2.15,2,2,1,3.0,0,0,0
2023-12-01,906,12,8.74,88.4,45.9,2.15,2,2,1,5.7,0,0,0
2024-01-01,906,13,9.1,91.5,41.9,2.39,2,2,1,4.8,0,0,0
2024-02-01,906,14,8.73,81.3,46.5,2.27,2,2,1,5.4,0,0,0
2024-03-01,906,15,8.77,80.1,47.1,2.33,2,3,1,0.0,0,0,0
2024-04-01,906,16,9.08,77.7,37.3,2.11,2,3,1,2.9,0,0,1
2024-05-01,906,17,8.74,81.0,42.6,2.13,2,3,1,2.8,0,0,1
2024-06-01,906,18,8.94,92.8,47.7,2.35,2,3,1,5.9,0,0,1
2023-01-01,907,1,6.82,94.0,68.4,2.36,0,0,0,4.1,0,0,0
2023-02-01,907,2,6.94,98.6,68.5,1.92,0,0,0,3.3,0,0,0
2023-03-01,907,3,7.16,91.9,72.9,2.33,1,0,0,5.7,0,0,0
2023-04-01,907,4,6.81,100.0,67.9,2.2,1,0,0,2.2,0,0,0
2023-05-01,907,5,6.92,95.1,71.1,2.15,1,0,0,0.0,0,0,0
2023-06-01,907,6,6.76,96.5,68.4,2.52,1,0,0,5.4,0,0,0
2023-07-01,907,7,7.04,98.0,73.7,2.4,1,0,0,3.6,0,0,0
2023-08-01,907,8,7.18,100.0,74.7,2.25,1,0,0,0.0,0,0,0
2023-09-01,907,9,7.11,100.0,77.5,2.41,1,0,0,0.0,0,0,0
2023-10-01,907,10,7.02,100.0,76.7,2.37,1,0,0,4.6,1,0,0
2023-11-01,907,11,7.08,100.0,71.6,2.43,1,0,0,2.4,1,0,0
2023-12-01,907,12,7.16,95.1,76.7,2.29,1,0,0,4.2,1,0,0
2024-01-01,907,13,7.13,98.3,74.3,2.49,1,0,0,6.7,1,0,0
2024-02-01,907,14,7.22,92.5,81.9,2.25,2,0,0,4.5,1,0,0
2024-03-01,907,15,7.28,96.7,70.1,2.38,2,0,0,4.3,1,0,0
2024-04-01,907,16,7.41,95.1,75.8,2.38,2,0,0,6.6,1,0,0
2024-05-01,907,17,7.21,100.0,78.7,2.47,2,0,0,7.1,2,0,0
2024-06-01,907,18,7.12,95.1,79.1,2.66,2,0,0,7.5,2,0,0
2023-01-01,908,1,6.22,85.6,62.3,4.42,0,2,0,13.1,0,0,0
2023-02-01,908,2,6.14,79.3,59.8,4.73,0,2,0,13.0,0,0,0
2023-03-01,908,3,5.91,90.0,62.4,4.57,0,2,0,13.8,0,0,0
2023-04-01,908,4,6.43,85.6,61.8,4.43,0,2,0,11.1,0,0,0
2023-05-01,908,5,6.11,78.1,61.0,4.36,0,2,0,11.7,0,0,0
2023-06-01,908,6,6.29,86.5,64.3,4.63,0,2,0,8.8,0,0,0
2023-07-01,908,7,6.32,85.3,66.7,4.49,1,3,0,10.1,1,0,0
2023-08-01,908,8,6.31,83.0,57.6,4.45,1,4,0,10.9,1,0,0
2023-09-01,908,9,6.03,80.3,69.7,4.5,1,4,0,10.7,1,0,0
2023-10-01,908,10,6.13,83.4,67.0,4.33,1,4,0,9.7,1,0,1
2023-11-01,908,11,6.37,82.3,64.3,4.69,1,4,0,12.2,1,0,1
2023-12-01,908,12,6.14,78.7,73.2,4.76,1,4,0,12.3,1,0,1
2024-01-01,908,13,6.54,76.5,66.7,4.41,1,5,0,10.6,2,0,1
2024-02-01,908,14,6.25,83.1,71.9,4.51,1,5,0,11.5,2,0,1
2024-03-01,908,15,6.51,83.3,68.2,4.42,1,5,1,16.9,2,0,1
2024-04-01,908,16,6.41,86.1,70.1,4.61,1,5,2,12.6,2,0,1
2024-05-01,908,17,6.35,82.5,73.8,4.54,1,5,2,13.4,3,0,1
2024-06-01,908,18,6.39,85.9,70.6,4.64,1,5,2,10.2,3,0,1
2023-01-01,909,1,6.86,99.8,47.3,2.76,0,1,1,11.4,0,3,0
2023-02-01,909,2,7.21,95.5,37.3,2.6,0,1,1,8.2,0,3,0
2023-03-01,909,3,7.08,96.2,49.2,2.84,0,1,1,9.8,0,3,0
2023-04-01,909,4,6.95,100.0,43.8,2.75,0,1,2,8.1,0,3,0
2023-05-01,909,5,7.01,100.0,46.6,2.71,1,1,2,9.8,0,3,0
2023-06-01,909,6,7.09,100.0,49.1,2.93,1,1,2,5.7,0,3,0
2023-07-01,909,7,7.2,98.9,53.3,2.87,1,1,2,8.7,0,3,0
2023-08-01,909,8,7.39,99.5,51.2,2.88,1,1,2,7.2,1,3,0
2023-09-01,909,9,7.26,98.2,46.8,2.9,1,1,3,10.3,1,3,0
2023-10-01,909,10,7.06,100.0,49.9,2.78,1,1,3,7.3,1,3,0
2023-11-01,909,11,7.3,100.0,52.3,2.78,1,1,3,7.9,1,3,0
2023-12-01,909,12,7.32,94.5,50.2,2.66,1,1,3,6.7,1,3,0
2024-01-01,909,13,7.36,95.6,47.4,2.89,1,1,3,12.6,1,3,0
2024-02-01,909,14,7.34,100.0,56.4,2.86,1,1,3,8.6,2,3,0
2024-03-01,909,15,7.19,100.0,57.2,2.62,1,1,3,11.9,2,3,0
2024-04-01,909,16,7.3,100.0,58.0,2.9,1,1,3,10.5,2,3,0
2024-05-01,909,17,7.37,97.6,58.9,2.96,1,1,4,9.9,2,3,0
2024-06-01,909,18,7.38,100.0,60.5,2.94,1,1,4,7.3,2,3,0
2023-01-01,910,1,6.13,82.3,74.5,3.51,0,2,0,4.8,0,0,0
2023-02-01,910,2,6.24,86.2,81.5,3.68,0,2,0,4.4,0,0,0
2023-03-01,910,3,6.2,85.4,82.3,3.6,0,2,0,2.6,0,0,0
2023-04-01,910,4,6.31,76.4,67.6,3.75,0,3,0,7.0,0,0,0
2023-05-01,910,5,6.17,80.4,72.0,3.28,0,3,0,6.2,0,0,0
2023-06-01,910,6,6.45,86.5,68.2,3.52,0,3,0,8.5,0,0,0
2023-07-01,910,7,6.62,83.4,71.4,3.44,0,3,0,5.8,0,0,0
2023-08-01,910,8,6.53,84.4,76.2,3.68,0,4,0,4.4,0,0,0
2023-09-01,910,9,6.4,87.0,76.9,3.34,0,4,0,2.7,0,0,0
2023-10-01,910,10,6.61,79.1,82.3,3.7,0,4,0,7.5,0,0,0
2023-11-01,910,11,6.43,84.9,72.7,3.9,0,4,0,4.2,0,0,0
2023-12-01,910,12,6.31,84.4,73.8,3.54,0,4,0,9.8,0,0,0
2024-01-01,910,13,6.74,80.8,73.2,3.59,0,4,0,3.1,0,0,0
2024-02-01,910,14,6.6,74.7,80.0,3.33,0,4,1,3.9,0,0,0
2024-03-01,910,15,6.75,85.0,77.4,3.52,0,4,1,7.9,1,0,0
2024-04-01,910,16,6.42,84.5,71.2,3.74,0,4,1,5.2,1,0,0
2024-05-01,910,17,6.75,85.6,75.7,3.77,0,4,1,3.8,1,0,0
2024-06-01,910,18,6.92,85.1,82.7,3.51,0,4,1,8.9,1,0,0
2023-01-01,911,1,6.35,85.5,46.6,3.47,0,2,1,3.1,0,0,0
2023-02-01,911,2,6.28,85.0,53.4,3.26,0,2,1,9.7,0,0,0
2023-03-01,911,3,6.5,88.4,48.4,3.77,0,2,1,8.7,0,0,0
2023-04-01,911,4,6.48,93.3,53.5,3.78,0,2,1,9.3,0,0,0
2023-05-01,911,5,6.49,74.2,48.0,3.7,0,2,1,6.7,0,0,0
2023-06-01,911,6,6.59,79.7,46.5,3.78,0,2,1,10.8,0,0,0
2023-07-01,911,7,6.71,77.9,55.5,3.51,0,2,1,9.1,0,0,0
2023-08-01,911,8,6.7,83.8,54.6,3.69,0,2,1,9.8,0,0,0
2023-09-01,911,9,6.88,82.3,59.2,3.47,0,2,1,11.8,0,0,0
2023-10-01,911,10,6.83,88.7,54.4,3.87,0,3,1,9.1,0,0,0
2023-11-01,911,11,6.88,80.5,55.3,3.87,0,3,1,6.2,0,0,0
2023-12-01,911,12,7.04,71.5,64.2,3.94,0,3,1,4.2,1,0,0
2024-01-01,911,13,6.99,85.4,56.2,3.74,0,3,1,10.8,1,0,0
2024-02-01,911,14,6.98,80.7,63.6,3.68,0,3,1,9.4,1,0,0
2024-03-01,911,15,7.05,86.5,64.0,3.75,0,3,1,7.3,1,0,0
2024-04-01,911,16,7.0,81.7,55.5,3.59,0,3,1,7.8,1,0,0
2024-05-01,911,17,7.35,74.0,51.7,3.95,1,3,1,12.4,1,0,0
2024-06-01,911,18,7.25,82.7,54.0,4.0,1,3,2,6.4,1,0,0
2023-01-01,912,1,7.22,65.5,30.6,3.94,0,0,0,4.4,0,0,0
2023-02-01,912,2,7.42,67.6,39.9,3.82,0,0,0,7.0,0,0,0
2023-03-01,912,3,7.47,70.3,34.0,3.53,0,0,0,6.2,0,0,0
2023-04-01,912,4,7.18,69.5,40.1,3.44,0,0,1,2.1,0,0,0
2023-05-01,912,5,7.12,59.3,34.3,3.8,0,0,1,9.1,0,0,0
2023-06-01,912,6,7.49,69.9,37.7,3.71,0,0,1,1.4,0,0,0
2023-07-01,912,7,7.46,73.0,37.3,3.9,0,1,1,10.5,0,0,0
2023-08-01,912,8,7.35,72.4,32.9,3.75,0,1,1,4.2,0,0,0
2023-09-01,912,9,7.37,62.0,38.5,3.54,0,1,1,4.4,0,0,0
2023-10-01,912,10,7.54,60.7,37.5,3.68,0,1,1,9.2,0,0,0
2023-11-01,912,11,7.57,69.7,39.2,3.59,0,1,1,7.4,0,0,0
2023-12-01,912,12,7.53,71.6,41.4,3.77,0,1,1,7.7,1,0,0
2024-01-01,912,13,7.66,74.3,39.4,4.0,0,1,1,3.3,1,0,0
2024-02-01,912,14,7.44,65.1,40.2,3.74,0,1,1,5.9,1,0,0
2024-03-01,912,15,7.59,74.9,36.4,3.86,0,1,1,8.9,1,0,0
2024-04-01,912,16,7.61,71.4,39.6,3.79,0,1,1,3.9,1,0,0
2024-05-01,912,17,7.77,65.5,44.4,3.69,0,1,1,3.3,1,0,0
2024-06-01,912,18,7.71,61.5,49.2,3.9,0,1,1,5.5,1,0,0
2023-01-01,913,1,7.47,93.6,74.1,2.2,0,1,0,2.7,0,0,0
2023-02-01,913,2,7.49,90.6,77.3,2.12,0,1,0,3.7,0,0,0
2023-03-01,913,3,7.6,98.4,73.4,2.29,0,1,0,0.6,0,0,0
2023-04-01,913,4,7.59,87.4,74.8,2.27,0,1,0,1.7,0,0,0
2023-05-01,913,5,7.44,89.3,67.9,2.17,0,1,0,4.2,0,0,0
2023-06-01,913,6,7.61,87.3,77.9,2.15,0,1,0,5.6,0,0,0
2023-07-01,913,7,7.87,88.2,65.6,2.09,0,1,0,4.9,0,0,0
2023-08-01,913,8,7.85,95.6,78.4,1.96,0,1,0,4.2,0,0,0
2023-09-01,913,9,7.75,90.1,76.9,2.05,0,1,0,4.0,0,0,0
2023-10-01,913,10,7.94,100.0,76.7,2.31,0,1,0,2.0,0,0,0
2023-11-01,913,11,7.91,96.6,78.3,2.26,0,1,0,8.8,0,0,0
2023-12-01,913,12,7.9,92.9,85.4,2.28,0,1,0,3.4,0,0,0
2024-01-01,913,13,7.94,87.1,81.7,2.16,0,1,0,4.8,0,0,0
2024-02-01,913,14,7.96,85.6,78.7,2.51,0,1,0,2.7,0,0,0
2024-03-01,913,15,8.11,90.5,70.7,2.03,0,1,0,1.8,0,0,0
2024-04-01,913,16,8.02,95.1,72.3,2.24,0,1,0,6.4,0,0,0
2024-05-01,913,17,8.25,92.7,77.9,2.34,0,1,0,2.2,0,0,0
2024-06-01,913,18,8.13,96.0,80.9,2.56,0,1,0,1.3,0,0,0
2023-01-01,914,1,6.53,80.7,50.1,2.98,1,1,0,6.4,0,3,0
2023-02-01,914,2,6.54,71.8,47.8,2.94,1,1,0,7.5,0,3,0
2023-03-01,914,3,6.5,81.6,45.1,2.98,1,1,0,7.7,0,3,0
2023-04-01,914,4,6.61,81.6,52.2,3.12,1,1,0,8.0,0,2,0
2023-05-01,914,5,6.49,82.3,55.4,3.17,1,1,0,11.8,0,2,0
2023-06-01,914,6,6.62,87.5,50.6,2.97,1,1,0,7.4,0,2,0
2023-07-01,914,7,6.37,80.2,55.1,2.95,1,1,0,8.2,0,2,0
2023-08-01,914,8,6.61,76.6,53.0,3.25,1,1,0,4.1,0,2,0
2023-09-01,914,9,6.42,72.8,56.1,3.2,1,1,0,6.3,0,2,0
2023-10-01,914,10,6.54,79.0,58.0,3.12,1,1,0,6.8,0,2,0
2023-11-01,914,11,6.54,76.8,61.7,3.51,1,1,0,6.6,0,2,0
2023-12-01,914,12,6.68,85.2,53.8,3.27,1,1,0,5.8,0,2,0
2024-01-01,914,13,6.77,81.7,61.9,3.07,1,2,0,8.5,0,2,0
2024-02-01,914,14,6.7,75.3,55.2,3.35,1,2,0,5.6,0,2,0
2024-03-01,914,15,6.55,76.2,49.1,3.34,1,2,0,3.9,0,2,0
2024-04-01,914,16,6.68,81.4,55.7,3.07,1,2,0,10.5,0,2,0
2024-05-01,914,17,6.73,75.8,55.1,2.98,1,2,0,11.2,1,1,0
2024-06-01,914,18,6.67,70.8,62.3,3.2,2,2,0,6.1,1,1,0
2023-01-01,915,1,7.94,75.8,52.4,2.09,0,1,0,8.2,0,3,0
2023-02-01,915,2,7.77,79.9,54.1,2.09,0,1,0,5.7,0,3,0
2023-03-01,915,3,7.81,77.2,57.2,1.9,0,1,0,7.9,0,3,0
2023-04-01,915,4,7.9,80.5,51.5,2.03,0,1,0,5.6,0,3,0
2023-05-01,915,5,7.94,72.0,58.6,2.0,0,1,0,6.5,0,3,0
2023-06-01,915,6,8.1,76.1,46.7,2.37,0,1,0,9.0,0,2,0
2023-07-01,915,7,7.99,76.1,53.9,2.38,0,1,0,5.7,0,2,0
2023-08-01,915,8,8.0,78.9,55.9,2.19,0,1,0,0.0,0,2,0
2023-09-01,915,9,8.27,79.7,57.8,2.02,0,1,0,10.4,0,2,0
2023-10-01,915,10,8.05,76.0,57.5,2.14,0,1,0,7.5,0,2,0
2023-11-01,915,11,7.95,76.6,61.4,2.23,0,2,0,5.8,1,2,0
2023-12-01,915,12,8.31,74.8,54.7,2.03,0,2,0,5.2,1,2,0
2024-01-01,915,13,8.38,76.4,49.7,2.27,0,2,0,3.6,1,2,0
2024-02-01,915,14,8.22,78.7,56.3,2.28,0,2,0,6.6,1,2,0
2024-03-01,915,15,8.53,76.7,52.6,2.5,0,2,1,4.5,1,1,0
2024-04-01,915,16,8.35,67.0,49.0,2.27,0,3,1,6.1,1,1,0
2024-05-01,915,17,8.54,80.3,62.5,2.3,0,3,1,10.7,1,1,0
2024-06-01,915,18,8.7,80.2,60.1,2.21,0,3,2,5.3,1,1,0
2023-01-01,916,1,7.85,98.5,59.3,4.79,0,1,1,8.8,0,0,0
2023-02-01,916,2,7.91,86.7,69.5,4.76,0,1,1,7.7,0,0,0
2023-03-01,916,3,7.95,100.0,59.2,5.0,1,2,1,7.4,1,0,0
2023-04-01,916,4,8.03,92.1,52.8,5.0,1,3,1,11.2,1,0,1
2023-05-01,916,5,8.16,99.3,59.7,4.78,1,3,1,8.2,1,0,1
2023-06-01,916,6,8.08,97.4,67.4,4.79,1,4,1,7.4,1,0,1
2023-07-01,916,7,8.13,94.0,57.5,4.99,1,4,1,8.9,1,0,1
2023-08-01,916,8,8.15,98.4,62.9,5.0,1,4,1,12.4,1,0,1
2023-09-01,916,9,8.19,91.2,62.5,4.82,1,5,1,8.1,2,0,1
2023-10-01,916,10,8.6,96.3,61.4,5.0,1,6,1,9.4,2,0,1
2023-11-01,916,11,8.61,100.0,55.8,4.92,1,6,1,9.0,2,0,1
2023-12-01,916,12,8.27,92.0,67.5,5.0,1,6,1,12.1,2,0,1
2024-01-01,916,13,8.59,92.3,62.5,5.0,1,6,1,10.8,2,0,1
2024-02-01,916,14,8.43,93.0,64.8,4.96,1,6,1,8.8,3,0,1
2024-03-01,916,15,8.61,92.8,68.0,5.0,1,6,1,11.8,4,0,1
2024-04-01,916,16,8.67,93.1,73.6,5.0,1,6,1,11.3,5,0,1
2024-05-01,916,17,8.8,98.3,67.6,4.83,1,6,1,7.4,6,0,1
2024-06-01,916,18,8.78,96.0,64.4,4.89,1,6,2,6.4,6,0,1
2023-01-01,917,1,8.03,91.0,82.4,2.08,0,0,0,4.2,0,0,0
2023-02-01,917,2,8.07,89.4,68.4,2.13,0,0,0,4.0,0,0,0
2023-03-01,917,3,8.22,92.5,81.1,1.85,0,0,0,3.6,0,0,0
2023-04-01,917,4,8.01,96.5,76.6,2.05,0,0,0,9.9,0,0,0
2023-05-01,917,5,8.36,93.2,79.7,2.26,0,0,0,5.7,0,0,1
2023-06-01,917,6,8.27,100.0,78.0,2.36,0,0,0,0.0,0,0,1
2023-07-01,917,7,8.15,97.8,78.5,2.11,0,0,0,6.2,0,0,1
2023-08-01,917,8,8.2,86.6,76.7,2.29,0,0,0,3.0,0,0,1
2023-09-01,917,9,8.22,90.8,81.2,2.16,0,0,0,4.0,0,0,1
2023-10-01,917,10,8.22,100.0,75.6,2.21,0,0,0,1.9,0,0,1
2023-11-01,917,11,8.29,99.5,83.4,2.3,0,0,0,1.6,1,0,1
2023-12-01,917,12,8.17,97.6,80.7,2.06,0,0,0,3.9,1,0,1
2024-01-01,917,13,8.33,92.5,72.3,1.81,0,0,0,5.6,1,0,1
2024-02-01,917,14,8.28,98.1,76.4,1.91,0,0,0,8.6,1,0,1
2024-03-01,917,15,8.49,92.1,80.3,2.35,0,0,0,0.3,1,0,1
2024-04-01,917,16,8.15,91.4,85.0,2.27,0,0,0,5.7,1,0,1
2024-05-01,917,17,8.17,88.8,80.3,2.13,0,0,0,3.9,2,0,1
2024-06-01,917,18,8.45,92.0,83.8,2.46,0,0,0,5.3,2,0,1
2023-01-01,918,1,7.41,94.4,57.8,2.31,0,1,0,9.7,0,0,0
2023-02-01,918,2,7.33,97.6,65.2,3.06,0,1,0,5.8,0,0,0
2023-03-01,918,3,7.33,89.9,59.5,2.68,0,1,0,12.9,0,0,0
2023-04-01,918,4,7.74,98.4,59.1,2.46,0,1,0,15.2,0,0,0
2023-05-01,918,5,7.58,100.0,59.3,2.25,0,1,0,15.7,0,0,0
2023-06-01,918,6,7.49,98.7,59.1,2.55,0,1,0,8.9,0,0,0
2023-07-01,918,7,7.76,84.7,63.9,2.48,0,1,1,11.2,1,0,0
2023-08-01,918,8,7.74,95.5,58.7,2.66,0,1,1,5.5,1,0,0
2023-09-01,918,9,7.73,100.0,61.3,2.5,0,1,1,10.9,1,0,0
2023-10-01,918,10,7.93,92.4,58.0,2.55,0,1,1,10.0,1,0,0
2023-11-01,918,11,7.8,93.8,58.8,2.56,0,1,1,8.9,2,0,0
2023-12-01,918,12,7.7,90.9,68.4,2.59,0,1,1,6.6,3,0,0
2024-01-01,918,13,8.02,89.1,55.2,2.48,0,1,1,9.0,3,0,0
2024-02-01,918,14,8.03,94.1,66.5,2.57,0,1,1,3.1,3,0,0
2024-03-01,918,15,8.04,95.9,60.0,2.49,0,1,1,10.7,3,0,0
2024-04-01,918,16,8.17,97.3,63.8,2.57,0,1,2,12.7,3,0,0
2024-05-01,918,17,8.28,87.1,72.6,2.97,0,1,2,11.1,4,0,0
2024-06-01,918,18,8.14,95.1,65.2,2.71,1,1,2,7.2,5,0,0
2023-01-01,919,1,7.92,77.7,45.9,2.35,0,1,2,11.5,0,0,0
2023-02-01,919,2,8.0,79.8,42.0,2.39,0,1,2,10.8,0,0,0
2023-03-01,919,3,8.16,81.9,41.3,2.4,0,1,2,7.4,0,0,0
2023-04-01,919,4,8.22,78.5,43.2,2.22,0,1,3,14.3,0,0,0
2023-05-01,919,5,8.13,75.9,41.2,2.35,0,1,3,13.7,0,0,0
2023-06-01,919,6,8.3,83.5,44.1,2.31,0,2,3,5.9,0,0,0
2023-07-01,919,7,8.57,79.9,47.2,2.53,0,2,3,9.2,0,0,0
2023-08-01,919,8,8.58,70.9,42.9,2.67,0,2,3,12.8,0,0,0
2023-09-01,919,9,8.36,79.2,46.3,2.57,0,3,3,12.0,0,0,0
2023-10-01,919,10,8.5,76.2,48.5,2.65,1,3,3,10.5,0,0,0
2023-11-01,919,11,8.4,77.2,43.1,2.54,2,3,3,11.2,0,0,0
2023-12-01,919,12,8.71,77.5,53.2,2.65,2,3,3,6.8,0,0,0
2024-01-01,919,13,8.62,85.2,40.9,2.75,2,3,3,10.5,0,0,0
2024-02-01,919,14,8.59,75.0,52.4,2.63,2,3,3,9.5,0,0,0
2024-03-01,919,15,8.74,77.9,53.4,2.47,2,3,3,11.9,0,0,0
2024-04-01,919,16,9.0,83.0,47.2,2.49,2,3,3,7.5,0,0,0
2024-05-01,919,17,9.04,79.1,45.7,2.6,2,4,3,11.6,0,0,1
2024-06-01,919,18,8.94,76.3,47.8,2.83,3,4,3,12.3,0,0,1
2023-01-01,920,1,5.57,77.4,64.1,2.13,0,2,0,8.4,0,0,0
2023-02-01,920,2,5.44,86.5,77.6,2.34,0,2,0,6.8,0,0,0
2023-03-01,920,3,5.46,84.1,69.5,2.07,0,3,0,3.3,0,0,0
2023-04-01,920,4,5.59,82.2,65.5,2.14,1,3,0,8.2,1,0,0
2023-05-01,920,5,5.63,83.8,64.0,2.03,1,3,0,6.3,1,0,0
2023-06-01,920,6,5.76,79.2,62.2,2.1,1,3,0,4.2,1,0,0
2023-07-01,920,7,5.78,82.1,74.0,2.22,1,3,0,1.7,1,0,0
2023-08-01,920,8,5.74,84.0,70.7,2.18,1,3,0,2.4,1,0,0
2023-09-01,920,9,5.79,83.2,72.7,2.19,1,3,0,4.0,1,0,0
2023-10-01,920,10,5.94,82.0,72.7,2.28,1,3,0,6.7,2,0,0
2023-11-01,920,11,6.13,80.6,68.6,2.41,1,3,0,0.0,2,0,0
2023-12-01,920,12,5.99,81.8,67.1,2.11,1,3,0,4.0,3,0,0
2024-01-01,920,13,6.07,88.4,73.0,2.14,1,3,0,4.4,3,0,0
2024-02-01,920,14,6.18,78.4,71.4,2.5,1,3,0,0.0,3,0,0
2024-03-01,920,15,6.07,79.5,74.8,2.26,1,3,0,6.5,3,0,0
2024-04-01,920,16,6.14,87.5,73.2,2.37,1,3,0,9.1,3,0,0
2024-05-01,920,17,6.1,82.2,74.3,2.13,1,4,0,0.4,3,0,0
2024-06-01,920,18,6.4,84.4,73.9,2.31,1,4,0,2.3,3,0,0
2023-01-01,921,1,6.5,80.7,49.0,3.84,0,1,0,2.5,0,0,0
2023-02-01,921,2,6.87,79.4,52.8,3.98,0,1,0,6.6,0,0,0
2023-03-01,921,3,6.81,84.7,51.2,4.16,0,1,0,0.0,0,0,0
2023-04-01,921,4,6.98,86.2,53.2,4.23,0,1,0,3.7,0,0,0
2023-05-01,921,5,6.89,77.7,50.9,4.09,0,1,0,4.9,0,0,0
2023-06-01,921,6,6.9,80.5,45.4,4.2,0,1,0,4.8,0,0,0
2023-07-01,921,7,7.07,86.0,52.1,4.34,0,1,0,4.9,0,0,0
2023-08-01,921,8,7.02,84.1,45.6,4.13,0,1,0,0.5,0,0,0
2023-09-01,921,9,7.03,83.2,59.9,4.11,0,1,0,7.6,0,0,0
2023-10-01,921,10,7.12,85.4,49.3,4.41,0,1,0,1.2,0,0,1
2023-11-01,921,11,7.11,82.9,65.2,4.31,0,1,0,6.4,0,0,1
2023-12-01,921,12,7.12,80.1,54.0,4.45,0,1,0,4.1,0,0,1
2024-01-01,921,13,7.33,78.1,52.7,4.18,0,1,0,1.9,0,0,1
2024-02-01,921,14,7.3,75.7,62.7,4.41,1,1,0,2.7,0,0,1
2024-03-01,921,15,7.56,78.4,54.0,4.12,1,1,0,3.6,0,0,1
2024-04-01,921,16,7.48,83.8,59.0,4.45,1,1,0,0.4,0,0,1
2024-05-01,921,17,7.6,87.0,62.3,4.13,1,1,0,6.3,0,0,1
2024-06-01,921,18,7.56,82.5,54.3,4.41,1,1,0,5.1,0,0,1
2023-01-01,922,1,6.34,83.1,83.0,4.88,0,2,0,6.7,0,0,0
2023-02-01,922,2,6.38,91.4,88.4,5.0,0,2,0,8.5,0,0,0
2023-03-01,922,3,6.29,93.9,88.1,4.95,0,2,0,7.8,0,0,0
2023-04-01,922,4,6.26,97.1,89.1,4.65,0,2,0,8.0,0,0,1
2023-05-01,922,5,6.61,87.2,85.2,5.0,0,2,0,2.3,0,0,1
2023-06-01,922,6,6.38,93.1,89.7,5.0,1,2,0,9.9,0,0,1
2023-07-01,922,7,6.66,90.4,89.0,4.89,1,2,0,9.1,0,0,1
2023-08-01,922,8,6.65,90.7,91.3,4.89,1,2,0,9.5,0,0,1
2023-09-01,922,9,6.51,84.4,97.0,4.82,1,2,1,10.1,1,0,1
2023-10-01,922,10,6.59,92.2,97.1,4.89,1,2,1,7.3,1,0,1
2023-11-01,922,11,6.81,88.9,94.5,5.0,1,2,1,8.2,1,0,1
2023-12-01,922,12,6.63,92.5,94.2,4.88,1,2,1,4.0,1,0,1
2024-01-01,922,13,6.76,88.6,90.4,5.0,1,3,1,4.1,1,0,1
2024-02-01,922,14,6.62,86.8,95.8,5.0,1,3,2,4.8,1,0,1
2024-03-01,922,15,6.75,88.0,100.0,5.0,1,3,2,5.9,1,0,1
2024-04-01,922,16,6.71,83.4,93.1,4.77,1,3,2,9.0,1,0,1
2024-05-01,922,17,6.84,87.8,93.8,5.0,1,3,2,8.8,1,0,1
2024-06-01,922,18,6.98,90.4,95.7,5.0,1,3,2,5.7,1,0,1
2023-01-01,923,1,7.12,97.6,58.0,3.02,0,1,0,15.6,0,1,0
2023-02-01,923,2,6.93,100.0,61.8,2.54,0,1,0,9.3,0,1,0
2023-03-01,923,3,7.15,97.5,64.1,3.0,0,1,0,10.5,0,1,0
2023-04-01,923,4,7.26,88.6,59.4,2.74,1,2,0,9.5,0,0,0
2023-05-01,923,5,7.27,100.0,57.9,2.69,1,3,0,13.1,0,0,0
2023-06-01,923,6,7.18,98.6,71.5,2.77,2,4,0,9.2,0,0,0
2023-07-01,923,7,7.18,100.0,66.9,3.03,2,4,1,11.3,0,0,0
2023-08-01,923,8,7.18,97.6,65.2,2.94,2,4,1,10.6,0,0,0
2023-09-01,923,9,7.03,96.3,63.7,3.08,2,4,1,9.7,0,0,0
2023-10-01,923,10,7.12,96.7,70.1,3.05,2,4,1,9.2,0,0,0
2023-11-01,923,11,7.26,96.9,66.7,2.99,2,4,1,11.7,1,0,0
2023-12-01,923,12,7.13,95.7,61.7,2.95,2,4,1,11.5,1,0,0
2024-01-01,923,13,7.31,97.1,64.8,3.07,2,4,1,13.3,1,0,0
2024-02-01,923,14,7.28,93.0,71.5,2.96,2,4,1,10.4,1,0,0
2024-03-01,923,15,7.22,100.0,68.6,2.97,2,4,1,14.5,1,0,0
2024-04-01,923,16,7.43,100.0,74.5,3.1,2,4,1,15.0,1,0,0
2024-05-01,923,17,7.24,97.5,73.2,2.9,3,4,2,12.4,2,0,0
2024-06-01,923,18,7.25,90.6,59.4,3.15,4,4,2,5.2,2,0,0
2023-01-01,924,1,6.71,87.8,24.3,2.11,0,1,0,7.2,0,0,0
2023-02-01,924,2,6.71,90.9,26.7,2.17,0,1,0,7.2,0,0,0
2023-03-01,924,3,6.62,83.7,26.5,2.38,0,1,0,9.3,0,0,0
2023-04-01,924,4,6.7,84.8,32.0,2.32,0,1,0,8.8,0,0,0
2023-05-01,924,5,6.82,90.4,25.3,2.49,1,1,0,13.2,0,0,0
2023-06-01,924,6,6.8,84.1,16.9,2.33,1,1,0,10.2,0,0,0
2023-07-01,924,7,6.96,91.7,29.2,2.44,1,2,0,9.1,0,0,0
2023-08-01,924,8,6.87,80.9,30.3,2.43,1,2,0,10.3,0,0,0
2023-09-01,924,9,6.79,78.3,37.1,2.09,1,2,0,11.5,0,0,0
2023-10-01,924,10,6.93,89.0,26.7,2.54,1,2,0,8.9,0,0,0
2023-11-01,924,11,6.91,81.9,36.0,2.71,1,2,0,13.2,0,0,0
2023-12-01,924,12,6.89,82.8,32.4,2.19,2,2,0,7.9,0,0,0
2024-01-01,924,13,6.97,93.5,31.1,2.43,2,2,0,11.9,1,0,0
2024-02-01,924,14,7.15,83.5,32.6,2.18,2,2,0,9.3,1,0,0
2024-03-01,924,15,7.19,85.6,34.8,2.35,3,2,0,16.9,1,0,0
2024-04-01,924,16,7.18,87.3,31.4,2.41,3,2,0,9.2,1,0,0
2024-05-01,924,17,7.33,94.9,31.5,2.37,3,2,0,11.5,1,0,0
2024-06-01,924,18,7.47,87.3,34.0,2.63,4,2,0,7.0,1,0,0
2023-01-01,925,1,6.75,94.3,54.0,1.83,0,1,0,12.7,0,0,0
2023-02-01,925,2,6.89,100.0,66.2,1.67,0,1,0,5.5,0,0,0
2023-03-01,925,3,6.91,96.8,69.2,1.95,0,2,0,9.8,0,0,0
2023-04-01,925,4,7.0,100.0,62.9,1.73,0,2,0,7.0,0,0,0
2023-05-01,925,5,6.98,100.0,66.7,1.66,1,2,0,7.5,0,0,0
2023-06-01,925,6,6.94,98.8,64.4,1.89,1,2,0,12.7,0,0,0
2023-07-01,925,7,7.2,94.8,62.9,1.76,1,2,0,12.8,0,0,1
2023-08-01,925,8,7.13,98.5,74.4,1.91,2,2,0,6.0,0,0,1
2023-09-01,925,9,7.08,100.0,69.4,1.37,2,3,0,14.6,0,0,1
2023-10-01,925,10,7.06,97.4,66.7,1.82,2,4,0,11.0,0,0,1
2023-11-01,925,11,7.15,100.0,68.7,1.82,2,4,0,12.6,0,0,1
2023-12-01,925,12,7.36,100.0,66.6,1.9,2,4,0,5.6,0,0,1
2024-01-01,925,13,7.35,99.5,67.1,2.1,2,4,0,14.5,0,0,1
2024-02-01,925,14,7.4,96.8,75.5,1.84,2,4,0,9.9,0,0,1
2024-03-01,925,15,7.29,100.0,70.4,2.09,2,4,0,12.5,1,0,1
2024-04-01,925,16,7.51,100.0,74.2,1.76,2,5,0,9.5,2,0,1
2024-05-01,925,17,7.36,93.3,77.1,1.6,2,5,0,10.1,2,0,1
2024-06-01,925,18,7.29,95.7,77.5,1.57,2,6,0,11.5,2,0,1
2023-01-01,926,1,8.59,90.6,88.1,3.16,0,0,0,9.8,0,0,0
2023-02-01,926,2,8.47,89.5,93.7,3.27,0,0,0,2.4,0,0,0
2023-03-01,926,3,8.54,87.5,95.3,3.08,0,0,0,6.8,0,0,0
2023-04-01,926,4,8.8,85.4,83.2,3.03,0,0,0,6.6,0,0,0
2023-05-01,926,5,8.37,80.7,88.1,3.26,0,0,0,4.0,0,0,0
2023-06-01,926,6,8.72,91.2,89.4,2.9,0,0,0,9.4,0,0,0
2023-07-01,926,7,8.58,85.9,83.2,3.15,0,1,1,10.4,0,0,0
2023-08-01,926,8,8.85,92.5,92.0,2.89,0,1,1,8.3,0,0,0
2023-09-01,926,9,8.86,88.1,92.3,3.22,0,1,1,3.4,0,0,0
2023-10-01,926,10,8.93,90.3,94.7,2.94,0,1,1,8.9,0,0,0
2023-11-01,926,11,8.92,88.9,91.3,3.13,0,1,1,4.3,0,0,0
2023-12-01,926,12,8.93,87.2,91.1,3.06,0,1,1,8.6,0,0,0
2024-01-01,926,13,8.94,92.9,88.7,3.35,0,1,1,12.1,0,0,0
2024-02-01,926,14,8.92,90.3,95.8,3.14,0,1,1,5.8,0,0,0
2024-03-01,926,15,8.97,87.5,93.9,3.32,0,1,1,3.2,1,0,0
2024-04-01,926,16,8.94,97.0,90.2,3.18,0,1,1,5.3,1,0,0
2024-05-01,926,17,9.4,93.2,94.9,2.92,0,1,1,2.8,1,0,0
2024-06-01,926,18,9.09,88.2,87.9,3.13,0,1,1,0.7,1,0,1
2023-01-01,927,1,7.03,84.9,76.3,3.04,0,1,0,4.9,0,0,0
2023-02-01,927,2,6.97,82.3,87.4,2.85,0,1,0,6.1,0,0,0
2023-03-01,927,3,6.9,87.1,77.3,3.02,0,1,0,3.7,0,0,0
2023-04-01,927,4,6.93,78.3,76.0,2.91,0,1,0,8.3,0,0,0
2023-05-01,927,5,6.98,76.1,80.8,3.16,0,1,0,9.3,0,0,0
2023-06-01,927,6,7.17,75.3,88.8,3.33,0,1,0,5.8,0,0,0
2023-07-01,927,7,7.13,76.7,88.7,3.09,0,2,0,9.1,0,0,1
2023-08-01,927,8,7.27,86.1,84.2,3.11,0,2,0,9.8,0,0,1
2023-09-01,927,9,7.2,78.9,85.9,2.96,0,2,1,2.8,0,0,1
2023-10-01,927,10,7.18,83.6,85.4,3.06,0,2,1,4.6,0,0,1
2023-11-01,927,11,7.15,80.9,91.6,2.87,0,2,1,7.5,0,0,1
2023-12-01,927,12,6.89,79.8,85.3,3.35,0,2,1,6.8,0,0,1
2024-01-01,927,13,7.25,79.2,80.9,3.16,0,2,1,7.2,0,0,1
2024-02-01,927,14,7.15,83.5,80.9,3.0,0,2,1,4.0,0,0,1
2024-03-01,927,15,7.17,80.9,85.9,3.24,0,3,1,4.2,1,0,1
2024-04-01,927,16,7.08,77.2,85.7,2.93,0,3,1,5.3,1,0,1
2024-05-01,927,17,7.26,80.9,86.7,3.07,0,3,1,5.7,2,0,1
2024-06-01,927,18,7.24,83.1,90.4,3.23,0,3,2,12.7,2,0,1
2023-01-01,928,1,7.05,88.1,86.7,2.66,0,1,0,13.4,0,0,0
2023-02-01,928,2,7.16,88.8,84.9,2.79,0,2,0,6.2,0,0,0
2023-03-01,928,3,7.41,96.0,87.1,2.72,0,2,1,7.2,0,0,0
2023-04-01,928,4,7.54,91.5,90.0,2.67,0,2,1,7.5,0,0,0
2023-05-01,928,5,7.4,91.5,89.8,2.63,0,2,1,6.7,0,0,0
2023-06-01,928,6,7.3,83.1,89.6,2.98,0,2,1,4.3,1,0,0
2023-07-01,928,7,7.32,82.7,88.6,2.54,0,3,1,8.4,1,0,0
2023-08-01,928,8,7.54,84.1,86.8,2.77,0,3,1,6.3,1,0,0
2023-09-01,928,9,7.65,83.8,90.4,2.86,0,3,1,7.8,1,0,0
2023-10-01,928,10,7.78,97.1,92.9,2.82,0,3,1,9.2,1,0,0
2023-11-01,928,11,7.72,89.3,100.0,2.88,0,3,1,8.5,1,0,0
2023-12-01,928,12,7.57,89.3,90.5,2.97,0,3,1,8.9,1,0,0
2024-01-01,928,13,7.84,87.6,91.2,2.95,0,3,1,8.3,1,0,0
2024-02-01,928,14,7.83,85.9,100.0,2.77,0,3,1,8.4,1,0,0
2024-03-01,928,15,7.8,95.7,87.5,2.98,0,3,1,11.9,1,0,0
2024-04-01,928,16,7.71,85.8,89.9,2.94,0,3,1,1.9,1,0,0
2024-05-01,928,17,7.95,86.3,95.8,3.22,0,3,1,4.1,1,0,0
2024-06-01,928,18,7.9,94.2,92.4,2.84,0,3,1,3.8,1,0,0
2023-01-01,929,1,6.88,93.0,41.4,3.22,0,1,0,3.1,0,0,0
2023-02-01,929,2,6.73,91.5,43.6,3.28,0,1,0,3.3,0,0,0
2023-03-01,929,3,6.84,95.8,46.6,3.32,0,1,0,6.7,0,0,0
2023-04-01,929,4,6.88,100.0,36.5,3.26,1,1,0,3.3,0,0,0
2023-05-01,929,5,6.9,100.0,44.0,3.5,1,1,0,7.7,0,0,0
2023-06-01,929,6,6.93,94.0,50.0,3.7,1,1,0,4.8,0,0,0
2023-07-01,929,7,7.01,100.0,51.9,3.44,1,1,0,4.9,0,0,0
2023-08-01,929,8,7.05,95.7,47.2,3.32,1,1,0,0.0,0,0,0
2023-09-01,929,9,6.89,94.4,44.6,3.25,1,1,0,1.7,0,0,0
2023-10-01,929,10,6.92,99.5,38.0,3.62,1,1,0,5.0,0,0,0
2023-11-01,929,11,6.89,99.6,45.6,3.37,1,2,0,5.7,1,0,0
2023-12-01,929,12,6.73,100.0,45.8,3.43,1,2,0,4.0,1,0,0
2024-01-01,929,13,6.92,100.0,48.1,3.52,1,2,0,6.8,1,0,0
2024-02-01,929,14,7.16,100.0,49.3,3.81,1,3,0,6.3,2,0,0
2024-03-01,929,15,7.01,91.0,54.6,3.47,1,3,0,3.9,2,0,0
2024-04-01,929,16,7.09,100.0,48.5,3.63,1,3,0,7.8,2,0,0
2024-05-01,929,17,7.2,100.0,48.5,3.37,1,3,0,6.4,3,0,0
2024-06-01,929,18,7.0,99.7,52.9,3.55,1,3,0,6.1,3,0,0
2023-01-01,930,1,6.87,93.4,75.5,3.55,0,0,1,8.6,0,0,0
2023-02-01,930,2,7.02,96.9,80.5,3.65,0,0,1,14.5,0,0,1
2023-03-01,930,3,7.28,100.0,71.3,3.22,0,0,1,6.8,0,0,1
2023-04-01,930,4,7.27,100.0,74.7,3.19,0,0,1,5.8,0,0,1
2023-05-01,930,5,7.15,97.6,75.3,3.84,0,1,1,8.4,0,0,1
2023-06-01,930,6,7.12,95.1,73.8,3.52,0,1,1,10.6,0,0,1
2023-07-01,930,7,7.27,95.9,77.1,3.29,0,1,1,7.2,0,0,1
2023-08-01,930,8,7.1,99.3,77.4,3.42,1,1,2,4.5,0,0,1
2023-09-01,930,9,7.42,100.0,82.1,3.53,1,1,3,5.8,1,0,1
2023-10-01,930,10,7.46,98.2,71.8,3.84,1,2,3,14.3,1,0,1
2023-11-01,930,11,7.4,98.8,75.2,3.69,1,2,4,7.3,1,0,1
2023-12-01,930,12,7.36,100.0,76.9,3.68,1,3,4,9.8,1,0,1
2024-01-01,930,13,7.52,100.0,85.7,3.49,1,3,5,14.4,1,0,1
2024-02-01,930,14,7.64,96.7,71.8,3.62,1,3,5,5.3,1,0,1
2024-03-01,930,15,7.64,91.3,78.3,3.72,1,3,5,9.6,1,0,1
2024-04-01,930,16,7.71,96.4,84.6,3.6,1,3,5,10.2,1,0,1
2024-05-01,930,17,7.69,96.0,85.8,3.61,1,3,5,10.8,2,0,1
2024-06-01,930,18,7.83,95.1,86.4,3.72,1,3,6,9.2,2,0,1
2023-01-01,931,1,7.11,93.8,44.5,3.65,1,0,1,8.2,0,0,0
2023-02-01,931,2,6.97,100.0,46.4,3.34,1,0,1,2.5,0,0,0
2023-03-01,931,3,7.0,90.9,43.5,3.5,1,0,1,3.7,0,0,0
2023-04-01,931,4,7.25,95.7,48.2,3.39,1,0,1,6.2,0,0,0
2023-05-01,931,5,7.11,90.0,47.9,3.51,1,0,1,3.3,0,0,0
2023-06-01,931,6,6.96,95.3,47.6,3.62,1,0,1,0.0,0,0,0
2023-07-01,931,7,7.22,94.4,55.8,3.61,1,0,1,2.8,0,0,0
2023-08-01,931,8,7.12,95.8,46.0,3.27,1,0,1,3.1,0,0,0
2023-09-01,931,9,6.96,95.0,52.3,3.6,1,0,1,2.6,0,0,0
2023-10-01,931,10,7.18,95.8,44.3,3.45,1,0,1,5.8,0,0,0
2023-11-01,931,11,7.01,94.9,52.2,3.43,1,0,1,3.1,0,0,0
2023-12-01,931,12,7.17,91.6,45.2,3.6,1,0,1,2.1,0,0,0
2024-01-01,931,13,7.15,91.6,51.9,3.63,1,0,1,5.1,0,0,0
2024-02-01,931,14,7.3,93.8,51.4,3.65,1,0,1,5.5,0,0,0
2024-03-01,931,15,7.24,86.8,50.1,3.64,1,0,1,3.7,0,0,0
2024-04-01,931,16,7.14,98.6,53.1,3.66,1,0,1,1.4,0,0,0
2024-05-01,931,17,7.21,100.0,55.7,3.54,1,0,1,1.5,0,0,0
2024-06-01,931,18,7.42,100.0,55.2,3.56,1,0,1,2.6,0,0,0
2023-01-01,932,1,7.51,87.5,64.2,3.03,0,1,0,1.0,0,2,0
2023-02-01,932,2,7.27,90.5,64.9,2.95,0,1,0,2.2,0,2,0
2023-03-01,932,3,7.7,84.8,66.5,3.05,0,1,1,0.0,0,2,0
2023-04-01,932,4,7.63,84.1,62.8,3.28,0,1,1,8.1,0,1,0
2023-05-01,932,5,7.52,83.7,61.5,3.02,0,1,1,4.2,0,1,0
2023-06-01,932,6,7.33,76.7,66.7,2.93,0,1,1,11.1,0,1,0
2023-07-01,932,7,7.47,82.0,63.5,3.17,0,1,1,7.8,0,0,0
2023-08-01,932,8,7.69,85.8,69.5,3.05,0,1,2,6.0,0,0,0
2023-09-01,932,9,7.73,78.9,65.7,3.02,0,1,2,9.1,0,0,0
2023-10-01,932,10,7.72,83.1,64.9,2.93,0,1,2,5.8,0,0,0
2023-11-01,932,11,8.02,88.9,62.4,3.01,0,1,2,2.9,0,0,0
2023-12-01,932,12,7.98,77.8,65.2,2.84,0,1,2,6.9,0,0,0
2024-01-01,932,13,7.7,86.0,63.6,3.26,0,1,3,10.8,1,0,0
2024-02-01,932,14,7.7,86.1,71.0,3.35,0,1,3,5.0,1,0,0
2024-03-01,932,15,7.86,80.4,66.2,3.23,1,1,3,4.0,1,0,1
2024-04-01,932,16,7.89,80.6,69.8,3.32,1,1,3,1.4,2,0,1
2024-05-01,932,17,7.84,70.5,68.1,3.07,1,1,3,4.4,2,0,1
2024-06-01,932,18,8.11,82.9,71.9,3.17,1,1,3,11.1,2,0,1
2023-01-01,933,1,7.96,79.5,39.1,2.44,0,0,0,9.6,0,2,0
2023-02-01,933,2,7.85,76.2,39.0,2.38,1,0,0,5.1,0,2,0
2023-03-01,933,3,8.01,81.0,43.4,2.61,1,0,0,8.9,0,2,0
2023-04-01,933,4,8.09,83.0,36.2,2.81,1,0,0,4.5,0,2,0
2023-05-01,933,5,7.92,78.3,45.9,2.51,1,0,0,6.1,0,2,0
2023-06-01,933,6,8.27,73.9,42.5,2.55,1,0,0,7.2,0,2,0
2023-07-01,933,7,8.0,86.5,46.0,2.65,1,0,0,2.5,0,2,0
2023-08-01,933,8,8.34,75.8,49.0,2.48,1,0,0,4.7,0,2,0
2023-09-01,933,9,8.13,69.8,36.1,2.56,1,0,0,11.4,0,2,0
2023-10-01,933,10,8.3,71.1,47.8,2.62,1,0,0,11.5,0,2,1
2023-11-01,933,11,8.43,73.2,45.8,2.54,1,0,0,9.5,0,1,1
2023-12-01,933,12,8.38,86.2,43.4,2.52,1,0,0,6.9,1,1,1
2024-01-01,933,13,8.2,84.5,39.7,2.39,1,0,0,6.9,2,1,1
2024-02-01,933,14,8.51,84.2,37.8,2.73,1,0,0,3.7,2,1,1
2024-03-01,933,15,8.48,81.1,54.5,2.33,1,0,1,7.3,2,1,1
2024-04-01,933,16,8.83,74.4,44.2,2.82,1,0,1,10.7,2,1,1
2024-05-01,933,17,8.8,77.8,38.4,2.92,1,0,1,11.0,2,0,1
2024-06-01,933,18,8.79,84.8,56.0,2.63,1,0,1,7.9,2,0,1
2023-01-01,934,1,8.31,86.4,50.8,3.7,2,1,0,9.1,0,0,0
2023-02-01,934,2,8.4,93.6,50.0,3.77,2,1,0,3.3,0,0,0
2023-03-01,934,3,8.44,90.8,54.8,3.81,2,1,0,5.8,0,0,0
2023-04-01,934,4,8.5,87.8,53.8,3.42,2,1,0,6.1,0,0,0
2023-05-01,934,5,8.42,88.1,50.4,3.65,2,1,0,8.4,0,0,0
2023-06-01,934,6,8.46,84.9,45.6,3.6,2,1,0,3.4,0,0,0
2023-07-01,934,7,8.37,94.4,56.9,3.72,3,1,0,6.6,0,0,1
2023-08-01,934,8,8.52,88.9,49.7,3.89,3,1,0,6.6,0,0,1
2023-09-01,934,9,8.39,85.9,47.2,3.63,3,1,0,6.0,0,0,1
2023-10-01,934,10,8.75,91.4,45.2,3.71,3,1,1,6.0,0,0,1
2023-11-01,934,11,8.6,90.9,49.9,3.73,3,1,1,7.7,0,0,1
2023-12-01,934,12,8.55,86.1,46.1,4.0,3,1,1,8.3,0,0,1
2024-01-01,934,13,8.79,85.2,55.5,3.8,3,1,1,6.1,0,0,1
2024-02-01,934,14,8.72,83.2,49.7,3.93,3,1,1,10.1,0,0,1
2024-03-01,934,15,8.75,88.4,53.9,3.8,3,1,1,6.4,0,0,1
2024-04-01,934,16,8.89,85.5,56.0,3.89,3,1,1,13.9,0,0,1
2024-05-01,934,17,8.73,80.2,61.8,3.53,3,1,1,8.0,0,0,1
2024-06-01,934,18,8.87,90.0,60.1,3.82,3,1,1,5.7,0,0,1
2023-01-01,935,1,7.16,99.7,49.4,3.29,1,0,1,8.9,0,0,0
2023-02-01,935,2,7.23,100.0,49.0,3.23,1,0,1,7.6,0,0,0
2023-03-01,935,3,7.43,93.6,49.9,3.31,2,0,2,11.4,0,0,0
2023-04-01,935,4,7.41,96.1,46.5,3.15,2,0,2,5.8,1,0,1
2023-05-01,935,5,7.34,100.0,44.4,3.14,2,0,2,11.7,1,0,1
2023-06-01,935,6,7.54,94.2,52.8,3.38,2,0,2,6.3,1,0,1
2023-07-01,935,7,7.54,100.0,46.5,3.37,2,0,2,6.3,1,0,1
2023-08-01,935,8,7.4,94.2,54.4,3.1,2,0,2,10.1,1,0,1
2023-09-01,935,9,7.62,94.2,52.7,3.19,2,0,2,10.4,1,0,1
2023-10-01,935,10,7.44,100.0,58.4,3.2,3,0,2,6.9,2,0,1
2023-11-01,935,11,7.62,92.7,54.8,3.22,3,0,2,12.7,2,0,1
2023-12-01,935,12,7.83,99.9,47.6,3.26,3,0,2,7.4,2,0,1
2024-01-01,935,13,7.65,100.0,51.3,3.37,3,1,2,9.1,2,0,1
2024-02-01,935,14,7.59,100.0,50.4,3.2,4,1,2,5.1,2,0,1
2024-03-01,935,15,7.65,100.0,60.2,3.13,4,1,3,9.7,2,0,1
2024-04-01,935,16,7.56,100.0,58.1,3.45,4,1,3,4.6,3,0,1
2024-05-01,935,17,7.82,99.2,60.8,2.99,4,1,3,6.7,3,0,1
2024-06-01,935,18,7.63,97.2,56.1,3.31,4,1,3,5.5,3,0,1
2023-01-01,936,1,7.59,89.5,69.7,4.11,0,0,0,7.1,0,0,0
2023-02-01,936,2,7.34,82.0,71.2,4.01,0,1,0,4.0,0,0,0
2023-03-01,936,3,7.57,88.0,79.4,4.05,0,1,0,8.6,0,0,0
2023-04-01,936,4,7.55,78.5,80.0,3.95,0,1,0,6.1,0,0,0
2023-05-01,936,5,7.55,84.7,78.9,3.53,0,1,1,11.8,0,0,0
2023-06-01,936,6,7.58,86.4,75.1,3.71,0,1,1,5.7,1,0,0
2023-07-01,936,7,7.58,93.0,70.1,3.72,0,1,1,11.3,1,0,0
2023-08-01,936,8,7.6,81.4,69.3,3.81,1,1,1,7.3,1,0,0
2023-09-01,936,9,7.58,86.2,81.1,3.71,1,1,1,8.1,2,0,1
2023-10-01,936,10,7.73,82.0,71.9,3.59,1,1,1,7.6,2,0,1
2023-11-01,936,11,7.81,86.9,84.2,3.94,1,1,2,8.2,2,0,1
2023-12-01,936,12,7.66,87.1,74.4,3.77,1,1,2,4.4,2,0,1
2024-01-01,936,13,7.7,87.5,77.9,4.01,1,1,2,4.7,2,0,1
2024-02-01,936,14,7.77,94.3,73.7,3.95,1,1,2,11.6,2,0,1
2024-03-01,936,15,7.66,84.3,81.4,3.96,1,1,2,8.1,2,0,1
2024-04-01,936,16,7.97,84.9,80.3,4.0,2,1,2,4.5,2,0,1
2024-05-01,936,17,8.08,81.6,80.9,4.14,2,1,2,7.9,2,0,1
2024-06-01,936,18,8.22,86.7,82.8,3.99,2,1,2,3.1,2,0,1
2023-01-01,937,1,6.22,94.6,68.1,3.82,0,1,0,8.7,0,0,0
2023-02-01,937,2,6.1,77.9,68.2,3.85,0,1,1,13.3,0,0,0
2023-03-01,937,3,6.23,86.1,83.9,3.72,0,1,1,13.3,0,0,0
2023-04-01,937,4,6.27,86.2,74.8,3.73,0,1,2,10.5,0,0,0
2023-05-01,937,5,6.0,94.9,74.9,3.74,0,1,2,10.1,0,0,0
2023-06-01,937,6,6.29,95.1,73.6,3.91,0,1,2,11.8,0,0,0
2023-07-01,937,7,6.13,82.2,74.5,3.72,0,1,2,9.6,0,0,1
2023-08-01,937,8,6.31,85.7,67.4,3.91,0,1,3,14.5,0,0,1
2023-09-01,937,9,6.62,86.2,68.7,4.08,0,1,3,7.8,0,0,1
2023-10-01,937,10,6.48,83.8,80.7,3.88,0,1,4,14.4,1,0,1
2023-11-01,937,11,6.55,86.8,80.0,3.93,0,2,4,9.4,1,0,1
2023-12-01,937,12,6.62,87.9,75.1,4.16,0,2,4,11.2,1,0,1
2024-01-01,937,13,6.75,87.6,81.1,3.74,0,2,4,12.0,1,0,1
2024-02-01,937,14,6.51,80.4,88.7,3.7,0,3,4,13.2,2,0,1
2024-03-01,937,15,6.87,89.0,82.1,4.01,0,3,4,10.7,3,0,1
2024-04-01,937,16,6.87,87.0,84.5,3.75,1,3,4,11.9,3,0,1
2024-05-01,937,17,6.86,83.1,80.7,4.16,1,3,4,9.1,4,0,1
2024-06-01,937,18,6.92,89.7,90.7,3.64,2,3,4,12.7,5,0,1
2023-01-01,938,1,6.92,82.4,65.9,2.31,0,1,0,14.0,0,3,0
2023-02-01,938,2,6.94,80.6,56.7,1.98,0,1,0,7.4,0,3,0
2023-03-01,938,3,6.99,80.8,66.8,2.03,0,2,1,10.2,0,3,0
2023-04-01,938,4,7.09,78.0,66.1,2.15,1,2,1,7.7,0,3,0
2023-05-01,938,5,7.1,82.1,66.6,2.15,1,2,1,8.9,0,3,0
2023-06-01,938,6,7.48,78.4,63.2,2.16,1,2,1,13.8,0,3,0
2023-07-01,938,7,7.25,82.0,63.7,2.12,1,2,1,7.6,0,3,0
2023-08-01,938,8,7.0,82.3,67.9,2.18,1,2,1,9.1,1,3,0
2023-09-01,938,9,7.2,81.1,65.4,2.09,1,2,1,11.7,2,3,0
2023-10-01,938,10,7.29,72.0,67.7,2.09,1,3,1,3.8,2,3,0
2023-11-01,938,11,7.4,86.2,69.7,2.45,1,3,2,14.8,2,2,0
2023-12-01,938,12,7.42,80.2,65.8,2.31,2,3,2,12.0,2,2,0
2024-01-01,938,13,7.36,89.6,66.4,2.64,2,3,2,8.2,3,2,0
2024-02-01,938,14,7.38,84.5,69.7,1.87,2,3,2,11.9,4,2,0
2024-03-01,938,15,7.34,79.2,70.5,2.5,3,3,3,13.6,5,2,1
2024-04-01,938,16,7.57,83.0,74.2,2.36,4,4,3,15.4,5,2,1
2024-05-01,938,17,7.64,86.7,73.7,2.57,4,4,3,8.8,6,2,1
2024-06-01,938,18,7.63,79.1,78.8,2.34,5,4,3,11.4,7,1,1
2023-01-01,939,1,7.79,79.0,39.0,2.12,0,1,0,11.8,0,3,0
2023-02-01,939,2,7.82,76.5,38.7,2.25,0,1,0,13.3,0,2,0
2023-03-01,939,3,7.81,81.6,35.9,2.18,0,1,0,9.9,0,2,0
2023-04-01,939,4,7.87,71.4,41.4,2.0,0,1,0,12.2,0,2,0
2023-05-01,939,5,7.66,76.0,38.0,2.2,0,2,0,16.5,1,2,0
2023-06-01,939,6,7.98,88.0,43.4,2.19,0,2,0,12.6,1,2,0
2023-07-01,939,7,8.22,76.4,45.3,2.2,0,2,0,12.2,1,2,0
2023-08-01,939,8,8.11,81.9,46.5,2.32,0,2,0,12.3,1,2,0
2023-09-01,939,9,7.99,83.6,48.2,2.39,0,2,0,12.8,1,2,0
2023-10-01,939,10,7.86,83.8,39.5,2.33,0,2,0,11.6,1,2,0
2023-11-01,939,11,7.83,83.9,49.1,2.34,0,2,0,9.9,1,2,0
2023-12-01,939,12,7.93,79.8,41.9,2.23,0,2,0,5.5,1,2,0
2024-01-01,939,13,7.94,77.0,52.7,2.57,0,3,1,11.6,1,1,0
2024-02-01,939,14,8.17,82.4,48.1,2.09,0,3,1,10.9,2,0,0
2024-03-01,939,15,8.12,72.9,52.4,2.29,0,3,1,9.4,2,0,0
2024-04-01,939,16,8.04,86.2,51.1,2.2,0,4,1,9.0,3,0,0
2024-05-01,939,17,8.16,79.0,52.4,2.35,0,5,1,15.9,3,0,0
2024-06-01,939,18,8.22,77.5,48.9,2.41,0,5,1,11.4,3,0,0
2023-01-01,940,1,7.9,79.3,47.7,2.8,0,1,1,10.1,0,0,0
2023-02-01,940,2,7.8,80.4,49.2,2.73,0,1,1,9.7,0,0,0
2023-03-01,940,3,7.58,83.2,56.6,2.72,0,1,1,10.5,0,0,0
2023-04-01,940,4,7.54,80.0,55.3,2.74,0,1,1,5.3,0,0,0
2023-05-01,940,5,7.77,73.0,50.4,2.87,0,1,1,5.5,0,0,0
2023-06-01,940,6,7.77,78.0,57.8,2.84,0,2,2,8.1,0,0,0
2023-07-01,940,7,7.81,78.9,53.0,2.53,0,3,2,12.7,0,0,0
2023-08-01,940,8,7.77,79.1,54.6,2.78,0,4,2,10.7,0,0,0
2023-09-01,940,9,7.99,79.8,60.3,2.79,0,4,2,10.8,0,0,1
2023-10-01,940,10,7.85,76.0,59.9,2.6,0,4,2,5.2,0,0,1
2023-11-01,940,11,7.67,77.8,62.1,2.72,0,4,2,11.1,0,0,1
2023-12-01,940,12,7.95,76.7,60.3,2.89,0,4,2,7.2,0,0,1
2024-01-01,940,13,7.9,85.5,68.9,3.0,0,4,2,11.6,0,0,1
2024-02-01,940,14,7.72,78.4,59.0,2.56,0,4,2,13.4,0,0,1
2024-03-01,940,15,8.17,81.3,56.6,2.43,0,5,3,11.6,0,0,1
2024-04-01,940,16,7.64,78.9,60.9,2.86,0,5,3,7.1,0,0,1
2024-05-01,940,17,7.92,85.3,65.5,2.68,0,5,3,14.9,0,0,1
2024-06-01,940,18,8.02,83.5,66.8,2.92,0,5,3,4.1,0,0,1
2023-01-01,941,1,7.25,81.1,48.7,2.52,0,2,0,8.8,0,0,0
2023-02-01,941,2,7.32,83.1,43.5,2.22,0,2,0,12.4,0,0,0
2023-03-01,941,3,7.15,82.0,40.2,2.54,0,2,0,8.2,0,0,0
2023-04-01,941,4,7.44,81.6,57.6,2.49,0,2,0,3.1,0,0,0
2023-05-01,941,5,7.15,87.3,51.3,2.63,0,2,0,5.0,0,0,0
2023-06-01,941,6,7.36,82.5,48.1,2.45,0,2,1,13.5,0,0,0
2023-07-01,941,7,7.25,81.9,54.2,2.56,0,2,1,10.6,0,0,0
2023-08-01,941,8,7.16,84.8,51.3,2.44,0,3,2,5.3,1,0,0
2023-09-01,941,9,7.23,83.8,49.9,2.76,0,3,2,9.5,1,0,1
2023-10-01,941,10,7.47,74.0,49.5,2.36,0,3,2,13.6,1,0,1
2023-11-01,941,11,7.44,76.9,62.5,2.75,0,3,2,5.8,1,0,1
2023-12-01,941,12,7.13,82.7,53.7,2.24,1,3,2,10.9,1,0,1
2024-01-01,941,13,7.54,87.9,56.1,2.56,1,3,2,10.5,1,0,1
2024-02-01,941,14,7.39,86.9,53.8,2.74,1,4,2,8.3,1,0,1
2024-03-01,941,15,7.33,83.8,58.5,2.47,1,4,2,12.8,1,0,1
2024-04-01,941,16,7.52,81.2,51.0,2.74,2,4,3,3.1,1,0,1
2024-05-01,941,17,7.41,79.4,62.7,2.5,2,4,3,7.6,1,0,1
2024-06-01,941,18,7.38,82.8,53.9,2.59,2,4,3,7.6,1,0,1
2023-01-01,942,1,7.74,91.0,72.9,3.89,1,0,1,9.4,0,0,0
2023-02-01,942,2,7.69,98.4,64.7,3.77,1,0,1,6.3,0,0,0
2023-03-01,942,3,7.86,95.9,69.5,3.75,1,0,1,9.7,0,0,0
2023-04-01,942,4,7.77,100.0,68.4,3.69,1,0,2,5.3,0,0,0
2023-05-01,942,5,7.79,100.0,70.3,3.74,1,0,2,11.7,0,0,0
2023-06-01,942,6,7.8,92.1,77.8,3.93,1,0,2,12.2,0,0,0
2023-07-01,942,7,7.95,100.0,75.3,3.76,1,0,2,10.5,0,0,0
2023-08-01,942,8,7.86,92.4,72.8,4.1,1,0,2,11.3,0,0,0
2023-09-01,942,9,7.93,100.0,77.7,4.3,2,0,2,8.1,0,0,0
2023-10-01,942,10,7.66,100.0,82.3,3.82,2,0,2,7.5,0,0,1
2023-11-01,942,11,7.89,96.8,77.9,4.01,2,0,2,8.4,0,0,1
2023-12-01,942,12,7.94,99.4,81.7,3.64,3,0,2,9.7,0,0,1
2024-01-01,942,13,7.91,98.0,87.3,3.93,3,0,2,5.4,0,0,1
2024-02-01,942,14,8.06,99.6,80.6,4.03,3,0,2,7.9,0,0,1
2024-03-01,942,15,7.98,94.5,78.6,3.87,3,0,2,8.8,0,0,1
2024-04-01,942,16,7.92,100.0,85.8,3.99,3,0,2,9.6,0,0,1
2024-05-01,942,17,8.04,99.4,83.6,3.79,3,0,2,10.2,0,0,1
2024-06-01,942,18,8.22,100.0,86.9,3.83,3,0,2,12.3,0,0,1
2023-01-01,943,1,7.22,78.6,77.3,3.59,1,2,0,8.8,0,0,0
2023-02-01,943,2,7.42,80.7,69.8,3.46,1,3,0,5.4,0,0,0
2023-03-01,943,3,7.54,77.3,80.5,3.16,1,3,0,3.4,0,0,0
2023-04-01,943,4,7.23,82.0,77.8,3.5,1,4,1,7.8,1,0,0
2023-05-01,943,5,7.47,81.0,75.8,3.66,1,4,1,2.5,1,0,0
2023-06-01,943,6,7.59,79.5,82.6,3.63,1,4,1,9.2,1,0,0
2023-07-01,943,7,7.85,76.6,76.1,3.53,1,4,1,2.9,1,0,0
2023-08-01,943,8,7.76,74.4,74.1,3.57,1,4,1,5.5,1,0,0
2023-09-01,943,9,7.88,77.4,78.9,3.29,1,4,1,3.7,1,0,0
2023-10-01,943,10,7.7,80.5,85.0,3.46,1,4,1,7.2,1,0,0
2023-11-01,943,11,7.7,73.6,82.5,3.65,2,4,1,7.6,1,0,0
2023-12-01,943,12,8.09,80.3,73.2,3.83,2,4,1,10.9,1,0,0
2024-01-01,943,13,8.0,79.1,83.1,3.51,2,4,1,10.8,1,0,0
2024-02-01,943,14,8.05,82.6,81.2,3.52,2,4,2,8.3,1,0,0
2024-03-01,943,15,7.98,84.2,80.1,3.77,2,4,2,4.3,1,0,0
2024-04-01,943,16,8.23,80.4,83.8,3.81,2,4,2,8.7,1,0,0
2024-05-01,943,17,8.23,77.9,86.8,3.54,2,4,2,6.8,2,0,0
2024-06-01,943,18,8.03,81.5,82.1,3.61,2,4,2,5.5,2,0,1
2023-01-01,944,1,7.94,84.0,69.9,3.74,0,1,0,9.0,0,2,0
2023-02-01,944,2,8.02,83.9,74.2,4.05,0,1,0,8.4,0,2,0
2023-03-01,944,3,7.9,83.7,74.4,3.99,0,1,0,10.5,0,2,0
2023-04-01,944,4,7.85,82.3,72.5,3.96,0,1,0,2.0,0,1,0
2023-05-01,944,5,8.12,83.5,79.3,4.06,0,1,0,2.9,0,0,0
2023-06-01,944,6,8.45,82.3,78.5,4.15,0,1,0,5.5,0,0,0
2023-07-01,944,7,8.17,82.2,87.4,4.16,0,1,0,10.4,0,0,0
2023-08-01,944,8,8.04,81.2,77.0,3.98,1,1,0,6.9,0,0,0
2023-09-01,944,9,8.25,84.0,78.9,4.23,1,1,0,4.6,1,0,0
2023-10-01,944,10,8.58,85.2,79.5,4.16,1,1,0,7.9,1,0,1
2023-11-01,944,11,8.29,89.7,75.3,4.01,1,1,0,3.0,1,0,1
2023-12-01,944,12,8.52,76.7,81.5,4.05,1,1,0,6.5,1,0,1
2024-01-01,944,13,8.47,88.4,78.5,4.06,1,1,0,4.0,1,0,1
2024-02-01,944,14,8.28,80.0,75.9,4.13,1,1,0,2.8,2,0,1
2024-03-01,944,15,8.56,82.7,82.7,4.05,1,1,0,5.3,2,0,1
2024-04-01,944,16,8.55,92.4,77.3,3.97,1,2,0,7.2,2,0,1
2024-05-01,944,17,8.57,80.3,81.4,3.81,1,2,0,4.5,2,0,1
2024-06-01,944,18,8.72,84.5,79.1,4.21,1,2,0,6.0,2,0,1
2023-01-01,945,1,7.18,68.1,53.0,3.26,0,1,0,5.4,0,0,0
2023-02-01,945,2,7.61,71.3,46.5,3.42,0,1,0,6.9,0,0,0
2023-03-01,945,3,7.38,73.9,48.3,3.64,0,1,0,8.7,0,0,0
2023-04-01,945,4,7.2,73.4,47.1,3.32,0,1,0,7.2,0,0,0
2023-05-01,945,5,7.13,65.4,50.3,3.48,0,1,0,8.9,0,0,0
2023-06-01,945,6,7.31,77.5,54.4,3.67,0,1,0,8.9,0,0,0
2023-07-01,945,7,7.48,68.2,50.5,3.58,0,1,0,6.1,0,0,0
2023-08-01,945,8,7.4,72.1,51.4,3.05,0,1,0,3.1,1,0,0
2023-09-01,945,9,7.35,73.8,58.3,3.45,0,1,0,11.3,1,0,1
2023-10-01,945,10,7.32,72.2,52.1,3.41,0,1,0,7.8,1,0,1
2023-11-01,945,11,7.55,73.1,58.8,3.55,0,1,0,5.0,1,0,1
2023-12-01,945,12,7.43,76.5,47.9,3.52,0,1,0,10.2,1,0,1
2024-01-01,945,13,7.52,70.4,53.0,3.44,1,1,0,11.0,2,0,1
2024-02-01,945,14,7.59,71.7,61.2,3.63,1,1,0,5.2,2,0,1
2024-03-01,945,15,7.35,65.8,53.6,3.85,2,1,0,9.2,3,0,1
2024-04-01,945,16,7.32,79.9,64.5,3.47,2,1,0,7.4,4,0,1
2024-05-01,945,17,7.55,74.3,60.5,3.48,2,1,0,6.3,4,0,1
2024-06-01,945,18,7.65,71.9,58.6,3.8,2,1,0,3.3,5,0,1
2023-01-01,946,1,6.76,88.7,24.3,3.54,0,2,1,3.4,0,0,0
2023-02-01,946,2,6.78,90.6,17.9,3.43,0,2,1,6.2,0,0,0
2023-03-01,946,3,6.96,90.3,21.9,3.28,0,2,1,5.8,0,0,0
2023-04-01,946,4,6.8,93.8,30.4,3.42,0,2,1,2.7,0,0,0
2023-05-01,946,5,6.89,87.5,35.8,3.49,0,2,1,0.0,0,0,0
2023-06-01,946,6,6.77,88.1,20.1,3.5,0,2,1,0.0,0,0,0
2023-07-01,946,7,7.04,90.2,30.0,3.49,0,2,1,3.5,0,0,0
2023-08-01,946,8,7.08,89.5,27.5,3.27,0,2,1,3.4,0,0,0
2023-09-01,946,9,7.03,95.1,28.7,3.38,0,2,1,1.2,0,0,0
2023-10-01,946,10,7.22,86.3,29.6,3.53,0,2,1,5.9,0,0,0
2023-11-01,946,11,7.24,90.0,27.2,3.4,0,2,1,1.7,0,0,0
2023-12-01,946,12,7.28,89.3,33.6,3.36,0,2,1,4.2,0,0,0
2024-01-01,946,13,7.37,89.7,26.9,3.41,0,2,1,5.5,0,0,0
2024-02-01,946,14,7.38,89.5,34.0,3.18,0,3,1,2.1,0,0,0
2024-03-01,946,15,7.09,86.3,24.8,3.67,0,3,1,4.1,0,0,0
2024-04-01,946,16,7.24,81.1,35.6,3.45,0,3,1,6.6,0,0,0
2024-05-01,946,17,7.72,89.6,29.9,3.31,0,3,1,0.0,0,0,0
2024-06-01,946,18,7.54,91.9,27.7,3.58,0,3,1,4.1,0,0,0
2023-01-01,947,1,7.28,90.9,34.0,4.08,0,0,0,3.6,0,0,0
2023-02-01,947,2,7.25,93.8,29.0,4.08,0,0,0,4.0,0,0,0
2023-03-01,947,3,7.22,100.0,36.0,4.19,0,0,0,1.8,0,0,0
2023-04-01,947,4,7.32,96.7,28.3,4.16,0,0,0,2.8,0,0,0
2023-05-01,947,5,7.41,94.9,37.2,3.94,0,0,0,0.9,0,0,0
2023-06-01,947,6,7.48,92.0,37.9,4.26,0,0,0,3.3,0,0,0
2023-07-01,947,7,7.48,99.1,34.7,3.97,0,0,0,3.0,0,0,0
2023-08-01,947,8,7.49,95.7,28.6,4.09,0,0,0,0.3,1,0,0
2023-09-01,947,9,7.63,100.0,29.9,4.12,0,0,0,1.2,1,0,0
2023-10-01,947,10,7.31,92.2,29.6,4.37,0,0,0,7.0,1,0,0
2023-11-01,947,11,7.5,97.9,35.9,4.16,0,0,0,3.9,1,0,0
2023-12-01,947,12,7.63,100.0,34.3,4.17,0,0,0,7.8,1,0,0
2024-01-01,947,13,7.2,96.3,32.9,4.36,0,0,0,4.9,1,0,0
2024-02-01,947,14,7.46,100.0,33.8,4.2,0,0,0,1.6,1,0,0
2024-03-01,947,15,7.46,96.5,36.5,4.23,0,0,0,1.4,1,0,0
2024-04-01,947,16,7.63,99.1,41.8,4.17,0,0,0,3.9,1,0,0
2024-05-01,947,17,7.55,92.3,36.4,4.03,0,0,0,2.3,1,0,0
2024-06-01,947,18,7.69,95.3,30.8,4.38,0,0,0,6.9,1,0,0
2023-01-01,948,1,4.94,100.0,74.3,3.63,1,0,0,10.4,1,0,0
2023-02-01,948,2,4.92,100.0,82.9,3.6,1,0,0,8.5,1,0,0
2023-03-01,948,3,5.18,95.6,78.3,3.67,2,0,0,11.6,1,0,0
2023-04-01,948,4,4.99,99.1,77.6,3.54,2,1,0,11.1,1,0,0
2023-05-01,948,5,5.02,96.4,82.5,3.8,2,1,0,8.7,2,0,0
2023-06-01,948,6,5.2,100.0,76.6,3.64,2,1,0,8.0,2,0,1
2023-07-01,948,7,5.06,98.2,80.5,3.68,2,1,0,11.3,2,0,1
2023-08-01,948,8,5.5,93.5,80.0,3.63,2,1,0,7.7,2,0,1
2023-09-01,948,9,5.29,100.0,94.5,3.58,2,2,0,6.3,2,0,1
2023-10-01,948,10,5.43,100.0,99.5,3.37,2,2,0,8.1,2,0,1
2023-11-01,948,11,5.32,98.3,82.4,3.85,2,2,0,13.4,2,0,1
2023-12-01,948,12,5.62,92.6,81.8,3.65,2,2,0,11.3,2,0,1
2024-01-01,948,13,5.35,99.3,84.0,3.68,2,2,0,11.6,2,0,1
2024-02-01,948,14,5.55,100.0,89.9,3.76,2,2,0,6.3,2,0,1
2024-03-01,948,15,5.57,94.5,92.8,3.91,2,2,1,8.3,2,0,1
2024-04-01,948,16,5.55,99.2,91.5,3.49,2,3,1,16.2,2,0,1
2024-05-01,948,17,6.02,94.3,89.6,3.69,2,3,1,11.1,2,0,1
2024-06-01,948,18,6.06,94.6,93.1,3.79,2,3,1,7.7,2,0,1
2023-01-01,949,1,7.11,81.8,42.7,3.32,0,1,0,6.4,0,0,0
2023-02-01,949,2,7.38,87.2,52.1,3.33,0,1,0,7.7,0,0,0
2023-03-01,949,3,7.27,89.4,52.3,3.23,0,1,0,3.7,0,0,0
2023-04-01,949,4,7.49,82.7,50.5,2.96,0,1,0,4.1,0,0,0
2023-05-01,949,5,7.45,86.7,46.0,3.42,0,1,0,5.6,0,0,0
2023-06-01,949,6,7.39,84.9,52.1,3.14,0,1,0,3.1,0,0,0
2023-07-01,949,7,7.55,94.0,59.4,3.39,0,1,0,4.0,0,0,0
2023-08-01,949,8,7.36,86.8,52.0,3.53,0,1,0,0.0,0,0,0
2023-09-01,949,9,7.34,83.1,50.5,3.26,0,1,0,2.6,0,0,0
2023-10-01,949,10,7.58,87.4,58.4,3.48,0,1,0,4.1,0,0,0
2023-11-01,949,11,7.59,82.9,42.6,3.23,0,1,0,4.7,0,0,0
2023-12-01,949,12,7.65,84.0,48.0,3.33,0,1,0,4.7,0,0,0
2024-01-01,949,13,7.59,86.3,54.7,3.32,0,1,0,5.2,0,0,0
2024-02-01,949,14,7.61,81.7,54.5,3.35,0,2,0,5.0,0,0,0
2024-03-01,949,15,7.61,88.1,55.8,3.14,0,2,0,5.4,0,0,0
2024-04-01,949,16,7.6,79.1,63.4,3.41,0,2,0,1.1,0,0,0
2024-05-01,949,17,7.66,83.9,56.9,3.51,0,2,0,4.0,0,0,0
2024-06-01,949,18,7.62,79.1,62.6,3.39,0,2,0,2.7,0,0,0
2023-01-01,950,1,5.23,91.5,46.9,4.33,0,1,1,6.0,0,1,0
2023-02-01,950,2,4.93,86.2,48.2,4.23,0,1,1,9.3,0,1,0
2023-03-01,950,3,5.03,88.5,43.8,4.41,0,1,1,8.1,0,1,0
2023-04-01,950,4,5.02,75.3,43.2,4.17,0,1,2,8.0,0,1,0
2023-05-01,950,5,5.3,91.9,43.0,4.35,0,1,2,9.1,0,1,0
2023-06-01,950,6,5.2,81.6,50.3,4.16,0,1,2,8.8,0,1,0
2023-07-01,950,7,5.13,83.0,50.7,4.11,0,1,2,6.6,0,1,0
2023-08-01,950,8,5.27,89.9,55.0,4.15,0,1,2,7.3,0,1,0
2023-09-01,950,9,5.2,79.9,50.1,4.43,0,1,2,4.8,0,1,0
2023-10-01,950,10,5.42,89.2,51.5,4.49,0,1,2,8.5,0,1,0
2023-11-01,950,11,5.27,88.1,51.3,4.36,0,2,2,6.3,1,1,0
2023-12-01,950,12,5.17,92.3,53.7,4.18,0,2,2,3.8,2,1,0
2024-01-01,950,13,5.48,92.7,49.0,4.16,0,2,2,9.3,3,0,0
2024-02-01,950,14,5.65,84.1,48.3,4.26,0,2,3,5.1,3,0,0
2024-03-01,950,15,5.48,90.4,60.1,4.05,0,2,3,4.6,3,0,0
2024-04-01,950,16,5.66,91.0,59.9,4.1,0,2,3,6.3,3,0,0
2024-05-01,950,17,5.47,87.5,60.0,4.27,0,2,3,3.9,4,0,0
2024-06-01,950,18,5.52,84.8,55.0,4.36,0,2,3,3.5,4,0,0
2023-01-01,951,1,5.7,79.1,82.6,3.37,1,1,0,8.4,0,0,0
2023-02-01,951,2,5.62,77.7,90.7,3.32,1,1,0,7.9,0,0,0
2023-03-01,951,3,5.88,81.0,85.5,3.24,1,1,0,8.1,0,0,0
2023-04-01,951,4,5.8,71.7,81.8,3.1,1,1,0,9.5,1,0,0
2023-05-01,951,5,5.97,78.9,83.2,3.21,1,1,0,9.0,1,0,0
2023-06-01,951,6,5.73,82.9,81.9,3.38,1,1,0,10.2,1,0,0
2023-07-01,951,7,5.75,81.4,89.9,3.21,1,1,0,7.8,1,0,0
2023-08-01,951,8,6.15,80.4,87.1,3.6,1,1,0,4.3,1,0,0
2023-09-01,951,9,5.95,81.1,88.1,3.34,1,1,0,7.7,2,0,0
2023-10-01,951,10,5.89,82.1,91.0,3.4,1,2,0,9.6,3,0,0
2023-11-01,951,11,6.1,84.0,89.5,3.36,1,2,0,4.1,4,0,0
2023-12-01,951,12,6.16,80.9,90.0,3.28,1,2,0,13.5,4,0,0
2024-01-01,951,13,6.26,80.9,96.6,3.16,1,2,0,10.1,4,0,0
2024-02-01,951,14,6.14,77.9,93.7,3.57,1,2,0,15.6,4,0,0
2024-03-01,951,15,6.15,85.3,96.4,3.52,1,2,0,10.0,4,0,0
2024-04-01,951,16,6.35,82.3,89.0,3.48,1,2,0,3.7,4,0,0
2024-05-01,951,17,6.45,89.4,90.2,3.53,1,2,0,6.5,4,0,0
2024-06-01,951,18,6.51,87.9,97.5,3.4,1,2,0,11.8,4,0,0
2023-01-01,952,1,7.15,87.1,78.8,2.86,1,1,0,6.2,0,0,0
2023-02-01,952,2,7.4,85.0,74.6,2.74,1,1,0,0.0,0,0,0
2023-03-01,952,3,7.52,89.2,77.2,3.28,1,1,0,7.1,0,0,0
2023-04-01,952,4,7.5,92.0,78.5,2.9,1,1,0,5.8,0,0,0
2023-05-01,952,5,7.59,86.9,75.7,2.97,1,1,0,4.4,1,0,0
2023-06-01,952,6,7.51,85.2,75.3,2.94,2,1,0,9.6,1,0,0
2023-07-01,952,7,7.44,83.8,77.6,2.9,2,1,0,7.1,1,0,0
2023-08-01,952,8,7.67,85.3,78.6,2.93,2,1,0,4.2,1,0,0
2023-09-01,952,9,7.47,83.7,82.1,2.96,2,1,0,1.5,1,0,0
2023-10-01,952,10,7.38,88.9,79.3,3.02,2,1,0,0.5,1,0,0
2023-11-01,952,11,7.46,83.4,81.8,3.1,3,1,0,4.4,1,0,0
2023-12-01,952,12,7.4,85.3,82.2,3.15,3,1,0,4.2,1,0,0
2024-01-01,952,13,7.59,90.5,83.0,2.86,3,1,0,2.0,1,0,0
2024-02-01,952,14,7.66,87.0,79.2,3.06,3,1,0,8.1,1,0,0
2024-03-01,952,15,7.67,91.6,78.8,2.91,3,1,0,6.9,1,0,0
2024-04-01,952,16,7.4,88.6,82.7,2.83,3,1,0,4.0,1,0,0
2024-05-01,952,17,7.62,90.0,85.9,3.33,3,1,0,4.3,1,0,0
2024-06-01,952,18,7.59,85.9,87.1,2.81,3,1,0,7.8,2,0,0
2023-01-01,953,1,7.57,90.6,58.8,2.5,0,1,0,11.4,0,0,0
2023-02-01,953,2,7.44,85.9,63.5,2.31,0,2,0,10.2,0,0,1
2023-03-01,953,3,7.63,80.6,59.4,2.51,0,2,0,10.9,1,0,1
2023-04-01,953,4,7.33,84.7,64.1,2.64,0,2,0,9.3,1,0,1
2023-05-01,953,5,7.51,93.7,61.0,2.76,0,2,0,10.6,2,0,1
2023-06-01,953,6,7.7,87.9,63.5,2.72,0,2,0,11.6,2,0,1
2023-07-01,953,7,7.41,80.5,63.0,2.93,0,3,0,10.9,2,0,1
2023-08-01,953,8,7.66,87.1,57.8,2.58,0,3,0,9.1,2,0,1
2023-09-01,953,9,7.81,82.6,66.2,2.71,0,3,0,10.6,2,0,1
2023-10-01,953,10,7.78,86.1,67.8,2.7,0,3,0,5.7,2,0,1
2023-11-01,953,11,7.85,87.6,65.6,2.73,0,3,0,13.4,3,0,1
2023-12-01,953,12,7.91,91.4,65.4,2.66,0,3,0,12.9,3,0,1
2024-01-01,953,13,7.75,88.6,67.2,2.78,0,3,0,14.5,4,0,1
2024-02-01,953,14,7.82,79.8,76.9,2.95,0,3,1,7.5,4,0,1
2024-03-01,953,15,7.92,76.1,72.8,2.82,0,3,1,14.6,4,0,1
2024-04-01,953,16,7.94,88.0,67.7,2.84,0,4,1,14.8,5,0,1
2024-05-01,953,17,7.9,86.0,68.5,2.62,0,4,1,13.6,5,0,1
2024-06-01,953,18,8.18,90.6,77.5,2.73,0,4,1,15.5,6,0,1
2023-01-01,954,1,6.31,84.8,59.1,3.66,0,3,0,3.9,0,0,0
2023-02-01,954,2,6.01,80.3,50.6,3.59,0,3,0,4.0,0,0,0
2023-03-01,954,3,6.28,82.2,60.5,3.5,0,4,0,10.4,0,0,0
2023-04-01,954,4,6.31,83.5,59.6,3.52,0,4,0,5.9,0,0,0
2023-05-01,954,5,6.21,81.6,53.8,3.58,0,4,0,4.2,0,0,0
2023-06-01,954,6,6.15,83.4,65.6,3.84,0,4,0,4.8,0,0,0
2023-07-01,954,7,6.33,84.2,53.2,3.46,0,4,0,2.7,0,0,0
2023-08-01,954,8,6.51,88.4,57.0,3.83,0,4,0,3.7,0,0,0
2023-09-01,954,9,6.58,76.7,58.7,3.78,0,4,0,6.0,0,0,0
2023-10-01,954,10,6.51,81.1,57.8,3.77,0,4,0,3.4,0,0,0
2023-11-01,954,11,6.53,82.7,60.8,3.93,0,4,0,8.0,0,0,0
2023-12-01,954,12,6.5,77.0,54.1,3.73,0,4,0,5.5,0,0,0
2024-01-01,954,13,6.68,79.3,52.0,3.9,0,4,0,1.4,0,0,0
2024-02-01,954,14,6.7,81.8,61.6,3.7,0,4,0,7.5,0,0,0
2024-03-01,954,15,6.67,82.9,59.4,3.75,0,4,0,8.9,0,0,0
2024-04-01,954,16,6.77,84.6,61.1,4.06,0,4,0,8.1,0,0,0
2024-05-01,954,17,7.1,85.3,64.2,3.63,0,4,0,4.6,0,0,1
2024-06-01,954,18,6.88,91.5,57.5,4.0,0,4,0,3.9,0,0,1
2023-01-01,955,1,6.38,81.6,52.6,4.13,0,2,0,8.9,0,0,0
2023-02-01,955,2,6.57,86.0,52.9,3.9,0,2,0,11.2,0,0,0
2023-03-01,955,3,6.4,79.2,62.9,4.17,0,2,0,11.9,0,0,0
2023-04-01,955,4,6.49,82.2,57.4,4.38,1,2,0,8.7,0,0,0
2023-05-01,955,5,6.49,88.9,61.9,3.87,1,2,0,10.6,0,0,0
2023-06-01,955,6,6.35,80.3,61.2,4.0,1,2,0,10.6,0,0,0
2023-07-01,955,7,6.59,86.0,59.7,4.16,1,3,0,10.0,0,0,0
2023-08-01,955,8,6.47,90.3,62.0,3.97,1,3,0,11.2,0,0,0
2023-09-01,955,9,6.33,87.6,69.6,3.99,1,4,0,13.5,0,0,1
2023-10-01,955,10,6.67,80.5,63.1,4.28,1,4,0,9.3,0,0,1
2023-11-01,955,11,6.82,85.5,69.0,4.18,1,4,1,11.7,0,0,1
2023-12-01,955,12,6.64,77.7,69.2,4.14,1,4,2,8.5,0,0,1
2024-01-01,955,13,6.75,82.3,64.5,3.95,1,4,2,8.8,0,0,1
2024-02-01,955,14,6.68,79.8,62.7,4.17,1,4,2,12.7,0,0,1
2024-03-01,955,15,6.65,82.5,63.3,4.26,2,4,2,13.4,1,0,1
2024-04-01,955,16,6.72,86.0,62.4,4.27,2,4,2,9.8,1,0,1
2024-05-01,955,17,6.67,87.0,69.7,3.97,2,4,2,13.5,1,0,1
2024-06-01,955,18,6.83,83.6,72.3,4.17,2,4,2,11.0,1,0,1
2023-01-01,956,1,8.22,87.1,57.4,3.23,0,0,0,7.3,0,0,0
2023-02-01,956,2,8.12,85.6,62.4,3.1,0,0,0,10.5,0,0,0
2023-03-01,956,3,8.15,91.3,63.1,3.17,0,0,0,7.5,0,0,0
2023-04-01,956,4,8.09,87.2,64.4,2.82,1,0,0,7.9,0,0,0
2023-05-01,956,5,8.08,87.7,66.2,3.18,1,0,0,11.7,0,0,0
2023-06-01,956,6,8.24,91.2,61.9,3.38,1,0,0,8.1,0,0,0
2023-07-01,956,7,7.99,96.7,60.4,3.31,1,0,0,9.8,0,0,0
2023-08-01,956,8,8.2,89.3,58.8,2.95,1,0,0,11.3,0,0,0
2023-09-01,956,9,8.24,84.2,67.3,3.19,2,0,0,6.2,0,0,0
2023-10-01,956,10,8.17,86.0,61.0,3.43,2,0,0,12.7,0,0,0
2023-11-01,956,11,8.2,90.9,72.2,3.41,2,0,0,6.5,0,0,0
2023-12-01,956,12,8.18,87.2,64.3,3.25,2,0,0,9.8,0,0,0
2024-01-01,956,13,8.37,89.9,68.8,3.18,2,0,0,9.6,0,0,0
2024-02-01,956,14,8.23,88.9,75.1,3.09,2,0,1,13.2,0,0,0
2024-03-01,956,15,8.29,79.9,74.6,3.29,2,0,1,10.3,0,0,0
2024-04-01,956,16,8.34,92.2,77.8,3.18,2,0,1,10.8,0,0,0
2024-05-01,956,17,8.2,83.2,71.4,3.38,2,0,1,10.1,0,0,0
2024-06-01,956,18,8.52,81.6,71.2,3.13,2,0,1,4.2,1,0,0
2023-01-01,957,1,6.6,84.6,80.3,4.21,0,0,0,7.4,0,0,0
2023-02-01,957,2,6.75,77.5,86.5,4.29,0,0,0,3.3,0,0,0
2023-03-01,957,3,6.84,81.9,81.4,4.14,0,0,0,5.7,0,0,0
2023-04-01,957,4,6.93,72.1,88.6,4.2,0,0,0,9.5,0,0,0
2023-05-01,957,5,6.77,78.7,83.1,4.0,1,0,0,2.9,0,0,0
2023-06-01,957,6,6.8,78.4,85.4,4.16,1,0,0,7.9,0,0,0
2023-07-01,957,7,6.79,74.7,83.4,4.22,1,0,0,2.7,0,0,0
2023-08-01,957,8,6.89,79.7,87.9,4.13,1,0,0,5.3,0,0,1
2023-09-01,957,9,6.66,80.2,86.2,4.0,1,0,0,7.0,0,0,1
2023-10-01,957,10,7.07,75.8,84.4,4.35,1,0,0,5.8,0,0,1
2023-11-01,957,11,7.11,86.9,84.3,4.02,1,0,0,6.3,0,0,1
2023-12-01,957,12,7.03,80.1,92.7,4.15,1,0,0,0.0,0,0,1
2024-01-01,957,13,7.19,82.9,85.1,4.35,1,1,0,2.5,1,0,1
2024-02-01,957,14,6.81,83.3,84.6,4.41,1,1,0,3.8,1,0,1
2024-03-01,957,15,7.32,73.6,84.1,4.44,1,1,0,6.1,1,0,1
2024-04-01,957,16,7.1,86.9,90.4,4.36,1,1,0,5.2,1,0,1
2024-05-01,957,17,6.93,82.9,93.9,4.15,1,1,0,9.1,1,0,1
2024-06-01,957,18,7.19,73.8,88.5,4.42,1,1,0,2.0,1,0,1
2023-01-01,958,1,8.95,71.7,68.3,2.0,0,0,0,3.7,0,0,0
2023-02-01,958,2,8.83,82.5,57.7,1.84,0,0,0,6.6,0,0,0
2023-03-01,958,3,8.59,76.7,67.3,1.67,1,0,0,8.3,0,0,0
2023-04-01,958,4,8.9,79.8,64.3,1.77,1,0,0,7.0,0,0,0
2023-05-01,958,5,8.79,86.7,65.3,1.9,1,1,0,4.5,0,0,0
2023-06-01,958,6,8.74,73.8,71.8,1.74,1,1,0,7.0,0,0,0
2023-07-01,958,7,9.06,76.4,70.2,1.96,1,1,0,6.3,0,0,0
2023-08-01,958,8,9.15,82.5,63.5,1.62,1,1,0,2.8,1,0,0
2023-09-01,958,9,8.9,78.3,65.4,2.01,1,1,0,5.1,1,0,0
2023-10-01,958,10,8.94,76.9,70.8,1.77,1,1,0,9.5,1,0,0
2023-11-01,958,11,8.81,82.0,70.6,2.05,1,1,0,3.4,1,0,0
2023-12-01,958,12,9.02,79.7,65.0,2.12,1,1,0,3.8,1,0,0
2024-01-01,958,13,8.89,78.7,70.3,2.1,1,1,0,0.7,1,0,0
2024-02-01,958,14,9.22,81.3,65.2,1.97,1,1,0,1.3,1,0,0
2024-03-01,958,15,9.13,72.9,69.4,2.25,1,1,0,2.6,1,0,0
2024-04-01,958,16,9.35,76.9,66.9,1.99,1,1,0,6.4,1,0,0
2024-05-01,958,17,9.17,78.3,70.9,1.93,1,1,0,2.2,2,0,1
2024-06-01,958,18,9.0,77.5,75.8,2.02,1,1,0,6.7,2,0,1
2023-01-01,959,1,6.96,95.1,68.0,3.3,0,1,0,1.7,0,0,0
2023-02-01,959,2,6.78,93.6,67.3,3.16,0,1,0,5.5,0,0,0
2023-03-01,959,3,6.99,93.0,66.2,3.06,0,1,0,7.1,0,0,0
2023-04-01,959,4,7.17,98.6,79.3,3.49,0,1,0,6.5,0,0,0
2023-05-01,959,5,7.14,99.1,72.3,3.18,0,1,0,3.5,0,0,0
2023-06-01,959,6,7.11,95.7,70.5,3.31,0,1,0,3.3,0,0,0
2023-07-01,959,7,7.03,100.0,67.5,3.22,1,1,0,3.7,0,0,0
2023-08-01,959,8,7.11,98.8,70.2,3.26,2,1,0,0.8,0,0,0
2023-09-01,959,9,7.19,100.0,75.3,3.34,2,1,0,7.2,0,0,0
2023-10-01,959,10,7.04,100.0,73.6,3.16,2,1,0,8.2,0,0,0
2023-11-01,959,11,7.18,98.1,70.8,3.15,2,1,0,6.6,0,0,0
2023-12-01,959,12,7.03,99.8,77.4,3.05,2,1,0,9.3,0,0,0
2024-01-01,959,13,7.21,97.0,75.1,3.07,2,2,0,6.6,0,0,1
2024-02-01,959,14,7.03,95.8,72.1,3.06,2,3,1,4.0,1,0,1
2024-03-01,959,15,7.17,96.7,74.4,3.46,2,3,1,7.8,1,0,1
2024-04-01,959,16,7.25,100.0,69.8,3.09,2,3,1,3.9,1,0,1
2024-05-01,959,17,7.21,99.2,72.8,3.36,2,4,1,6.3,2,0,1
2024-06-01,959,18,7.44,87.8,70.9,3.33,2,4,1,3.3,2,0,1
2023-01-01,960,1,7.4,96.2,73.4,2.99,0,1,0,5.4,0,1,0
2023-02-01,960,2,7.2,100.0,74.0,3.22,1,1,0,5.4,0,1,0
2023-03-01,960,3,7.3,96.1,80.2,3.26,1,1,0,8.1,0,1,0
2023-04-01,960,4,7.36,94.9,74.7,3.08,1,1,0,10.6,0,1,0
2023-05-01,960,5,7.37,100.0,75.8,3.29,1,2,0,8.8,0,1,0
2023-06-01,960,6,7.48,100.0,85.0,3.33,1,2,0,10.8,0,1,0
2023-07-01,960,7,7.52,99.5,76.5,3.3,1,2,0,6.1,0,1,0
2023-08-01,960,8,7.78,99.1,81.8,3.25,1,2,0,8.8,0,1,0
2023-09-01,960,9,7.5,96.3,78.2,3.11,1,2,0,9.1,0,1,0
2023-10-01,960,10,7.64,98.6,76.6,3.1,1,3,0,8.6,0,1,0
2023-11-01,960,11,7.85,100.0,78.8,3.39,1,3,0,6.2,1,1,0
2023-12-01,960,12,7.63,98.4,85.8,3.2,1,3,0,8.4,1,1,0
2024-01-01,960,13,7.55,100.0,74.7,3.37,1,3,0,6.3,2,0,0
2024-02-01,960,14,7.66,95.2,81.1,3.54,1,3,0,4.7,2,0,0
2024-03-01,960,15,7.74,99.8,84.5,3.02,1,3,0,2.6,3,0,1
2024-04-01,960,16,8.09,100.0,82.8,3.27,1,3,0,9.4,3,0,1
2024-05-01,960,17,7.75,100.0,86.0,3.1,1,3,0,9.0,3,0,1
2024-06-01,960,18,7.97,93.7,82.1,2.98,1,3,0,6.4,3,0,1
2023-01-01,961,1,8.33,70.9,40.4,2.72,0,1,1,4.3,0,2,0
2023-02-01,961,2,8.44,74.5,43.6,2.88,0,1,1,8.7,0,2,0
2023-03-01,961,3,8.61,72.3,40.3,2.83,0,1,1,5.8,0,2,0
2023-04-01,961,4,8.46,68.0,41.0,2.8,0,1,1,4.5,0,2,0
2023-05-01,961,5,8.39,68.6,39.5,2.63,0,1,1,6.9,0,1,0
2023-06-01,961,6,8.29,71.8,43.8,2.67,0,1,1,3.0,0,1,1
2023-07-01,961,7,8.53,70.0,40.7,3.0,0,2,1,10.2,0,1,1
2023-08-01,961,8,8.39,69.3,46.6,2.92,0,2,1,3.6,0,1,1
2023-09-01,961,9,8.49,67.0,43.7,2.48,1,2,1,6.8,0,1,1
2023-10-01,961,10,8.89,71.2,41.8,2.8,1,2,1,7.8,0,1,1
2023-11-01,961,11,8.63,67.8,46.0,2.66,1,2,1,5.2,0,1,1
2023-12-01,961,12,8.78,64.3,41.1,2.87,1,2,1,5.6,0,1,1
2024-01-01,961,13,8.72,70.5,45.2,2.86,1,2,1,6.1,0,1,1
2024-02-01,961,14,8.69,64.4,48.2,3.0,1,2,1,5.1,0,1,1
2024-03-01,961,15,8.98,70.4,41.9,2.75,1,2,1,4.3,0,1,1
2024-04-01,961,16,9.11,69.6,53.1,2.95,1,2,1,0.8,1,1,1
2024-05-01,961,17,9.04,66.8,51.8,2.86,1,2,1,0.7,1,1,1
2024-06-01,961,18,8.92,66.8,53.2,2.86,1,2,1,1.1,1,1,1
2023-01-01,962,1,7.22,65.7,73.7,4.66,0,1,1,10.5,0,0,0
2023-02-01,962,2,6.95,67.4,63.0,4.6,0,1,1,15.2,0,0,0
2023-03-01,962,3,6.98,78.1,72.1,5.0,0,1,1,16.3,0,0,0
2023-04-01,962,4,7.15,64.8,73.6,4.88,0,1,1,15.0,0,0,0
2023-05-01,962,5,7.18,73.9,72.7,5.0,0,1,1,16.2,0,0,0
2023-06-01,962,6,7.4,72.3,73.6,4.89,0,1,1,11.2,0,0,0
2023-07-01,962,7,7.27,63.4,74.5,4.98,0,1,2,13.0,1,0,0
2023-08-01,962,8,7.24,72.0,73.1,4.88,0,1,2,14.9,1,0,0
2023-09-01,962,9,7.31,66.5,73.9,4.74,0,2,2,11.7,1,0,0
2023-10-01,962,10,7.32,69.4,77.9,4.71,0,2,2,17.2,1,0,0
2023-11-01,962,11,7.29,69.9,80.1,5.0,0,2,2,15.8,1,0,0
2023-12-01,962,12,7.18,69.4,79.3,4.76,0,2,2,11.6,1,0,0
2024-01-01,962,13,7.21,74.1,80.1,4.68,0,2,3,15.1,1,0,0
2024-02-01,962,14,7.54,68.2,85.7,5.0,0,2,3,12.5,1,0,0
2024-03-01,962,15,7.5,69.8,76.2,4.95,0,2,3,9.0,1,0,0
2024-04-01,962,16,7.41,71.2,79.8,5.0,0,2,3,11.2,1,0,0
2024-05-01,962,17,7.42,67.0,82.7,4.98,0,3,3,10.7,1,0,0
2024-06-01,962,18,7.45,68.7,84.7,4.93,0,3,3,13.4,1,0,0
2023-01-01,963,1,6.15,66.4,46.6,3.28,0,1,1,1.9,0,0,0
2023-02-01,963,2,6.19,70.4,56.6,3.3,1,1,1,5.2,0,0,0
2023-03-01,963,3,6.21,76.4,54.5,3.41,1,1,1,6.3,0,0,0
2023-04-01,963,4,6.23,77.0,49.2,2.83,1,1,1,4.2,0,0,0
2023-05-01,963,5,6.31,67.7,52.1,3.18,1,1,1,8.4,0,0,0
2023-06-01,963,6,6.12,75.4,52.1,3.02,1,1,2,5.6,1,0,0
2023-07-01,963,7,6.35,75.5,56.7,3.05,1,1,2,4.9,1,0,0
2023-08-01,963,8,6.35,75.0,58.1,3.23,1,1,2,5.6,1,0,0
2023-09-01,963,9,6.51,69.7,50.4,3.33,1,1,2,5.8,1,0,0
2023-10-01,963,10,6.3,77.5,57.5,3.31,1,1,2,0.6,1,0,0
2023-11-01,963,11,6.34,79.6,64.3,3.41,1,1,2,8.8,1,0,0
2023-12-01,963,12,6.28,71.3,57.5,3.38,1,1,2,5.3,1,0,0
2024-01-01,963,13,6.42,76.3,58.8,3.32,1,2,2,5.6,1,0,0
2024-02-01,963,14,6.63,78.0,58.3,3.18,1,2,2,4.5,2,0,0
2024-03-01,963,15,6.44,74.5,58.6,3.44,1,2,2,1.8,2,0,0
2024-04-01,963,16,6.5,71.9,53.1,3.4,2,2,2,0.8,2,0,0
2024-05-01,963,17,6.49,72.7,65.2,3.45,2,2,2,9.0,3,0,0
2024-06-01,963,18,6.82,67.7,50.5,3.22,3,2,2,7.0,3,0,0
2023-01-01,964,1,6.74,81.0,26.7,2.72,0,1,1,11.4,0,0,0
2023-02-01,964,2,7.13,80.9,29.2,2.9,0,1,1,10.2,0,0,0
2023-03-01,964,3,7.07,82.3,28.2,2.76,0,1,1,10.6,0,0,0
2023-04-01,964,4,7.07,82.8,24.6,3.07,0,1,1,17.2,0,0,0
2023-05-01,964,5,7.25,83.1,34.0,3.03,0,1,1,10.4,0,0,0
2023-06-01,964,6,7.15,79.0,29.8,3.04,0,1,1,12.3,1,0,0
2023-07-01,964,7,7.25,76.0,24.8,3.15,0,1,1,11.4,1,0,0
2023-08-01,964,8,7.54,80.7,25.2,3.11,0,1,1,7.9,2,0,0
2023-09-01,964,9,7.09,78.8,27.9,2.82,0,1,1,12.4,2,0,0
2023-10-01,964,10,7.63,80.5,29.2,3.02,0,1,1,10.6,2,0,0
2023-11-01,964,11,7.15,80.4,33.4,2.86,0,1,1,8.8,2,0,0
2023-12-01,964,12,7.47,80.1,35.3,3.03,0,1,1,10.8,2,0,0
2024-01-01,964,13,7.28,78.8,43.2,3.07,0,1,1,7.5,2,0,0
2024-02-01,964,14,7.55,87.7,36.0,2.97,0,1,1,5.4,3,0,0
2024-03-01,964,15,7.39,86.7,35.9,2.96,0,1,1,11.1,3,0,0
2024-04-01,964,16,7.47,78.0,30.7,2.94,0,1,1,7.5,4,0,0
2024-05-01,964,17,7.68,83.1,34.5,3.24,0,1,1,14.9,4,0,1
2024-06-01,964,18,7.91,84.6,33.4,3.27,0,1,1,9.4,4,0,1
2023-01-01,965,1,7.24,96.2,24.8,3.27,0,1,1,4.2,0,0,0
2023-02-01,965,2,6.94,90.8,27.3,3.34,0,2,1,5.2,0,0,0
2023-03-01,965,3,7.18,82.7,22.0,3.3,0,2,1,6.0,0,0,0
2023-04-01,965,4,7.05,88.9,29.3,3.39,0,2,1,4.5,1,0,0
2023-05-01,965,5,6.98,91.5,29.4,3.18,0,2,1,6.4,1,0,0
2023-06-01,965,6,7.12,89.2,27.5,3.35,0,2,1,0.0,1,0,0
2023-07-01,965,7,7.01,96.5,30.6,3.2,0,2,1,0.0,1,0,0
2023-08-01,965,8,7.29,95.9,28.5,3.35,0,2,1,4.8,1,0,1
2023-09-01,965,9,7.17,88.5,33.8,3.34,0,2,2,2.2,1,0,1
2023-10-01,965,10,7.15,95.7,27.9,3.42,0,2,2,6.3,1,0,1
2023-11-01,965,11,7.36,90.8,29.0,3.38,0,2,2,8.9,1,0,1
2023-12-01,965,12,7.2,96.4,22.4,3.39,0,2,2,9.2,1,0,1
2024-01-01,965,13,7.22,90.0,25.7,3.52,0,3,2,6.1,1,0,1
2024-02-01,965,14,7.49,97.0,26.6,3.35,0,3,2,2.6,1,0,1
2024-03-01,965,15,7.17,92.9,30.1,3.48,0,3,2,1.6,2,0,1
2024-04-01,965,16,7.5,93.0,36.8,3.2,0,3,2,7.2,2,0,1
2024-05-01,965,17,7.42,99.0,36.5,3.76,0,3,2,0.3,3,0,1
2024-06-01,965,18,7.41,90.6,29.0,3.36,0,3,2,7.1,3,0,1
2023-01-01,966,1,6.0,89.7,43.5,1.86,0,1,0,9.8,0,0,0
2023-02-01,966,2,6.08,87.9,49.5,1.83,0,1,0,12.3,0,0,0
2023-03-01,966,3,5.99,84.7,41.1,1.83,0,1,0,11.1,1,0,0
2023-04-01,966,4,5.83,78.3,46.6,1.93,0,1,0,9.1,1,0,0
2023-05-01,966,5,6.02,84.8,46.8,1.86,0,1,0,10.8,1,0,0
2023-06-01,966,6,6.22,87.3,47.8,1.91,1,1,0,11.3,1,0,0
2023-07-01,966,7,6.18,84.8,47.5,1.67,1,1,0,8.6,1,0,0
2023-08-01,966,8,6.24,91.2,43.7,1.81,1,1,0,11.2,1,0,0
2023-09-01,966,9,6.45,83.6,48.2,1.76,1,1,0,10.9,1,0,0
2023-10-01,966,10,6.17,81.7,58.3,2.02,1,1,0,13.0,1,0,0
2023-11-01,966,11,6.19,91.2,48.0,1.82,1,1,1,16.0,1,0,0
2023-12-01,966,12,6.48,84.1,54.1,1.89,1,1,1,13.5,1,0,0
2024-01-01,966,13,6.55,88.1,53.4,2.01,1,2,1,10.9,1,0,0
2024-02-01,966,14,6.49,81.1,58.9,1.99,1,2,1,11.5,1,0,0
2024-03-01,966,15,6.5,85.6,57.4,1.76,1,2,1,13.7,1,0,1
2024-04-01,966,16,6.57,82.4,62.9,2.0,1,2,1,8.7,2,0,1
2024-05-01,966,17,6.58,88.6,52.1,1.82,1,2,1,13.1,2,0,1
2024-06-01,966,18,6.7,93.5,56.2,2.04,1,2,1,15.4,3,0,1
2023-01-01,967,1,6.9,83.6,65.6,2.73,0,1,0,5.4,0,0,0
2023-02-01,967,2,6.81,76.2,62.6,2.66,0,1,0,6.5,0,0,0
2023-03-01,967,3,6.76,84.8,72.5,2.83,0,1,0,13.5,0,0,0
2023-04-01,967,4,7.0,83.4,64.8,2.61,0,2,0,5.5,0,0,0
2023-05-01,967,5,7.01,83.6,64.6,2.72,0,2,0,1.6,0,0,0
2023-06-01,967,6,7.07,92.1,67.1,2.77,0,2,0,5.5,0,0,0
2023-07-01,967,7,6.91,86.3,60.4,2.6,0,2,0,4.1,0,0,0
2023-08-01,967,8,6.96,76.5,67.9,2.67,0,2,0,5.3,0,0,0
2023-09-01,967,9,7.26,84.1,74.8,2.84,0,2,0,3.2,0,0,0
2023-10-01,967,10,7.12,82.1,68.0,2.64,0,2,0,8.2,0,0,0
2023-11-01,967,11,7.35,80.1,62.8,2.93,0,2,0,4.9,0,0,0
2023-12-01,967,12,7.44,79.0,67.1,3.05,0,2,0,3.4,1,0,0
2024-01-01,967,13,7.22,79.5,65.1,2.62,0,2,0,1.6,1,0,0
2024-02-01,967,14,7.07,84.2,64.8,2.58,0,2,0,6.7,1,0,0
2024-03-01,967,15,7.24,87.2,68.0,2.84,0,3,0,3.9,1,0,0
2024-04-01,967,16,7.35,81.0,66.3,3.0,0,3,0,3.3,1,0,0
2024-05-01,967,17,7.42,82.7,74.1,2.88,0,3,0,6.6,1,0,0
2024-06-01,967,18,7.33,83.4,72.0,2.9,0,3,0,9.3,1,0,0
2023-01-01,968,1,6.61,90.1,57.3,4.02,0,0,0,8.0,0,1,0
2023-02-01,968,2,6.59,79.9,65.3,3.8,0,1,0,6.6,0,1,0
2023-03-01,968,3,6.54,78.6,70.1,4.01,0,1,0,4.8,0,1,0
2023-04-01,968,4,6.56,89.7,61.9,3.88,0,1,0,9.0,0,0,0
2023-05-01,968,5,6.58,82.5,58.5,3.77,0,1,0,7.0,1,0,0
2023-06-01,968,6,6.5,91.1,64.0,4.16,0,1,0,7.9,1,0,0
2023-07-01,968,7,6.67,87.1,63.4,3.84,0,1,0,9.3,1,0,0
2023-08-01,968,8,6.73,88.9,67.7,4.08,0,1,0,5.2,1,0,0
2023-09-01,968,9,6.85,91.8,57.0,4.02,0,1,0,8.0,1,0,0
2023-10-01,968,10,6.94,82.6,67.0,4.11,0,1,0,8.6,1,0,0
2023-11-01,968,11,6.81,85.6,61.4,4.14,1,1,0,4.9,1,0,0
2023-12-01,968,12,7.02,81.3,64.2,4.19,1,1,0,7.6,1,0,0
2024-01-01,968,13,7.16,88.5,67.7,4.17,1,1,0,4.7,1,0,0
2024-02-01,968,14,7.19,86.0,62.0,4.27,2,1,0,3.9,2,0,0
2024-03-01,968,15,7.0,90.2,68.8,3.91,2,1,0,6.8,3,0,0
2024-04-01,968,16,7.28,82.5,67.9,4.06,2,1,0,3.1,3,0,0
2024-05-01,968,17,7.23,86.9,73.9,4.06,2,1,0,7.2,3,0,1
2024-06-01,968,18,7.1,87.3,69.2,3.87,2,1,0,7.1,4,0,1
2023-01-01,969,1,7.67,68.3,59.9,2.59,0,1,0,7.5,0,0,0
2023-02-01,969,2,7.83,69.2,64.5,2.97,0,1,0,12.2,0,0,0
2023-03-01,969,3,7.74,76.4,63.8,2.57,0,1,0,3.1,0,0,0
2023-04-01,969,4,7.95,81.9,65.1,2.66,0,1,0,4.9,0,0,0
2023-05-01,969,5,7.88,74.3,62.4,2.78,0,1,0,7.7,0,0,0
2023-06-01,969,6,7.95,77.3,62.6,2.76,0,1,0,9.1,0,0,0
2023-07-01,969,7,7.97,79.3,67.3,2.9,0,1,0,7.8,0,0,0
2023-08-01,969,8,8.14,74.6,59.3,2.73,0,1,0,7.6,0,0,0
2023-09-01,969,9,8.05,74.1,63.6,2.87,0,1,0,11.3,0,0,0
2023-10-01,969,10,7.99,83.3,69.7,2.97,0,1,0,10.3,1,0,0
2023-11-01,969,11,8.12,79.4,65.0,3.09,0,1,0,6.1,1,0,0
2023-12-01,969,12,8.07,73.4,61.8,3.11,1,1,0,4.1,2,0,0
2024-01-01,969,13,8.16,79.7,62.5,2.85,1,2,0,6.4,3,0,0
2024-02-01,969,14,8.13,76.8,67.1,2.9,1,2,0,9.5,3,0,0
2024-03-01,969,15,7.93,78.9,71.3,2.93,1,2,0,6.6,3,0,0
2024-04-01,969,16,8.23,76.5,70.3,3.02,2,3,0,8.5,4,0,0
2024-05-01,969,17,8.01,72.5,66.4,2.76,2,3,0,11.5,4,0,0
2024-06-01,969,18,8.36,76.9,61.9,3.05,2,3,1,7.5,5,0,0
2023-01-01,970,1,7.16,80.0,84.4,2.38,0,2,0,2.2,0,0,0
2023-02-01,970,2,7.15,74.9,91.1,2.68,0,2,0,4.9,0,0,0
2023-03-01,970,3,7.09,75.3,91.3,2.59,0,2,0,4.1,1,0,0
2023-04-01,970,4,6.96,78.9,84.0,2.88,0,2,0,2.5,1,0,0
2023-05-01,970,5,6.85,79.3,91.5,2.65,0,2,0,3.8,1,0,0
2023-06-01,970,6,7.1,79.1,93.2,2.68,1,2,0,7.1,1,0,0
2023-07-01,970,7,7.03,86.7,92.1,2.62,1,2,0,5.6,1,0,0
2023-08-01,970,8,7.1,73.7,87.8,2.81,2,2,0,8.2,1,0,0
2023-09-01,970,9,7.08,80.5,89.4,2.43,2,2,1,6.2,1,0,0
2023-10-01,970,10,7.15,73.5,91.5,2.65,2,2,1,4.2,1,0,0
2023-11-01,970,11,7.15,83.4,87.9,2.82,2,2,1,0.0,1,0,1
2023-12-01,970,12,7.1,83.9,87.0,2.66,2,2,1,1.5,1,0,1
2024-01-01,970,13,7.17,84.4,92.1,2.63,2,2,1,2.6,1,0,1
2024-02-01,970,14,7.32,85.1,83.0,2.74,2,2,1,4.8,1,0,1
2024-03-01,970,15,7.3,79.1,94.4,2.53,2,2,1,4.0,1,0,1
2024-04-01,970,16,7.41,82.1,89.6,2.73,2,2,1,6.2,1,0,1
2024-05-01,970,17,7.04,82.6,86.8,2.92,2,2,1,1.9,1,0,1
2024-06-01,970,18,6.98,77.2,95.4,2.77,2,2,1,6.7,1,0,1
2023-01-01,971,1,6.83,79.5,38.0,4.18,0,2,0,9.4,0,3,0
2023-02-01,971,2,6.68,82.2,39.9,4.1,1,2,0,9.5,0,3,0
2023-03-01,971,3,6.91,83.7,47.4,4.19,1,2,0,10.5,0,3,0
2023-04-01,971,4,6.89,83.1,39.0,4.2,1,3,0,11.3,0,3,0
2023-05-01,971,5,6.9,84.2,43.7,3.97,1,3,0,7.9,0,2,0
2023-06-01,971,6,6.92,83.4,43.3,3.96,2,3,0,10.3,0,2,0
2023-07-01,971,7,6.97,81.8,41.6,4.25,2,3,0,10.8,0,2,0
2023-08-01,971,8,7.18,76.9,46.5,4.13,3,3,0,12.9,0,2,0
2023-09-01,971,9,7.0,85.4,43.4,4.32,3,3,0,7.5,0,2,0
2023-10-01,971,10,7.16,78.2,43.0,4.53,3,3,0,11.9,0,2,0
2023-11-01,971,11,7.2,89.3,48.5,4.35,3,3,0,7.9,0,2,0
2023-12-01,971,12,7.33,78.3,44.1,4.38,3,3,0,13.1,0,2,0
2024-01-01,971,13,7.41,82.4,49.8,4.1,3,3,0,10.0,1,2,1
2024-02-01,971,14,7.33,78.3,57.0,4.54,3,3,0,14.5,1,2,1
2024-03-01,971,15,7.33,83.9,42.1,4.47,3,3,0,9.2,1,2,1
2024-04-01,971,16,7.48,83.9,58.8,4.01,3,3,0,10.2,1,2,1
2024-05-01,971,17,7.56,81.1,39.6,4.42,3,3,0,7.1,2,2,1
2024-06-01,971,18,7.58,83.0,46.4,4.42,3,3,0,12.2,2,2,1
2023-01-01,972,1,6.81,67.3,58.2,4.18,1,1,2,4.8,0,0,0
2023-02-01,972,2,7.19,69.1,61.5,4.2,1,1,2,5.1,0,0,0
2023-03-01,972,3,7.0,67.5,56.6,4.23,1,1,2,4.2,0,0,1
2023-04-01,972,4,7.0,66.4,62.6,4.37,1,2,2,10.0,0,0,1
2023-05-01,972,5,7.07,69.1,54.2,4.32,1,2,2,1.6,0,0,1
2023-06-01,972,6,7.28,67.1,60.4,4.18,1,2,2,6.8,0,0,1
2023-07-01,972,7,7.12,69.9,63.2,4.29,1,2,2,4.1,0,0,1
2023-08-01,972,8,7.17,74.5,59.3,4.34,1,2,2,8.7,0,0,1
2023-09-01,972,9,7.13,64.6,50.5,4.11,1,3,2,4.4,0,0,1
2023-10-01,972,10,7.18,59.0,58.8,4.23,1,3,2,5.7,0,0,1
2023-11-01,972,11,7.14,63.8,59.5,4.25,1,3,2,9.3,0,0,1
2023-12-01,972,12,7.37,71.7,56.6,4.25,1,3,2,3.5,0,0,1
2024-01-01,972,13,7.06,68.8,61.8,4.35,1,3,2,6.1,0,0,1
2024-02-01,972,14,7.46,64.5,69.0,4.33,1,3,2,6.9,0,0,1
2024-03-01,972,15,7.26,68.6,59.5,4.2,1,3,2,3.8,0,0,1
2024-04-01,972,16,7.51,64.9,63.2,4.41,1,3,2,3.6,0,0,1
2024-05-01,972,17,7.36,63.4,66.7,4.41,1,3,2,10.2,1,0,1
2024-06-01,972,18,7.57,62.5,66.0,4.21,1,3,2,8.3,1,0,1
2023-01-01,973,1,7.27,76.3,60.6,3.52,1,0,0,7.1,1,3,0
2023-02-01,973,2,7.11,67.1,64.9,3.52,1,0,0,11.2,1,3,0
2023-03-01,973,3,7.12,67.1,60.2,3.75,1,0,0,10.8,1,2,0
2023-04-01,973,4,7.32,72.7,58.3,3.65,1,0,0,8.7,1,2,0
2023-05-01,973,5,7.33,65.5,65.7,3.47,1,1,0,10.1,1,2,0
2023-06-01,973,6,7.38,73.3,66.4,3.27,1,1,0,6.6,1,2,0
2023-07-01,973,7,7.28,73.5,65.6,3.73,1,1,0,9.5,1,2,0
2023-08-01,973,8,7.25,69.4,69.0,3.54,2,1,0,12.0,1,2,0
2023-09-01,973,9,7.36,66.9,59.9,3.86,3,1,0,1.9,1,2,0
2023-10-01,973,10,7.15,74.0,58.7,3.62,3,1,0,7.4,2,2,0
2023-11-01,973,11,7.32,68.6,77.1,3.75,3,1,0,7.3,2,2,0
2023-12-01,973,12,7.49,73.5,73.2,3.84,3,1,0,8.5,2,2,0
2024-01-01,973,13,7.34,69.8,71.6,3.57,4,1,0,6.0,2,2,0
2024-02-01,973,14,7.38,72.2,75.3,3.49,4,1,0,10.4,2,1,0
2024-03-01,973,15,7.3,72.8,61.0,3.71,4,1,0,2.1,2,0,0
2024-04-01,973,16,7.58,65.3,80.1,3.73,4,1,0,5.4,2,0,0
2024-05-01,973,17,7.26,73.2,79.5,3.81,4,1,0,6.0,3,0,0
2024-06-01,973,18,7.6,71.9,69.5,3.77,4,2,0,8.5,3,0,0
2023-01-01,974,1,7.4,70.1,51.2,2.92,0,0,0,7.6,0,1,0
2023-02-01,974,2,7.36,66.4,49.5,2.82,0,0,0,5.0,0,1,0
2023-03-01,974,3,7.57,72.8,48.8,2.75,0,0,0,10.2,0,1,0
2023-04-01,974,4,7.62,81.1,43.1,2.65,0,0,0,9.7,0,1,0
2023-05-01,974,5,7.5,69.4,55.0,2.98,0,0,0,7.0,0,1,0
2023-06-01,974,6,7.61,70.6,51.3,2.82,0,0,0,7.5,0,0,0
2023-07-01,974,7,7.54,72.7,59.6,2.8,0,0,0,7.4,0,0,0
2023-08-01,974,8,7.5,70.2,47.6,3.03,0,0,0,12.3,0,0,0
2023-09-01,974,9,7.63,69.4,46.1,3.33,0,0,0,6.9,0,0,0
2023-10-01,974,10,7.48,72.0,57.4,3.05,1,0,0,7.7,0,0,0
2023-11-01,974,11,7.68,70.2,52.7,3.21,1,0,0,5.0,1,0,0
2023-12-01,974,12,7.58,74.2,50.3,3.03,1,0,0,6.9,1,0,0
2024-01-01,974,13,7.79,76.9,54.0,2.75,2,0,0,14.3,1,0,0
2024-02-01,974,14,7.77,75.8,52.3,3.14,2,0,0,10.6,1,0,0
2024-03-01,974,15,7.85,73.4,54.2,3.03,2,1,0,8.0,1,0,0
2024-04-01,974,16,7.68,67.0,60.0,3.18,2,1,0,6.3,1,0,0
2024-05-01,974,17,7.89,67.7,62.7,3.08,2,1,0,7.8,1,0,0
2024-06-01,974,18,7.73,69.3,61.0,3.11,2,1,0,4.5,1,0,0
2023-01-01,975,1,6.11,91.0,59.4,3.03,0,2,0,10.6,0,1,0
2023-02-01,975,2,6.08,88.8,62.7,2.88,1,2,0,9.3,0,1,0
2023-03-01,975,3,6.24,93.7,58.6,2.78,1,2,0,5.5,1,1,0
2023-04-01,975,4,6.26,87.1,62.3,2.89,1,2,0,7.7,1,1,0
2023-05-01,975,5,6.44,83.9,64.3,2.93,1,2,0,8.6,1,1,0
2023-06-01,975,6,6.3,89.6,60.2,3.14,1,2,0,4.8,1,1,0
2023-07-01,975,7,6.44,87.4,62.1,3.18,1,2,0,11.8,1,1,0
2023-08-01,975,8,6.51,96.8,60.5,3.04,1,2,0,8.1,1,1,0
2023-09-01,975,9,6.17,83.5,60.4,3.12,1,2,0,8.6,1,1,1
2023-10-01,975,10,6.4,90.7,68.6,3.2,1,2,0,5.9,1,1,1
2023-11-01,975,11,6.72,88.5,64.3,3.09,1,2,0,7.9,1,1,1
2023-12-01,975,12,6.85,86.3,67.3,3.07,1,2,0,11.2,1,1,1
2024-01-01,975,13,6.79,93.0,66.0,3.32,1,3,1,8.9,1,1,1
2024-02-01,975,14,6.65,84.7,62.1,3.13,1,3,1,8.1,1,1,1
2024-03-01,975,15,6.62,91.7,75.6,3.28,1,3,1,10.9,1,0,1
2024-04-01,975,16,6.73,92.4,67.8,3.23,2,3,1,12.1,2,0,1
2024-05-01,975,17,6.82,95.5,70.3,3.07,3,3,1,6.3,2,0,1
2024-06-01,975,18,6.79,89.3,71.8,3.23,3,3,1,11.1,2,0,1
2023-01-01,976,1,6.3,90.3,34.0,2.64,0,1,0,0.0,0,1,0
2023-02-01,976,2,6.43,83.0,33.6,2.58,0,1,0,4.8,0,1,0
2023-03-01,976,3,6.27,95.8,30.8,2.74,1,1,0,6.7,0,1,0
2023-04-01,976,4,5.88,78.6,38.9,2.44,1,1,0,4.1,0,1,0
2023-05-01,976,5,6.08,92.2,31.1,2.76,1,1,0,6.0,0,1,0
2023-06-01,976,6,6.09,93.2,35.6,2.82,1,1,0,0.0,0,1,0
2023-07-01,976,7,6.2,85.0,39.0,2.85,1,1,0,5.2,0,1,0
2023-08-01,976,8,6.37,82.2,33.8,2.64,1,1,0,2.0,0,1,0
2023-09-01,976,9,6.17,79.1,41.2,2.45,1,1,0,2.8,0,1,0
2023-10-01,976,10,6.34,87.5,34.5,2.88,1,1,0,9.7,0,1,0
2023-11-01,976,11,6.32,87.1,36.7,2.85,1,1,0,1.3,0,1,0
2023-12-01,976,12,6.34,88.5,42.1,2.59,1,1,1,0.0,0,1,0
2024-01-01,976,13,6.38,84.4,32.5,2.4,1,1,1,0.5,0,1,0
2024-02-01,976,14,6.29,86.7,40.5,2.88,1,1,1,6.4,0,1,0
2024-03-01,976,15,6.11,81.0,38.8,2.61,1,1,1,6.3,0,1,0
2024-04-01,976,16,6.24,83.4,40.3,2.81,1,1,1,4.3,0,1,0
2024-05-01,976,17,6.4,79.2,42.0,2.8,1,1,1,3.8,0,1,0
2024-06-01,976,18,6.35,84.3,33.2,2.98,1,1,1,8.7,0,1,0
2023-01-01,977,1,7.9,86.8,82.5,2.45,0,0,1,4.2,0,0,0
2023-02-01,977,2,7.75,83.3,80.4,2.46,0,0,1,0.3,0,0,0
2023-03-01,977,3,7.83,90.5,78.7,2.61,0,0,1,9.1,0,0,0
2023-04-01,977,4,8.0,84.7,80.0,2.33,0,0,1,5.0,0,0,0
2023-05-01,977,5,7.88,85.2,77.5,2.6,0,0,1,4.8,0,0,0
2023-06-01,977,6,8.07,90.2,77.9,2.68,0,0,1,5.5,0,0,0
2023-07-01,977,7,8.15,93.5,81.4,2.57,0,0,1,7.3,0,0,0
2023-08-01,977,8,8.02,88.4,84.6,2.8,0,1,1,2.6,0,0,0
2023-09-01,977,9,7.97,90.0,85.3,2.38,0,1,1,6.3,1,0,1
2023-10-01,977,10,7.88,91.3,80.4,2.77,0,1,1,2.8,1,0,1
2023-11-01,977,11,8.05,93.6,83.4,2.68,0,1,1,6.1,1,0,1
2023-12-01,977,12,7.94,90.1,78.5,2.64,0,1,1,3.7,1,0,1
2024-01-01,977,13,8.16,91.4,83.2,2.55,0,1,1,6.8,1,0,1
2024-02-01,977,14,8.17,87.6,81.8,2.49,0,1,1,5.5,1,0,1
2024-03-01,977,15,8.23,92.1,85.3,2.7,0,1,2,3.0,1,0,1
2024-04-01,977,16,8.1,93.6,83.3,2.57,0,1,2,3.5,1,0,1
2024-05-01,977,17,8.23,88.2,85.3,2.68,0,1,2,4.9,1,0,1
2024-06-01,977,18,8.22,92.0,81.8,2.42,0,1,2,1.4,2,0,1
2023-01-01,978,1,6.81,64.8,48.3,2.43,0,1,0,0.0,0,0,0
2023-02-01,978,2,6.68,67.9,48.8,2.72,0,1,0,3.3,0,0,0
2023-03-01,978,3,6.85,70.8,47.4,2.13,0,1,0,4.2,0,0,0
2023-04-01,978,4,6.84,63.1,45.5,2.6,0,1,0,6.9,0,0,0
2023-05-01,978,5,6.57,66.2,47.8,2.34,0,1,0,2.4,0,0,0
2023-06-01,978,6,6.78,75.4,44.5,2.52,0,1,0,3.5,0,0,0
2023-07-01,978,7,6.72,62.5,43.6,2.28,1,1,0,2.5,0,0,0
2023-08-01,978,8,6.93,72.3,48.6,2.62,1,1,0,2.3,0,0,0
2023-09-01,978,9,6.96,62.5,47.9,2.43,1,1,0,2.6,0,0,0
2023-10-01,978,10,6.65,60.9,46.7,2.6,1,1,0,3.8,0,0,0
2023-11-01,978,11,6.77,63.9,46.2,2.66,1,1,0,1.2,0,0,0
2023-12-01,978,12,6.71,60.2,48.1,2.47,1,1,0,7.0,0,0,0
2024-01-01,978,13,6.9,72.0,47.5,2.72,1,1,0,4.1,0,0,0
2024-02-01,978,14,6.89,62.2,50.2,2.55,1,1,0,3.1,0,0,1
2024-03-01,978,15,6.89,62.2,49.4,2.6,1,1,0,2.4,0,0,1
2024-04-01,978,16,6.99,61.2,59.0,2.72,1,1,0,4.5,0,0,1
2024-05-01,978,17,6.86,64.6,49.6,2.37,1,1,0,0.0,0,0,1
2024-06-01,978,18,6.95,68.4,54.6,2.73,1,1,0,5.0,0,0,1
2023-01-01,979,1,6.02,70.6,90.4,2.77,0,0,0,9.2,0,1,0
2023-02-01,979,2,5.82,65.6,91.7,2.69,0,0,0,7.0,0,1,0
2023-03-01,979,3,5.98,69.4,88.5,3.07,0,0,0,6.7,0,0,0
2023-04-01,979,4,5.9,64.2,90.7,2.85,0,0,0,7.0,0,0,0
2023-05-01,979,5,5.78,66.6,89.0,2.7,0,0,0,3.2,0,0,0
2023-06-01,979,6,6.07,66.8,81.8,2.98,0,0,1,6.0,0,0,0
2023-07-01,979,7,6.09,66.8,92.4,2.81,0,0,1,2.0,0,0,0
2023-08-01,979,8,6.06,71.2,92.2,2.88,1,0,1,10.1,0,0,0
2023-09-01,979,9,6.26,61.9,88.0,2.57,1,0,1,7.1,0,0,0
2023-10-01,979,10,6.09,67.8,95.8,2.99,1,0,1,7.0,0,0,0
2023-11-01,979,11,6.04,73.8,89.4,2.82,1,0,1,10.0,0,0,0
2023-12-01,979,12,6.17,71.3,96.6,2.86,1,0,1,5.1,0,0,0
2024-01-01,979,13,6.04,69.0,95.5,2.82,1,0,1,6.1,0,0,0
2024-02-01,979,14,6.18,72.6,95.4,2.91,1,0,1,0.9,0,0,0
2024-03-01,979,15,6.64,69.6,92.5,3.01,1,1,1,7.1,0,0,0
2024-04-01,979,16,6.39,70.0,98.6,2.81,1,1,1,4.1,0,0,1
2024-05-01,979,17,6.16,69.5,90.0,3.05,1,1,1,1.2,0,0,1
2024-06-01,979,18,6.44,62.7,99.9,3.0,1,2,1,6.8,0,0,1
2023-01-01,980,1,7.29,92.2,62.9,2.56,1,1,0,6.1,0,1,0
2023-02-01,980,2,7.45,92.7,51.5,2.28,1,1,0,9.6,0,0,0
2023-03-01,980,3,7.65,91.1,58.6,2.45,1,1,0,8.0,0,0,0
2023-04-01,980,4,7.38,88.2,56.3,2.6,1,1,0,0.6,0,0,0
2023-05-01,980,5,7.45,83.8,59.5,2.36,1,1,0,5.2,0,0,0
2023-06-01,980,6,7.46,91.4,53.8,2.43,1,1,0,6.5,0,0,0
2023-07-01,980,7,7.48,88.7,49.0,2.74,1,1,0,8.7,0,0,0
2023-08-01,980,8,7.5,83.3,55.8,2.49,1,1,0,0.0,0,0,0
2023-09-01,980,9,7.66,91.4,62.9,2.91,1,1,0,6.4,0,0,0
2023-10-01,980,10,7.29,90.9,58.3,2.75,1,1,0,10.5,0,0,0
2023-11-01,980,11,7.68,88.3,56.2,2.49,1,1,0,7.4,0,0,0
2023-12-01,980,12,7.81,89.5,64.3,2.46,1,1,0,0.5,0,0,0
2024-01-01,980,13,7.61,96.3,56.5,2.14,1,1,0,5.2,0,0,0
2024-02-01,980,14,7.57,88.6,61.9,2.49,1,1,0,0.3,0,0,0
2024-03-01,980,15,7.89,81.8,60.3,2.83,1,1,0,5.8,1,0,0
2024-04-01,980,16,7.77,98.7,55.0,2.73,1,1,0,4.6,1,0,0
2024-05-01,980,17,7.61,88.4,67.0,2.45,1,1,0,4.3,1,0,0
2024-06-01,980,18,7.73,92.2,71.3,2.62,1,1,0,8.3,1,0,0
2023-01-01,981,1,7.35,55.5,76.7,1.85,0,2,0,13.8,0,0,0
2023-02-01,981,2,7.37,48.3,71.3,2.18,0,2,1,7.1,0,0,0
2023-03-01,981,3,7.39,54.0,79.0,1.79,0,2,1,14.3,0,0,0
2023-04-01,981,4,7.46,48.1,72.8,2.2,0,3,1,13.6,0,0,0
2023-05-01,981,5,7.53,64.7,76.3,2.08,0,3,1,8.5,0,0,0
2023-06-01,981,6,7.46,49.8,81.4,2.17,0,3,1,9.6,0,0,0
2023-07-01,981,7,7.46,54.3,79.6,2.19,0,3,1,8.6,0,0,0
2023-08-01,981,8,7.52,59.9,77.3,1.92,0,4,1,14.1,0,0,0
2023-09-01,981,9,7.63,60.0,74.3,1.97,0,4,1,11.9,0,0,0
2023-10-01,981,10,7.57,51.9,86.7,2.29,0,4,1,10.1,0,0,0
2023-11-01,981,11,7.71,49.1,87.3,2.13,0,4,1,12.3,0,0,0
2023-12-01,981,12,7.82,56.3,83.5,1.97,0,4,1,9.2,1,0,0
2024-01-01,981,13,7.59,49.5,82.8,1.92,1,4,1,8.4,1,0,0
2024-02-01,981,14,7.93,63.2,81.6,2.29,1,4,1,13.3,1,0,1
2024-03-01,981,15,7.74,49.5,82.4,2.4,1,4,1,9.0,1,0,1
2024-04-01,981,16,7.92,52.4,81.5,2.47,1,4,1,15.6,2,0,1
2024-05-01,981,17,8.13,50.0,88.1,2.22,1,4,1,11.1,2,0,1
2024-06-01,981,18,7.91,57.1,83.2,2.22,1,4,2,9.2,2,0,1
2023-01-01,982,1,5.82,90.2,54.7,3.39,0,1,0,4.2,0,0,0
2023-02-01,982,2,5.81,100.0,60.3,3.26,0,1,0,6.4,0,0,0
2023-03-01,982,3,5.86,96.1,58.6,3.41,0,1,0,7.3,0,0,0
2023-04-01,982,4,5.89,98.4,61.3,3.42,0,1,0,7.0,0,0,0
2023-05-01,982,5,5.99,99.8,64.9,3.55,0,1,0,8.6,0,0,0
2023-06-01,982,6,5.99,93.0,61.4,3.36,0,1,1,11.0,0,0,0
2023-07-01,982,7,5.99,99.8,58.8,3.31,0,1,1,7.3,0,0,0
2023-08-01,982,8,5.67,98.2,71.1,3.69,0,1,1,9.6,0,0,0
2023-09-01,982,9,6.02,93.5,60.5,3.46,0,1,1,8.4,0,0,0
2023-10-01,982,10,5.95,97.7,54.1,3.44,0,1,1,7.0,0,0,0
2023-11-01,982,11,6.06,85.9,57.7,3.43,0,2,1,9.9,0,0,0
2023-12-01,982,12,5.74,100.0,68.4,3.49,0,2,1,6.0,0,0,0
2024-01-01,982,13,6.15,97.8,64.6,3.39,0,2,1,11.8,0,0,0
2024-02-01,982,14,5.98,93.6,66.6,3.5,0,2,1,8.4,0,0,0
2024-03-01,982,15,6.17,96.9,65.9,3.39,0,2,1,8.8,0,0,1
2024-04-01,982,16,6.05,89.6,70.0,3.43,0,2,1,10.8,0,0,1
2024-05-01,982,17,6.11,89.1,68.3,3.42,0,2,1,2.6,0,0,1
2024-06-01,982,18,6.27,85.6,66.4,3.29,0,2,1,4.8,1,0,1
2023-01-01,983,1,7.35,68.0,57.8,3.27,1,1,0,8.0,0,0,0
2023-02-01,983,2,7.28,52.7,55.3,3.37,1,1,0,5.0,0,0,0
2023-03-01,983,3,7.28,57.5,65.2,3.27,1,1,0,6.9,0,0,0
2023-04-01,983,4,7.42,59.4,60.1,3.09,2,1,0,5.5,0,0,0
2023-05-01,983,5,7.13,63.5,66.4,3.65,2,1,1,5.8,0,0,0
2023-06-01,983,6,7.31,58.9,60.2,3.21,2,1,1,10.4,0,0,0
2023-07-01,983,7,7.39,58.1,67.8,3.48,2,1,1,10.3,0,0,0
2023-08-01,983,8,7.38,64.6,58.1,3.46,2,1,1,8.4,0,0,0
2023-09-01,983,9,7.15,59.2,64.1,3.25,2,1,1,9.9,0,0,0
2023-10-01,983,10,7.41,64.4,66.2,3.45,2,1,1,7.0,1,0,0
2023-11-01,983,11,7.33,66.8,63.6,3.76,2,1,1,7.6,1,0,0
2023-12-01,983,12,7.22,68.4,64.3,3.39,2,2,1,11.0,2,0,0
2024-01-01,983,13,7.22,59.2,71.2,3.22,2,3,2,8.6,2,0,0
2024-02-01,983,14,7.04,66.1,72.0,3.46,2,3,2,10.0,3,0,0
2024-03-01,983,15,7.27,61.1,76.3,3.59,2,3,2,7.8,3,0,0
2024-04-01,983,16,7.35,66.2,69.0,3.65,2,3,2,6.9,3,0,0
2024-05-01,983,17,7.32,56.7,66.2,3.72,2,3,2,4.1,3,0,0
2024-06-01,983,18,7.33,60.8,63.5,3.51,2,3,3,7.2,3,0,0
2023-01-01,984,1,7.91,89.1,55.0,4.34,0,1,1,9.0,0,0,0
2023-02-01,984,2,7.57,91.7,47.8,4.19,1,1,1,6.9,0,0,0
2023-03-01,984,3,7.82,92.3,50.3,4.32,1,1,1,4.6,0,0,0
2023-04-01,984,4,7.68,91.0,50.4,4.49,1,1,1,7.5,0,0,1
2023-05-01,984,5,7.79,95.7,46.7,4.07,1,2,1,3.4,0,0,1
2023-06-01,984,6,7.91,92.0,50.0,4.6,1,2,1,1.6,0,0,1
2023-07-01,984,7,7.6,91.4,51.2,4.42,1,2,1,7.0,0,0,1
2023-08-01,984,8,7.73,89.3,55.2,4.35,1,2,1,2.5,0,0,1
2023-09-01,984,9,7.83,92.8,51.3,4.37,1,2,1,3.1,0,0,1
2023-10-01,984,10,7.84,89.1,61.5,4.48,1,2,1,4.4,0,0,1
2023-11-01,984,11,7.66,93.4,46.9,4.45,1,3,1,4.0,0,0,1
2023-12-01,984,12,8.05,93.8,60.0,4.49,1,4,1,2.6,0,0,1
2024-01-01,984,13,7.89,95.1,58.9,4.72,1,4,1,5.7,0,0,1
2024-02-01,984,14,8.2,96.8,57.8,4.53,1,4,1,3.5,0,0,1
2024-03-01,984,15,8.12,87.5,56.9,4.68,1,4,2,6.7,0,0,1
2024-04-01,984,16,8.11,90.8,63.3,4.49,1,4,2,5.4,0,0,1
2024-05-01,984,17,8.12,92.4,59.4,4.64,1,4,3,5.3,0,0,1
2024-06-01,984,18,8.16,83.4,58.1,4.46,1,4,3,6.7,1,0,1
2023-01-01,985,1,7.43,77.5,57.3,3.09,1,1,0,5.1,0,0,0
2023-02-01,985,2,7.32,72.5,55.3,2.66,1,1,0,1.6,0,0,0
2023-03-01,985,3,7.51,68.0,57.8,2.81,1,1,0,5.1,0,0,0
2023-04-01,985,4,7.55,76.3,62.4,2.76,1,1,0,7.0,0,0,0
2023-05-01,985,5,7.55,70.3,62.8,3.07,1,1,0,6.5,0,0,0
2023-06-01,985,6,7.38,70.7,62.0,2.81,1,1,0,6.9,0,0,0
2023-07-01,985,7,7.42,67.5,60.6,2.75,1,1,0,6.6,1,0,1
2023-08-01,985,8,7.47,75.0,57.4,2.65,1,2,0,6.8,1,0,1
2023-09-01,985,9,7.45,72.1,74.2,2.84,1,2,0,4.5,1,0,1
2023-10-01,985,10,7.48,74.1,62.2,2.98,1,2,0,4.1,1,0,1
2023-11-01,985,11,7.57,73.7,56.3,2.65,1,2,0,3.1,1,0,1
2023-12-01,985,12,7.71,76.0,68.3,2.67,1,2,0,4.6,1,0,1
2024-01-01,985,13,7.45,68.9,66.2,2.96,1,2,0,7.9,1,0,1
2024-02-01,985,14,7.69,73.4,65.3,2.88,1,2,0,2.7,2,0,1
2024-03-01,985,15,7.62,80.0,62.3,2.92,1,2,0,7.1,2,0,1
2024-04-01,985,16,7.72,77.8,62.0,2.72,1,2,0,4.2,2,0,1
2024-05-01,985,17,7.59,75.1,67.3,2.93,1,2,0,4.2,3,0,1
2024-06-01,985,18,7.68,72.6,65.5,2.95,1,2,0,5.9,3,0,1
2023-01-01,986,1,7.48,81.8,66.6,3.56,0,0,0,8.0,0,1,0
2023-02-01,986,2,7.43,97.0,66.0,3.32,0,0,0,7.7,0,1,0
2023-03-01,986,3,7.43,96.6,66.8,3.51,0,0,0,7.1,0,1,0
2023-04-01,986,4,7.57,87.8,65.6,3.5,0,0,0,6.4,0,1,0
2023-05-01,986,5,7.58,92.8,58.5,3.52,0,0,0,6.9,0,1,0
2023-06-01,986,6,7.93,85.8,64.7,3.42,0,0,0,7.5,0,1,0
2023-07-01,986,7,7.74,96.9,69.2,3.72,0,0,0,6.5,0,0,0
2023-08-01,986,8,7.7,89.3,72.7,3.56,1,0,0,10.2,0,0,0
2023-09-01,986,9,7.84,85.9,66.4,3.43,1,0,0,7.1,0,0,0
2023-10-01,986,10,7.86,88.1,62.8,3.62,1,0,0,11.8,0,0,0
2023-11-01,986,11,7.81,100.0,76.1,3.5,1,0,0,8.0,0,0,0
2023-12-01,986,12,7.94,87.4,74.0,3.43,1,0,0,10.4,0,0,1
2024-01-01,986,13,7.75,88.7,66.7,3.27,1,0,0,6.8,0,0,1
2024-02-01,986,14,7.95,92.4,70.9,3.02,1,0,0,5.9,0,0,1
2024-03-01,986,15,8.08,94.2,74.4,3.65,1,0,0,5.7,1,0,1
2024-04-01,986,16,7.95,94.1,72.2,3.69,1,0,0,9.3,1,0,1
2024-05-01,986,17,8.04,84.6,64.4,3.63,1,0,0,7.9,1,0,1
2024-06-01,986,18,8.3,93.3,76.3,3.7,1,0,0,7.2,1,0,1
2023-01-01,987,1,5.91,100.0,55.7,3.44,0,0,0,0.0,0,1,0
2023-02-01,987,2,5.8,100.0,45.6,3.5,0,0,0,7.3,0,1,0
2023-03-01,987,3,5.89,100.0,43.3,3.39,0,0,1,6.4,0,1,0
2023-04-01,987,4,5.9,99.6,54.0,3.69,0,0,1,4.9,0,1,0
2023-05-01,987,5,5.99,90.4,46.1,3.27,0,0,1,7.6,0,1,0
2023-06-01,987,6,5.89,100.0,53.1,3.78,0,0,1,4.7,0,0,0
2023-07-01,987,7,6.13,94.0,49.7,3.53,0,0,1,8.3,0,0,0
2023-08-01,987,8,6.06,93.0,47.0,3.37,0,0,1,5.8,0,0,0
2023-09-01,987,9,6.01,95.6,51.1,3.49,0,0,1,6.7,0,0,0
2023-10-01,987,10,6.02,95.9,51.3,3.51,0,0,1,6.1,1,0,0
2023-11-01,987,11,5.83,100.0,56.5,3.64,1,1,1,5.8,1,0,0
2023-12-01,987,12,5.93,100.0,47.2,3.82,1,1,1,7.9,1,0,1
2024-01-01,987,13,5.91,98.7,51.3,3.52,1,1,2,2.5,1,0,1
2024-02-01,987,14,6.01,94.7,48.8,3.28,2,1,2,4.4,1,0,1
2024-03-01,987,15,6.23,100.0,56.4,3.38,2,1,2,8.7,1,0,1
2024-04-01,987,16,6.24,100.0,47.4,3.53,2,1,2,2.4,1,0,1
2024-05-01,987,17,5.93,98.1,55.9,3.69,2,1,2,3.4,1,0,1
2024-06-01,987,18,5.97,98.1,52.2,3.56,3,1,2,6.3,1,0,1
2023-01-01,988,1,7.23,60.3,54.6,3.28,1,1,0,5.7,0,0,0
2023-02-01,988,2,7.13,61.3,55.1,2.87,1,1,0,6.4,0,0,0
2023-03-01,988,3,7.44,54.2,61.3,2.93,1,1,0,5.5,0,0,0
2023-04-01,988,4,7.08,54.1,61.2,2.89,1,1,0,7.7,0,0,0
2023-05-01,988,5,7.26,58.5,62.2,3.03,1,1,0,6.4,1,0,0
2023-06-01,988,6,7.32,54.4,60.2,3.2,1,1,0,5.1,1,0,0
2023-07-01,988,7,7.41,62.5,60.3,3.07,1,1,0,4.6,1,0,0
2023-08-01,988,8,7.42,66.5,68.8,3.16,1,1,0,7.1,2,0,0
2023-09-01,988,9,7.54,57.1,60.5,3.38,2,1,0,7.0,3,0,0
2023-10-01,988,10,7.26,58.3,57.4,2.92,2,1,0,3.2,3,0,0
2023-11-01,988,11,7.28,62.9,55.6,3.09,2,1,0,4.4,3,0,0
2023-12-01,988,12,7.31,54.7,55.2,3.2,2,1,0,11.8,3,0,0
2024-01-01,988,13,7.1,59.5,65.0,3.15,2,1,0,7.5,3,0,0
2024-02-01,988,14,7.37,59.7,57.0,3.14,2,1,0,7.4,4,0,1
2024-03-01,988,15,7.48,61.4,52.0,3.2,2,1,0,4.4,4,0,1
2024-04-01,988,16,7.51,64.0,58.0,3.37,2,1,0,7.8,4,0,1
2024-05-01,988,17,7.49,66.9,66.6,3.16,2,1,0,5.9,4,0,1
2024-06-01,988,18,7.29,59.7,58.8,3.23,2,1,0,3.6,4,0,1
2023-01-01,989,1,6.88,91.3,51.7,3.79,0,2,0,7.1,0,0,0
2023-02-01,989,2,6.86,95.0,49.6,3.87,0,2,0,4.8,0,0,0
2023-03-01,989,3,6.91,91.2,45.4,3.69,0,2,0,7.9,0,0,0
2023-04-01,989,4,6.77,81.3,51.8,3.81,0,3,0,7.7,0,0,0
2023-05-01,989,5,6.81,84.1,52.3,3.61,0,3,0,6.6,1,0,0
2023-06-01,989,6,6.78,85.2,47.2,4.24,0,3,0,5.8,1,0,0
2023-07-01,989,7,6.86,92.9,54.6,3.7,0,3,0,9.8,1,0,0
2023-08-01,989,8,6.76,92.4,52.7,3.83,0,4,0,4.3,1,0,0
2023-09-01,989,9,6.91,87.3,51.1,4.07,0,4,0,7.0,1,0,0
2023-10-01,989,10,7.03,89.8,52.6,3.9,0,4,0,6.1,1,0,0
2023-11-01,989,11,7.0,86.5,55.7,3.72,0,4,0,7.3,1,0,0
2023-12-01,989,12,7.06,90.8,50.7,3.96,0,4,0,8.9,2,0,0
2024-01-01,989,13,7.07,86.2,54.2,3.83,0,4,0,2.4,3,0,0
2024-02-01,989,14,7.15,89.1,60.4,3.69,0,4,0,6.7,3,0,0
2024-03-01,989,15,7.1,87.5,56.6,3.47,0,4,0,6.8,3,0,0
2024-04-01,989,16,6.99,89.9,54.7,3.6,0,4,0,5.2,3,0,0
2024-05-01,989,17,7.01,88.1,64.9,3.95,0,4,0,6.2,3,0,0
2024-06-01,989,18,7.07,92.9,54.4,3.67,0,4,0,9.3,3,0,0
2023-01-01,990,1,6.48,69.1,84.2,3.66,0,0,0,11.1,0,0,0
2023-02-01,990,2,6.66,62.1,90.5,3.69,0,0,0,12.4,0,0,0
2023-03-01,990,3,6.81,69.5,87.1,3.83,0,0,0,0.0,0,0,0
2023-04-01,990,4,6.81,59.2,95.5,3.66,0,0,0,9.2,0,0,0
2023-05-01,990,5,6.79,64.4,96.7,3.67,0,0,0,10.2,0,0,0
2023-06-01,990,6,6.75,52.8,92.8,3.95,0,0,0,6.9,0,0,1
2023-07-01,990,7,6.7,66.2,99.0,3.65,0,0,0,6.8,0,0,1
2023-08-01,990,8,6.83,68.2,94.0,4.03,0,0,0,5.6,0,0,1
2023-09-01,990,9,6.73,65.9,97.0,3.71,0,0,0,7.3,0,0,1
2023-10-01,990,10,7.04,61.6,92.4,3.61,0,0,0,4.3,0,0,1
2023-11-01,990,11,6.92,62.9,98.4,4.06,0,0,0,3.8,0,0,1
2023-12-01,990,12,7.16,61.0,92.2,4.04,0,0,1,1.2,0,0,1
2024-01-01,990,13,6.96,62.8,100.0,4.15,0,0,1,5.7,0,0,1
2024-02-01,990,14,7.06,59.8,100.0,3.92,0,0,1,8.2,0,0,1
2024-03-01,990,15,6.86,66.1,100.0,4.02,0,0,1,10.0,0,0,1
2024-04-01,990,16,6.92,68.2,100.0,3.76,0,0,1,8.6,0,0,1
2024-05-01,990,17,7.03,67.7,99.6,3.92,0,0,1,9.0,0,0,1
2024-06-01,990,18,7.16,67.2,100.0,3.93,1,0,1,6.7,0,0,1
2023-01-01,991,1,7.76,89.9,57.7,3.37,0,1,1,14.9,1,0,0
2023-02-01,991,2,7.8,86.0,64.4,3.5,0,1,1,13.3,1,0,0
2023-03-01,991,3,7.7,88.4,60.1,3.4,0,1,1,14.6,1,0,0
2023-04-01,991,4,7.63,83.4,55.5,3.65,0,1,1,12.5,1,0,0
2023-05-01,991,5,7.72,85.7,59.2,3.46,0,1,1,11.0,1,0,0
2023-06-01,991,6,7.64,85.8,56.5,3.56,0,1,1,11.0,1,0,0
2023-07-01,991,7,7.89,93.7,63.4,3.53,0,1,1,9.6,2,0,1
2023-08-01,991,8,7.79,91.1,64.7,3.48,0,1,1,13.9,2,0,1
2023-09-01,991,9,8.08,80.2,61.6,3.47,0,1,1,7.8,2,0,1
2023-10-01,991,10,7.91,88.9,63.9,3.65,0,1,1,13.7,3,0,1
2023-11-01,991,11,7.94,82.8,65.5,3.45,0,2,1,11.4,3,0,1
2023-12-01,991,12,7.82,82.1,69.3,3.58,0,2,1,10.0,3,0,1
2024-01-01,991,13,7.9,82.8,61.3,3.54,0,2,1,13.6,3,0,1
2024-02-01,991,14,8.03,84.7,70.6,3.54,0,2,1,14.2,4,0,1
2024-03-01,991,15,8.13,85.6,72.3,3.73,0,2,1,10.8,5,0,1
2024-04-01,991,16,8.0,85.3,70.1,3.41,0,2,1,13.0,5,0,1
2024-05-01,991,17,8.27,83.6,72.3,3.47,0,2,1,12.5,6,0,1
2024-06-01,991,18,8.1,83.6,72.3,3.48,0,2,1,14.2,7,0,1
2023-01-01,992,1,8.23,84.9,86.8,2.95,0,1,0,5.9,0,0,0
2023-02-01,992,2,8.19,88.6,73.7,3.04,0,1,0,9.6,0,0,0
2023-03-01,992,3,8.26,74.6,82.9,3.0,0,1,0,7.5,0,0,0
2023-04-01,992,4,8.32,76.4,91.4,3.16,0,1,0,3.6,0,0,1
2023-05-01,992,5,8.16,76.8,80.6,3.24,0,1,0,3.3,0,0,1
2023-06-01,992,6,8.47,77.9,82.1,3.05,0,1,0,6.4,0,0,1
2023-07-01,992,7,8.32,77.8,86.6,3.19,0,1,0,7.1,0,0,1
2023-08-01,992,8,8.46,80.3,81.2,3.18,1,1,0,9.3,0,0,1
2023-09-01,992,9,8.56,80.3,82.4,2.87,1,1,0,3.9,0,0,1
2023-10-01,992,10,8.64,86.7,95.6,3.23,1,1,0,0.1,1,0,1
2023-11-01,992,11,8.76,78.6,85.2,3.04,1,1,0,5.0,2,0,1
2023-12-01,992,12,8.56,83.7,87.1,3.02,1,1,0,8.8,3,0,1
2024-01-01,992,13,8.57,82.9,86.7,3.11,1,1,0,3.3,3,0,1
2024-02-01,992,14,8.59,77.3,87.6,3.09,1,1,0,1.5,3,0,1
2024-03-01,992,15,8.79,80.0,89.7,3.36,1,2,0,5.7,3,0,1
2024-04-01,992,16,8.81,84.9,92.6,3.53,1,2,0,4.7,3,0,1
2024-05-01,992,17,8.86,77.4,83.9,3.12,1,2,0,4.5,3,0,1
2024-06-01,992,18,8.72,75.6,88.4,3.29,1,2,0,7.0,3,0,1
2023-01-01,993,1,8.56,81.5,57.0,3.07,0,0,0,10.5,0,0,0
2023-02-01,993,2,8.13,83.4,55.5,2.95,0,0,0,12.4,0,0,0
2023-03-01,993,3,8.52,86.3,53.4,3.03,0,0,0,7.7,0,0,0
2023-04-01,993,4,8.41,83.4,55.0,2.89,0,0,0,4.5,0,0,0
2023-05-01,993,5,8.68,84.1,67.1,3.07,0,0,0,6.4,1,0,0
2023-06-01,993,6,8.51,81.7,54.2,2.88,0,0,0,6.0,1,0,0
2023-07-01,993,7,8.74,84.2,55.9,3.07,0,1,0,7.6,1,0,0
2023-08-01,993,8,8.74,83.4,59.1,2.78,0,1,0,6.9,1,0,0
2023-09-01,993,9,8.78,81.4,49.9,2.94,0,1,0,7.7,1,0,0
2023-10-01,993,10,8.55,83.8,65.3,3.04,0,1,0,7.2,1,0,0
2023-11-01,993,11,8.59,84.1,64.6,3.17,0,1,0,6.7,1,0,1
2023-12-01,993,12,8.69,80.6,57.5,3.01,0,1,0,9.2,1,0,1
2024-01-01,993,13,8.66,84.7,59.8,2.88,0,1,0,2.4,1,0,1
2024-02-01,993,14,8.64,76.9,57.0,3.38,0,1,0,6.7,1,0,1
2024-03-01,993,15,8.6,88.2,65.2,3.26,0,1,0,11.2,1,0,1
2024-04-01,993,16,8.81,76.6,73.9,3.24,1,1,0,8.6,2,0,1
2024-05-01,993,17,8.78,83.6,58.8,3.06,1,1,0,6.3,2,0,1
2024-06-01,993,18,8.91,88.6,70.3,3.14,1,1,0,6.8,2,0,1
2023-01-01,994,1,8.21,71.0,62.2,2.17,1,2,0,7.3,0,0,1
2023-02-01,994,2,8.11,67.6,61.1,2.11,1,2,0,2.0,0,0,1
2023-03-01,994,3,8.21,73.7,65.7,2.12,1,2,0,5.2,1,0,1
2023-04-01,994,4,8.18,80.2,65.0,2.08,1,2,0,5.2,1,0,1
2023-05-01,994,5,8.14,73.0,59.6,2.22,1,3,0,6.5,1,0,1
2023-06-01,994,6,8.13,69.3,61.5,2.42,1,4,0,3.4,1,0,1
2023-07-01,994,7,8.28,68.4,61.7,2.28,1,4,0,2.1,1,0,1
2023-08-01,994,8,8.05,68.1,60.8,2.07,1,4,0,7.2,1,0,1
2023-09-01,994,9,8.24,77.7,63.1,2.58,1,4,0,0.0,1,0,1
2023-10-01,994,10,8.37,69.5,62.2,2.35,1,4,0,6.1,1,0,1
2023-11-01,994,11,8.25,74.4,62.3,2.43,1,4,0,3.4,1,0,1
2023-12-01,994,12,8.38,67.6,62.6,2.38,1,4,0,5.7,1,0,1
2024-01-01,994,13,8.3,76.3,66.9,2.15,1,4,0,5.5,1,0,1
2024-02-01,994,14,8.3,65.1,62.9,2.18,1,4,0,5.1,1,0,1
2024-03-01,994,15,8.56,77.0,63.3,2.32,1,4,0,4.6,1,0,1
2024-04-01,994,16,8.64,62.4,64.3,2.08,1,4,0,11.4,1,0,1
2024-05-01,994,17,8.56,68.6,68.4,2.25,1,4,0,3.2,1,0,1
2024-06-01,994,18,8.89,78.2,69.5,2.24,1,4,0,3.4,1,0,1
2023-01-01,995,1,6.97,78.6,37.3,2.84,0,1,1,7.8,0,0,0
2023-02-01,995,2,6.72,86.9,42.4,2.55,0,2,1,3.6,0,0,1
2023-03-01,995,3,7.23,98.9,37.4,2.91,0,2,1,5.1,0,0,1
2023-04-01,995,4,7.0,91.2,43.7,2.79,0,2,1,5.7,1,0,1
2023-05-01,995,5,7.08,84.3,37.9,2.63,0,2,1,3.3,1,0,1
2023-06-01,995,6,7.24,92.8,36.9,2.85,0,2,1,7.3,1,0,1
2023-07-01,995,7,7.02,90.5,40.4,2.77,0,3,1,8.4,1,0,1
2023-08-01,995,8,6.98,89.3,47.9,2.67,0,3,1,2.3,1,0,1
2023-09-01,995,9,7.12,86.2,39.7,2.62,0,3,1,6.8,1,0,1
2023-10-01,995,10,7.25,80.3,44.3,2.75,0,4,1,8.7,1,0,1
2023-11-01,995,11,7.32,96.1,45.7,2.64,0,4,1,7.7,1,0,1
2023-12-01,995,12,7.2,86.0,41.7,2.78,0,4,1,1.8,1,0,1
2024-01-01,995,13,7.28,94.0,45.8,2.62,0,4,1,13.6,1,0,1
2024-02-01,995,14,7.12,84.8,38.9,2.8,0,4,1,6.9,1,0,1
2024-03-01,995,15,7.5,93.4,47.9,2.91,0,4,1,9.8,1,0,1
2024-04-01,995,16,7.31,96.3,53.2,2.92,0,4,1,8.4,1,0,1
2024-05-01,995,17,7.26,82.4,49.5,2.75,0,4,1,5.5,1,0,1
2024-06-01,995,18,7.59,94.7,50.1,3.14,0,4,2,6.5,1,0,1
2023-01-01,996,1,7.36,67.3,57.1,2.66,0,1,0,12.4,0,0,0
2023-02-01,996,2,7.19,62.8,52.7,2.83,0,1,0,6.6,0,0,0
2023-03-01,996,3,7.36,60.5,54.9,2.9,0,1,0,8.3,0,0,0
2023-04-01,996,4,7.22,62.3,50.8,2.72,0,1,0,7.5,0,0,0
2023-05-01,996,5,7.3,67.6,53.9,2.53,0,1,0,9.9,0,0,0
2023-06-01,996,6,7.26,65.8,57.8,2.77,0,1,0,8.2,0,0,0
2023-07-01,996,7,7.4,68.2,59.0,2.88,0,1,0,9.6,0,0,0
2023-08-01,996,8,7.41,66.0,63.6,2.9,0,1,0,13.3,0,0,0
2023-09-01,996,9,7.58,62.1,58.6,2.99,0,1,0,6.5,1,0,0
2023-10-01,996,10,7.39,65.8,61.9,2.8,0,1,0,9.7,1,0,0
2023-11-01,996,11,7.53,60.7,64.0,2.88,0,2,0,5.8,1,0,0
2023-12-01,996,12,7.62,64.6,51.2,3.06,0,2,0,8.5,1,0,0
2024-01-01,996,13,7.43,64.8,59.9,3.25,0,2,0,7.2,1,0,0
2024-02-01,996,14,7.38,72.0,66.9,2.91,0,2,0,7.0,1,0,0
2024-03-01,996,15,7.67,66.2,61.4,2.97,0,2,0,9.2,1,0,1
2024-04-01,996,16,7.51,71.2,63.1,3.02,0,2,0,8.0,1,0,1
2024-05-01,996,17,7.48,67.4,63.0,3.0,0,2,0,9.9,2,0,1
2024-06-01,996,18,7.49,59.3,65.6,3.07,0,2,0,11.7,2,0,1
2023-01-01,997,1,7.79,95.0,60.4,2.37,0,0,0,7.5,0,0,0
2023-02-01,997,2,7.71,95.3,65.1,2.56,1,0,0,7.4,0,0,0
2023-03-01,997,3,7.71,94.3,66.8,2.49,1,0,0,3.6,0,0,0
2023-04-01,997,4,7.79,93.0,64.7,2.49,1,0,0,6.5,0,0,0
2023-05-01,997,5,7.79,94.1,61.4,2.67,1,0,1,0.7,0,0,0
2023-06-01,997,6,7.65,97.2,59.4,2.53,1,0,1,4.4,0,0,0
2023-07-01,997,7,7.88,94.5,62.7,2.61,1,0,1,0.0,1,0,0
2023-08-01,997,8,7.83,100.0,66.4,2.49,1,0,1,5.9,1,0,0
2023-09-01,997,9,7.72,90.1,68.2,2.58,1,0,1,1.8,1,0,0
2023-10-01,997,10,8.23,97.2,62.9,2.5,1,0,2,3.2,1,0,0
2023-11-01,997,11,7.79,94.9,66.7,2.56,1,0,2,4.7,1,0,0
2023-12-01,997,12,7.96,91.1,67.8,2.6,1,0,2,6.1,1,0,0
2024-01-01,997,13,8.16,95.9,61.3,2.32,1,0,2,4.1,1,0,0
2024-02-01,997,14,8.02,92.4,64.8,2.58,1,0,2,8.0,1,0,0
2024-03-01,997,15,8.08,93.8,66.2,2.63,1,0,2,10.7,1,0,0
2024-04-01,997,16,7.84,99.4,63.2,2.31,1,0,2,3.4,1,0,0
2024-05-01,997,17,8.11,92.2,66.2,2.35,1,0,2,2.7,1,0,0
2024-06-01,997,18,8.09,91.1,67.1,2.54,1,0,2,0.4,1,0,0
2023-01-01,998,1,7.26,80.2,81.1,3.57,0,0,0,12.7,0,0,0
2023-02-01,998,2,6.98,82.1,82.4,3.52,0,0,0,8.1,0,0,0
2023-03-01,998,3,7.16,76.4,87.9,3.69,0,0,0,4.5,0,0,0
2023-04-01,998,4,7.16,80.1,88.9,3.76,0,0,0,9.8,1,0,0
2023-05-01,998,5,7.23,82.8,86.5,3.48,0,0,0,9.7,1,0,0
2023-06-01,998,6,7.21,72.4,85.8,3.68,0,0,0,7.7,1,0,0
2023-07-01,998,7,7.29,73.6,79.7,3.64,0,0,0,7.1,1,0,0
2023-08-01,998,8,7.21,69.3,76.8,3.44,0,0,0,8.2,1,0,0
2023-09-01,998,9,7.25,78.3,91.8,3.46,0,0,0,8.5,1,0,0
2023-10-01,998,10,7.25,82.7,91.1,3.52,0,0,0,5.0,1,0,0
2023-11-01,998,11,7.33,78.5,81.2,3.53,0,0,0,5.9,1,0,1
2023-12-01,998,12,7.49,77.4,94.5,3.58,0,0,0,7.3,1,0,1
2024-01-01,998,13,7.29,75.5,88.6,3.73,0,0,0,9.2,1,0,1
2024-02-01,998,14,7.39,74.9,94.1,3.71,0,0,0,5.8,1,0,1
2024-03-01,998,15,7.39,77.3,87.1,3.74,0,0,0,6.8,1,0,1
2024-04-01,998,16,7.49,78.8,85.3,3.45,0,0,0,9.0,1,0,1
2024-05-01,998,17,7.5,81.0,94.1,3.79,0,0,0,6.3,1,0,1
2024-06-01,998,18,7.66,73.6,89.8,3.66,0,0,0,7.2,2,0,1
2023-01-01,999,1,7.1,64.9,62.6,3.75,0,1,0,8.0,0,0,0
2023-02-01,999,2,6.86,70.0,59.6,3.94,0,1,0,0.6,0,0,0
2023-03-01,999,3,7.36,70.2,65.1,4.01,0,1,0,6.5,0,0,0
2023-04-01,999,4,7.13,64.3,61.5,3.98,0,1,0,3.7,0,0,0
2023-05-01,999,5,7.13,60.9,69.8,4.05,0,1,0,5.3,0,0,0
2023-06-01,999,6,7.07,72.8,57.6,3.92,0,1,0,6.9,0,0,0
2023-07-01,999,7,7.6,67.0,65.8,4.37,0,1,0,5.1,1,0,0
2023-08-01,999,8,7.27,68.3,65.6,3.82,0,1,0,7.2,2,0,0
2023-09-01,999,9,7.46,70.3,68.7,3.99,0,1,0,7.4,2,0,0
2023-10-01,999,10,7.26,65.6,68.9,4.29,0,1,0,7.6,3,0,0
2023-11-01,999,11,7.38,66.0,67.3,4.18,0,1,0,7.3,3,0,0
2023-12-01,999,12,7.52,70.5,67.1,4.14,0,1,0,7.1,3,0,0
2024-01-01,999,13,7.67,69.6,73.6,4.35,0,1,0,0.0,4,0,0
2024-02-01,999,14,7.36,63.5,57.2,4.12,0,1,0,7.2,4,0,0
2024-03-01,999,15,7.69,68.9,69.2,4.32,0,1,0,6.6,4,0,0
2024-04-01,999,16,7.41,66.2,72.7,4.12,0,1,0,8.4,4,0,0
2024-05-01,999,17,7.77,72.5,69.6,4.05,0,1,0,9.4,4,0,0
2024-06-01,999,18,7.56,76.9,69.1,4.31,0,1,0,2.7,4,0,0
2023-01-01,1000,1,7.7,91.9,81.0,2.61,1,1,1,3.5,0,0,1
2023-02-01,1000,2,7.4,97.5,71.5,2.34,1,1,1,3.6,0,0,1
2023-03-01,1000,3,7.57,98.0,75.2,2.54,1,1,1,2.7,0,0,1
2023-04-01,1000,4,7.62,92.9,77.4,2.83,1,1,1,2.9,0,0,1
2023-05-01,1000,5,7.71,100.0,83.0,2.6,1,1,1,1.2,0,0,1
2023-06-01,1000,6,7.82,100.0,80.1,2.54,1,1,1,3.6,0,0,1
2023-07-01,1000,7,7.42,100.0,82.5,2.55,1,1,1,0.0,0,0,1
2023-08-01,1000,8,7.69,95.0,85.7,2.63,1,1,1,0.0,1,0,1
2023-09-01,1000,9,7.63,96.7,83.0,2.27,1,1,1,0.0,1,0,1
2023-10-01,1000,10,7.78,95.7,79.2,2.8,1,1,1,5.5,1,0,1
2023-11-01,1000,11,7.62,100.0,79.1,2.61,1,1,1,2.6,1,0,1
2023-12-01,1000,12,7.9,97.9,81.9,2.59,1,1,1,3.6,1,0,1
2024-01-01,1000,13,7.78,100.0,79.2,2.78,1,1,1,0.0,1,0,1
2024-02-01,1000,14,7.95,100.0,82.1,3.15,1,1,1,2.6,2,0,1
2024-03-01,1000,15,7.66,90.0,79.2,2.61,1,2,1,7.0,2,0,1
2024-04-01,1000,16,7.82,95.6,77.8,2.55,1,2,1,1.2,2,0,1
2024-05-01,1000,17,7.91,97.5,80.3,2.44,1,2,1,3.2,2,0,1
2024-06-01,1000,18,8.0,99.7,87.3,3.02,1,2,1,2.6,3,0,1
